Tag,Point number,datetime,type,latitude,longitude,prev_lat,prev_long,colony_lat,colony_long,correct_step_distance
5,1,2014-06-25T22:24:23Z,noon,21.214705,-156.679724,21.5752667,-158.2733528,21.5752667,-158.2733528,169.7922187168809
5,2,2014-06-26T10:24:02Z,midnight,21.402426,-156.643481,21.214705,-156.679724,21.5752667,-158.2733528,21.2085978136517
5,3,2014-06-26T22:37:03Z,noon,26.402426,-159.897647,21.402426,-156.643481,21.5752667,-158.2733528,646.8618026125542
5,4,2014-06-27T10:46:24.5Z,midnight,23.132138,-162.287919,26.402426,-159.897647,21.5752667,-158.2733528,436.4062376401412
5,5,2014-06-27T22:51:53Z,noon,25.578923,-163.656669,23.132138,-162.287919,21.5752667,-158.2733528,305.35539851662685
5,6,2014-06-28T10:47:26.5Z,midnight,27.518704,-162.596284,25.578923,-163.656669,21.5752667,-158.2733528,240.09821869305915
5,7,2014-06-28T22:49:10.5Z,noon,28.238697,-163.029617,27.518704,-162.596284,21.5752667,-158.2733528,90.6839439658098
5,8,2014-06-29T10:49:43Z,midnight,28.065329,-163.214317,28.238697,-163.029617,21.5752667,-158.2733528,26.448613786703937
5,9,2014-06-29T22:45:46Z,noon,26.396832,-162.226817,28.065329,-163.214317,21.5752667,-158.2733528,209.64766895361564
5,10,2014-06-30T10:50:05.5Z,midnight,24.551847,-163.356516,26.396832,-162.226817,21.5752667,-158.2733528,234.4062336260453
5,11,2014-06-30T22:55:17Z,noon,26.82483,-164.654432,24.551847,-163.356516,21.5752667,-158.2733528,284.2370932480492
5,12,2014-07-01T10:52:00Z,midnight,28.272676,-163.881125,26.82483,-164.654432,21.5752667,-158.2733528,178.1305342919985
5,13,2014-07-01T22:56:30Z,noon,30.098753,-165.006125,28.272676,-163.881125,21.5752667,-158.2733528,230.55344455426237
5,14,2014-07-02T11:04:00Z,midnight,27.082345,-166.927642,30.098753,-165.006125,21.5752667,-158.2733528,384.2921956308033
5,15,2014-07-02T23:11:00Z,noon,29.976337,-168.677642,27.082345,-166.927642,21.5752667,-158.2733528,364.37531161988403
5,16,2014-07-03T11:03:00Z,midnight,33.134053,-166.723065,29.976337,-168.677642,21.5752667,-158.2733528,396.94736639813334
5,17,2014-07-03T23:01:00Z,noon,32.389343,-166.223065,33.134053,-166.723065,21.5752667,-158.2733528,95.09456692783164
5,18,2014-07-04T11:05:00Z,midnight,30.947287,-167.26731,32.389343,-166.223065,21.5752667,-158.2733528,188.35389849281606
5,19,2014-07-04T23:12:00Z,noon,33.598599,-169.01731,30.947287,-167.26731,21.5752667,-158.2733528,337.5990713070067
5,20,2014-07-05T11:16:30Z,midnight,32.020593,-170.185296,33.598599,-169.01731,21.5752667,-158.2733528,206.64375418374468
5,21,2014-07-05T23:14:00Z,noon,31.05001,-169.560296,32.020593,-170.185296,21.5752667,-158.2733528,123.10961494596135
5,22,2014-07-06T11:09:30Z,midnight,32.893293,-168.476941,31.05001,-169.560296,21.5752667,-158.2733528,229.02178800993056
5,23,2014-07-06T23:05:30Z,noon,31.357727,-167.476941,32.893293,-168.476941,21.5752667,-158.2733528,194.99033683243368
5,24,2014-07-07T11:11:30Z,midnight,29.047928,-169.017165,31.357727,-167.476941,21.5752667,-158.2733528,296.42553535140763
5,25,2014-07-07T23:20:00Z,noon,32.446887,-171.142165,29.047928,-169.017165,21.5752667,-158.2733528,429.01839299043723
5,26,2014-07-08T11:18:30Z,midnight,33.147955,-170.805892,32.446887,-171.142165,21.5752667,-158.2733528,84.0530138467903
5,27,2014-07-08T23:18:30Z,noon,33.147955,-170.805892,33.147955,-170.805892,21.5752667,-158.2733528,0.0
5,28,2014-07-09T11:13:30Z,midnight,35.128107,-169.593046,33.147955,-170.805892,21.5752667,-158.2733528,246.85480405497978
5,29,2014-07-09T23:17:00Z,noon,36.357524,-170.468046,35.128107,-169.593046,21.5752667,-158.2733528,157.8727194421607
5,30,2014-07-10T11:22:00Z,midnight,34.738696,-171.753553,36.357524,-170.468046,21.5752667,-158.2733528,214.30240708381928
5,31,2014-07-10T23:15:00Z,noon,32.087951,-170.003553,34.738696,-171.753553,21.5752667,-158.2733528,336.5247913021586
5,32,2014-07-11T11:10:00Z,midnight,34.161496,-168.787342,32.087951,-170.003553,21.5752667,-158.2733528,256.87654365318383
5,33,2014-07-11T23:21:30Z,noon,38.19258,-171.662342,34.161496,-168.787342,21.5752667,-158.2733528,517.1348947331815
5,34,2014-07-12T11:28:30Z,midnight,35.972385,-173.444343,38.19258,-171.662342,21.5752667,-158.2733528,293.13173746833166
5,35,2014-07-12T23:30:34.5Z,noon,36.702209,-173.963093,35.972385,-173.444343,21.5752667,-158.2733528,93.51329516821924
5,36,2014-07-13T11:28:54.5Z,midnight,37.459702,-173.576571,36.702209,-173.963093,21.5752667,-158.2733528,90.94075529648637
5,37,2014-07-13T23:14:58Z,noon,32.459702,-170.091154,37.459702,-173.576571,21.5752667,-158.2733528,640.1771244351675
5,38,2014-07-14T11:10:58Z,midnight,34.052331,-169.119378,32.459702,-170.091154,21.5752667,-158.2733528,198.8097938088507
5,39,2014-07-14T23:20:48.5Z,noon,37.618468,-171.579795,34.052331,-169.119378,21.5752667,-158.2733528,454.30333046093864
5,40,2014-07-15T11:24:23.5Z,midnight,36.566191,-172.501869,37.618468,-171.579795,21.5752667,-158.2733528,142.75498223651996
5,41,2014-07-15T23:30:07.5Z,noon,38.549614,-173.935203,36.566191,-172.501869,21.5752667,-158.2733528,254.16412375772887
5,42,2014-07-16T11:34:34Z,midnight,37.235532,-175.069817,38.549614,-173.935203,21.5752667,-158.2733528,176.8117149461456
5,43,2014-07-16T23:43:59.5Z,noon,40.38542,-177.426067,37.235532,-175.069817,21.5752667,-158.2733528,405.3687575888093
5,44,2014-07-17T11:43:25Z,midnight,40.791655,-177.304413,40.38542,-177.426067,21.5752667,-158.2733528,46.324613171444554
5,45,2014-07-17T23:32:35Z,noon,37.160547,-174.59608,40.791655,-177.304413,21.5752667,-158.2733528,466.66471167881906
5,46,2014-07-18T11:39:18Z,midnight,34.89399,-176.295186,37.160547,-174.59608,21.5752667,-158.2733528,294.71542343744784
5,47,2014-07-18T23:46:52Z,noon,37.693186,-178.186853,34.89399,-176.295186,21.5752667,-158.2733528,354.410906058896
5,48,2014-07-19T11:50:22Z,midnight,36.667428,-179.079584,37.693186,-178.186853,21.5752667,-158.2733528,138.7954726369812
5,49,2014-07-19T23:53:20Z,noon,37.744405,-179.821251,36.667428,-179.079584,21.5752667,-158.2733528,136.58395838804756
5,50,2014-07-20T11:48:41.5Z,midnight,39.6087,-178.676307,37.744405,-179.821251,21.5752667,-158.2733528,229.88950659472547
5,51,2014-07-20T23:57:09.5Z,noon,42.330225,179.207027,39.6087,-178.676307,21.5752667,-158.2733528,350.91250464707497
5,52,2014-07-21T11:53:43Z,midnight,43.625314,-179.945725,42.330225,179.207027,21.5752667,-158.2733528,159.6498298574091
5,53,2014-07-21T23:35:55Z,noon,38.625314,-175.495725,43.625314,-179.945725,21.5752667,-158.2733528,669.1167113628404
5,54,2014-07-22T11:38:47Z,midnight,37.014081,-176.22321,38.625314,-175.495725,21.5752667,-158.2733528,190.2134619707119
5,55,2014-07-22T23:56:03.5Z,noon,42.014081,179.45804,37.014081,-176.22321,21.5752667,-158.2733528,667.8844240151599
5,56,2014-07-23T11:52:25Z,midnight,44.260292,-179.639972,42.014081,179.45804,21.5752667,-158.2733528,260.26459298708403
5,57,2014-07-23T23:53:08.5Z,noon,44.471028,-179.821222,44.260292,-179.639972,21.5752667,-158.2733528,27.5078906560725
5,58,2014-07-24T11:56:47Z,midnight,43.689585,179.26236,44.471028,-179.821222,21.5752667,-158.2733528,113.61555051022263
5,59,2014-07-24T23:56:47Z,noon,43.689585,179.26236,43.689585,179.26236,21.5752667,-158.2733528,0.0
5,60,2014-07-25T11:56:33Z,midnight,44.066963,179.317155,43.689585,179.26236,21.5752667,-158.2733528,42.19171990973122
5,61,2014-07-26T00:02:41Z,noon,45.848396,177.782777,44.066963,179.317155,21.5752667,-158.2733528,231.96834657748656
5,62,2014-07-26T12:07:08Z,midnight,44.886842,176.670277,45.848396,177.782777,21.5752667,-158.2733528,137.78326840936654
5,63,2014-07-27T00:09:37.5Z,noon,45.611224,176.048839,44.886842,176.670277,21.5752667,-158.2733528,94.09824824029454
5,64,2014-07-27T12:09:37.5Z,midnight,45.938518,176.048839,45.611224,176.048839,21.5752667,-158.2733528,36.393432321204735
5,65,2014-07-28T00:12:08Z,noon,46.644375,175.425782,45.938518,176.048839,21.5752667,-158.2733528,91.93447379554279
5,66,2014-07-28T12:13:31Z,midnight,46.595376,175.079949,46.644375,175.425782,21.5752667,-158.2733528,26.968258132413915
5,67,2014-07-29T00:12:14Z,noon,46.231065,175.407379,46.595376,175.079949,21.5752667,-158.2733528,47.656280729203075
5,68,2014-07-29T12:23:11Z,midnight,43.214891,172.669879,46.231065,175.407379,21.5752667,-158.2733528,399.0130340234597
5,69,2014-07-30T00:29:44Z,noon,45.285032,171.041565,43.214891,172.669879,21.5752667,-158.2733528,264.19684541731016
5,70,2014-07-30T12:31:37.5Z,midnight,45.066319,170.568648,45.285032,171.041565,21.5752667,-158.2733528,44.33513723435497
5,71,2014-07-31T00:37:40Z,noon,46.867344,169.070022,45.066319,170.568648,21.5752667,-158.2733528,231.33708952365828
5,72,2014-07-31T12:30:59.5Z,midnight,49.064908,170.738772,46.867344,169.070022,21.5752667,-158.2733528,274.11251963191336
5,73,2014-08-01T00:17:03Z,noon,45.055821,174.238595,49.064908,170.738772,21.5752667,-158.2733528,518.5281493946052
5,74,2014-08-01T12:11:30Z,midnight,47.122841,175.626095,45.055821,174.238595,21.5752667,-158.2733528,253.51730501843224
5,75,2014-08-02T00:17:00Z,noon,48.671908,174.268128,47.122841,175.626095,21.5752667,-158.2733528,199.78899646517098
5,76,2014-08-02T12:17:30Z,midnight,48.925803,174.143128,48.671908,174.268128,21.5752667,-158.2733528,29.679292664680453
5,77,2014-08-03T00:18:00Z,noon,49.061654,174.037791,48.925803,174.143128,21.5752667,-158.2733528,16.94856641901346
5,78,2014-08-03T12:18:30Z,midnight,49.32673,173.912791,49.061654,174.037791,21.5752667,-158.2733528,30.842918692192782
5,79,2014-08-04T00:14:30Z,noon,48.209131,174.935087,49.32673,173.912791,21.5752667,-158.2733528,145.10680825756643
5,80,2014-08-04T12:18:00Z,midnight,47.597084,174.060087,48.209131,174.935087,21.5752667,-158.2733528,94.26471618523732
5,81,2014-08-05T00:09:30Z,noon,44.884939,176.210014,47.597084,174.060087,21.5752667,-158.2733528,343.893397147783
5,82,2014-08-05T12:06:00Z,midnight,46.472325,177.085014,44.884939,176.210014,21.5752667,-158.2733528,189.14373029472844
5,83,2014-08-05T23:59:30Z,noon,44.281437,178.710014,46.472325,177.085014,21.5752667,-158.2733528,274.68166646277973
5,84,2014-08-06T11:48:00Z,midnight,48.466229,-178.387432,44.281437,178.710014,21.5752667,-158.2733528,515.767568943203
5,85,2014-08-06T23:28:00Z,noon,43.466229,-173.387432,48.466229,-178.387432,21.5752667,-158.2733528,676.7583057148003
5,86,2014-08-07T11:17:30Z,midnight,45.881207,-170.732259,43.466229,-173.387432,21.5752667,-158.2733528,340.8237111961073
5,87,2014-08-07T23:21:30Z,noon,47.211111,-171.732259,45.881207,-170.732259,21.5752667,-158.2733528,166.47977405780486
5,88,2014-08-08T11:16:30Z,midnight,49.233453,-170.44948,47.211111,-171.732259,21.5752667,-158.2733528,244.1204044691509
5,89,2014-08-08T23:07:30Z,noon,46.352446,-168.19948,49.233453,-170.44948,21.5752667,-158.2733528,361.72832528919406
5,90,2014-08-09T11:03:00Z,midnight,48.321366,-167.039109,46.352446,-168.19948,21.5752667,-158.2733528,235.74195972768118
5,91,2014-08-09T22:58:00Z,noon,46.665554,-165.789109,48.321366,-167.039109,21.5752667,-158.2733528,206.6792845414985
5,92,2014-08-10T11:04:00Z,midnight,45.008707,-167.251164,46.665554,-165.789109,21.5752667,-158.2733528,216.25585761277392
5,93,2014-08-10T23:03:30Z,noon,44.820068,-167.126164,45.008707,-167.251164,21.5752667,-158.2733528,23.170335987833138
5,94,2014-08-11T11:06:30Z,midnight,44.173491,-167.835668,44.820068,-167.126164,21.5752667,-158.2733528,91.29967583580209
5,95,2014-08-11T23:02:30Z,noon,42.536922,-166.835668,44.173491,-167.835668,21.5752667,-158.2733528,199.12620853602522
5,96,2014-08-12T10:57:00Z,midnight,45.291891,-165.417646,42.536922,-166.835668,21.5752667,-158.2733528,326.7040754659074
5,97,2014-08-12T23:01:27Z,noon,46.954379,-166.530146,45.291891,-165.417646,21.5752667,-158.2733528,203.77066821924703
5,98,2014-08-13T11:02:14Z,midnight,47.21313,-166.680458,46.954379,-166.530146,21.5752667,-158.2733528,30.940949739311716
5,99,2014-08-13T22:52:48Z,noon,43.502698,-164.322125,47.21313,-166.680458,21.5752667,-158.2733528,451.80349864792396
5,100,2014-08-14T10:49:23.5Z,midnight,45.471084,-163.422055,43.502698,-164.322125,21.5752667,-158.2733528,230.2218115184883
5,101,2014-08-14T22:54:13.5Z,noon,47.333627,-164.630388,45.471084,-163.422055,21.5752667,-158.2733528,226.87857694580129
5,102,2014-08-15T11:04:16Z,midnight,43.871632,-167.090387,47.333627,-164.630388,21.5752667,-158.2733528,429.8458106442766
5,103,2014-08-15T22:50:47.5Z,noon,38.871632,-163.721637,43.871632,-167.090387,21.5752667,-158.2733528,622.8571482364629
5,104,2014-08-16T10:45:17.5Z,midnight,40.738916,-162.293826,38.871632,-163.721637,21.5752667,-158.2733528,240.79646768807146
5,105,2014-08-16T23:01:20Z,noon,45.738916,-166.304243,40.738916,-162.293826,21.5752667,-158.2733528,643.724817431488
5,106,2014-08-17T11:11:00Z,midnight,44.376383,-168.665748,45.738916,-166.304243,21.5752667,-158.2733528,239.48285615428557
5,107,2014-08-17T23:10:35Z,noon,44.188962,-168.561581,44.376383,-168.665748,21.5752667,-158.2733528,22.429377721136852
5,108,2014-08-18T11:21:44.5Z,midnight,39.24993,-171.293696,44.188962,-168.561581,21.5752667,-158.2733528,594.0728639090147
5,109,2014-08-18T23:29:27Z,noon,43.217411,-173.220779,39.24993,-171.293696,21.5752667,-158.2733528,469.6361309849391
5,110,2014-08-19T11:22:53.5Z,midnight,46.836219,-171.521468,43.217411,-173.220779,21.5752667,-158.2733528,423.94696639264083
5,111,2014-08-19T23:22:45.5Z,noon,46.779392,-171.488135,46.836219,-171.521468,21.5752667,-158.2733528,6.80910573699472
5,112,2014-08-20T11:24:04.5Z,midnight,46.880412,-171.755366,46.779392,-171.488135,21.5752667,-158.2733528,23.226692696703548
5,113,2014-08-20T23:25:18.5Z,noon,47.4119,-172.063699,46.880412,-171.755366,21.5752667,-158.2733528,63.532592860941705
5,114,2014-08-21T11:21:28.5Z,midnight,49.668944,-171.041276,47.4119,-172.063699,21.5752667,-158.2733528,262.00975059112415
5,115,2014-08-21T23:19:07.5Z,noon,48.719573,-170.453776,49.668944,-171.041276,21.5752667,-158.2733528,113.86975171949254
5,116,2014-08-22T11:35:45Z,midnight,43.719573,-174.543838,48.719573,-170.453776,21.5752667,-158.2733528,638.6197331567911
5,117,2014-08-22T23:47:29.5Z,noon,47.319574,-177.479255,43.719573,-174.543838,21.5752667,-158.2733528,460.943091409931
5,118,2014-08-23T11:53:18.5Z,midnight,45.281277,-178.865196,47.319574,-177.479255,21.5752667,-158.2733528,250.3998040568892
5,119,2014-08-23T23:53:01Z,noon,45.133743,-178.79228,45.281277,-178.865196,21.5752667,-158.2733528,17.371121472039757
5,120,2014-08-24T12:19:24.5Z,midnight,40.133743,174.680004,45.133743,-178.79228,21.5752667,-158.2733528,770.3810950218096
5,121,2014-08-25T00:14:54Z,noon,35.133743,175.879198,40.133743,174.680004,21.5752667,-158.2733528,565.8967748485785
5,122,2014-08-25T11:58:14Z,midnight,38.293834,-179.954135,35.133743,175.879198,21.5752667,-158.2733528,511.17453109393585
5,123,2014-08-26T00:02:47.5Z,noon,41.263294,178.980234,38.293834,-179.954135,21.5752667,-158.2733528,342.50782830256867
5,124,2014-08-26T11:59:25Z,midnight,44.099874,179.823984,41.263294,178.980234,21.5752667,-158.2733528,322.86067405200953
5,125,2014-08-27T00:00:16Z,noon,44.585166,179.687209,44.099874,179.823984,21.5752667,-158.2733528,55.04726764544403
5,126,2014-08-27T11:58:06Z,midnight,46.623597,-179.771124,44.585166,179.687209,21.5752667,-158.2733528,230.54504843439665
5,127,2014-08-28T00:04:17.5Z,noon,49.735985,178.758382,46.623597,-179.771124,21.5752667,-158.2733528,362.8299808576348
5,128,2014-08-28T12:21:30Z,midnight,44.735985,174.456299,49.735985,178.758382,21.5752667,-158.2733528,643.6432289170594
5,129,2014-08-29T00:19:00Z,noon,39.735985,175.160345,44.735985,174.456299,21.5752667,-158.2733528,558.9811636177644
5,130,2014-08-29T12:17:03Z,midnight,41.298308,175.647845,39.735985,175.160345,21.5752667,-158.2733528,178.54222595632166
5,131,2014-08-30T00:12:43.5Z,noon,38.095531,176.809686,41.298308,175.647845,21.5752667,-158.2733528,369.73433619887646
5,132,2014-08-30T12:18:50.5Z,midnight,33.845367,175.280519,38.095531,176.809686,21.5752667,-158.2733528,492.2013987572601
5,133,2014-08-31T00:23:22.5Z,noon,37.763748,174.229243,33.845367,175.280519,21.5752667,-158.2733528,445.8890046976806
5,134,2014-08-31T12:28:42.5Z,midnight,34.039798,172.895909,37.763748,174.229243,21.5752667,-158.2733528,431.1323973931012
5,135,2014-09-01T00:23:30Z,noon,29.039798,174.281432,34.039798,172.895909,21.5752667,-158.2733528,571.2487285340846
5,136,2014-09-01T12:24:00Z,midnight,29.147997,174.156432,29.039798,174.281432,21.5752667,-158.2733528,17.095753341502473
5,137,2014-09-02T00:24:00Z,noon,29.147997,174.24117,29.147997,174.156432,21.5752667,-158.2733528,8.22922076051014
5,138,2014-09-02T12:14:00Z,midnight,34.147997,176.74117,29.147997,174.24117,21.5752667,-158.2733528,604.1780841679092
5,139,2014-09-03T00:28:00Z,noon,39.147997,173.32712,34.147997,176.74117,21.5752667,-158.2733528,633.8061411671008
5,140,2014-09-03T12:40:30Z,midnight,42.286749,170.20212,39.147997,173.32712,21.5752667,-158.2733528,437.1627977251895
5,141,2014-09-04T00:31:30Z,noon,37.286749,172.539193,42.286749,170.20212,21.5752667,-158.2733528,590.6815994600622
5,142,2014-09-04T12:38:30Z,midnight,32.286749,170.789193,37.286749,172.539193,21.5752667,-158.2733528,578.4530905540507
5,143,2014-09-05T00:53:00Z,noon,37.286749,167.252301,32.286749,170.789193,21.5752667,-158.2733528,642.8545773292179
5,144,2014-09-05T13:03:30Z,midnight,32.755222,164.627301,37.286749,167.252301,21.5752667,-158.2733528,557.6380406209817
5,145,2014-09-07T01:06:30Z,noon,37.755222,164.056248,32.755222,164.627301,21.5752667,-158.2733528,558.3835078311113
5,146,2014-09-07T13:21:30Z,midnight,32.755222,160.306248,37.755222,164.056248,21.5752667,-158.2733528,651.8064825962664
5,147,2014-09-08T01:16:30Z,noon,27.755222,161.6469,32.755222,160.306248,21.5752667,-158.2733528,570.672941680563
5,148,2014-09-08T13:07:00Z,midnight,32.755222,164.0219,27.755222,161.6469,21.5752667,-158.2733528,600.8962000684571
5,149,2014-09-09T01:02:30Z,noon,27.755222,165.23821,32.755222,164.0219,21.5752667,-158.2733528,568.1006280686745
5,150,2014-09-09T13:04:00Z,midnight,25.445709,164.86321,27.755222,165.23821,21.5752667,-158.2733528,259.4979417254402
5,151,2014-09-10T01:04:00Z,noon,25.445709,164.95508,25.445709,164.86321,21.5752667,-158.2733528,9.224502950027347
5,152,2014-09-10T12:55:30Z,midnight,30.445709,167.08008,25.445709,164.95508,21.5752667,-158.2733528,593.8235472586416
5,153,2014-09-11T00:55:00Z,noon,35.445709,167.297412,30.445709,167.08008,21.5752667,-158.2733528,556.3438497691484
5,154,2014-09-12T01:39:00Z,noon,31.796122,156.390106,35.445709,167.297412,21.5752667,-158.2733528,1087.631120869238
5,155,2014-09-12T13:34:00Z,midnight,36.796122,157.640106,31.796122,156.390106,21.5752667,-158.2733528,567.690918520015
5,156,2014-09-13T01:35:24.5Z,noon,41.796122,157.380978,36.796122,157.640106,21.5752667,-158.2733528,556.4207610300894
5,157,2014-09-14T13:39:02Z,midnight,36.796122,156.567845,41.796122,157.380978,21.5752667,-158.2733528,560.352061315238
5,158,2014-09-15T13:24:05Z,midnight,34.93351,160.398519,36.796122,156.567845,21.5752667,-158.2733528,402.50586064103004
5,159,2014-09-16T01:38:44Z,noon,39.93351,156.829149,34.93351,160.398519,21.5752667,-158.2733528,638.9421531016144
5,160,2014-09-16T13:55:56.5Z,midnight,34.93351,152.527066,39.93351,156.829149,21.5752667,-158.2733528,673.1412313611637
5,161,2014-09-17T13:35:16.5Z,midnight,36.59977,157.786716,34.93351,152.527066,21.5752667,-158.2733528,509.3413820134379
5,162,2014-09-19T01:38:44Z,noon,31.59977,157.107245,36.59977,157.786716,21.5752667,-158.2733528,559.4783569217855
5,163,2014-09-19T13:19:00Z,midnight,36.59977,162.040578,31.59977,157.107245,21.5752667,-158.2733528,717.700175471471
5,164,2014-09-20T01:10:42.5Z,noon,41.59977,164.205417,36.59977,162.040578,21.5752667,-158.2733528,586.4622663683797
5,165,2014-09-20T13:25:17.5Z,midnight,36.59977,160.559583,41.59977,164.205417,21.5752667,-158.2733528,638.659451774711
5,166,2014-09-21T00:57:08Z,noon,31.59977,167.690528,36.59977,160.559583,21.5752667,-158.2733528,859.8807086586911
5,167,2014-09-23T12:49:00Z,midnight,26.59977,169.904487,31.59977,167.690528,21.5752667,-158.2733528,596.087750539264
5,168,2014-09-24T00:57:41Z,noon,21.59977,167.822713,26.59977,169.904487,21.5752667,-158.2733528,594.7366764262085
5,169,2014-09-25T01:12:33Z,noon,26.59977,164.194134,21.59977,167.822713,21.5752667,-158.2733528,666.7946574253893
5,170,2014-09-25T13:09:45.5Z,midnight,31.59977,164.89205,26.59977,164.194134,21.5752667,-158.2733528,560.0894639428578
5,171,2014-09-26T01:14:04.5Z,noon,36.59977,163.899897,31.59977,164.89205,21.5752667,-158.2733528,563.4187303029926
5,172,2014-10-03T00:50:00Z,noon,41.59977,170.489355,36.59977,163.899897,21.5752667,-158.2733528,794.786168655012
5,173,2014-10-09T00:41:00Z,noon,46.59977,173.157889,41.59977,170.489355,21.5752667,-158.2733528,595.3154806249122
5,174,2014-10-11T00:05:30Z,noon,51.59977,-177.8456,46.59977,173.157889,21.5752667,-158.2733528,858.0482200449725
5,175,2014-10-12T11:59:00Z,midnight,46.59977,-176.163577,51.59977,-177.8456,21.5752667,-158.2733528,569.2588423675995
5,176,2014-10-13T12:20:50.5Z,midnight,44.239798,178.430441,46.59977,-176.163577,21.5752667,-158.2733528,496.70580392231585
5,177,2014-10-14T00:20:56Z,noon,44.125576,178.459302,44.239798,178.430441,21.5752667,-158.2733528,12.907726137632501
5,178,2014-10-15T12:34:04.5Z,midnight,44.939346,175.222938,44.125576,178.459302,21.5752667,-158.2733528,271.99987554557595
5,179,2014-10-16T00:27:10Z,noon,49.939346,176.996283,44.939346,175.222938,21.5752667,-158.2733528,571.7022648583614
5,180,2014-10-16T12:12:46Z,midnight,44.939346,-179.403717,49.939346,176.996283,21.5752667,-158.2733528,618.214635429874
5,181,2014-10-17T00:10:20Z,noon,39.939346,-178.751975,44.939346,-179.403717,21.5752667,-158.2733528,558.5354010216358
5,182,2014-10-17T12:11:40.5Z,midnight,37.744122,-179.087392,39.939346,-178.751975,21.5752667,-158.2733528,245.81965134951403
5,183,2014-10-19T00:27:54.5Z,noon,32.744122,176.932299,37.744122,-179.087392,21.5752667,-158.2733528,662.9774586800567
5,184,2014-10-19T12:46:29.5Z,midnight,37.744122,172.286466,32.744122,176.932299,21.5752667,-158.2733528,697.706429321421
5,185,2014-10-20T00:45:00.5Z,noon,42.744122,172.691805,37.744122,172.286466,21.5752667,-158.2733528,557.0359049319392
5,186,2014-10-20T12:42:55.5Z,midnight,47.744122,173.212639,42.744122,172.691805,21.5752667,-158.2733528,557.4641158928899
5,187,2014-10-21T00:39:00Z,noon,50.67359,174.225323,47.744122,173.212639,21.5752667,-158.2733528,333.9366759557328
5,188,2014-10-21T12:42:30Z,midnight,51.740937,173.350323,50.67359,174.225323,21.5752667,-158.2733528,133.41961184471432
5,189,2014-10-22T00:52:32Z,noon,46.740937,170.870304,51.740937,173.350323,21.5752667,-158.2733528,584.308313247102
5,190,2014-10-22T13:09:02Z,midnight,51.740937,166.745304,46.740937,170.870304,21.5752667,-158.2733528,631.2498108124682
5,191,2014-10-23T01:09:00Z,noon,54.335623,166.778789,51.740937,166.745304,21.5752667,-158.2733528,288.5245960819235
5,192,2014-10-23T12:47:30Z,midnight,49.335623,172.153789,54.335623,166.778789,21.5752667,-158.2733528,667.0318209994044
5,193,2014-10-24T00:42:34.5Z,noon,44.335623,173.406987,49.335623,172.153789,21.5752667,-158.2733528,564.0652186803169
5,194,2014-10-24T12:34:02Z,midnight,39.335623,175.542403,44.335623,173.406987,21.5752667,-158.2733528,583.3838472249429
5,195,2014-10-25T00:33:57.5Z,noon,34.335623,175.579861,39.335623,175.542403,21.5752667,-158.2733528,555.9846102041105
5,196,2014-10-25T12:49:00Z,midnight,39.335623,171.819444,34.335623,175.579861,21.5752667,-158.2733528,648.7686940014524
5,197,2014-10-26T00:49:12.5Z,noon,44.335623,171.782793,39.335623,171.819444,21.5752667,-158.2733528,555.9829068861401
5,198,2014-10-26T12:56:42.5Z,midnight,48.705287,169.907793,44.335623,171.782793,21.5752667,-158.2733528,506.5773827067623
5,199,2014-10-27T01:02:28.5Z,noon,45.144858,168.478254,48.705287,169.907793,21.5752667,-158.2733528,410.4953015924366
5,200,2014-10-27T12:54:27Z,midnight,40.144858,170.484504,45.144858,168.478254,21.5752667,-158.2733528,579.6315280671396
5,201,2014-10-28T00:53:38.5Z,noon,39.10243,170.695384,40.144858,170.484504,21.5752667,-158.2733528,117.31130721802124
5,202,2014-10-28T13:04:07.5Z,midnight,44.10243,168.07455,39.10243,170.695384,21.5752667,-158.2733528,597.0685021251925
5,203,2014-10-29T00:55:40Z,noon,49.10243,170.194574,44.10243,168.07455,21.5752667,-158.2733528,579.0215783348926
5,204,2014-10-29T12:45:49.5Z,midnight,44.10243,172.654991,49.10243,170.194574,21.5752667,-158.2733528,586.8045427349783
5,205,2014-10-30T00:54:28Z,noon,39.10243,170.49664,44.10243,172.654991,21.5752667,-158.2733528,584.1611806019106
5,206,2014-10-30T13:04:21Z,midnight,43.591585,168.025807,39.10243,170.49664,21.5752667,-158.2733528,540.0356321995605
5,207,2014-10-31T00:24:00Z,noon,48.591585,178.111981,43.591585,168.025807,21.5752667,-158.2733528,954.7916768206005
5,208,2014-10-31T12:18:57.5Z,midnight,53.591585,179.372398,48.591585,178.111981,21.5752667,-158.2733528,562.8753443768837
5,209,2014-11-01T00:49:27.5Z,noon,48.591585,171.742668,53.591585,179.372398,21.5752667,-158.2733528,769.2695819086423
5,210,2014-11-01T12:35:00Z,midnight,43.591585,175.357252,48.591585,171.742668,21.5752667,-158.2733528,621.7553101640359
5,211,2014-11-02T00:31:00Z,noon,38.591585,176.349109,43.591585,175.357252,21.5752667,-158.2733528,562.140891476626
5,212,2014-11-02T12:20:00Z,midnight,33.591585,179.099109,38.591585,176.349109,21.5752667,-158.2733528,608.3262444897654
5,213,2014-11-03T00:15:30Z,noon,33.177462,-179.787452,33.591585,179.099109,21.5752667,-158.2733528,113.17087037258446
5,214,2014-11-03T12:05:30Z,midnight,28.177462,-177.287452,33.177462,-179.787452,21.5752667,-158.2733528,605.137924266425
5,215,2014-11-03T23:46:30Z,noon,33.177462,-172.537452,28.177462,-177.287452,21.5752667,-158.2733528,717.7458948449153
5,216,2014-11-04T11:40:00Z,midnight,33.698902,-170.927434,33.177462,-172.537452,21.5752667,-158.2733528,160.24826575001882
5,217,2014-11-04T23:30:00Z,noon,38.698902,-168.427434,33.698902,-170.927434,21.5752667,-158.2733528,599.4536797060638
5,218,2014-11-05T11:35:00Z,midnight,42.275767,-169.695833,38.698902,-168.427434,21.5752667,-158.2733528,411.9256825326133
5,219,2014-11-05T23:32:00Z,noon,43.856111,-168.945833,42.275767,-169.695833,21.5752667,-158.2733528,185.9862516995393
5,220,2014-11-06T11:18:30Z,midnight,38.856111,-165.592646,43.856111,-168.945833,21.5752667,-158.2733528,622.303562974111
5,221,2014-11-06T23:19:00Z,noon,35.16202,-165.717646,38.856111,-165.592646,21.5752667,-158.2733528,410.91396494235806
5,222,2014-11-07T11:14:00Z,midnight,31.301718,-164.492863,35.16202,-165.717646,21.5752667,-158.2733528,444.0921764068963
5,223,2014-11-07T23:15:00Z,noon,30.617056,-164.742863,31.301718,-164.492863,21.5752667,-158.2733528,79.77575263466599
5,224,2014-11-08T11:39:00Z,midnight,35.617056,-170.771471,30.617056,-164.742863,21.5752667,-158.2733528,789.8090748004669
5,225,2014-11-08T23:46:00Z,noon,40.422354,-172.521471,35.617056,-170.771471,21.5752667,-158.2733528,555.8450224752835
139,1,2013-07-16T10:58:17Z,midnight,24.567869,-165.998984,21.5752667,-158.2733528,21.5752667,-158.2733528,857.3238507365232
139,2,2013-07-16T23:09:01Z,noon,29.103971,-168.682317,24.567869,-165.998984,21.5752667,-158.2733528,570.2858698933583
139,3,2013-07-17T11:35:59Z,midnight,24.103971,-175.44608,29.103971,-168.682317,21.5752667,-158.2733528,872.1871561722495
139,4,2013-07-17T23:26:19.5Z,noon,19.103971,-173.031496,24.103971,-175.44608,21.5752667,-158.2733528,609.3953501030429
139,5,2013-07-18T10:36:57Z,midnight,24.103971,-160.707686,19.103971,-173.031496,21.5752667,-158.2733528,1389.2510783327843
139,6,2013-07-18T22:53:46.5Z,noon,29.103971,-164.913936,24.103971,-160.707686,21.5752667,-158.2733528,695.5453654357273
139,7,2013-07-19T10:58:09Z,midnight,34.103971,-166.025417,29.103971,-164.913936,21.5752667,-158.2733528,565.8379823970312
139,8,2013-07-19T22:58:10Z,noon,38.526483,-166.029584,34.103971,-166.025417,21.5752667,-158.2733528,491.7610389683501
139,9,2013-07-20T10:58:39Z,midnight,38.616471,-166.16589,38.526483,-166.029584,21.5752667,-158.2733528,15.509449565137391
139,10,2013-07-20T22:58:14Z,noon,38.489766,-166.061723,38.616471,-166.16589,21.5752667,-158.2733528,16.749577836458503
139,11,2013-07-21T11:02:20Z,midnight,37.453594,-167.099891,38.489766,-166.061723,21.5752667,-158.2733528,146.81848741262155
139,12,2013-07-21T22:55:21Z,noon,35.124002,-165.354058,37.453594,-167.099891,21.5752667,-158.2733528,302.61560348726823
139,13,2013-07-22T10:57:41.5Z,midnight,34.547369,-165.950293,35.124002,-165.354058,21.5752667,-158.2733528,84.09736920654755
139,14,2013-07-22T22:58:42.5Z,noon,34.90896,-166.20446,34.547369,-165.950293,21.5752667,-158.2733528,46.43410311793333
139,15,2013-07-23T10:48:02Z,midnight,38.718076,-163.544139,34.90896,-166.20446,21.5752667,-158.2733528,485.2069703475853
139,16,2013-07-23T22:51:30Z,noon,39.777229,-164.410806,38.718076,-163.544139,21.5752667,-158.2733528,139.42544337535443
139,17,2013-07-24T11:02:45Z,midnight,36.443958,-167.229307,39.777229,-164.410806,21.5752667,-158.2733528,445.1182449026976
139,18,2013-07-24T23:03:21Z,noon,36.648886,-167.379307,36.443958,-167.229307,21.5752667,-158.2733528,26.434751673812315
139,19,2013-07-25T11:00:51Z,midnight,37.767854,-166.757845,36.648886,-167.379307,21.5752667,-158.2733528,136.05147339845473
139,20,2013-07-25T22:54:47.5Z,noon,35.689185,-165.243262,37.767854,-166.757845,21.5752667,-158.2733528,267.6535568147838
139,21,2013-07-26T11:07:15Z,midnight,31.179569,-168.35889,35.689185,-165.243262,21.5752667,-158.2733528,578.7299346989948
139,22,2013-07-26T23:15:45.5Z,noon,34.533668,-170.485973,31.179569,-168.35889,21.5752667,-158.2733528,422.54845141477244
139,23,2013-07-27T11:03:34.5Z,midnight,39.06987,-167.438661,34.533668,-170.485973,21.5752667,-158.2733528,572.6484407397528
139,24,2013-07-27T22:55:31.5Z,noon,36.33925,-165.426161,39.06987,-167.438661,21.5752667,-158.2733528,351.4546780763901
139,25,2013-07-28T10:51:46.5Z,midnight,37.95454,-164.484635,36.33925,-165.426161,21.5752667,-158.2733528,198.04803579128566
139,26,2013-07-28T22:45:26.5Z,noon,35.709395,-162.901301,37.95454,-164.484635,21.5752667,-158.2733528,286.6614411187086
139,27,2013-07-29T10:46:35.5Z,midnight,35.597293,-163.182204,35.709395,-162.901301,21.5752667,-158.2733528,28.276082737147615
139,28,2013-07-29T22:48:34.5Z,noon,36.331506,-163.678038,35.597293,-163.182204,21.5752667,-158.2733528,93.04030764354455
139,29,2013-07-30T10:53:21.5Z,midnight,34.851832,-164.864685,36.331506,-163.678038,21.5752667,-158.2733528,196.42350495723915
139,30,2013-07-30T23:04:01Z,noon,38.731327,-167.529269,34.851832,-164.864685,21.5752667,-158.2733528,492.26642561039813
139,31,2013-07-31T11:06:33.5Z,midnight,38.192546,-168.152895,38.731327,-167.529269,21.5752667,-158.2733528,80.85394097699047
139,32,2013-07-31T22:38:45Z,noon,33.192546,-161.200812,38.192546,-168.152895,21.5752667,-158.2733528,838.1373551838732
139,33,2013-08-01T10:47:30Z,midnight,28.192546,-163.373905,33.192546,-161.200812,21.5752667,-158.2733528,593.4862699193781
139,34,2013-08-01T23:32:30Z,noon,33.192546,-174.623905,28.192546,-163.373905,21.5752667,-158.2733528,1209.8656720670906
139,35,2013-08-02T11:18:30Z,midnight,38.192546,-171.106872,33.192546,-174.623905,21.5752667,-158.2733528,640.1670686838578
139,36,2013-08-02T23:05:00Z,noon,41.873655,-167.731872,38.192546,-171.106872,21.5752667,-158.2733528,500.01150377675623
139,37,2013-08-03T11:01:30Z,midnight,43.316462,-166.837209,41.873655,-167.731872,21.5752667,-158.2733528,176.3544340382309
139,38,2013-08-03T22:50:00Z,noon,39.602942,-163.962209,43.316462,-166.837209,21.5752667,-158.2733528,477.31796572311265
139,39,2013-08-04T11:01:00Z,midnight,35.853374,-166.689913,39.602942,-163.962209,21.5752667,-158.2733528,480.9572750859166
139,40,2013-08-04T22:52:30Z,noon,32.211852,-164.564913,35.853374,-166.689913,21.5752667,-158.2733528,449.74627657297236
139,41,2013-08-05T10:52:30Z,midnight,32.587595,-164.539986,32.211852,-164.564913,21.5752667,-158.2733528,41.84620689004865
139,42,2013-08-05T22:54:00Z,noon,33.263545,-164.914986,32.587595,-164.539986,21.5752667,-158.2733528,82.91173199994476
139,43,2013-08-06T10:39:00Z,midnight,38.263545,-161.137432,33.263545,-164.914986,21.5752667,-158.2733528,651.9788223682804
139,44,2013-08-06T22:30:30Z,noon,36.43573,-159.012432,38.263545,-161.137432,21.5752667,-158.2733528,276.733284678896
139,45,2013-08-07T10:35:00Z,midnight,34.942272,-160.107259,36.43573,-159.012432,21.5752667,-158.2733528,193.2680222654308
139,46,2013-08-07T22:03:00Z,noon,29.942272,-152.107259,34.942272,-160.107259,21.5752667,-158.2733528,933.6191567690046
139,47,2013-08-08T09:53:30Z,midnight,24.942272,-149.69948,29.942272,-152.107259,21.5752667,-158.2733528,604.5642747613075
139,48,2013-08-08T21:43:30Z,noon,19.942272,-147.19948,24.942272,-149.69948,21.5752667,-158.2733528,612.4197171886697
139,49,2013-08-09T09:53:30Z,midnight,14.942272,-149.664109,19.942272,-147.19948,21.5752667,-158.2733528,614.3356663743383
139,50,2013-08-09T22:34:30Z,noon,19.942272,-159.914109,14.942272,-149.664109,21.5752667,-158.2733528,1220.722053026547
139,51,2013-08-10T10:32:00Z,midnight,24.942272,-159.251164,19.942272,-159.914109,21.5752667,-158.2733528,560.1298631235165
139,52,2013-08-10T22:38:00Z,noon,29.942272,-160.751164,24.942272,-159.251164,21.5752667,-158.2733528,575.320363775612
139,53,2013-08-11T10:41:30Z,midnight,34.942272,-161.585668,29.942272,-160.751164,21.5752667,-158.2733528,561.4549960019916
139,54,2013-08-11T22:44:30Z,noon,39.424267,-162.335668,34.942272,-161.585668,21.5752667,-158.2733528,502.77844033884867
139,55,2013-08-12T10:38:00Z,midnight,42.379274,-160.667646,39.424267,-162.335668,21.5752667,-158.2733528,357.21712716514946
139,56,2013-08-12T22:17:26Z,noon,37.379274,-155.525979,42.379274,-160.667646,21.5752667,-158.2733528,707.9342658018908
139,57,2013-08-13T10:27:12.5Z,midnight,32.379274,-157.924208,37.379274,-155.525979,21.5752667,-158.2733528,597.4021341947918
139,58,2013-08-13T22:34:35Z,noon,32.867241,-159.767958,32.379274,-157.924208,21.5752667,-158.2733528,180.9923696198578
139,59,2013-08-14T10:34:48.5Z,midnight,33.233171,-159.776222,32.867241,-159.767958,21.5752667,-158.2733528,40.696848766150765
139,60,2013-08-14T22:30:53.5Z,noon,31.124945,-158.797055,33.233171,-159.776222,21.5752667,-158.2733528,251.88234405411535
139,61,2013-08-15T10:40:06.5Z,midnight,26.124945,-161.050804,31.124945,-158.797055,21.5752667,-158.2733528,597.8605353180134
139,62,2013-08-15T22:46:23Z,noon,29.930592,-162.619554,26.124945,-161.050804,21.5752667,-158.2733528,450.2941144805156
139,63,2013-08-16T10:37:42.5Z,midnight,34.930592,-160.397993,29.930592,-162.619554,21.5752667,-158.2733528,593.7319792706794
139,64,2013-08-16T22:36:56.5Z,noon,34.792485,-160.206326,34.930592,-160.397993,21.5752667,-158.2733528,23.27329798418048
139,65,2013-08-17T11:07:01Z,midnight,29.792485,-167.669914,34.792485,-160.206326,21.5752667,-158.2733528,894.6491883722817
139,66,2013-08-17T23:06:13.5Z,noon,24.792485,-167.471998,29.792485,-167.669914,21.5752667,-158.2733528,556.3181157235098
139,67,2013-08-18T10:37:20.5Z,midnight,29.792485,-160.193696,24.792485,-167.471998,21.5752667,-158.2733528,908.6483272943768
139,68,2013-08-18T22:30:44Z,noon,31.052513,-158.541612,29.792485,-160.193696,21.5752667,-158.2733528,211.4751130727844
139,69,2013-08-19T10:36:50Z,midnight,27.685547,-160.006885,31.052513,-158.541612,21.5752667,-158.2733528,400.39649858789653
139,70,2013-08-19T22:37:54Z,noon,28.399849,-160.273551,27.685547,-160.006885,21.5752667,-158.2733528,83.62714095336517
139,71,2013-08-20T10:25:46.5Z,midnight,33.399849,-157.180366,28.399849,-160.273551,21.5752667,-158.2733528,629.3556538541089
139,72,2013-08-20T22:30:36Z,noon,38.399849,-158.386616,33.399849,-157.180366,21.5752667,-158.2733528,566.4743850144426
139,73,2013-08-21T10:32:43.5Z,midnight,38.243499,-158.853776,38.399849,-158.386616,21.5752667,-158.2733528,44.30693919325522
139,74,2013-08-21T22:24:50Z,noon,33.886523,-156.880859,38.243499,-158.853776,21.5752667,-158.2733528,515.8699702717288
139,75,2013-08-22T10:25:10Z,midnight,34.294243,-156.898005,33.886523,-156.880859,21.5752667,-158.2733528,45.363881094836415
139,76,2013-08-22T22:22:40Z,noon,32.759495,-156.273005,34.294243,-156.898005,21.5752667,-158.2733528,180.22058204780458
139,77,2013-08-23T10:24:54Z,midnight,31.936111,-156.763113,32.759495,-156.273005,21.5752667,-158.2733528,102.48002144829475
139,78,2013-08-23T22:32:57Z,noon,36.854582,-158.775613,31.936111,-156.763113,21.5752667,-158.2733528,577.1958562796985
139,79,2013-08-24T10:33:16.5Z,midnight,37.322884,-158.786662,36.854582,-158.775613,21.5752667,-158.2733528,52.08202825546289
139,80,2013-08-24T22:26:44Z,noon,33.344955,-157.151246,37.322884,-158.786662,21.5752667,-158.2733528,466.51646677374947
139,81,2013-08-25T10:46:45.5Z,midnight,28.344955,-162.085385,33.344955,-157.151246,21.5752667,-158.2733528,728.4690191132083
139,82,2013-08-25T22:44:28.5Z,noon,23.344955,-161.514552,28.344955,-162.085385,21.5752667,-158.2733528,558.8984810401136
139,83,2013-08-26T10:34:05.5Z,midnight,25.806298,-158.844766,23.344955,-161.514552,21.5752667,-158.2733528,384.4102721544805
139,84,2013-08-26T22:35:42Z,noon,27.138972,-159.246849,25.806298,-158.844766,21.5752667,-158.2733528,153.49551039589952
139,85,2013-08-27T10:21:05Z,midnight,32.138972,-155.516958,27.138972,-159.246849,21.5752667,-158.2733528,662.4795816880402
139,86,2013-08-27T22:03:15Z,noon,27.138972,-151.058624,32.138972,-155.516958,21.5752667,-158.2733528,703.2143201896496
139,87,2013-08-28T10:30:45Z,midnight,22.138972,-157.856201,27.138972,-151.058624,21.5752667,-158.2733528,883.4834610965997
139,88,2013-08-28T21:54:03.5Z,noon,17.138972,-148.683285,22.138972,-157.856201,21.5752667,-158.2733528,1109.4683405026333
139,89,2013-08-30T00:51:33.5Z,midnight,12.138972,-133.683285,17.138972,-148.683285,21.5752667,-158.2733528,1706.0011132474128
19839,1,2013-07-08T10:38:30Z,midnight,20.892384,-160.805892,21.5752667,-158.2733528,21.5752667,-158.2733528,273.24492468743256
19839,2,2013-07-08T22:40:30Z,noon,21.844726,-161.305892,20.892384,-160.805892,21.5752667,-158.2733528,117.8748681356795
19839,3,2013-07-09T10:54:00Z,midnight,16.844726,-164.718046,21.844726,-161.305892,21.5752667,-158.2733528,661.1743606837824
19839,4,2013-07-09T22:57:00Z,noon,16.749949,-165.468046,16.844726,-164.718046,21.5752667,-158.2733528,80.5304242415237
19839,5,2013-07-10T10:48:00Z,midnight,21.353376,-163.253553,16.749949,-165.468046,21.5752667,-158.2733528,562.2741565712339
19839,6,2013-07-10T22:50:30Z,noon,22.544241,-163.878553,21.353376,-163.253553,21.5752667,-158.2733528,147.27312636669797
19839,7,2013-07-11T11:18:00Z,midnight,17.544241,-170.787342,22.544241,-163.878553,21.5752667,-158.2733528,910.7177483007131
19839,8,2013-07-11T23:08:30Z,noon,12.544241,-168.412342,17.544241,-170.787342,21.5752667,-158.2733528,611.6376006407412
19839,9,2013-07-12T11:08:30Z,midnight,7.544241,-168.444343,12.544241,-168.412342,21.5752667,-158.2733528,555.9856661422166
19839,10,2013-07-12T23:33:21Z,noon,12.544241,-174.656843,7.544241,-168.444343,21.5752667,-158.2733528,878.32763123562
19839,11,2013-07-13T11:20:26.5Z,midnight,17.544241,-171.459904,12.544241,-174.656843,21.5752667,-158.2733528,653.3522912583537
19839,12,2013-07-13T23:14:05.5Z,noon,20.210042,-169.872404,17.544241,-171.459904,21.5752667,-158.2733528,340.23251134887823
19839,13,2013-07-14T11:20:35Z,midnight,16.982164,-171.523545,20.210042,-169.872404,21.5752667,-158.2733528,398.86804612619227
19839,14,2013-07-14T23:25:35Z,noon,19.589801,-172.773545,16.982164,-171.523545,21.5752667,-158.2733528,318.5714541257706
19839,15,2013-07-15T11:29:00Z,midnight,17.950144,-173.653953,19.589801,-172.773545,21.5752667,-158.2733528,204.5284217725293
19839,16,2013-07-15T23:40:32.5Z,noon,22.950144,-176.539369,17.950144,-173.653953,21.5752667,-158.2733528,631.9796803746563
19839,17,2013-07-16T11:43:02.5Z,midnight,22.704725,-177.188567,22.950144,-176.539369,21.5752667,-158.2733528,71.9125378307397
19839,18,2013-07-16T23:22:52.5Z,noon,17.704725,-172.1469,22.704725,-177.188567,21.5752667,-158.2733528,765.2657256212658
19839,19,2013-07-17T11:18:32.5Z,midnight,14.497294,-171.085663,17.704725,-172.1469,21.5752667,-158.2733528,374.23122746014513
19839,20,2013-07-17T23:39:40Z,noon,19.497294,-176.366913,14.497294,-171.085663,21.5752667,-158.2733528,790.0777184554847
19839,21,2013-07-18T11:28:30Z,midnight,24.497294,-173.595186,19.497294,-176.366913,21.5752667,-158.2733528,625.052135459973
19839,22,2013-07-18T23:39:21Z,noon,29.497294,-176.307686,24.497294,-173.595186,21.5752667,-158.2733528,617.4538133803436
19839,23,2013-07-19T11:53:43.5Z,midnight,29.256744,-179.919167,29.497294,-176.307686,21.5752667,-158.2733528,350.94601792181356
19839,24,2013-07-19T23:29:07.5Z,noon,24.256744,-173.769167,29.256744,-179.919167,21.5752667,-158.2733528,825.5194625833673
19839,25,2013-07-20T11:21:45Z,midnight,21.239204,-171.94089,24.256744,-173.769167,21.5752667,-158.2733528,384.3440859388999
19839,26,2013-07-20T23:37:10Z,noon,26.239204,-175.795057,21.239204,-171.94089,21.5752667,-158.2733528,680.3269511922659
19839,27,2013-07-21T11:40:26.5Z,midnight,27.42229,-176.626975,26.239204,-175.795057,21.5752667,-158.2733528,155.30510412700485
19839,28,2013-07-21T23:41:40Z,noon,27.985387,-176.933225,27.42229,-176.626975,21.5752667,-158.2733528,69.4941815560697
19839,29,2013-07-22T11:30:00.5Z,midnight,32.985387,-174.02946,27.985387,-176.933225,21.5752667,-158.2733528,621.6310936283004
19839,30,2013-07-22T23:28:08Z,noon,32.467399,-173.56071,32.985387,-174.02946,21.5752667,-158.2733528,72.38902026299908
19839,31,2013-07-23T11:24:31Z,midnight,34.184995,-172.664972,32.467399,-173.56071,21.5752667,-158.2733528,208.3295001079269
19839,32,2013-07-23T23:35:07.5Z,noon,38.11394,-175.317056,34.184995,-172.664972,21.5752667,-158.2733528,497.49884013333735
19839,33,2013-07-24T11:43:52.5Z,midnight,35.18657,-177.510557,38.11394,-175.317056,21.5752667,-158.2733528,379.7690158518779
19839,34,2013-07-24T23:41:35Z,noon,34.287918,-176.93764,35.18657,-177.510557,21.5752667,-158.2733528,112.80801052502943
19839,35,2013-07-25T11:48:57Z,midnight,31.501055,-178.782845,34.287918,-176.93764,21.5752667,-158.2733528,354.53601373949897
19839,36,2013-07-25T23:38:28Z,noon,26.643867,-176.162012,31.501055,-178.782845,21.5752667,-158.2733528,597.0759261975757
19839,37,2013-07-26T11:41:01Z,midnight,25.626621,-176.800556,26.643867,-176.162012,21.5752667,-158.2733528,129.83633731909842
19839,38,2013-07-26T23:43:38Z,noon,26.938467,-177.454723,25.626621,-176.800556,21.5752667,-158.2733528,159.78608340172966
19839,39,2013-07-27T11:38:38Z,midnight,29.623742,-176.203244,26.938467,-177.454723,21.5752667,-158.2733528,322.75058481846236
19839,40,2013-07-27T23:31:46Z,noon,26.273232,-174.486578,29.623742,-176.203244,21.5752667,-158.2733528,408.9236536960871
19839,41,2013-07-28T11:39:21Z,midnight,22.508059,-176.378385,26.273232,-174.486578,21.5752667,-158.2733528,460.3975357534488
19839,42,2013-07-28T23:26:00Z,noon,17.508059,-173.040885,22.508059,-176.378385,21.5752667,-158.2733528,656.19933178197
19839,43,2013-07-29T11:16:00Z,midnight,20.858288,-170.534288,17.508059,-173.040885,21.5752667,-158.2733528,456.1216011068262
19839,44,2013-07-29T23:23:45.5Z,noon,25.176511,-172.473871,20.858288,-170.534288,21.5752667,-158.2733528,519.549210383256
19839,45,2013-07-30T11:41:15.5Z,midnight,20.176511,-176.839685,25.176511,-172.473871,21.5752667,-158.2733528,713.8203034259788
19839,46,2013-07-30T23:53:30Z,noon,22.556157,-179.900102,20.176511,-176.839685,21.5752667,-158.2733528,412.8265029442341
19839,47,2013-07-31T11:41:00Z,midnight,27.556157,-176.763312,22.556157,-179.900102,21.5752667,-158.2733528,639.4029427531109
19839,48,2013-07-31T23:40:45Z,noon,29.387054,-176.700812,27.556157,-176.763312,21.5752667,-158.2733528,203.67808269338485
19839,49,2013-08-01T11:39:30Z,midnight,30.339479,-176.373905,29.387054,-176.700812,21.5752667,-158.2733528,110.49672931807146
19839,50,2013-08-01T23:42:00Z,noon,31.548653,-176.998905,30.339479,-176.373905,21.5752667,-158.2733528,147.07274798623058
19839,51,2013-08-02T11:31:30Z,midnight,36.548653,-174.356872,31.548653,-176.998905,21.5752667,-158.2733528,606.8496636405632
19839,52,2013-08-02T23:18:30Z,noon,31.548653,-171.106872,36.548653,-174.356872,21.5752667,-158.2733528,631.3659456292896
19839,53,2013-08-03T11:24:00Z,midnight,28.217468,-172.462209,31.548653,-171.106872,21.5752667,-158.2733528,392.7707947238818
19839,54,2013-08-03T23:27:00Z,noon,29.787097,-173.212209,28.217468,-172.462209,21.5752667,-158.2733528,189.16060573524683
19839,55,2013-08-04T12:10:00Z,midnight,24.787097,176.060087,29.787097,-173.212209,21.5752667,-158.2733528,1196.2426391634383
19839,56,2013-08-05T00:11:30Z,noon,19.787097,175.710014,24.787097,176.060087,21.5752667,-158.2733528,557.139009138767
19839,57,2013-08-05T11:08:00Z,midnight,24.787097,-169.289986,19.787097,175.710014,21.5752667,-158.2733528,1639.1172426023202
19839,58,2013-08-05T22:56:30Z,noon,29.787097,-165.539986,24.787097,-169.289986,21.5752667,-158.2733528,668.0343457287518
19839,59,2013-08-06T11:20:30Z,midnight,24.787097,-171.512432,29.787097,-165.539986,21.5752667,-158.2733528,810.5460200845646
19839,60,2013-08-06T23:21:00Z,noon,23.512487,-171.637432,24.787097,-171.512432,21.5752667,-158.2733528,142.2964671962395
19839,61,2013-08-07T11:08:30Z,midnight,28.512487,-168.482259,23.512487,-171.637432,21.5752667,-158.2733528,639.0680825453326
19839,62,2013-08-07T23:06:30Z,noon,29.997315,-167.982259,28.512487,-168.482259,21.5752667,-158.2733528,172.08245021502825
19839,63,2013-08-08T10:56:30Z,midnight,34.997315,-165.44948,29.997315,-167.982259,21.5752667,-158.2733528,604.5227540231148
19839,64,2013-08-08T22:13:00Z,noon,29.997315,-154.57448,34.997315,-165.44948,21.5752667,-158.2733528,1160.5729811707722
19839,65,2013-08-09T10:13:00Z,midnight,24.997315,-154.539109,29.997315,-154.57448,21.5752667,-158.2733528,555.985566599756
19839,66,2013-08-09T22:55:30Z,noon,29.997315,-165.164109,24.997315,-154.539109,21.5752667,-158.2733528,1185.5103351636897
19839,67,2013-08-10T11:02:30Z,midnight,32.373254,-166.876164,29.997315,-165.164109,21.5752667,-158.2733528,310.34386908535424
19839,68,2013-08-10T23:07:30Z,noon,34.966955,-168.126164,32.373254,-166.876164,21.5752667,-158.2733528,310.73111380666325
19839,69,2013-08-11T10:56:00Z,midnight,39.966955,-165.210668,34.966955,-168.126164,21.5752667,-158.2733528,612.5313672955099
19839,70,2013-08-11T22:53:30Z,noon,39.661422,-164.585668,39.966955,-165.210668,21.5752667,-158.2733528,63.27595052840444
19839,71,2013-08-12T11:10:00Z,midnight,34.661422,-168.667646,39.661422,-164.585668,21.5752667,-158.2733528,663.1039900760494
19839,72,2013-08-12T23:09:34.5Z,noon,31.690478,-168.561396,34.661422,-168.667646,21.5752667,-158.2733528,330.5017918275885
19839,73,2013-08-13T11:47:33.5Z,midnight,26.690478,-178.011708,31.690478,-168.561396,21.5752667,-158.2733528,1072.0051715039058
19839,74,2013-08-13T23:48:36.5Z,noon,21.690478,-178.274208,26.690478,-178.011708,21.5752667,-158.2733528,556.6111663584925
19839,75,2013-08-14T11:01:34Z,midnight,26.690478,-166.465805,21.690478,-178.274208,21.5752667,-158.2733528,1319.6049600848337
19839,76,2013-08-14T22:48:24Z,noon,30.876741,-163.174138,26.690478,-166.465805,21.5752667,-158.2733528,565.2402767645374
19839,77,2013-08-15T11:13:12.5Z,midnight,25.876741,-169.325804,30.876741,-163.174138,21.5752667,-158.2733528,819.0305917292822
19839,78,2013-08-15T23:08:30Z,noon,20.876741,-168.14872,25.876741,-169.325804,21.5752667,-158.2733528,568.794814035707
19839,79,2013-08-16T10:56:32Z,midnight,19.485359,-165.104243,20.876741,-168.14872,21.5752667,-158.2733528,353.39780149295404
19839,80,2013-08-16T23:06:04.5Z,noon,24.485359,-167.48966,19.485359,-165.104243,21.5752667,-158.2733528,607.9016753781398
19839,81,2013-08-17T10:53:01Z,midnight,29.485359,-164.169914,24.485359,-167.48966,21.5752667,-158.2733528,645.8995304807172
19839,82,2013-08-17T22:51:19.5Z,noon,34.482398,-163.746998,29.485359,-164.169914,21.5752667,-158.2733528,557.0732525112925
19839,83,2013-08-18T10:55:49Z,midnight,32.322435,-164.812446,34.482398,-163.746998,21.5752667,-158.2733528,259.7386008160733
19839,84,2013-08-18T22:53:37Z,noon,30.899973,-164.262446,32.322435,-164.812446,21.5752667,-158.2733528,166.52404706339013
19839,85,2013-08-19T11:11:39Z,midnight,25.899973,-168.711051,30.899973,-164.262446,21.5752667,-158.2733528,705.8313917796708
19839,86,2013-08-19T23:13:07.5Z,noon,20.899973,-169.079801,25.899973,-168.711051,21.5752667,-158.2733528,557.2454276156056
19839,87,2013-08-20T11:25:37.5Z,midnight,15.899973,-172.142866,20.899973,-169.079801,21.5752667,-158.2733528,643.0126838727358
19839,88,2013-08-20T23:29:07.5Z,noon,10.899973,-173.017866,15.899973,-172.142866,21.5752667,-158.2733528,563.9673245397805
19839,89,2013-08-21T11:31:35Z,midnight,8.378296,-173.568359,10.899973,-173.017866,21.5752667,-158.2733528,286.8171633610979
19839,90,2013-08-21T23:31:14.5Z,noon,8.015003,-173.482942,8.378296,-173.568359,21.5752667,-158.2733528,41.475787947710636
19839,91,2013-08-22T11:33:47Z,midnight,5.436907,-174.052171,8.015003,-173.482942,21.5752667,-158.2733528,293.4808830259995
19839,92,2013-08-22T23:51:05.5Z,noon,10.436907,-178.379255,5.436907,-174.052171,21.5752667,-158.2733528,732.150416596466
19839,93,2013-08-23T11:57:20.5Z,midnight,15.436907,-179.87353,10.436907,-178.379255,21.5752667,-158.2733528,579.0616975971315
19839,94,2013-08-23T23:51:00Z,noon,10.903654,-178.288113,15.436907,-179.87353,21.5752667,-158.2733528,532.4830811516697
19839,95,2013-08-24T11:27:43Z,midnight,15.903654,-172.397079,10.903654,-178.288113,21.5752667,-158.2733528,845.4724383862314
19839,96,2013-08-24T23:26:53Z,noon,20.903654,-172.188746,15.903654,-172.397079,21.5752667,-158.2733528,556.4086082157966
19839,97,2013-08-25T11:26:11Z,midnight,25.903654,-171.941635,20.903654,-172.188746,21.5752667,-158.2733528,556.5456441280659
19839,98,2013-08-25T23:27:43.5Z,noon,30.903654,-172.327052,25.903654,-171.941635,21.5752667,-158.2733528,557.2496596075265
19839,99,2013-08-26T11:27:55Z,midnight,34.965153,-172.301016,30.903654,-172.327052,21.5752667,-158.2733528,451.6246136353256
19839,100,2013-08-26T23:28:52.5Z,noon,35.64908,-172.540599,34.965153,-172.301016,21.5752667,-158.2733528,79.09557792124825
19839,101,2013-08-27T11:31:14Z,midnight,34.702964,-173.054458,35.64908,-172.540599,21.5752667,-158.2733528,115.10382483590894
19839,102,2013-08-27T23:28:21Z,noon,32.474775,-172.333624,34.702964,-173.054458,21.5752667,-158.2733528,256.599970004516
19839,103,2013-08-28T11:29:47Z,midnight,32.080374,-172.614535,32.474775,-172.333624,21.5752667,-158.2733528,51.19302177711212
19839,104,2013-08-28T23:23:13Z,noon,27.080374,-170.972868,32.080374,-172.614535,21.5752667,-158.2733528,578.168123049367
19839,105,2013-08-29T11:23:43Z,midnight,26.431413,-171.018822,27.080374,-170.972868,21.5752667,-158.2733528,72.30527570868522
19839,106,2013-08-29T23:27:55.5Z,noon,30.401497,-172.070905,26.431413,-171.018822,21.5752667,-158.2733528,453.27632531958193
19839,107,2013-08-30T11:24:09.5Z,midnight,34.479227,-171.048647,30.401497,-172.070905,21.5752667,-158.2733528,463.4506984817652
19839,108,2013-08-30T23:30:29.5Z,noon,39.328871,-172.631981,34.479227,-171.048647,21.5752667,-158.2733528,557.3012076251558
19839,109,2013-08-31T11:35:00.5Z,midnight,36.837425,-173.679091,39.328871,-172.631981,21.5752667,-158.2733528,291.79492236033565
19839,110,2013-08-31T23:28:15Z,noon,31.837425,-171.989507,36.837425,-173.679091,21.5752667,-158.2733528,577.1799254272698
19839,111,2013-09-01T11:33:30Z,midnight,26.837425,-173.218568,31.837425,-171.989507,21.5752667,-158.2733528,568.5806539566191
19839,112,2013-09-01T23:38:30Z,noon,31.618814,-174.468568,26.837425,-173.218568,21.5752667,-158.2733528,545.3121021806592
19839,113,2013-09-02T11:40:00Z,midnight,31.056685,-174.75883,31.618814,-174.468568,21.5752667,-158.2733528,68.3148756450902
19839,114,2013-09-02T23:37:30Z,noon,28.4375,-174.13383,31.056685,-174.75883,21.5752667,-158.2733528,297.422754372384
19839,115,2013-09-03T11:30:00Z,midnight,33.4375,-172.17288,28.4375,-174.13383,21.5752667,-158.2733528,586.5487002366241
19839,116,2013-09-03T23:26:30Z,noon,33.514786,-171.29788,33.4375,-172.17288,21.5752667,-158.2733528,81.60923216376145
19839,117,2013-09-04T11:35:30Z,midnight,28.514786,-173.460807,33.514786,-171.29788,21.5752667,-158.2733528,592.9052618300816
19839,118,2013-09-04T23:29:00Z,noon,23.514786,-171.835807,28.514786,-173.460807,21.5752667,-158.2733528,579.1782005521546
19839,119,2013-09-05T11:37:00Z,midnight,18.514786,-173.747699,23.514786,-171.835807,21.5752667,-158.2733528,590.3005417938145
19839,120,2013-09-05T23:41:30Z,noon,13.514786,-174.872699,18.514786,-173.747699,21.5752667,-158.2733528,568.8179298487528
19839,121,2013-09-06T11:27:30Z,midnight,18.514786,-171.28365,13.514786,-174.872699,21.5752667,-158.2733528,675.376465965731
19839,122,2013-09-06T23:22:30Z,noon,23.514786,-170.03365,18.514786,-171.28365,21.5752667,-158.2733528,570.9002239642807
19839,123,2013-09-07T11:32:30Z,midnight,18.514786,-172.443752,23.514786,-170.03365,21.5752667,-158.2733528,609.6167222702178
19839,124,2013-09-07T23:34:00Z,noon,13.514786,-172.818752,18.514786,-172.443752,21.5752667,-158.2733528,557.4162828149286
19839,125,2013-09-08T11:24:30Z,midnight,18.514786,-170.3531,13.514786,-172.818752,21.5752667,-158.2733528,615.2225899534574
19839,126,2013-09-08T23:08:30Z,noon,13.514786,-166.3531,18.514786,-170.3531,21.5752667,-158.2733528,701.2339920223029
19839,127,2013-09-09T10:57:30Z,midnight,18.514786,-163.51179,13.514786,-166.3531,21.5752667,-158.2733528,633.4457864049075
19839,128,2013-09-09T23:05:00Z,noon,23.514786,-165.38679,18.514786,-163.51179,21.5752667,-158.2733528,589.025394107989
19839,129,2013-09-10T11:07:30Z,midnight,28.514786,-165.91992,23.514786,-165.38679,21.5752667,-158.2733528,558.5185108610821
19839,130,2013-09-10T23:05:00Z,noon,27.145748,-165.29492,28.514786,-165.91992,21.5752667,-158.2733528,164.16698583211726
19839,131,2013-09-11T11:07:30Z,midnight,24.130592,-165.827588,27.145748,-165.29492,21.5752667,-158.2733528,339.49416110875995
19839,132,2013-09-11T23:03:00Z,noon,19.130592,-164.702588,24.130592,-165.827588,21.5752667,-158.2733528,567.9941294577264
19839,133,2013-09-12T11:04:30Z,midnight,14.130592,-164.984894,19.130592,-164.702588,21.5752667,-158.2733528,556.7869836209676
19839,134,2013-09-12T23:08:54Z,noon,19.130592,-166.084894,14.130592,-164.984894,21.5752667,-158.2733528,568.1831357504972
19839,135,2013-09-14T22:48:10Z,noon,14.130592,-160.715489,19.130592,-166.084894,21.5752667,-158.2733528,797.5560235181285
19839,136,2013-09-15T23:14:37Z,noon,9.130592,-167.234814,14.130592,-160.715489,21.5752667,-158.2733528,901.5929939019877
19839,137,2013-09-16T11:09:38Z,midnight,14.130592,-165.895851,9.130592,-167.234814,21.5752667,-158.2733528,574.7683152106534
19839,138,2013-09-17T10:55:48Z,midnight,9.130592,-162.344534,14.130592,-165.895851,21.5752667,-158.2733528,677.1986091301392
19839,139,2013-09-18T11:09:34Z,midnight,14.130592,-165.693468,9.130592,-162.344534,21.5752667,-158.2733528,664.8648761945781
19839,140,2013-09-18T23:11:06Z,noon,19.130592,-166.076801,14.130592,-165.693468,21.5752667,-158.2733528,557.4715182833086
19839,141,2013-09-23T22:55:59.5Z,noon,14.130592,-161.84343,19.130592,-166.076801,21.5752667,-158.2733528,715.801940962221
19839,142,2013-09-24T11:06:28Z,midnight,19.130592,-164.37312,14.130592,-161.84343,21.5752667,-158.2733528,617.8111953839282
19839,143,2013-09-24T23:16:42Z,noon,24.130592,-166.931454,19.130592,-164.37312,21.5752667,-158.2733528,615.6053556162209
19839,144,2013-09-28T11:42:28.5Z,midnight,29.130592,-173.029697,24.130592,-166.931454,21.5752667,-158.2733528,822.2265151750673
19839,145,2013-09-28T23:51:34.5Z,noon,34.130592,-175.304697,29.130592,-173.029697,21.5752667,-158.2733528,596.1842551374742
19839,146,2013-09-29T11:51:18.5Z,midnight,39.130592,-175.154838,34.130592,-175.304697,21.5752667,-158.2733528,556.1351584356502
19839,147,2013-09-29T23:52:21.5Z,noon,44.130592,-175.417338,39.130592,-175.154838,21.5752667,-158.2733528,556.4016087930627
19839,148,2013-09-30T11:53:20.5Z,midnight,49.130592,-175.581449,44.130592,-175.417338,21.5752667,-158.2733528,556.115443432731
19839,149,2013-10-02T23:39:30Z,noon,54.130592,-171.962383,49.130592,-175.581449,21.5752667,-158.2733528,609.3138296095415
19839,150,2013-10-03T11:56:30Z,midnight,59.130592,-176.135645,54.130592,-171.962383,21.5752667,-158.2733528,611.480493298733
19839,151,2013-10-03T23:55:00Z,noon,64.130592,-175.760645,59.130592,-176.135645,21.5752667,-158.2733528,556.3250259051707
19839,152,2013-10-04T11:39:00Z,midnight,69.130592,-171.685754,64.130592,-175.760645,21.5752667,-158.2733528,583.9937287810086
19839,153,2013-10-05T23:46:00Z,noon,70.0,-173.362802,69.130592,-171.685754,21.5752667,-158.2733528,116.54471918303499
19839,154,2013-10-06T23:18:30Z,noon,70.0,-166.416875,70.0,-173.362802,21.5752667,-158.2733528,264.01704919169066
19839,155,2013-10-07T11:26:30Z,midnight,70.0,-168.348062,70.0,-166.416875,21.5752667,-158.2733528,73.44171894155448
19839,156,2013-10-07T23:45:00Z,noon,70.0,-172.973062,70.0,-168.348062,21.5752667,-158.2733528,175.85076589170936
19839,157,2013-10-08T11:53:00Z,midnight,70.0,-174.906447,70.0,-172.973062,21.5752667,-158.2733528,73.52530037611608
19839,158,2013-10-08T23:53:30Z,noon,70.0,-175.031447,70.0,-174.906447,21.5752667,-158.2733528,4.753862261012709
19839,159,2013-10-09T11:44:00Z,midnight,65.870066,-172.592111,70.0,-175.031447,21.5752667,-158.2733528,470.3026052670831
19839,160,2013-10-09T23:42:30Z,noon,67.241726,-172.217111,65.870066,-172.592111,21.5752667,-158.2733528,153.42048481295748
19839,161,2013-10-10T11:40:30Z,midnight,62.241726,-171.655136,67.241726,-172.217111,21.5752667,-158.2733528,556.6077764546976
19839,162,2013-10-10T23:41:00Z,noon,61.679916,-171.780136,62.241726,-171.655136,21.5752667,-158.2733528,62.81114132154925
19839,163,2013-10-11T11:53:30Z,midnight,66.679916,-174.8456,61.679916,-171.780136,21.5752667,-158.2733528,575.2836164479506
19839,164,2013-10-11T23:42:30Z,noon,70.0,-172.0956,66.679916,-174.8456,21.5752667,-158.2733528,385.94865081144286
19839,165,2013-10-12T11:32:30Z,midnight,67.255545,-169.538577,70.0,-172.0956,21.5752667,-158.2733528,322.21257230906224
19839,166,2013-10-12T23:33:30Z,noon,66.651592,-169.788577,67.255545,-169.538577,21.5752667,-158.2733528,68.03240049979365
19839,167,2013-10-13T11:30:14.5Z,midnight,62.241411,-168.919559,66.651592,-169.788577,21.5752667,-158.2733528,492.1456500961037
19839,168,2013-10-13T23:30:46.5Z,noon,61.836896,-169.052892,62.241411,-168.919559,21.5752667,-158.2733528,45.513972033504686
19839,169,2013-10-14T11:20:08.5Z,midnight,56.836896,-166.342781,61.836896,-169.052892,21.5752667,-158.2733528,576.6981780048694
19839,170,2013-10-14T23:13:23.5Z,noon,56.384268,-164.655281,56.836896,-166.342781,21.5752667,-158.2733528,114.87207550917287
19839,171,2013-10-15T11:18:25Z,midnight,58.625541,-165.862479,56.384268,-164.655281,21.5752667,-158.2733528,259.431067489852
19839,172,2013-10-15T23:13:23Z,noon,62.153492,-164.604146,58.625541,-165.862479,21.5752667,-158.2733528,398.3159133742614
19839,173,2013-10-16T11:28:12.5Z,midnight,67.153492,-168.264134,62.153492,-164.604146,21.5752667,-158.2733528,582.3877795467927
19839,174,2013-10-16T23:35:39Z,noon,64.605584,-170.124551,67.153492,-168.264134,21.5752667,-158.2733528,295.6255653937203
19839,175,2013-10-17T11:34:08Z,midnight,62.225156,-169.701975,64.605584,-170.124551,21.5752667,-158.2733528,265.523926908162
19839,176,2013-10-17T23:18:26.5Z,noon,67.225156,-165.779058,62.225156,-169.701975,21.5752667,-158.2733528,586.0590206516056
19839,177,2013-10-18T11:00:32Z,midnight,62.225156,-161.261478,67.225156,-165.779058,21.5752667,-158.2733528,595.5385498898839
19839,178,2013-10-18T23:08:29Z,noon,57.225156,-163.248978,62.225156,-161.261478,21.5752667,-158.2733528,566.9596907391067
19839,179,2013-10-19T11:15:37Z,midnight,57.400479,-164.994784,57.225156,-163.248978,21.5752667,-158.2733528,106.6315156498306
19839,180,2013-10-19T22:56:42.5Z,noon,62.400479,-160.267701,57.400479,-164.994784,21.5752667,-158.2733528,614.9207090919124
19839,181,2013-10-20T10:43:50Z,midnight,59.483171,-157.014445,62.400479,-160.267701,21.5752667,-158.2733528,368.8103246494412
19839,182,2013-10-20T22:41:47.5Z,noon,60.538235,-156.504028,59.483171,-157.014445,21.5752667,-158.2733528,120.69801072035315
19839,183,2013-10-21T10:36:15Z,midnight,56.165137,-155.087177,60.538235,-156.504028,21.5752667,-158.2733528,493.21263761158315
19839,184,2013-10-21T22:43:45Z,noon,51.165137,-156.962177,56.165137,-155.087177,21.5752667,-158.2733528,569.4764940428462
19839,185,2013-10-22T11:02:15Z,midnight,56.165137,-161.558863,51.165137,-156.962177,21.5752667,-158.2733528,632.7795529036223
19839,186,2013-10-22T23:02:15Z,noon,60.616875,-161.558863,56.165137,-161.558863,21.5752667,-158.2733528,495.01068035079516
19839,187,2013-10-23T11:01:00Z,midnight,58.872108,-161.221211,60.616875,-161.558863,21.5752667,-158.2733528,194.92865535321513
19839,188,2013-10-23T23:06:25Z,noon,56.126351,-162.575378,58.872108,-161.221211,21.5752667,-158.2733528,315.83525069974144
19839,189,2013-10-24T10:58:26Z,midnight,51.126351,-160.557597,56.126351,-162.575378,21.5752667,-158.2733528,571.6102773347742
19839,190,2013-10-24T22:56:31Z,noon,51.351743,-160.07843,51.126351,-160.557597,21.5752667,-158.2733528,41.72352541607263
19839,191,2013-10-25T11:08:00Z,midnight,56.351743,-162.930556,51.351743,-160.07843,21.5752667,-158.2733528,586.4749427653985
19839,192,2013-10-25T23:05:35Z,noon,57.782164,-162.326389,56.351743,-162.930556,21.5752667,-158.2733528,163.19325307183968
19839,193,2013-10-26T10:51:08.5Z,midnight,52.782164,-158.70054,57.782164,-162.326389,21.5752667,-158.2733528,601.3152082075504
19839,194,2013-10-26T22:45:44Z,noon,52.079563,-157.348457,52.782164,-158.70054,21.5752667,-158.2733528,120.43981862216827
19839,195,2013-10-27T11:06:27Z,midnight,57.079563,-162.515496,52.079563,-157.348457,21.5752667,-158.2733528,647.6525134241605
19839,196,2013-10-27T22:59:21.5Z,noon,62.079563,-160.742579,57.079563,-162.515496,21.5752667,-158.2733528,564.8095439550891
19839,197,2013-10-28T10:42:57Z,midnight,57.079563,-156.6317,62.079563,-160.742579,21.5752667,-158.2733528,601.9396385654464
19839,198,2013-10-28T22:57:22.5Z,noon,52.079563,-160.23795,57.079563,-156.6317,21.5752667,-158.2733528,602.3877538271558
19839,199,2013-10-29T11:00:35Z,midnight,49.193416,-161.034592,52.079563,-160.23795,21.5752667,-158.2733528,325.79991845526746
19839,200,2013-10-29T22:58:16Z,noon,50.493078,-160.455426,49.193416,-161.034592,21.5752667,-158.2733528,150.36360676421123
19839,201,2013-10-30T10:50:26.5Z,midnight,45.493078,-158.49711,50.493078,-160.455426,21.5752667,-158.2733528,574.6993566223236
19839,202,2013-10-30T22:45:35Z,noon,47.898827,-157.282527,45.493078,-158.49711,21.5752667,-158.2733528,283.08082461238064
19839,203,2013-10-31T10:37:55.5Z,midnight,42.898827,-155.369269,47.898827,-157.282527,21.5752667,-158.2733528,575.6422117874343
19839,204,2013-10-31T22:24:05.5Z,noon,47.898827,-151.910935,42.898827,-155.369269,21.5752667,-158.2733528,617.9135854531032
19839,205,2013-11-01T10:25:30Z,midnight,50.265069,-152.267748,47.898827,-151.910935,21.5752667,-158.2733528,264.3933930762389
19839,206,2013-11-01T22:12:00Z,noon,55.265069,-148.892748,50.265069,-152.267748,21.5752667,-158.2733528,600.3831541819235
19839,207,2013-11-02T10:02:30Z,midnight,51.378329,-146.525891,55.265069,-148.892748,21.5752667,-158.2733528,459.82039940561964
19839,208,2013-11-02T21:55:00Z,noon,54.610729,-144.650891,51.378329,-146.525891,21.5752667,-158.2733528,380.667374395015
19839,209,2013-11-03T09:57:30Z,midnight,54.827456,-145.287452,54.610729,-144.650891,21.5752667,-158.2733528,47.45674622195357
19839,210,2013-11-03T21:32:00Z,noon,59.827456,-138.912452,54.827456,-145.287452,21.5752667,-158.2733528,674.2910811436553
19839,211,2013-11-04T09:35:00Z,midnight,62.694976,-139.677434,59.827456,-138.912452,21.5752667,-158.2733528,321.4600582396686
19839,212,2013-11-04T21:00:30Z,noon,67.694976,-131.052434,62.694976,-139.677434,21.5752667,-158.2733528,684.9820393885316
19839,213,2013-11-05T08:57:30Z,midnight,67.899485,-130.320833,67.694976,-131.052434,21.5752667,-158.2733528,38.23754505652504
19839,214,2013-11-05T22:08:30Z,noon,62.899485,-145.320833,67.899485,-130.320833,21.5752667,-158.2733528,885.5896903464954
19839,215,2013-11-06T10:03:30Z,midnight,57.899485,-146.842646,62.899485,-145.320833,21.5752667,-158.2733528,562.1817147606695
19839,216,2013-11-06T22:08:00Z,noon,52.899485,-147.967646,57.899485,-146.842646,21.5752667,-158.2733528,560.4732323127021
19839,217,2013-11-07T10:21:30Z,midnight,49.101608,-151.367863,52.899485,-147.967646,21.5752667,-158.2733528,484.5912182963901
19839,218,2013-11-07T22:19:00Z,noon,50.184393,-150.742863,49.101608,-151.367863,21.5752667,-158.2733528,128.53448792364637
19839,219,2013-11-08T10:27:30Z,midnight,52.891097,-152.896471,50.184393,-150.742863,21.5752667,-158.2733528,335.7749683480417
19839,220,2013-11-08T22:28:30Z,noon,52.520895,-153.146471,52.891097,-152.896471,21.5752667,-158.2733528,44.47714653374961
19839,221,2013-11-09T10:30:30Z,midnight,52.635634,-153.678453,52.520895,-153.146471,21.5752667,-158.2733528,38.143261174553636
19839,222,2013-11-09T22:43:30Z,noon,47.635634,-156.928453,52.635634,-153.678453,21.5752667,-158.2733528,602.1414476529686
19839,223,2013-11-10T10:47:30Z,midnight,48.508887,-157.963791,47.635634,-156.928453,21.5752667,-158.2733528,123.87706852072124
19839,224,2013-11-10T22:53:30Z,noon,45.85155,-159.463791,48.508887,-157.963791,21.5752667,-158.2733528,316.46701659852226
19839,225,2013-11-11T11:06:00Z,midnight,50.525055,-162.627459,45.85155,-159.463791,21.5752667,-158.2733528,570.0070882627273
19839,226,2013-11-11T23:24:30Z,noon,45.525055,-167.252459,50.525055,-162.627459,21.5752667,-158.2733528,653.4684772048258
19839,227,2013-11-12T11:28:30Z,midnight,43.764753,-168.294431,45.525055,-167.252459,21.5752667,-158.2733528,212.38135845762312
19839,228,2013-11-12T23:25:43Z,noon,45.065651,-167.598598,43.764753,-168.294431,21.5752667,-158.2733528,154.8497160142527
19839,229,2013-11-13T11:36:28Z,midnight,49.045982,-170.331343,45.065651,-167.598598,21.5752667,-158.2733528,488.5328887057577
19839,230,2013-11-13T23:33:19Z,noon,50.234478,-169.543843,49.045982,-170.331343,21.5752667,-158.2733528,143.80496336641414
19839,231,2013-11-14T11:48:49Z,midnight,54.794111,-173.467328,50.234478,-169.543843,21.5752667,-158.2733528,572.1035838398955
19839,232,2013-11-14T23:41:07Z,noon,56.906826,-171.542328,54.794111,-173.467328,21.5752667,-158.2733528,263.8439657181453
19839,233,2013-11-15T11:19:20.5Z,midnight,51.906826,-166.150263,56.906826,-171.542328,21.5752667,-158.2733528,655.968984477808
19839,234,2013-11-15T23:45:37.5Z,noon,46.906826,-172.721097,51.906826,-166.150263,21.5752667,-158.2733528,730.9290640085741
19839,235,2013-11-16T11:54:54Z,midnight,42.242889,-175.094692,46.906826,-172.721097,21.5752667,-158.2733528,551.5616771585258
19839,236,2013-11-16T23:53:57Z,noon,42.680583,-174.857192,42.242889,-175.094692,21.5752667,-158.2733528,52.42392183157191
19839,237,2013-11-17T11:59:47Z,midnight,44.770684,-176.373487,42.680583,-174.857192,21.5752667,-158.2733528,262.39849229030943
19839,238,2013-11-17T23:42:09Z,noon,49.770684,-171.965153,44.770684,-176.373487,21.5752667,-158.2733528,647.6024529509892
19839,239,2013-11-18T11:24:17.5Z,midnight,44.770684,-167.561599,49.770684,-171.965153,21.5752667,-158.2733528,647.4179272461157
19839,240,2013-11-18T23:18:58.5Z,noon,46.376796,-166.232432,44.770684,-167.561599,21.5752667,-158.2733528,206.3855399835686
19839,241,2013-11-19T11:35:20.5Z,midnight,51.376796,-170.388144,46.376796,-166.232432,21.5752667,-158.2733528,633.3694024932641
19839,242,2013-11-19T23:37:58.5Z,noon,50.797207,-171.046477,51.376796,-170.388144,21.5752667,-158.2733528,79.16868304427925
19839,243,2013-11-20T11:19:21Z,midnight,45.797207,-166.457234,50.797207,-171.046477,21.5752667,-158.2733528,651.1332628616605
19839,244,2013-11-20T23:07:47Z,noon,47.996125,-163.565567,45.797207,-166.457234,21.5752667,-158.2733528,328.6736551739467
19839,245,2013-11-21T11:03:42.5Z,midnight,46.103292,-162.616729,47.996125,-163.565567,21.5752667,-158.2733528,222.40678265546245
19839,246,2013-11-21T23:02:55.5Z,noon,46.395421,-162.420895,46.103292,-162.616729,21.5752667,-158.2733528,35.8038441824978
19839,247,2013-11-22T11:03:14.5Z,midnight,46.121316,-162.572817,46.395421,-162.420895,21.5752667,-158.2733528,32.6403730096288
19839,248,2013-11-22T22:42:09.5Z,noon,51.121316,-157.301983,46.121316,-162.572817,21.5752667,-158.2733528,677.2609680754292
19839,249,2013-11-23T10:39:17Z,midnight,51.693923,-156.658768,51.121316,-157.301983,21.5752667,-158.2733528,77.74498274299886
19839,250,2013-11-23T22:50:34Z,noon,48.183129,-159.479601,51.693923,-156.658768,21.5752667,-158.2733528,439.4094820733921
19839,251,2013-11-24T10:50:49.5Z,midnight,47.907939,-159.622431,48.183129,-159.479601,21.5752667,-158.2733528,32.38948483173294
19839,252,2013-11-24T22:41:35.5Z,noon,50.812912,-157.314098,47.907939,-159.622431,21.5752667,-158.2733528,363.6684234761903
19839,253,2013-11-25T10:28:46.5Z,midnight,46.332436,-154.190822,50.812912,-157.314098,21.5752667,-158.2733528,548.5218246641592
19839,254,2013-11-25T22:18:22.5Z,noon,49.741225,-151.590822,46.332436,-154.190822,21.5752667,-158.2733528,425.4238305759922
19839,255,2013-11-26T10:07:25Z,midnight,45.803235,-148.934699,49.741225,-151.590822,21.5752667,-158.2733528,480.69532672404205
19839,256,2013-11-26T22:13:18Z,noon,43.642755,-150.405532,45.803235,-148.934699,21.5752667,-158.2733528,266.85085771026843
19839,257,2013-11-27T10:29:54.5Z,midnight,48.642755,-154.643571,43.642755,-150.405532,21.5752667,-158.2733528,644.5187082202059
19839,258,2013-11-27T22:31:12Z,noon,48.619337,-154.966488,48.642755,-154.643571,21.5752667,-158.2733528,23.873368859554994
19839,259,2013-11-28T10:32:46.5Z,midnight,48.80125,-155.448611,48.619337,-154.966488,21.5752667,-158.2733528,40.749971554550385
19839,260,2013-11-28T22:37:12.5Z,noon,47.40484,-156.556944,48.80125,-155.448611,21.5752667,-158.2733528,175.73112099753277
19839,261,2013-11-29T10:30:51Z,midnight,44.966483,-155.05807,47.40484,-156.556944,21.5752667,-158.2733528,294.6496573416614
19839,262,2013-11-29T22:26:11Z,noon,46.55901,-153.891403,44.966483,-155.05807,21.5752667,-158.2733528,198.8615262292101
19839,263,2013-11-30T10:39:14.5Z,midnight,50.2637,-157.248949,46.55901,-153.891403,21.5752667,-158.2733528,480.6214371340406
19839,264,2013-11-30T22:36:42Z,noon,50.964484,-156.613533,50.2637,-157.248949,21.5752667,-158.2733528,89.89985091371567
19839,265,2013-12-01T10:31:30Z,midnight,49.241631,-155.408663,50.964484,-156.613533,21.5752667,-158.2733528,209.95572007627422
19839,266,2013-12-01T22:23:30Z,noon,51.448557,-153.408663,49.241631,-155.408663,21.5752667,-158.2733528,283.4564948790961
19839,267,2013-12-02T10:30:30Z,midnight,52.957354,-155.255873,51.448557,-153.408663,21.5752667,-158.2733528,209.73113046792398
19839,268,2013-12-02T22:22:30Z,noon,54.786259,-153.255873,52.957354,-155.255873,21.5752667,-158.2733528,241.9480573185924
19839,269,2013-12-03T10:11:30Z,midnight,51.987271,-150.605073,54.786259,-153.255873,21.5752667,-158.2733528,357.3891540151031
19839,270,2013-12-03T22:26:00Z,noon,48.014133,-154.230073,51.987271,-150.605073,21.5752667,-158.2733528,512.0106196562275
19839,271,2013-12-04T10:28:30Z,midnight,48.52576,-154.956171,48.014133,-154.230073,21.5752667,-158.2733528,78.25930500006884
19839,272,2013-12-04T22:22:30Z,noon,50.205405,-153.456171,48.52576,-154.956171,21.5752667,-158.2733528,216.0462172945325
19839,273,2013-12-05T10:25:00Z,midnight,50.657151,-154.184072,50.205405,-153.456171,21.5752667,-158.2733528,71.98199279272698
19839,274,2013-12-05T22:40:00Z,noon,46.34577,-157.934072,50.657151,-154.184072,21.5752667,-158.2733528,553.1507345795554
19839,275,2013-12-06T10:36:30Z,midnight,45.019755,-157.163681,46.34577,-157.934072,21.5752667,-158.2733528,159.1268674156009
19839,276,2013-12-06T22:27:30Z,noon,47.819185,-154.913681,45.019755,-157.163681,21.5752667,-158.2733528,355.8317999412475
19839,277,2013-12-07T10:18:00Z,midnight,44.667461,-152.644898,47.819185,-154.913681,21.5752667,-158.2733528,391.44038915816066
19839,278,2013-12-07T22:00:30Z,noon,49.667461,-148.269898,44.667461,-152.644898,21.5752667,-158.2733528,646.6478846692706
19839,279,2013-12-08T10:01:30Z,midnight,49.96351,-148.627625,49.667461,-148.269898,21.5752667,-158.2733528,41.74239077631473
19839,280,2013-12-08T21:30:30Z,noon,54.96351,-140.877625,49.96351,-148.627625,21.5752667,-158.2733528,763.8379677305227
19839,281,2013-12-09T09:35:30Z,midnight,57.505989,-142.236761,54.96351,-140.877625,21.5752667,-158.2733528,294.90945460647686
19839,282,2013-12-09T22:25:30Z,noon,52.505989,-154.736761,57.505989,-142.236761,21.5752667,-158.2733528,969.505230974509
19839,283,2013-12-10T10:31:00Z,midnight,47.505989,-156.222202,52.505989,-154.736761,21.5752667,-158.2733528,565.9852822535348
19839,284,2013-12-10T22:27:30Z,noon,48.288438,-155.347202,47.505989,-156.222202,21.5752667,-158.2733528,108.74168479019792
19839,285,2013-12-11T10:18:00Z,midnight,45.326939,-153.083845,48.288438,-155.347202,21.5752667,-158.2733528,371.5946178614849
19839,286,2013-12-11T22:22:30Z,noon,43.874886,-154.208845,45.326939,-153.083845,21.5752667,-158.2733528,184.39394698571886
19839,287,2013-12-12T10:29:00Z,midnight,45.820591,-155.946584,43.874886,-154.208845,21.5752667,-158.2733528,256.06297413310017
19839,288,2013-12-12T22:33:43Z,noon,44.33279,-157.12575,45.820591,-155.946584,21.5752667,-158.2733528,189.57799778864518
19839,289,2013-12-13T10:28:46Z,midnight,42.566512,-156.001979,44.33279,-157.12575,21.5752667,-158.2733528,216.3339688759927
19839,290,2013-12-13T22:15:18Z,noon,46.84478,-152.635312,42.566512,-156.001979,21.5752667,-158.2733528,544.9428642106731
19839,291,2013-12-14T10:07:06Z,midnight,44.217484,-150.699923,46.84478,-152.635312,21.5752667,-158.2733528,328.72001181354403
19839,292,2013-12-14T22:07:24.5Z,noon,44.117782,-150.777007,44.217484,-150.699923,21.5752667,-158.2733528,12.677083296477113
19839,293,2013-12-15T10:18:47Z,midnight,47.47582,-153.736141,44.117782,-150.777007,21.5752667,-158.2733528,438.1606038819277
19839,294,2013-12-15T22:36:30Z,noon,42.47582,-158.165308,47.47582,-153.736141,21.5752667,-158.2733528,655.8587099305141
19839,295,2013-12-16T10:35:52Z,midnight,41.59663,-158.123024,42.47582,-158.165308,21.5752667,-158.2733528,97.82381357580252
19839,296,2013-12-16T22:32:01.5Z,noon,42.9146,-157.162608,41.59663,-158.123024,21.5752667,-158.2733528,166.50583866298268
19839,297,2013-12-17T10:34:19.5Z,midnight,43.608975,-157.854212,42.9146,-157.162608,21.5752667,-158.2733528,95.38191103727391
19839,298,2013-12-17T22:35:35.5Z,noon,43.192077,-158.170879,43.608975,-157.854212,21.5752667,-158.2733528,52.9479286441207
19839,299,2013-12-18T10:28:34Z,midnight,40.712781,-156.531678,43.192077,-158.170879,21.5752667,-158.2733528,307.19217338938165
19839,300,2013-12-18T22:11:28Z,noon,45.712781,-152.256678,40.712781,-156.531678,21.5752667,-158.2733528,654.851424356095
19839,301,2013-12-19T10:12:42Z,midnight,46.605439,-152.682394,45.712781,-152.256678,21.5752667,-158.2733528,104.53401020501383
19839,302,2013-12-19T22:26:01Z,noon,42.419362,-156.011561,46.605439,-152.682394,21.5752667,-158.2733528,534.9929314740732
19839,303,2013-12-20T10:44:50.5Z,midnight,47.419362,-160.835417,42.419362,-156.011561,21.5752667,-158.2733528,673.0242247577651
19839,304,2013-12-20T22:32:42Z,noon,51.205411,-157.8,47.419362,-160.835417,21.5752667,-158.2733528,474.92664258742883
19839,305,2013-12-21T10:21:55Z,midnight,48.46935,-155.221884,51.205411,-157.8,21.5752667,-158.2733528,355.9602140814503
19839,306,2013-12-21T22:48:38.5Z,noon,43.46935,-161.903134,48.46935,-155.221884,21.5752667,-158.2733528,758.2010243483574
19839,307,2013-12-22T10:49:40Z,midnight,40.428729,-162.277102,43.46935,-161.903134,21.5752667,-158.2733528,339.5120499338425
19839,308,2013-12-22T22:45:17.5Z,noon,41.96805,-161.183352,40.428729,-162.277102,21.5752667,-158.2733528,194.0869817033927
19839,309,2013-12-23T10:55:22.5Z,midnight,45.240488,-163.821793,41.96805,-161.183352,21.5752667,-158.2733528,421.2959675420139
19839,310,2013-12-23T22:57:42Z,noon,44.519744,-164.403043,45.240488,-163.821793,21.5752667,-158.2733528,92.30484939341306
19839,311,2013-12-24T10:52:42Z,midnight,42.91687,-163.270429,44.519744,-164.403043,21.5752667,-158.2733528,200.12383847215943
19839,312,2013-12-24T22:53:47Z,noon,42.554145,-163.541263,42.91687,-163.270429,21.5752667,-158.2733528,46.00037132264857
19839,313,2013-12-25T10:53:44.5Z,midnight,42.565727,-163.6479,42.554145,-163.541263,21.5752667,-158.2733528,8.828316304425922
19839,314,2013-12-25T22:46:31.5Z,noon,44.900644,-161.843733,42.565727,-163.6479,21.5752667,-158.2733528,297.33664196609624
19839,315,2013-12-26T10:54:49Z,midnight,47.390821,-164.033262,44.900644,-161.843733,21.5752667,-158.2733528,324.19519221927305
19839,316,2013-12-26T23:02:07.5Z,noon,45.241673,-165.860345,47.390821,-164.033262,21.5752667,-158.2733528,277.105702673591
19839,317,2013-12-27T11:05:24Z,midnight,46.27701,-166.795156,45.241673,-165.860345,21.5752667,-158.2733528,136.05940461389525
19839,318,2013-12-27T23:09:36.5Z,noon,45.003133,-167.847239,46.27701,-166.795156,21.5752667,-158.2733528,163.5638304757214
19839,319,2013-12-28T10:55:53Z,midnight,40.45156,-164.531389,45.003133,-167.847239,21.5752667,-158.2733528,573.8997522133069
19839,320,2013-12-28T22:55:03Z,noon,40.752568,-164.323056,40.45156,-164.531389,21.5752667,-158.2733528,37.810426461567744
19839,321,2013-12-29T10:55:01.5Z,midnight,40.814769,-164.431437,40.752568,-164.323056,21.5752667,-158.2733528,11.450093126707497
19839,322,2013-12-29T22:39:13.5Z,noon,45.814769,-160.481437,40.814769,-164.431437,21.5752667,-158.2733528,641.0764003792469
19839,323,2013-12-30T10:46:23Z,midnight,48.161566,-162.384777,45.814769,-160.481437,21.5752667,-158.2733528,298.20293300990824
19839,324,2013-12-30T22:49:28.5Z,noon,47.293406,-163.157694,48.161566,-162.384777,21.5752667,-158.2733528,112.52028040640536
19839,325,2013-12-31T10:45:30.5Z,midnight,46.228929,-162.278802,47.293406,-163.157694,21.5752667,-158.2733528,135.9836441041682
19839,326,2013-12-31T22:52:43Z,noon,43.974087,-164.080885,46.228929,-162.278802,21.5752667,-158.2733528,287.85108264823026
19839,327,2014-01-01T10:52:30Z,midnight,44.011488,-164.026718,43.974087,-164.080885,21.5752667,-158.2733528,6.0060025686899925
19839,328,2014-01-01T22:58:30Z,noon,41.978531,-165.526718,44.011488,-164.026718,21.5752667,-158.2733528,256.86023447452635
19839,329,2014-01-02T10:58:00Z,midnight,41.921353,-165.513407,41.978531,-165.526718,21.5752667,-158.2733528,6.452496320973755
19839,330,2014-01-02T22:46:30Z,noon,45.721073,-162.638407,41.921353,-165.513407,21.5752667,-158.2733528,481.28682089487967
19839,331,2014-01-03T10:50:30Z,midnight,47.059639,-163.748906,45.721073,-162.638407,21.5752667,-158.2733528,171.48279481716364
19839,332,2014-01-03T22:59:00Z,noon,44.427135,-165.873906,47.059639,-163.748906,21.5752667,-158.2733528,335.940637128723
19839,333,2014-01-04T11:01:30Z,midnight,45.374036,-166.608113,44.427135,-165.873906,21.5752667,-158.2733528,120.12451531979951
19839,334,2014-01-04T23:05:30Z,noon,44.078612,-167.608113,45.374036,-166.608113,21.5752667,-158.2733528,164.28306933173081
19839,335,2014-01-05T10:58:30Z,midnight,41.813841,-165.965928,44.078612,-167.608113,21.5752667,-158.2733528,285.0894296886306
19839,336,2014-01-05T22:45:30Z,noon,46.156297,-162.715928,41.813841,-165.965928,21.5752667,-158.2733528,548.300301866452
19839,337,2014-01-06T10:56:00Z,midnight,49.371257,-165.447252,46.156297,-162.715928,21.5752667,-158.2733528,411.6057527716779
19839,338,2014-01-06T22:58:00Z,noon,48.82081,-165.947252,49.371257,-165.447252,21.5752667,-158.2733528,71.21476495707027
19839,339,2014-01-07T10:45:30Z,midnight,45.241623,-162.926987,48.82081,-165.947252,21.5752667,-158.2733528,459.03163502081634
19839,340,2014-01-07T22:47:00Z,noon,44.750674,-163.301987,45.241623,-162.926987,21.5752667,-158.2733528,62.04547650087244
19839,341,2014-01-08T10:56:00Z,midnight,47.761474,-165.655038,44.750674,-163.301987,21.5752667,-158.2733528,380.4946617451739
19839,342,2014-01-08T22:49:00Z,noon,49.747033,-163.905038,47.761474,-165.655038,21.5752667,-158.2733528,255.33438323129172
19839,343,2014-01-09T10:44:30Z,midnight,48.69751,-162.881313,49.747033,-163.905038,21.5752667,-158.2733528,138.36884203687384
19839,344,2014-01-09T22:55:30Z,noon,45.316024,-165.631313,48.69751,-162.881313,21.5752667,-158.2733528,429.88214518396774
19839,345,2014-01-10T10:57:30Z,midnight,46.185203,-166.230719,45.316024,-165.631313,21.5752667,-158.2733528,107.25526007981038
19839,346,2014-01-10T23:05:00Z,noon,43.664484,-168.105719,46.185203,-166.230719,21.5752667,-158.2733528,316.76382584924846
19839,347,2014-01-11T11:00:00Z,midnight,42.080135,-166.953168,43.664484,-168.105719,21.5752667,-158.2733528,199.63929204565554
19839,348,2014-01-11T22:59:30Z,noon,42.266655,-166.828168,42.080135,-166.953168,21.5752667,-158.2733528,23.157333117570847
19839,349,2014-01-12T11:40:00Z,midnight,47.266655,-177.048572,42.266655,-166.828168,21.5752667,-158.2733528,978.5933769535072
19839,350,2014-01-12T23:40:50Z,noon,52.266655,-177.256905,47.266655,-177.048572,21.5752667,-158.2733528,556.1752753052115
19839,351,2014-01-13T11:05:25.5Z,midnight,47.266655,-168.498097,52.266655,-177.256905,21.5752667,-158.2733528,838.4983816988004
19839,352,2014-01-13T23:06:20.5Z,noon,43.985286,-168.727264,47.266655,-168.498097,21.5752667,-158.2733528,365.30602564323766
19839,353,2014-01-14T11:10:28Z,midnight,45.696507,-169.849578,43.985286,-168.727264,21.5752667,-158.2733528,209.8426087056227
19839,354,2014-01-14T23:17:29.5Z,noon,43.197317,-171.605828,45.696507,-169.849578,21.5752667,-158.2733528,310.88680131175903
19839,355,2014-01-15T11:33:27Z,midnight,48.197317,-175.684186,43.197317,-171.605828,21.5752667,-158.2733528,639.6459268402648
19839,356,2014-01-15T23:38:11Z,noon,47.373965,-176.867519,48.197317,-175.684186,21.5752667,-158.2733528,127.26898701432145
19839,357,2014-01-16T11:20:09Z,midnight,42.373965,-172.445592,47.373965,-176.867519,21.5752667,-158.2733528,655.8854184633791
19839,358,2014-01-16T22:39:53.5Z,noon,47.373965,-162.381009,42.373965,-172.445592,21.5752667,-158.2733528,967.3142882865104
19839,359,2014-01-17T10:51:43.5Z,midnight,52.373965,-165.423307,47.373965,-162.381009,21.5752667,-158.2733528,597.0552886234899
19839,360,2014-01-17T23:34:26Z,noon,47.373965,-176.10039,52.373965,-165.423307,21.5752667,-158.2733528,944.2541798321637
19839,361,2014-01-18T11:26:54Z,midnight,42.499237,-174.298508,47.373965,-176.10039,21.5752667,-158.2733528,560.2500253668865
19839,362,2014-01-18T23:14:36.5Z,noon,47.027094,-171.225591,42.499237,-174.298508,21.5752667,-158.2733528,558.7649909302065
19839,363,2014-01-19T11:08:25Z,midnight,45.177636,-169.756544,47.027094,-171.225591,21.5752667,-158.2733528,234.76674053617813
19839,364,2014-01-19T23:10:51Z,noon,44.265933,-170.364878,45.177636,-169.756544,21.5752667,-158.2733528,112.19221106735388
19839,365,2014-01-20T11:11:52Z,midnight,45.005403,-170.695267,44.265933,-170.364878,21.5752667,-158.2733528,86.28076646755066
19839,366,2014-01-20T23:06:38.5Z,noon,46.903427,-169.389017,45.005403,-170.695267,21.5752667,-158.2733528,233.95598378481523
19839,367,2014-01-21T11:03:12.5Z,midnight,46.042175,-168.604195,46.903427,-169.389017,21.5752667,-158.2733528,113.06263578235476
19839,368,2014-01-21T22:48:44Z,noon,50.868888,-164.985445,46.042175,-168.604195,21.5752667,-158.2733528,599.210274370085
19839,369,2014-01-22T10:45:14Z,midnight,50.173495,-164.181188,50.868888,-164.985445,21.5752667,-158.2733528,95.97744700216768
19839,370,2014-01-22T22:39:41Z,noon,51.860833,-162.793688,50.173495,-164.181188,21.5752667,-158.2733528,211.23122021126
19839,371,2014-01-23T10:37:42Z,midnight,51.671209,-162.365771,51.860833,-162.793688,21.5752667,-158.2733528,36.21780186063177
19839,372,2014-01-23T22:53:51Z,noon,46.671209,-166.403271,51.671209,-162.365771,21.5752667,-158.2733528,628.4655759079855
19839,373,2014-01-24T10:57:44.5Z,midnight,48.07585,-167.441225,46.671209,-166.403271,21.5752667,-158.2733528,174.65009462233695
19839,374,2014-01-24T22:57:35.5Z,noon,48.129256,-167.403725,48.07585,-167.441225,21.5752667,-158.2733528,6.558923275400502
19839,375,2014-01-25T10:54:51Z,midnight,47.569647,-166.780416,48.129256,-167.403725,21.5752667,-158.2733528,77.68714494731927
19839,376,2014-01-25T22:57:05Z,noon,46.730525,-167.338749,47.569647,-166.780416,21.5752667,-158.2733528,102.41373792532744
19839,377,2014-01-26T10:58:13.5Z,midnight,47.61404,-167.683297,46.730525,-167.338749,21.5752667,-158.2733528,101.63568620628142
19839,378,2014-01-26T22:55:25Z,noon,48.647692,-166.981214,47.61404,-167.683297,21.5752667,-158.2733528,126.19450850030184
19839,379,2014-01-27T10:43:03Z,midnight,44.228215,-163.945659,48.647692,-166.981214,21.5752667,-158.2733528,543.5829085856673
19839,380,2014-01-27T22:40:53Z,noon,45.149565,-163.403992,44.228215,-163.945659,21.5752667,-158.2733528,111.03732879582253
19839,381,2014-01-28T10:38:30Z,midnight,44.616909,-162.861211,45.149565,-163.403992,21.5752667,-158.2733528,73.05291917054187
19839,382,2014-01-28T22:37:29Z,noon,45.055053,-162.607044,44.616909,-162.861211,21.5752667,-158.2733528,52.68045185709372
19839,383,2014-01-29T10:45:29.5Z,midnight,48.789001,-164.659084,45.055053,-162.607044,21.5752667,-158.2733528,443.4358000852664
19839,384,2014-01-29T22:46:54Z,noon,48.248701,-165.011167,48.789001,-164.659084,21.5752667,-158.2733528,65.43603419245605
19839,385,2014-01-30T10:41:00Z,midnight,46.37733,-163.582994,48.248701,-165.011167,21.5752667,-158.2733528,234.28148610681367
19839,386,2014-01-30T22:42:25.5Z,noon,45.765851,-163.939244,46.37733,-163.582994,21.5752667,-158.2733528,73.33707521434677
19839,387,2014-01-31T10:50:36Z,midnight,49.639888,-166.026663,45.765851,-163.939244,21.5752667,-158.2733528,458.1713732422732
19839,388,2014-01-31T22:50:10.5Z,noon,49.801724,-165.920413,49.639888,-166.026663,21.5752667,-158.2733528,19.549276940110378
19839,389,2014-02-01T10:55:30Z,midnight,52.295957,-167.292146,49.801724,-165.920413,21.5752667,-158.2733528,293.4401988671693
19839,390,2014-02-01T22:48:00Z,noon,54.754725,-165.417146,52.295957,-167.292146,21.5752667,-158.2733528,300.1567375293066
19839,391,2014-02-02T10:44:30Z,midnight,54.212756,-164.579422,54.754725,-165.417146,21.5752667,-158.2733528,80.99355203379338
19839,392,2014-02-02T23:07:30Z,noon,49.212756,-170.329422,54.212756,-164.579422,21.5752667,-158.2733528,682.1932696026963
19839,393,2014-02-03T11:05:30Z,midnight,44.790645,-169.863471,49.212756,-170.329422,21.5752667,-158.2733528,492.9814068413347
19839,394,2014-02-03T23:09:00Z,noon,43.031859,-170.738471,44.790645,-169.863471,21.5752667,-158.2733528,207.74605320142453
19839,395,2014-02-04T11:09:00Z,midnight,43.649497,-170.769279,43.031859,-170.738471,21.5752667,-158.2733528,68.72338727123241
19839,396,2014-02-04T23:01:00Z,noon,47.536602,-168.769279,43.649497,-170.769279,21.5752667,-158.2733528,459.3438458462506
19839,397,2014-02-05T11:00:00Z,midnight,47.727995,-168.546833,47.536602,-168.769279,21.5752667,-158.2733528,27.03252537434851
19839,398,2014-02-05T22:47:00Z,noon,52.727995,-165.296833,47.727995,-168.546833,21.5752667,-158.2733528,601.9692518284774
19839,399,2014-02-06T10:41:30Z,midnight,51.649013,-163.946125,52.727995,-165.296833,21.5752667,-158.2733528,151.23185831795868
19839,400,2014-02-06T22:51:00Z,noon,47.461083,-166.321125,51.649013,-163.946125,21.5752667,-158.2733528,496.1201296223462
19839,401,2014-02-07T10:41:00Z,midnight,42.922077,-163.842151,47.461083,-166.321125,21.5752667,-158.2733528,540.7320440228553
19839,402,2014-02-07T21:57:30Z,noon,47.922077,-152.967151,42.922077,-163.842151,21.5752667,-158.2733528,1013.1654269457227
19839,403,2014-02-08T09:57:00Z,midnight,52.922077,-152.85991,47.922077,-152.967151,21.5752667,-158.2733528,556.0263640562879
19839,404,2014-02-08T22:30:30Z,noon,48.645372,-161.23491,52.922077,-152.85991,21.5752667,-158.2733528,756.0154038300882
19839,405,2014-02-09T10:13:00Z,midnight,43.645372,-156.874403,48.645372,-161.23491,21.5752667,-158.2733528,649.3259516637166
19839,406,2014-02-09T22:02:00Z,noon,46.061802,-154.124403,43.645372,-156.874403,21.5752667,-158.2733528,345.1901322115375
19839,407,2014-02-10T10:05:00Z,midnight,48.43492,-154.885638,46.061802,-154.124403,21.5752667,-158.2733528,270.0580706987146
19839,408,2014-02-10T21:59:00Z,noon,51.356649,-153.385638,48.43492,-154.885638,21.5752667,-158.2733528,342.16773674515696
19839,409,2014-02-11T09:53:00Z,midnight,49.248457,-151.893624,51.356649,-153.385638,21.5752667,-158.2733528,257.2451396431968
19839,410,2014-02-11T21:51:30Z,noon,50.010223,-151.518624,49.248457,-151.893624,21.5752667,-158.2733528,88.90607137221868
19839,411,2014-02-12T09:37:30Z,midnight,45.010223,-148.023374,50.010223,-151.518624,21.5752667,-158.2733528,614.66461216563
19839,412,2014-02-12T21:20:16.5Z,noon,50.010223,-143.717124,45.010223,-148.023374,21.5752667,-158.2733528,642.9505319096089
19839,413,2014-02-13T09:14:36.5Z,midnight,50.484066,-142.301988,50.010223,-143.717124,21.5752667,-158.2733528,113.5826336018709
19839,414,2014-02-13T21:15:31Z,noon,50.003748,-142.529072,50.484066,-142.301988,21.5752667,-158.2733528,55.79669975379012
19839,415,2014-02-14T09:15:42Z,midnight,51.016788,-142.573238,50.003748,-142.529072,21.5752667,-158.2733528,112.68818895745322
19839,416,2014-02-14T21:11:08.5Z,noon,53.320179,-141.433654,51.016788,-142.573238,21.5752667,-158.2733528,267.6483819575989
19839,417,2014-02-15T09:13:17.5Z,midnight,55.263815,-141.966312,53.320179,-141.433654,21.5752667,-158.2733528,218.86791174951614
19839,418,2014-02-15T21:25:17Z,noon,50.263815,-144.964229,55.263815,-141.966312,21.5752667,-158.2733528,591.2951157576861
19839,419,2014-02-16T09:21:32.5Z,midnight,47.684669,-144.020822,50.263815,-144.964229,21.5752667,-158.2733528,294.93160886903576
19839,420,2014-02-16T21:06:23.5Z,noon,52.684669,-140.233322,47.684669,-144.020822,21.5752667,-158.2733528,617.7120603529906
19839,421,2014-02-17T09:02:21.5Z,midnight,55.054765,-139.213882,52.684669,-140.233322,21.5752667,-158.2733528,271.8781025791478
19839,422,2014-02-17T21:06:23.5Z,noon,52.948909,-140.222215,55.054765,-139.213882,21.5752667,-158.2733528,243.25022330955227
19839,423,2014-02-18T09:00:00Z,midnight,50.262899,-138.610109,52.948909,-140.222215,21.5752667,-158.2733528,318.7243375122321
19839,424,2014-02-18T20:57:13Z,noon,51.974354,-137.914276,50.262899,-138.610109,21.5752667,-158.2733528,196.40232142796057
19839,425,2014-02-19T08:53:43Z,midnight,50.945926,-137.02204,51.974354,-137.914276,21.5752667,-158.2733528,129.99133849994996
19839,426,2014-02-19T21:00:32Z,noon,46.144047,-138.726207,50.945926,-137.02204,21.5752667,-158.2733528,548.4428883591705
19839,427,2014-02-20T09:08:33Z,midnight,51.144047,-140.710132,46.144047,-138.726207,21.5752667,-158.2733528,574.7058159253571
19839,428,2014-02-20T21:17:01Z,noon,46.990995,-142.826799,51.144047,-140.710132,21.5752667,-158.2733528,486.80852707326176
19839,429,2014-02-21T09:16:00Z,midnight,47.446113,-142.54943,46.990995,-142.826799,21.5752667,-158.2733528,54.770959848312
19839,430,2014-02-21T21:15:12Z,noon,48.080406,-142.34943,47.446113,-142.54943,21.5752667,-158.2733528,72.0969086634834
19839,431,2014-02-22T09:26:11Z,midnight,53.080406,-145.069146,48.080406,-142.34943,21.5752667,-158.2733528,588.0930440130302
19839,432,2014-02-22T21:22:19Z,noon,58.080406,-144.102479,53.080406,-145.069146,21.5752667,-158.2733528,559.2690926727261
19839,433,2014-02-23T09:30:37Z,midnight,63.080406,-146.148497,58.080406,-144.102479,21.5752667,-158.2733528,567.0207221673222
19839,434,2014-02-23T21:39:11Z,noon,60.104513,-148.290164,63.080406,-146.148497,21.5752667,-158.2733528,349.71340335099774
19839,435,2014-02-24T09:43:01.5Z,midnight,63.278184,-149.218787,60.104513,-148.290164,21.5752667,-158.2733528,356.2673997726101
19839,436,2014-02-24T21:52:44Z,noon,58.278184,-151.64587,63.278184,-149.218787,21.5752667,-158.2733528,571.2687236041705
19839,437,2014-02-25T09:45:12Z,midnight,54.768744,-149.727987,58.278184,-151.64587,21.5752667,-158.2733528,407.5334034379113
19839,438,2014-02-25T21:35:31Z,noon,59.768744,-147.307154,54.768744,-149.727987,21.5752667,-158.2733528,574.611693968627
19839,439,2014-02-26T09:40:19Z,midnight,64.768744,-148.469907,59.768744,-147.307154,21.5752667,-158.2733528,559.1958721436268
19839,440,2014-02-26T21:54:55Z,noon,59.768744,-152.119907,64.768744,-148.469907,21.5752667,-158.2733528,586.9387070662902
19839,441,2014-02-27T09:43:11.5Z,midnight,54.768744,-149.148774,59.768744,-152.119907,21.5752667,-158.2733528,583.8195572765627
19839,442,2014-02-27T21:40:49Z,noon,49.925342,-148.555024,54.768744,-149.148774,21.5752667,-158.2733528,540.0643398031721
19839,443,2014-02-28T09:54:39Z,midnight,54.925342,-151.970904,49.925342,-148.555024,21.5752667,-158.2733528,602.1110882623988
19839,444,2014-02-28T22:00:00Z,noon,59.291077,-153.308404,54.925342,-151.970904,21.5752667,-158.2733528,492.0937814104499
19839,445,2014-03-01T10:03:00Z,midnight,63.290768,-154.013446,59.291077,-153.308404,21.5752667,-158.2733528,446.3297815235784
19839,446,2014-03-01T22:13:30Z,noon,58.290768,-156.638446,63.290768,-154.013446,21.5752667,-158.2733528,573.8100278004953
19839,447,2014-03-02T10:09:00Z,midnight,53.290768,-155.466054,58.290768,-156.638446,21.5752667,-158.2733528,560.7619391504668
19839,448,2014-03-02T22:04:00Z,noon,57.628989,-154.216054,53.290768,-155.466054,21.5752667,-158.2733528,488.7606424412305
19839,449,2014-03-03T10:01:30Z,midnight,57.55846,-153.541298,57.628989,-154.216054,21.5752667,-158.2733528,40.96719676602257
19839,450,2014-03-04T10:10:30Z,midnight,58.054934,-155.739254,57.55846,-153.541298,21.5752667,-158.2733528,141.42242486571845
19839,451,2014-03-04T22:07:30Z,noon,61.209412,-154.989254,58.054934,-155.739254,21.5752667,-158.2733528,353.2804751029463
19839,452,2014-03-05T10:02:30Z,midnight,58.666296,-153.684999,61.209412,-154.989254,21.5752667,-158.2733528,291.9496139978549
19839,453,2014-03-05T21:59:00Z,noon,62.604036,-152.809999,58.666296,-153.684999,21.5752667,-158.2733528,440.43772383681676
19839,454,2014-03-06T09:58:00Z,midnight,64.793205,-152.50361,62.604036,-152.809999,21.5752667,-158.2733528,243.8913520573263
19839,455,2014-03-06T21:57:00Z,noon,65.785785,-152.25361,64.793205,-152.50361,21.5752667,-158.2733528,110.97971780914357
19839,456,2014-03-07T09:56:00Z,midnight,68.355169,-151.945169,65.785785,-152.25361,21.5752667,-158.2733528,286.0138322178298
19839,457,2014-03-08T10:13:00Z,midnight,70.0,-156.134759,68.355169,-151.945169,21.5752667,-158.2733528,246.62382398511426
19839,458,2014-03-08T22:14:00Z,noon,70.0,-156.384759,70.0,-156.134759,21.5752667,-158.2733528,9.507719527052197
19839,459,2014-03-10T10:09:00Z,midnight,70.0,-155.008372,70.0,-156.384759,21.5752667,-158.2733528,52.3441314851687
19839,460,2014-03-10T22:06:30Z,noon,70.0,-154.383372,70.0,-155.008372,21.5752667,-158.2733528,23.769211405608058
19839,461,2014-03-12T09:54:30Z,midnight,70.0,-151.250149,70.0,-154.383372,21.5752667,-158.2733528,119.14619474699985
19839,462,2014-03-12T21:52:21Z,noon,70.0,-150.712649,70.0,-151.250149,21.5752667,-158.2733528,20.44154511286844
19839,463,2014-03-13T09:38:51Z,midnight,70.0,-147.268699,70.0,-150.712649,21.5752667,-158.2733528,130.95912342255423
19839,464,2014-03-14T21:46:53.5Z,noon,70.0,-149.208729,70.0,-147.268699,21.5752667,-158.2733528,73.77798386706772
19839,465,2014-03-19T09:27:43.5Z,midnight,70.0,-144.046916,70.0,-149.208729,21.5752667,-158.2733528,196.24979649433592
19839,466,2014-03-21T09:16:29Z,midnight,70.0,-141.081749,70.0,-144.046916,21.5752667,-158.2733528,112.75687153973197
19839,467,2014-03-22T09:08:55Z,midnight,65.0,-139.111667,70.0,-141.081749,21.5752667,-158.2733528,562.1854580140234
19839,468,2014-03-22T21:18:30Z,noon,60.0,-141.5075,65.0,-139.111667,21.5752667,-158.2733528,569.3171459017907
19839,469,2014-03-24T09:34:13Z,midnight,55.0,-145.278253,60.0,-141.5075,21.5752667,-158.2733528,599.6474514282825
19839,470,2014-03-26T09:18:20.5Z,midnight,50.0,-141.149643,55.0,-145.278253,21.5752667,-158.2733528,622.0032434544668
19839,471,2014-03-29T21:57:23Z,noon,45.0,-150.669298,50.0,-141.149643,21.5752667,-158.2733528,904.657399313852
19839,472,2014-03-30T09:47:38Z,midnight,40.0,-148.15168,45.0,-150.669298,21.5752667,-158.2733528,592.9668266578602
19839,473,2014-03-30T21:39:49.5Z,noon,35.0,-146.199596,40.0,-148.15168,21.5752667,-158.2733528,581.9878026479387
19839,474,2014-03-31T09:35:06Z,midnight,30.0,-144.938459,35.0,-146.199596,21.5752667,-158.2733528,568.3976137465324
19839,475,2014-04-02T09:29:30Z,midnight,25.0,-143.379763,30.0,-144.938459,21.5752667,-158.2733528,576.8145356575507
19839,476,2014-04-02T21:31:30Z,noon,20.0,-143.879763,25.0,-143.379763,21.5752667,-158.2733528,558.3400875826223
19839,477,2014-04-03T09:28:00Z,midnight,15.0,-142.926145,20.0,-143.879763,21.5752667,-158.2733528,565.0898766232701
19839,478,2014-04-03T21:19:00Z,noon,10.0,-140.676145,15.0,-142.926145,21.5752667,-158.2733528,607.2281333717858
19839,479,2014-04-04T09:08:00Z,midnight,15.0,-137.848139,10.0,-140.676145,21.5752667,-158.2733528,635.0518936123547
19839,480,2014-04-04T21:19:30Z,noon,20.0,-140.723139,15.0,-137.848139,21.5752667,-158.2733528,634.0244194559787
19839,481,2014-04-05T09:21:00Z,midnight,25.0,-141.020837,20.0,-140.723139,21.5752667,-158.2733528,556.8143285150271
19839,482,2014-04-05T21:26:00Z,noon,30.0,-142.270837,25.0,-141.020837,21.5752667,-158.2733528,569.464939653581
19839,483,2014-04-06T09:29:30Z,midnight,33.123856,-143.06933,30.0,-142.270837,21.5752667,-158.2733528,355.49595492859345
19839,484,2014-04-06T21:28:30Z,noon,31.900263,-142.81933,33.123856,-143.06933,21.5752667,-158.2733528,138.06187769622207
19839,485,2014-04-07T09:25:00Z,midnight,34.776163,-141.868708,31.900263,-142.81933,21.5752667,-158.2733528,331.74923143420955
19839,486,2014-04-07T21:38:30Z,noon,39.776163,-145.243708,34.776163,-141.868708,21.5752667,-158.2733528,630.9663277970791
19839,487,2014-04-08T09:38:00Z,midnight,44.776163,-145.044059,39.776163,-145.243708,21.5752667,-158.2733528,556.2166931644708
19839,488,2014-04-08T21:29:00Z,noon,39.776163,-142.794059,44.776163,-145.044059,21.5752667,-158.2733528,585.9168023250033
19839,489,2014-04-09T09:32:30Z,midnight,34.776163,-143.595469,39.776163,-142.794059,21.5752667,-158.2733528,560.4704690269589
19839,490,2014-04-09T21:19:30Z,noon,29.776163,-140.345469,34.776163,-143.595469,21.5752667,-158.2733528,634.2929798938985
19839,491,2014-04-10T09:21:00Z,midnight,24.776163,-140.648022,29.776163,-140.345469,21.5752667,-158.2733528,556.7772242946422
19839,492,2014-04-10T21:24:00Z,noon,19.776163,-141.398022,24.776163,-140.648022,21.5752667,-158.2733528,561.2999502404224
19839,493,2014-04-11T09:08:30Z,midnight,24.776163,-137.451802,19.776163,-141.398022,21.5752667,-158.2733528,688.344688104564
19839,494,2014-04-11T21:19:00Z,noon,29.776163,-140.076802,24.776163,-137.451802,21.5752667,-158.2733528,613.4599116563166
19839,495,2014-04-12T09:28:00Z,midnight,34.776163,-142.25689,29.776163,-140.076802,21.5752667,-158.2733528,592.4993293689666
19839,496,2014-04-12T21:36:24Z,noon,39.776163,-144.35689,34.776163,-142.25689,21.5752667,-158.2733528,586.1496996268264
19839,497,2014-04-13T09:43:16Z,midnight,36.492624,-146.00503,39.776163,-144.35689,21.5752667,-158.2733528,392.5172170371572
19839,498,2014-04-13T21:55:41Z,noon,41.492624,-149.109196,36.492624,-146.00503,21.5752667,-158.2733528,617.2000881972573
19839,499,2014-04-14T10:12:54.5Z,midnight,36.492624,-153.348382,41.492624,-149.109196,21.5752667,-158.2733528,665.623686018099
19839,500,2014-04-14T22:02:46.5Z,noon,31.492624,-150.815049,36.492624,-153.348382,21.5752667,-158.2733528,602.9685546136352
19839,501,2014-04-15T09:45:56Z,midnight,36.200628,-146.539104,31.492624,-150.815049,21.5752667,-158.2733528,655.5654264755319
19839,502,2014-04-15T22:03:35Z,noon,41.200628,-150.951604,36.200628,-146.539104,21.5752667,-158.2733528,674.8551147856112
19839,503,2014-04-16T10:07:20Z,midnight,44.461532,-151.825185,41.200628,-150.951604,21.5752667,-158.2733528,369.52079583364696
19839,504,2014-04-16T21:52:34Z,noon,39.461532,-148.133519,44.461532,-151.825185,21.5752667,-158.2733528,634.0843312696421
19839,505,2014-04-17T09:42:23Z,midnight,40.937018,-145.525444,39.461532,-148.133519,21.5752667,-158.2733528,275.6284688676772
19839,506,2014-04-17T21:37:41.5Z,noon,37.881641,-144.352528,40.937018,-145.525444,21.5752667,-158.2733528,354.3610048203127
19839,507,2014-04-18T09:52:26.5Z,midnight,32.881641,-147.979532,37.881641,-144.352528,21.5752667,-158.2733528,645.790548350431
19839,508,2014-04-18T22:11:49Z,noon,37.881641,-152.823282,32.881641,-147.979532,21.5752667,-158.2733528,708.2337839010335
19839,509,2014-04-19T10:05:44Z,midnight,42.831388,-151.243763,37.881641,-152.823282,21.5752667,-158.2733528,566.3944087196043
19839,510,2014-04-19T21:56:59Z,noon,37.831388,-149.056263,42.831388,-151.243763,21.5752667,-158.2733528,586.019806090359
19839,511,2014-04-20T09:52:22.5Z,midnight,39.726577,-147.847365,37.831388,-149.056263,21.5752667,-158.2733528,235.34589819513408
19839,512,2014-04-20T21:41:36.5Z,noon,34.726577,-145.155698,39.726577,-147.847365,21.5752667,-158.2733528,604.814480998273
19839,513,2014-04-21T09:36:16.5Z,midnight,35.608492,-143.767481,34.726577,-145.155698,21.5752667,-158.2733528,159.80857098379926
19839,514,2014-04-21T21:06:38.5Z,noon,30.608492,-136.359148,35.608492,-143.767481,21.5752667,-158.2733528,885.6349710680876
19839,515,2014-04-22T09:04:07Z,midnight,25.608492,-135.675001,30.608492,-136.359148,21.5752667,-158.2733528,560.0045206663092
19839,516,2014-04-22T21:30:46Z,noon,30.608492,-142.337501,25.608492,-135.675001,21.5752667,-158.2733528,857.6172470791532
19839,517,2014-04-23T09:31:50Z,midnight,33.241649,-142.55331,30.608492,-142.337501,21.5752667,-158.2733528,293.5009563614875
19839,518,2014-04-23T21:40:58Z,noon,38.241649,-144.836644,33.241649,-142.55331,21.5752667,-158.2733528,592.8781220536562
19839,519,2014-04-24T09:39:40.5Z,midnight,38.909802,-144.464961,38.241649,-144.836644,21.5752667,-158.2733528,81.01677904308352
19839,520,2014-04-24T21:28:41.5Z,noon,33.909802,-141.719128,38.909802,-144.464961,21.5752667,-158.2733528,607.7678904117662
19839,521,2014-04-25T09:26:55Z,midnight,32.786632,-141.22875,33.909802,-141.719128,21.5752667,-158.2733528,132.9371913647185
19839,522,2014-04-25T21:26:07.5Z,noon,32.271667,-141.030833,32.786632,-141.22875,21.5752667,-158.2733528,60.19264445686509
19839,523,2014-04-26T09:22:15Z,midnight,34.115567,-140.017639,32.271667,-141.030833,21.5752667,-158.2733528,225.66536506525924
19839,524,2014-04-26T21:25:09Z,noon,35.83303,-140.742639,34.115567,-140.017639,21.5752667,-158.2733528,202.07314180201806
19839,525,2014-04-27T09:29:19.5Z,midnight,32.750082,-141.744169,35.83303,-140.742639,21.5752667,-158.2733528,354.93366589847113
19839,526,2014-04-27T21:33:42.5Z,noon,35.35645,-142.840002,32.750082,-141.744169,21.5752667,-158.2733528,306.8883674145691
19839,527,2014-04-28T09:38:08.5Z,midnight,32.158012,-143.908378,35.35645,-142.840002,21.5752667,-158.2733528,369.1018777838627
19839,528,2014-04-28T21:43:40.5Z,noon,35.400677,-145.291711,32.158012,-143.908378,21.5752667,-158.2733528,382.5506697751269
19839,529,2014-04-29T09:56:10.5Z,midnight,30.400677,-148.379051,35.400677,-145.291711,21.5752667,-158.2733528,626.1494237944122
19839,530,2014-04-29T21:57:15Z,noon,27.849803,-148.647801,30.400677,-148.379051,21.5752667,-158.2733528,284.84261771775743
19839,531,2014-04-30T09:52:06Z,midnight,30.643392,-147.324972,27.849803,-148.647801,21.5752667,-158.2733528,336.0919593268437
19839,532,2014-04-30T21:52:36Z,noon,30.948305,-147.449972,30.643392,-147.324972,21.5752667,-158.2733528,35.94558789610496
19839,533,2014-05-01T10:03:00Z,midnight,25.948305,-150.017001,30.948305,-147.449972,21.5752667,-158.2733528,609.9324382537037
19839,534,2014-05-01T22:07:30Z,noon,26.722474,-151.142001,25.948305,-150.017001,21.5752667,-158.2733528,141.3466673987607
19839,535,2014-05-02T10:11:00Z,midnight,23.924813,-151.986414,26.722474,-151.142001,21.5752667,-158.2733528,322.4517294090433
19839,536,2014-05-02T22:25:00Z,noon,28.924813,-155.486414,23.924813,-151.986414,21.5752667,-158.2733528,656.0734318333158
19839,537,2014-05-03T10:30:00Z,midnight,29.256377,-156.708233,28.924813,-155.486414,21.5752667,-158.2733528,124.31365037238216
19839,538,2014-05-03T22:34:30Z,noon,31.857271,-157.833233,29.256377,-156.708233,21.5752667,-158.2733528,308.60989042423546
19839,539,2014-05-04T10:33:30Z,midnight,31.941786,-157.557478,31.857271,-157.833233,21.5752667,-158.2733528,27.67613338233341
19839,540,2014-05-04T22:41:00Z,noon,35.82335,-159.432478,31.941786,-157.557478,21.5752667,-158.2733528,464.99249311627534
19839,541,2014-05-05T10:30:00Z,midnight,40.291643,-156.659163,35.82335,-159.432478,21.5752667,-158.2733528,552.9297440529045
19839,542,2014-05-05T22:35:30Z,noon,42.474437,-158.034163,40.291643,-156.659163,21.5752667,-158.2733528,268.44964475720576
19839,543,2014-05-06T10:33:00Z,midnight,42.936697,-157.388302,42.474437,-158.034163,21.5752667,-158.2733528,73.66893648720483
19839,544,2014-05-06T22:34:00Z,noon,43.301175,-157.638302,42.936697,-157.388302,21.5752667,-158.2733528,45.32393440532684
19839,545,2014-05-07T10:23:30Z,midnight,46.370654,-154.994902,43.301175,-157.638302,21.5752667,-158.2733528,399.86677271122363
19839,546,2014-05-07T22:15:00Z,noon,43.555553,-152.869902,46.370654,-154.994902,21.5752667,-158.2733528,354.8419620748916
19839,547,2014-05-08T09:48:00Z,midnight,48.555553,-146.103969,43.555553,-152.869902,21.5752667,-158.2733528,762.0972410568074
19839,548,2014-05-08T21:36:00Z,noon,47.867785,-143.103969,48.555553,-146.103969,21.5752667,-158.2733528,235.0624262215164
19839,549,2014-05-09T09:42:00Z,midnight,45.652363,-144.590506,47.867785,-143.103969,21.5752667,-158.2733528,271.1093806590329
19839,550,2014-05-09T21:45:30Z,noon,46.713369,-145.465506,45.652363,-144.590506,21.5752667,-158.2733528,135.85344956572246
19839,551,2014-05-10T09:33:30Z,midnight,49.580808,-142.454511,46.713369,-145.465506,21.5752667,-158.2733528,389.24214517547557
19839,552,2014-05-10T21:16:30Z,noon,44.761806,-138.204511,49.580808,-142.454511,21.5752667,-158.2733528,624.5355935439092
19839,553,2014-05-11T09:17:30Z,midnight,44.033635,-138.445979,44.761806,-138.204511,21.5752667,-158.2733528,83.210492106004
19839,554,2014-05-11T21:30:00Z,noon,47.738192,-141.570979,44.033635,-138.445979,21.5752667,-158.2733528,477.59568749822984
19839,555,2014-05-12T09:56:00Z,midnight,42.738192,-148.064903,47.738192,-141.570979,21.5752667,-158.2733528,752.8902692905542
19839,556,2014-05-12T22:21:47Z,noon,47.287197,-154.510737,42.738192,-148.064903,21.5752667,-158.2733528,715.4941601638293
19839,557,2014-05-13T10:37:47Z,midnight,42.287197,-158.507105,47.287197,-154.510737,21.5752667,-158.2733528,638.9885122910155
19839,558,2014-05-13T22:32:15Z,noon,40.07792,-157.123772,42.287197,-158.507105,21.5752667,-158.2733528,271.5608081491594
19839,559,2014-05-14T10:50:20.5Z,midnight,35.07792,-161.645487,40.07792,-157.123772,21.5752667,-158.2733528,683.7978378527645
19839,560,2014-05-14T22:54:49.5Z,noon,34.278188,-162.76632,35.07792,-161.645487,21.5752667,-158.2733528,135.69043681841828
19839,561,2014-05-15T10:52:44Z,midnight,34.82553,-162.244613,34.278188,-162.76632,21.5752667,-158.2733528,77.3750879544564
19839,562,2014-05-15T22:48:32Z,noon,33.003392,-161.194613,34.82553,-162.244613,21.5752667,-158.2733528,224.58365458591305
19839,563,2014-05-16T10:57:08.5Z,midnight,28.639641,-163.350298,33.003392,-161.194613,21.5752667,-158.2733528,527.0434371544064
19839,564,2014-05-16T22:57:30.5Z,noon,28.820119,-163.441964,28.639641,-163.350298,21.5752667,-158.2733528,21.968663656146507
19839,565,2014-05-17T10:59:06Z,midnight,27.732644,-163.845848,28.820119,-163.441964,21.5752667,-158.2733528,127.22515950135411
19839,566,2014-05-17T23:08:35Z,noon,32.194862,-166.216682,27.732644,-163.845848,21.5752667,-158.2733528,546.1663236881972
19839,567,2014-05-18T11:18:41.5Z,midnight,27.194862,-168.752071,32.194862,-166.216682,21.5752667,-158.2733528,607.4584617123014
19839,568,2014-05-18T23:13:10.5Z,noon,24.297385,-167.372904,27.194862,-168.752071,21.5752667,-158.2733528,350.5373998269106
19839,569,2014-05-19T11:11:52Z,midnight,24.724865,-167.056436,24.297385,-167.372904,21.5752667,-158.2733528,57.311532729319964
19839,570,2014-05-19T23:12:49Z,noon,25.215731,-167.293936,24.724865,-167.056436,21.5752667,-158.2733528,59.601215529825204
19839,571,2014-05-20T10:47:30Z,midnight,30.215731,-160.977658,25.215731,-167.293936,21.5752667,-158.2733528,833.7594460164422
19839,572,2014-05-20T22:36:45Z,noon,31.823659,-158.290158,30.215731,-160.977658,21.5752667,-158.2733528,312.3172295169468
19839,573,2014-05-21T10:47:25Z,midnight,26.823659,-160.971951,31.823659,-158.290158,21.5752667,-158.2733528,613.6915367686802
19839,574,2014-05-21T22:55:25Z,noon,30.378666,-162.971951,26.823659,-160.971951,21.5752667,-158.2733528,440.8634068529693
19839,575,2014-05-22T10:35:54Z,midnight,35.378666,-158.110108,30.378666,-162.971951,21.5752667,-158.2733528,717.5714816019567
19839,576,2014-05-22T22:30:50.5Z,noon,36.001391,-156.845525,35.378666,-158.110108,21.5752667,-158.2733528,133.5556769382267
19839,577,2014-05-23T10:18:15.5Z,midnight,40.078521,-153.71917,36.001391,-156.845525,21.5752667,-158.2733528,529.5246215393288
19839,578,2014-05-23T22:03:12.5Z,noon,35.078521,-149.95667,40.078521,-153.71917,21.5752667,-158.2733528,647.175182365593
19839,579,2014-05-24T10:28:33Z,midnight,30.078521,-156.313675,35.078521,-149.95667,21.5752667,-158.2733528,814.4280434264913
19839,580,2014-05-24T22:25:50.5Z,noon,25.078521,-155.636591,30.078521,-156.313675,21.5752667,-158.2733528,559.9607536497647
19839,581,2014-05-25T10:13:26Z,midnight,27.758195,-152.558156,25.078521,-155.636591,21.5752667,-158.2733528,427.4669360466222
19839,582,2014-05-25T22:16:57Z,noon,29.328074,-153.437323,27.758195,-152.558156,21.5752667,-158.2733528,194.54063876868088
19839,583,2014-05-26T10:07:01Z,midnight,33.206251,-150.979647,29.328074,-153.437323,21.5752667,-158.2733528,490.38760312169546
19839,584,2014-05-26T22:13:17.5Z,noon,35.568371,-152.548397,33.206251,-150.979647,21.5752667,-158.2733528,299.50426597218063
19839,585,2014-05-27T10:13:49.5Z,midnight,35.142009,-152.709343,35.568371,-152.548397,21.5752667,-158.2733528,49.60523991038085
19839,586,2014-05-27T22:21:44Z,noon,37.896361,-154.686426,35.142009,-152.709343,21.5752667,-158.2733528,353.55224785209833
19839,587,2014-05-28T10:24:57Z,midnight,36.580877,-155.520103,37.896361,-154.686426,21.5752667,-158.2733528,163.8362729576347
19839,588,2014-05-28T22:26:37.5Z,noon,37.152636,-155.938853,36.580877,-155.520103,21.5752667,-158.2733528,73.68624438167387
19839,589,2014-05-29T10:40:22.5Z,midnight,32.152636,-159.407703,37.152636,-155.938853,21.5752667,-158.2733528,640.0156791535809
19839,590,2014-05-29T22:41:22Z,noon,32.301474,-159.65562,32.152636,-159.407703,21.5752667,-158.2733528,28.59602434558279
19839,591,2014-05-30T10:42:45.5Z,midnight,31.558316,-160.036663,32.301474,-159.65562,21.5752667,-158.2733528,90.12013516823296
19839,592,2014-05-30T22:46:08.5Z,noon,32.869811,-160.882496,31.558316,-160.036663,21.5752667,-158.2733528,166.12723540257474
19839,593,2014-05-31T10:49:30Z,midnight,31.381059,-161.75692,32.869811,-160.882496,21.5752667,-158.2733528,184.88836841315913
19839,594,2014-05-31T22:57:30Z,noon,34.396765,-163.75692,31.381059,-161.75692,21.5752667,-158.2733528,383.79943373872675
19839,595,2014-06-01T10:59:30Z,midnight,33.484311,-164.293406,34.396765,-163.75692,21.5752667,-158.2733528,112.88648589991516
19839,596,2014-06-01T23:01:30Z,noon,34.212015,-164.793406,33.484311,-164.293406,21.5752667,-158.2733528,93.1642803991714
19839,597,2014-06-02T10:55:00Z,midnight,36.289382,-163.206471,34.212015,-164.793406,21.5752667,-158.2733528,272.24446720135114
19839,598,2014-06-02T22:47:00Z,noon,33.49324,-161.206471,36.289382,-163.206471,21.5752667,-158.2733528,360.45294174917393
19839,599,2014-06-03T10:59:00Z,midnight,28.660903,-164.246042,33.49324,-161.206471,21.5752667,-158.2733528,610.2555026287604
19839,600,2014-06-03T23:03:00Z,noon,30.282919,-165.246042,28.660903,-164.246042,21.5752667,-158.2733528,204.69446543935746
19839,601,2014-06-04T11:05:30Z,midnight,29.129622,-165.912047,30.282919,-165.246042,21.5752667,-158.2733528,143.46757681792062
19839,602,2014-06-04T23:10:00Z,noon,30.916929,-167.037047,29.129622,-165.912047,21.5752667,-158.2733528,226.33229630479025
19839,603,2014-06-05T11:09:00Z,midnight,31.158891,-166.829412,30.916929,-167.037047,21.5752667,-158.2733528,33.394865447604495
19839,604,2014-06-05T23:07:30Z,noon,30.579839,-166.454412,31.158891,-166.829412,21.5752667,-158.2733528,73.666472377904
19839,605,2014-06-06T11:04:00Z,midnight,31.780167,-165.623059,30.579839,-166.454412,21.5752667,-158.2733528,155.14130211719763
19839,606,2014-06-06T23:05:30Z,noon,32.337155,-165.998059,31.780167,-165.623059,21.5752667,-158.2733528,71.30706199825518
19839,607,2014-06-07T11:06:30Z,midnight,31.838479,-166.29291,32.337155,-165.998059,21.5752667,-158.2733528,62.01855745086481
19839,608,2014-06-07T22:57:30Z,noon,28.332174,-164.04291,31.838479,-166.29291,21.5752667,-158.2733528,445.9182489078255
19839,609,2014-06-08T10:53:30Z,midnight,29.814434,-163.088885,28.332174,-164.04291,21.5752667,-158.2733528,189.10548068937126
19839,610,2014-06-08T22:59:30Z,noon,32.087884,-164.588885,29.814434,-163.088885,21.5752667,-158.2733528,290.44971984106627
19839,611,2014-06-09T10:57:00Z,midnight,32.880809,-164.010903,32.087884,-164.588885,21.5752667,-158.2733528,103.50246755220962
19839,612,2014-06-09T23:00:30Z,noon,34.107873,-164.885903,32.880809,-164.010903,21.5752667,-158.2733528,158.74393841793355
19839,613,2014-06-10T11:01:00Z,midnight,33.829646,-165.058879,34.107873,-164.885903,21.5752667,-158.2733528,34.80772062117646
19839,614,2014-06-10T22:43:30Z,noon,28.829646,-160.683879,33.829646,-165.058879,21.5752667,-158.2733528,693.9241763115872
19839,615,2014-06-11T10:38:30Z,midnight,29.124398,-159.482729,28.829646,-160.683879,21.5752667,-158.2733528,121.35077400577815
19839,616,2014-06-11T22:48:30Z,noon,32.858162,-161.982729,29.124398,-159.482729,21.5752667,-158.2733528,478.65965444194615
19839,617,2014-06-12T10:50:30Z,midnight,32.055173,-162.532369,32.858162,-161.982729,21.5752667,-158.2733528,103.1107078284532
19839,618,2014-06-12T23:03:12Z,noon,36.352434,-165.707369,32.055173,-162.532369,21.5752667,-158.2733528,559.8897308848367
19839,619,2014-06-13T11:00:50.5Z,midnight,37.006004,-165.168126,36.352434,-165.707369,21.5752667,-158.2733528,87.1428530152222
19839,620,2014-06-13T22:59:21.5Z,noon,36.545529,-164.797293,37.006004,-165.168126,21.5752667,-158.2733528,60.93071910600975
19839,621,2014-06-14T11:01:53Z,midnight,35.671711,-165.479498,36.545529,-164.797293,21.5752667,-158.2733528,114.87638131783486
19839,622,2014-06-14T22:54:16Z,noon,33.123555,-163.575331,35.671711,-165.479498,21.5752667,-158.2733528,332.8558693227247
19839,623,2014-06-15T10:59:12.5Z,midnight,31.297228,-164.862228,33.123555,-163.575331,21.5752667,-158.2733528,236.42475232990355
19839,624,2014-06-15T23:03:59Z,noon,33.002875,-166.055978,31.297228,-164.862228,21.5752667,-158.2733528,220.4512073273263
19839,625,2014-06-16T11:02:52.5Z,midnight,33.332405,-165.830811,33.002875,-166.055978,21.5752667,-158.2733528,42.212351935965245
19839,626,2014-06-16T23:00:30Z,noon,32.504683,-165.237061,33.332405,-165.830811,21.5752667,-158.2733528,107.4361493352449
19839,627,2014-06-17T10:50:30Z,midnight,35.807862,-162.789322,32.504683,-165.237061,21.5752667,-158.2733528,430.8117875448023
19839,628,2014-06-17T22:49:02Z,noon,35.338426,-162.422656,35.807862,-162.789322,21.5752667,-158.2733528,61.84215136766712
19839,629,2014-06-18T11:11:50.5Z,midnight,30.338426,-168.177255,35.338426,-162.422656,21.5752667,-158.2733528,773.0915416746183
19839,630,2014-06-18T23:17:44Z,noon,29.33732,-169.650172,30.338426,-168.177255,21.5752667,-158.2733528,180.48308578874983
19839,631,2014-06-19T11:03:13Z,midnight,34.33732,-166.073684,29.33732,-169.650172,21.5752667,-158.2733528,650.4515072970644
19839,632,2014-06-19T22:53:41.5Z,noon,31.176915,-163.692434,34.33732,-166.073684,21.5752667,-158.2733528,415.9934890590923
19839,633,2014-06-20T10:57:20.5Z,midnight,29.800816,-164.657685,31.176915,-163.692434,21.5752667,-158.2733528,178.793709068184
19839,634,2014-06-20T22:58:21.5Z,noon,30.183434,-164.911852,29.800816,-164.657685,21.5752667,-158.2733528,49.08402655269498
19839,635,2014-06-21T10:54:25Z,midnight,31.618114,-163.979167,30.183434,-164.911852,21.5752667,-158.2733528,182.6682593205913
19839,636,2014-06-21T22:46:21Z,noon,28.594947,-161.9625,31.618114,-163.979167,21.5752667,-158.2733528,388.09569820110295
19839,637,2014-06-22T10:36:37Z,midnight,32.208447,-159.581786,28.594947,-161.9625,21.5752667,-158.2733528,462.10401040482986
19839,638,2014-06-22T22:49:16Z,noon,36.400833,-162.744286,32.208447,-159.581786,21.5752667,-158.2733528,549.1818243918748
19839,639,2014-06-23T10:57:02.5Z,midnight,33.894033,-164.740452,36.400833,-162.744286,21.5752667,-158.2733528,332.60139450052566
19839,640,2014-06-23T22:46:12.5Z,noon,30.039973,-162.032119,33.894033,-164.740452,21.5752667,-158.2733528,498.87075711250264
19839,641,2014-06-24T10:45:50.5Z,midnight,30.189376,-161.992573,30.039973,-162.032119,21.5752667,-158.2733528,17.04276041360102
19839,642,2014-06-24T22:54:10.5Z,noon,33.181,-164.075906,30.189376,-161.992573,21.5752667,-158.2733528,386.6487388216456
19839,643,2014-06-25T10:50:03.5Z,midnight,34.587841,-163.098474,33.181,-164.075906,21.5752667,-158.2733528,180.58601951418657
19839,644,2014-06-25T22:50:32.5Z,noon,34.74669,-163.219307,34.587841,-163.098474,21.5752667,-158.2733528,20.83522747716307
19839,645,2014-06-26T10:45:11.5Z,midnight,36.482177,-161.933064,34.74669,-163.219307,21.5752667,-158.2733528,225.29213935388057
19839,646,2014-06-26T22:44:25.5Z,noon,36.243603,-161.741397,36.482177,-161.933064,21.5752667,-158.2733528,31.595779758406355
19839,647,2014-06-27T10:48:43Z,midnight,34.909861,-162.865003,36.243603,-161.741397,21.5752667,-158.2733528,179.77583087213773
19839,648,2014-06-27T22:53:49Z,noon,36.533713,-164.140003,34.909861,-162.865003,21.5752667,-158.2733528,214.12395372259448
19839,649,2014-06-28T10:52:43Z,midnight,36.919954,-163.915034,36.533713,-164.140003,21.5752667,-158.2733528,47.39749036832195
19839,650,2014-06-28T22:11:39Z,noon,31.919954,-153.648367,36.919954,-163.915034,21.5752667,-158.2733528,1092.6295532860402
19839,651,2014-06-29T10:20:37.5Z,midnight,26.919954,-155.941401,31.919954,-153.648367,21.5752667,-158.2733528,598.640403775821
19839,652,2014-06-29T22:49:49.5Z,noon,29.833343,-163.241401,26.919954,-155.941401,21.5752667,-158.2733528,783.9954486939449
19839,653,2014-06-30T10:43:07Z,midnight,32.365026,-161.612766,29.833343,-163.241401,21.5752667,-158.2733528,321.38056659601807
19839,654,2014-06-30T22:56:10Z,noon,36.706581,-164.875266,32.365026,-161.612766,21.5752667,-158.2733528,567.6722894914045
19839,655,2014-07-01T11:10:30Z,midnight,31.974847,-168.506125,36.706581,-164.875266,21.5752667,-158.2733528,622.7316703195046
19839,656,2014-07-01T23:01:00Z,noon,28.373079,-166.131125,31.974847,-168.506125,21.5752667,-158.2733528,460.96157759271966
19839,657,2014-07-02T10:51:00Z,midnight,32.233114,-163.677642,28.373079,-166.131125,21.5752667,-158.2733528,489.55176930046923
19839,658,2014-07-02T23:03:00Z,noon,36.286745,-166.677642,32.233114,-163.677642,21.5752667,-158.2733528,528.3005179008202
19839,659,2014-07-03T10:54:00Z,midnight,39.095221,-164.473065,36.286745,-166.677642,21.5752667,-158.2733528,367.6008225097963
19839,660,2014-07-03T22:46:00Z,noon,36.692262,-162.473065,39.095221,-164.473065,21.5752667,-158.2733528,319.656426398195
19839,661,2014-07-04T10:49:30Z,midnight,35.672295,-163.39231,36.692262,-162.473065,21.5752667,-158.2733528,140.24666936476874
19839,662,2014-07-04T22:43:00Z,noon,33.479037,-161.76731,35.672295,-163.39231,21.5752667,-158.2733528,285.6654737701173
19839,663,2014-07-05T10:54:00Z,midnight,29.507368,-164.560296,33.479037,-161.76731,21.5752667,-158.2733528,514.8813341936228
19839,664,2014-07-05T22:55:30Z,noon,30.090959,-164.935296,29.507368,-164.560296,21.5752667,-158.2733528,74.29879214665002
19839,665,2014-07-06T10:50:30Z,midnight,32.083645,-163.726941,30.090959,-164.935296,21.5752667,-158.2733528,249.6666353546504
19839,666,2014-07-06T22:59:30Z,noon,35.235202,-165.976941,32.083645,-163.726941,21.5752667,-158.2733528,407.6081834297766
19839,667,2014-07-07T11:01:30Z,midnight,34.683955,-166.517165,35.235202,-165.976941,21.5752667,-158.2733528,78.6181453478963
19839,668,2014-07-07T22:53:00Z,noon,31.64732,-164.392165,34.683955,-166.517165,21.5752667,-158.2733528,391.29809390519387
19839,669,2014-07-08T10:59:30Z,midnight,29.257345,-166.055892,31.64732,-164.392165,21.5752667,-158.2733528,309.9191557086876
19839,670,2014-07-08T23:09:30Z,noon,33.060503,-168.555892,29.257345,-166.055892,21.5752667,-158.2733528,485.1599334722908
19839,671,2014-07-09T11:02:30Z,midnight,35.633526,-166.843046,33.060503,-168.555892,21.5752667,-158.2733528,326.4573359101453
19839,672,2014-07-09T22:57:30Z,noon,33.91326,-165.593046,35.633526,-166.843046,21.5752667,-158.2733528,222.76092474846652
19855,1,2013-07-10T12:22:00Z,midnight,35.951223,173.246447,21.5752667,-158.2733528,21.5752667,-158.2733528,3185.4645648888713
19855,2,2013-07-11T00:35:30Z,noon,40.130825,169.837658,35.951223,173.246447,21.5752667,-158.2733528,552.2548440054213
19855,3,2013-07-11T12:39:00Z,midnight,39.269674,168.962658,40.130825,169.837658,21.5752667,-158.2733528,121.54268641052167
19855,4,2013-07-12T00:34:00Z,noon,37.734375,170.180657,39.269674,168.962658,21.5752667,-158.2733528,200.93823967585402
19855,5,2013-07-12T12:31:00Z,midnight,38.837421,170.930657,37.734375,170.180657,21.5752667,-158.2733528,139.026640702074
19855,6,2013-07-13T00:34:23.5Z,noon,39.854217,170.052596,38.837421,170.930657,21.5752667,-158.2733528,135.9546621046525
19855,7,2013-07-13T12:47:08.5Z,midnight,35.999689,166.865096,39.854217,170.052596,21.5752667,-158.2733528,511.6376374068727
19855,8,2013-07-14T00:53:26Z,noon,38.063889,165.263955,35.999689,166.865096,21.5752667,-158.2733528,269.9583492042742
19855,9,2013-07-14T12:52:11Z,midnight,38.646362,165.576455,38.063889,165.263955,21.5752667,-158.2733528,70.26655175388778
19855,10,2013-07-15T00:47:00Z,noon,36.978199,166.846047,38.646362,165.576455,21.5752667,-158.2733528,216.4327843230563
19855,11,2013-07-15T12:46:10Z,midnight,37.450306,167.054381,36.978199,166.846047,21.5752667,-158.2733528,55.64322146720232
19855,12,2013-07-16T00:56:23Z,noon,40.619638,164.476016,37.450306,167.054381,21.5752667,-158.2733528,416.8321662705327
19855,13,2013-07-16T13:10:49.5Z,midnight,36.232305,160.8656,40.619638,164.476016,21.5752667,-158.2733528,580.3103483804438
19855,14,2013-07-17T01:01:06.5Z,noon,32.684476,163.27267,36.232305,160.8656,21.5752667,-158.2733528,451.9903122925677
19855,15,2013-07-17T12:58:34Z,midnight,33.859253,163.908087,32.684476,163.27267,21.5752667,-158.2733528,143.36437178215104
19855,16,2013-07-18T00:57:58Z,noon,33.63318,164.038147,33.859253,163.908087,21.5752667,-158.2733528,27.866357922361
19855,17,2013-07-18T13:00:31Z,midnight,32.870579,163.400647,33.63318,164.038147,21.5752667,-158.2733528,103.46314491761801
19855,18,2013-07-19T00:51:55Z,noon,29.34937,165.532916,32.870579,163.400647,21.5752667,-158.2733528,441.00291931347164
19855,19,2013-07-19T12:53:50Z,midnight,28.728695,165.053749,29.34937,165.532916,21.5752667,-158.2733528,83.26538013425423
19855,20,2013-07-20T00:36:02Z,noon,23.728695,169.488277,28.728695,165.053749,21.5752667,-158.2733528,710.3003690215713
19855,21,2013-07-20T12:31:15Z,midnight,22.780828,170.68411,23.728695,169.488277,21.5752667,-158.2733528,161.3477671133929
19855,22,2013-07-21T00:55:23.5Z,noon,27.780828,164.635525,22.780828,170.68411,21.5752667,-158.2733528,823.7157839828515
19855,23,2013-07-21T13:02:08.5Z,midnight,31.071072,162.948025,27.780828,164.635525,21.5752667,-158.2733528,400.6847642088509
19855,24,2013-07-22T00:48:53Z,noon,26.071072,166.25179,31.071072,162.948025,21.5752667,-158.2733528,642.700562671384
19855,25,2013-07-22T12:50:27Z,midnight,24.485307,165.860123,26.071072,166.25179,21.5752667,-158.2733528,180.6727184408797
19855,26,2013-07-23T01:05:48Z,noon,29.485307,162.014194,24.485307,165.860123,21.5752667,-158.2733528,673.913752279475
19855,27,2013-07-23T13:02:38Z,midnight,33.109636,162.805861,29.485307,162.014194,21.5752667,-158.2733528,409.9617127173347
19855,28,2013-07-24T01:04:03Z,noon,33.681629,162.445693,33.109636,162.805861,21.5752667,-158.2733528,71.85593231886213
19855,29,2013-07-24T13:13:46.5Z,midnight,29.815769,160.014443,33.681629,162.445693,21.5752667,-158.2733528,487.42904030792135
19855,30,2013-07-25T01:07:26.5Z,noon,26.858375,161.594238,29.815769,160.014443,21.5752667,-158.2733528,363.3677172323435
19855,31,2013-07-25T12:57:32Z,midnight,31.667647,164.071321,26.858375,161.594238,21.5752667,-158.2733528,586.2133782464781
19855,32,2013-07-26T01:02:35.5Z,noon,33.796051,162.805694,31.667647,164.071321,21.5752667,-158.2733528,264.6181335646997
19855,33,2013-07-26T12:58:32.5Z,midnight,35.706408,163.818194,33.796051,162.805694,21.5752667,-158.2733528,231.68517601455622
19855,34,2013-07-27T00:55:10Z,noon,34.364138,164.663422,35.706408,163.818194,21.5752667,-158.2733528,167.92255844714114
19855,35,2013-07-27T13:12:15Z,midnight,29.364138,160.392589,34.364138,164.663422,21.5752667,-158.2733528,686.6865184366083
19855,36,2013-07-28T01:13:36Z,noon,27.606206,160.059115,29.364138,160.392589,21.5752667,-158.2733528,198.17113601656314
19855,37,2013-07-28T13:01:01Z,midnight,32.606206,163.204949,27.606206,160.059115,21.5752667,-158.2733528,632.8973289291768
19855,38,2013-07-29T00:53:23Z,noon,30.270803,165.119879,32.606206,163.204949,21.5752667,-158.2733528,316.9078947403899
19855,39,2013-07-29T13:03:23Z,midnight,25.596514,162.619879,30.270803,165.119879,21.5752667,-158.2733528,574.8066926561445
19855,40,2013-07-30T01:20:46Z,noon,30.596514,158.283231,25.596514,162.619879,21.5752667,-158.2733528,699.8783243268729
19855,41,2013-07-30T13:25:42.5Z,midnight,32.031474,157.047815,30.596514,158.283231,21.5752667,-158.2733528,198.0693973940138
19855,42,2013-07-31T01:27:10.5Z,noon,32.695475,156.692938,32.031474,157.047815,21.5752667,-158.2733528,81.0081805963093
19855,43,2013-07-31T13:29:58.5Z,midnight,31.750593,155.992938,32.695475,156.692938,21.5752667,-158.2733528,123.99439237682978
19855,44,2013-08-01T01:33:54.5Z,noon,33.541255,155.024012,31.750593,155.992938,21.5752667,-158.2733528,218.80169145495148
19855,45,2013-08-01T13:32:30Z,midnight,34.51586,155.376095,33.541255,155.024012,21.5752667,-158.2733528,113.12369045463203
19855,46,2013-08-02T01:38:00Z,noon,36.836624,154.018128,34.51586,155.376095,21.5752667,-158.2733528,285.7159350232826
19855,47,2013-08-02T13:41:00Z,midnight,35.962338,153.268128,36.836624,154.018128,21.5752667,-158.2733528,118.13791581872982
19855,48,2013-08-03T01:39:30Z,noon,35.319099,153.662791,35.962338,153.268128,21.5752667,-158.2733528,79.92324591581716
19855,49,2013-08-03T13:34:30Z,midnight,37.800632,154.912791,35.319099,153.662791,21.5752667,-158.2733528,297.65529536633284
19855,50,2013-08-04T01:34:00Z,noon,37.596955,155.060087,37.800632,154.912791,21.5752667,-158.2733528,26.093456947346308
19855,51,2013-08-04T13:38:30Z,midnight,36.093483,153.935087,37.596955,155.060087,21.5752667,-158.2733528,194.85517652545806
19855,52,2013-08-05T01:32:30Z,noon,33.367653,155.460014,36.093483,153.935087,21.5752667,-158.2733528,333.58518794574627
19855,53,2013-08-05T13:28:30Z,midnight,35.612998,156.460014,33.367653,155.460014,21.5752667,-158.2733528,265.95586114379637
19855,54,2013-08-06T01:14:30Z,noon,30.612998,159.987568,35.612998,156.460014,21.5752667,-158.2733528,645.6642516896903
19855,55,2013-08-06T13:11:00Z,midnight,30.926743,160.862568,30.612998,159.987568,21.5752667,-158.2733528,90.58610448601684
19855,56,2013-08-07T01:17:30Z,noon,34.173412,159.267741,30.926743,160.862568,21.5752667,-158.2733528,390.7189591432241
19855,57,2013-08-07T13:15:30Z,midnight,35.541368,159.767741,34.173412,159.267741,21.5752667,-158.2733528,158.80334298709673
19855,58,2013-08-08T00:57:00Z,noon,30.541368,164.42552,35.541368,159.767741,21.5752667,-158.2733528,705.1961963661173
19855,59,2013-08-08T12:49:30Z,midnight,30.410309,166.30052,30.541368,164.42552,21.5752667,-158.2733528,180.2739479074076
19855,60,2013-08-09T00:52:30Z,noon,32.018089,165.585891,30.410309,166.30052,21.5752667,-158.2733528,191.25657451917382
19855,61,2013-08-09T12:53:30Z,midnight,31.923962,165.335891,32.018089,165.585891,21.5752667,-158.2733528,25.800421804481516
19855,62,2013-08-10T00:52:30Z,noon,31.384864,165.623836,31.923962,165.335891,21.5752667,-158.2733528,65.84985405618309
19855,63,2013-08-10T12:47:30Z,midnight,34.463573,166.873836,31.384864,165.623836,21.5752667,-158.2733528,361.6611847089198
19855,64,2013-08-11T00:42:00Z,noon,31.55683,168.289332,34.463573,166.873836,21.5752667,-158.2733528,349.11332382237833
19855,65,2013-08-11T12:28:30Z,midnight,36.55683,171.664332,31.55683,168.289332,21.5752667,-158.2733528,636.8844829383826
19855,66,2013-08-12T00:19:30Z,noon,34.425588,173.957354,36.55683,171.664332,21.5752667,-158.2733528,315.0305301613306
19855,67,2013-08-12T12:16:00Z,midnight,36.684084,174.832354,34.425588,173.957354,21.5752667,-158.2733528,263.30868609946396
19855,68,2013-08-12T23:28:15Z,noon,31.684084,-173.230146,36.684084,174.832354,21.5752667,-158.2733528,1229.4912981252892
19855,69,2013-08-14T00:11:11Z,noon,26.684084,176.130028,31.684084,-173.230146,21.5752667,-158.2733528,1172.1636641911548
19855,70,2013-08-14T11:58:37.5Z,midnight,31.684084,179.269612,26.684084,176.130028,21.5752667,-158.2733528,633.9437775765524
19855,71,2013-08-14T23:35:02Z,noon,26.684084,-174.832472,31.684084,179.269612,21.5752667,-158.2733528,797.7901315584093
19855,72,2013-08-15T11:39:48.5Z,midnight,21.684084,-175.975804,26.684084,-174.832472,21.5752667,-158.2733528,567.9297168577177
19855,73,2013-08-15T23:57:29.5Z,noon,26.434617,179.603363,21.684084,-175.975804,21.5752667,-158.2733528,693.0467177478107
19855,74,2013-08-16T11:49:11Z,midnight,31.434617,-178.266743,26.434617,179.603363,21.5752667,-158.2733528,593.3087140766839
19855,75,2013-08-16T23:49:38.5Z,noon,32.60098,-178.381326,31.434617,-178.266743,21.5752667,-158.2733528,130.1427554072345
19855,76,2013-08-17T11:53:28.5Z,midnight,30.753274,-179.284498,32.60098,-178.381326,21.5752667,-158.2733528,222.51986588990027
19855,77,2013-08-17T23:54:00Z,noon,31.091366,-179.415748,30.753274,-179.284498,21.5752667,-158.2733528,39.62405913598727
19855,78,2013-08-19T00:39:41Z,noon,26.091366,169.280615,31.091366,-179.415748,21.5752667,-158.2733528,1234.8054584551812
19855,79,2013-08-19T11:59:28.5Z,midnight,31.091366,179.332699,26.091366,169.280615,21.5752667,-158.2733528,1127.2107802990222
19855,80,2013-08-19T23:54:28Z,noon,28.864079,-179.415218,31.091366,179.332699,21.5752667,-158.2733528,275.4586140307098
19855,81,2013-08-20T12:01:37Z,midnight,23.97645,178.859218,28.864079,-179.415218,21.5752667,-158.2733528,569.9694553787043
19855,82,2013-08-21T00:01:56.5Z,noon,24.239573,178.842058,23.97645,178.859218,21.5752667,-158.2733528,29.309736119539632
19855,83,2013-08-21T12:04:56Z,midnight,22.264528,178.094141,24.239573,178.842058,21.5752667,-158.2733528,232.5258546718363
19855,84,2013-08-22T00:12:24.5Z,noon,27.264528,176.291579,22.264528,178.094141,21.5752667,-158.2733528,584.9769035023653
19855,85,2013-08-22T11:59:47.5Z,midnight,32.264528,179.445745,27.264528,176.291579,21.5752667,-158.2733528,633.7818265202069
19855,86,2013-08-22T23:50:36.5Z,noon,31.444144,-178.258421,32.264528,179.445745,21.5752667,-158.2733528,235.23703804040258
19855,87,2013-08-23T11:48:05Z,midnight,33.873072,-177.558946,31.444144,-178.258421,21.5752667,-158.2733528,277.9064392653876
19855,88,2013-08-23T23:49:34.5Z,noon,34.881272,-177.931863,33.873072,-177.558946,21.5752667,-158.2733528,117.21398357504539
19855,89,2013-08-24T12:09:47Z,midnight,29.881272,177.086254,34.881272,-177.931863,21.5752667,-158.2733528,726.3732451321366
19855,90,2013-08-25T00:09:09Z,noon,24.881272,177.316698,29.881272,177.086254,21.5752667,-158.2733528,556.439500199275
19855,91,2013-08-25T11:51:39Z,midnight,29.881272,-178.308302,24.881272,177.316698,21.5752667,-158.2733528,703.9017909471323
19855,92,2013-08-25T23:37:30Z,noon,24.881272,-174.770802,29.881272,-178.308302,21.5752667,-158.2733528,656.4743145609965
19855,93,2013-08-26T11:34:22.5Z,midnight,25.675688,-173.915599,24.881272,-174.770802,21.5752667,-158.2733528,123.27547062302133
19855,94,2013-08-26T23:51:26Z,noon,30.675688,-178.180182,25.675688,-173.915599,21.5752667,-158.2733528,695.4243370769263
19855,95,2013-08-27T12:34:33.5Z,midnight,25.675688,171.114292,30.675688,-178.180182,21.5752667,-158.2733528,1186.6801041070057
19855,96,2013-08-28T00:35:34Z,noon,20.675688,170.939632,25.675688,171.114292,21.5752667,-158.2733528,556.2609516736684
19855,97,2013-08-28T12:03:23Z,midnight,25.675688,178.985465,20.675688,170.939632,21.5752667,-158.2733528,992.3249396472844
19855,98,2013-08-29T00:09:32.5Z,noon,30.675688,177.524928,25.675688,178.985465,21.5752667,-158.2733528,574.0889543551771
19855,99,2013-08-29T12:16:32.5Z,midnight,33.4024,175.774928,30.675688,177.524928,21.5752667,-158.2733528,345.1458319272106
19855,100,2013-08-30T00:27:58.5Z,noon,38.4024,172.997186,33.4024,175.774928,21.5752667,-158.2733528,609.5873215065571
19855,101,2013-08-30T12:28:51Z,midnight,41.990013,172.778436,38.4024,172.997186,21.5752667,-158.2733528,399.3563481532674
19855,102,2013-08-31T00:32:52Z,noon,44.455156,171.856326,41.990013,172.778436,21.5752667,-158.2733528,284.1063038608205
19855,103,2013-08-31T12:37:50Z,midnight,42.27273,170.614659,44.455156,171.856326,21.5752667,-158.2733528,262.60546365652493
19855,104,2013-09-01T00:23:54.5Z,noon,37.27273,174.179349,42.27273,170.614659,21.5752667,-158.2733528,633.8181245118764
19855,105,2013-09-01T13:27:30Z,midnight,32.27273,159.179349,37.27273,174.179349,21.5752667,-158.2733528,1476.4057740741264
19855,106,2013-09-02T01:35:00Z,noon,27.27273,156.49117,32.27273,159.179349,21.5752667,-158.2733528,613.4635258594012
19855,107,2013-09-02T12:34:30Z,midnight,32.27273,171.49117,27.27273,156.49117,21.5752667,-158.2733528,1549.0365793512965
19855,108,2013-09-03T00:27:00Z,noon,30.030661,173.57712,32.27273,171.49117,21.5752667,-158.2733528,318.6605619886807
19855,109,2013-09-03T12:30:30Z,midnight,27.095947,172.70212,30.030661,173.57712,21.5752667,-158.2733528,337.324006758142
19855,110,2013-09-04T00:27:30Z,noon,23.447599,173.539193,27.095947,172.70212,21.5752667,-158.2733528,414.31273612820996
19855,111,2013-09-04T12:30:30Z,midnight,20.256071,172.789193,23.447599,173.539193,21.5752667,-158.2733528,363.2218713481072
19855,112,2013-09-06T23:33:00Z,noon,15.256071,-172.65865,20.256071,172.789193,21.5752667,-158.2733528,1637.3017069954356
19855,113,2013-09-07T11:24:30Z,midnight,10.256071,-170.443752,15.256071,-172.65865,21.5752667,-158.2733528,605.6108555371604
19855,114,2013-09-07T23:56:00Z,noon,5.256071,-178.318752,10.256071,-170.443752,21.5752667,-158.2733528,1030.2410614244066
19855,115,2013-09-08T11:48:00Z,midnight,10.256071,-176.2281,5.256071,-178.318752,21.5752667,-158.2733528,601.7724728958581
19855,116,2013-09-08T23:43:30Z,noon,9.421043,-175.1031,10.256071,-176.2281,21.5752667,-158.2733528,154.31351672911936
19855,117,2013-09-09T11:36:00Z,midnight,14.421043,-173.13679,9.421043,-175.1031,21.5752667,-158.2733528,595.6844489001419
19855,118,2013-09-10T12:04:00Z,midnight,9.421043,179.95508,14.421043,-173.13679,21.5752667,-158.2733528,934.6379909317542
19855,119,2013-09-11T00:20:00Z,noon,4.421043,176.047412,9.421043,179.95508,21.5752667,-158.2733528,703.5931586456699
19855,120,2013-09-12T11:41:00Z,midnight,9.421043,-174.109894,4.421043,176.047412,21.5752667,-158.2733528,1220.1339851360763
19855,121,2013-09-12T23:34:16.5Z,noon,4.421043,-172.428644,9.421043,-174.109894,21.5752667,-158.2733528,586.1112799099212
19855,122,2013-09-15T23:45:34Z,noon,-0.578957,-174.972314,4.421043,-172.428644,21.5752667,-158.2733528,623.6723992892443
19855,123,2013-09-16T23:57:32.5Z,noon,2.064934,-177.872934,-0.578957,-174.972314,21.5752667,-158.2733528,436.3724073908741
19855,124,2013-09-19T00:13:01.5Z,noon,-2.935066,178.534328,2.064934,-177.872934,21.5752667,-158.2733528,684.538472722243
19855,125,2013-09-21T00:11:03Z,noon,-7.935066,179.211361,-2.935066,178.534328,21.5752667,-158.2733528,560.9997863039978
19855,126,2013-09-21T12:10:22Z,midnight,-12.935066,179.382194,-7.935066,179.211361,21.5752667,-158.2733528,556.2881901115042
19855,127,2013-09-23T12:03:20Z,midnight,-17.935066,-178.678846,-12.935066,179.382194,21.5752667,-158.2733528,593.519662873841
19855,128,2013-09-24T00:00:52Z,noon,-22.935066,-177.97312,-17.935066,-178.678846,21.5752667,-158.2733528,560.8121582046842
19855,129,2013-09-24T11:54:34.5Z,midnight,-17.935066,-176.400204,-22.935066,-177.97312,21.5752667,-158.2733528,579.6072171215352
19855,130,2013-09-24T23:47:28.5Z,noon,-12.935066,-174.625204,-17.935066,-176.400204,21.5752667,-158.2733528,587.6013237299968
19855,131,2013-09-25T12:02:31Z,midnight,-7.935066,-178.297533,-12.935066,-174.625204,21.5752667,-158.2733528,685.7610763187907
19855,132,2013-09-26T00:24:09Z,noon,-2.935066,176.381147,-7.935066,-178.297533,21.5752667,-158.2733528,809.8466943370355
19855,133,2013-09-27T11:57:19Z,midnight,2.064934,-176.82468,-2.935066,176.381147,21.5752667,-158.2733528,937.7946593080405
19855,134,2013-09-27T23:54:45.5Z,noon,7.064934,-176.185096,2.064934,-176.82468,21.5752667,-158.2733528,560.4733211179575
19855,135,2013-09-29T11:38:11.5Z,midnight,12.064934,-171.875671,7.064934,-176.185096,21.5752667,-158.2733528,729.5412860804538
19855,136,2013-09-29T23:28:36.5Z,noon,17.064934,-169.479838,12.064934,-171.875671,21.5752667,-158.2733528,612.8127747287273
19855,137,2013-09-30T11:22:42.5Z,midnight,22.064934,-167.923115,17.064934,-169.479838,21.5752667,-158.2733528,579.3856090369443
19855,138,2013-09-30T23:21:46Z,noon,27.064934,-167.687699,22.064934,-167.923115,21.5752667,-158.2733528,556.4836192497996
19855,139,2013-10-01T11:20:00Z,midnight,32.064934,-167.165876,27.064934,-167.687699,21.5752667,-158.2733528,558.2577783209498
19855,140,2013-10-01T23:26:00Z,noon,37.064934,-168.665876,32.064934,-167.165876,21.5752667,-158.2733528,572.6636546654908
19855,141,2013-10-02T23:02:30Z,noon,42.064934,-162.712383,37.064934,-168.665876,21.5752667,-158.2733528,754.2890937047773
19855,142,2013-10-03T12:38:00Z,midnight,47.064934,-177.712383,42.064934,-162.712383,21.5752667,-158.2733528,1309.0957078630709
19855,143,2013-10-04T00:21:30Z,noon,52.064934,177.689246,47.064934,-177.712383,21.5752667,-158.2733528,647.0665136207895
19855,144,2013-10-04T11:01:30Z,midnight,57.064934,-167.310754,52.064934,177.689246,21.5752667,-158.2733528,1112.0255438426132
19855,145,2013-10-04T23:23:30Z,noon,62.064934,-167.810754,57.064934,-167.310754,21.5752667,-158.2733528,556.6831170312108
19855,146,2013-10-05T11:18:30Z,midnight,67.064934,-166.487802,62.064934,-167.810754,21.5752667,-158.2733528,559.5205213309971
19855,147,2013-10-06T11:35:30Z,midnight,70.0,-170.666875,67.064934,-166.487802,21.5752667,-158.2733528,367.82573824623796
19855,148,2013-10-06T23:03:00Z,noon,70.0,-162.541875,70.0,-170.666875,21.5752667,-158.2733528,308.7724740491623
19855,149,2013-10-07T11:08:30Z,midnight,70.0,-163.848062,70.0,-162.541875,21.5752667,-158.2733528,49.67452350177148
19855,150,2013-10-08T23:41:30Z,noon,70.0,-172.031447,70.0,-163.848062,21.5752667,-158.2733528,310.9879442422585
19855,151,2013-10-09T11:51:00Z,midnight,70.0,-174.342111,70.0,-172.031447,21.5752667,-158.2733528,87.87138397950243
19855,152,2013-10-09T23:53:30Z,noon,70.0,-174.967111,70.0,-174.342111,21.5752667,-158.2733528,23.769211405608058
19855,153,2013-10-10T11:50:00Z,midnight,67.857294,-174.030136,70.0,-174.967111,21.5752667,-158.2733528,241.17736843785357
19855,154,2013-10-10T23:44:30Z,noon,70.0,-172.655136,67.857294,-174.030136,21.5752667,-158.2733528,244.50145468915667
19855,155,2013-10-11T11:34:30Z,midnight,65.0,-170.0956,70.0,-172.655136,21.5752667,-158.2733528,566.4179197270175
19855,156,2013-10-11T23:19:30Z,noon,70.0,-166.3456,65.0,-170.0956,21.5752667,-158.2733528,578.1559904396001
19855,157,2013-10-12T11:12:00Z,midnight,65.013905,-164.413577,70.0,-166.3456,21.5752667,-158.2733528,560.4162651061187
19855,158,2013-10-12T22:50:14Z,noon,70.0,-158.971911,65.013905,-164.413577,21.5752667,-158.2733528,600.2648102166307
19855,159,2013-10-13T11:02:19.5Z,midnight,70.0,-161.940392,70.0,-158.971911,21.5752667,-158.2733528,112.8828686579286
19855,160,2013-10-13T23:24:58Z,noon,69.249516,-167.600809,70.0,-161.940392,21.5752667,-158.2733528,234.38467272443646
19855,161,2013-10-14T11:35:37.5Z,midnight,70.0,-170.213614,69.249516,-167.600809,21.5752667,-158.2733528,131.11440442026355
19855,162,2013-10-14T23:55:51Z,noon,65.0,-175.269864,70.0,-170.213614,21.5752667,-158.2733528,595.6769760807018
19855,163,2013-10-15T11:51:02.5Z,midnight,60.0,-174.018729,65.0,-175.269864,21.5752667,-158.2733528,559.6450733006975
19855,164,2013-10-15T23:48:56.5Z,noon,57.911539,-173.493729,60.0,-174.018729,21.5752667,-158.2733528,234.1675141530076
19855,165,2013-10-16T11:53:00Z,midnight,59.100885,-174.462051,57.911539,-173.493729,21.5752667,-158.2733528,143.71050567428344
19855,166,2013-10-16T23:32:19Z,noon,64.100885,-169.291217,59.100885,-174.462051,21.5752667,-158.2733528,619.1247330814124
19855,167,2013-10-17T11:27:41.5Z,midnight,66.187463,-168.091558,64.100885,-169.291217,21.5752667,-158.2733528,238.68496882577531
19855,168,2013-10-17T23:40:43.5Z,noon,61.187463,-171.349892,66.187463,-168.091558,21.5752667,-158.2733528,578.5130812631222
19855,169,2013-10-18T11:38:01.5Z,midnight,56.187463,-170.634395,61.187463,-171.349892,21.5752667,-158.2733528,557.5011354720547
19855,170,2013-10-18T23:32:53.5Z,noon,59.358768,-169.351062,56.187463,-170.634395,21.5752667,-158.2733528,360.7328181842373
19855,171,2013-10-19T11:28:10.5Z,midnight,54.735532,-168.134367,59.358768,-169.351062,21.5752667,-158.2733528,519.2978023052627
19855,172,2013-10-19T23:07:17.5Z,noon,59.735532,-162.913534,54.735532,-168.134367,21.5752667,-158.2733528,638.1607243051916
19855,173,2013-10-20T11:01:20Z,midnight,61.92091,-161.389445,59.735532,-162.913534,21.5752667,-158.2733528,256.64167175883944
19855,174,2013-10-20T22:57:19Z,noon,63.670733,-160.385278,61.92091,-161.389445,21.5752667,-158.2733528,201.14965911076592
19855,175,2013-10-21T10:40:12.5Z,midnight,58.670733,-156.076761,63.670733,-160.385278,21.5752667,-158.2733528,601.7368908604147
19855,176,2013-10-21T22:42:29.5Z,noon,53.670733,-156.647594,58.670733,-156.076761,21.5752667,-158.2733528,557.0910223028017
19855,177,2013-10-22T10:49:16Z,midnight,54.757662,-158.313029,53.670733,-156.647594,21.5752667,-158.2733528,162.26876032799453
19855,178,2013-10-22T22:41:29Z,noon,59.020576,-156.367196,54.757662,-158.313029,21.5752667,-158.2733528,488.4734606432732
19855,179,2013-10-23T10:45:40.5Z,midnight,59.810114,-157.389961,59.020576,-156.367196,21.5752667,-158.2733528,105.14441404058333
19855,180,2013-10-23T22:36:00Z,noon,63.647518,-154.971211,59.810114,-157.389961,21.5752667,-158.2733528,445.2298816145589
19855,181,2013-10-24T10:37:08.5Z,midnight,63.007817,-155.23468,63.647518,-154.971211,21.5752667,-158.2733528,72.3367898141091
19855,182,2013-10-24T22:44:00Z,noon,60.405054,-156.949263,63.007817,-155.23468,21.5752667,-158.2733528,303.1671905241238
19855,183,2013-10-25T10:45:27.5Z,midnight,59.950938,-157.295139,60.405054,-156.949263,21.5752667,-158.2733528,53.99609859523881
19855,184,2013-10-25T23:05:12.5Z,noon,54.950938,-162.232639,59.950938,-157.295139,21.5752667,-158.2733528,629.1739054703806
19855,185,2013-10-26T11:22:20.5Z,midnight,57.830346,-166.50054,54.950938,-162.232639,21.5752667,-158.2733528,413.9825640646151
19855,186,2013-10-26T23:14:50.5Z,noon,60.83674,-164.62554,57.830346,-166.50054,21.5752667,-158.2733528,350.7649113686003
19855,187,2013-10-27T10:52:46Z,midnight,55.83674,-159.094662,60.83674,-164.62554,21.5752667,-158.2733528,642.403282039149
19855,188,2013-10-27T22:50:26.5Z,noon,50.83674,-158.513412,55.83674,-159.094662,21.5752667,-158.2733528,557.3070067937576
19855,189,2013-10-28T10:57:50.5Z,midnight,53.588276,-160.354616,50.83674,-158.513412,21.5752667,-158.2733528,330.64709111901135
19855,190,2013-10-28T23:00:10Z,noon,52.400765,-160.935866,53.588276,-160.354616,21.5752667,-158.2733528,137.65504245303293
19855,191,2013-10-29T10:52:22.5Z,midnight,47.400765,-158.982509,52.400765,-160.935866,21.5752667,-158.2733528,573.249244082642
19855,192,2013-10-29T22:48:12.5Z,noon,49.465218,-157.940842,47.400765,-158.982509,21.5752667,-158.2733528,242.07282098437818
19855,193,2013-10-30T10:42:05Z,midnight,44.827995,-156.407527,49.465218,-157.940842,21.5752667,-158.2733528,528.4820674510122
19855,194,2013-10-30T22:32:13Z,noon,49.827995,-153.94086,44.827995,-156.407527,21.5752667,-158.2733528,586.1460323846416
19855,195,2013-10-31T10:28:18.5Z,midnight,47.570448,-152.965102,49.827995,-153.94086,21.5752667,-158.2733528,261.0359067587915
19855,196,2013-10-31T22:16:35.5Z,noon,52.570448,-150.035935,47.570448,-152.965102,21.5752667,-158.2733528,593.8513168790802
19855,197,2013-11-01T10:12:00Z,midnight,50.51384,-148.892748,52.570448,-150.035935,21.5752667,-158.2733528,241.95627443164565
19855,198,2013-11-01T21:32:30Z,noon,55.51384,-139.017748,50.51384,-148.892748,21.5752667,-158.2733528,862.0232224165032
19855,199,2013-11-02T09:27:00Z,midnight,60.51384,-137.650891,55.51384,-139.017748,21.5752667,-158.2733528,561.7416306162984
19855,200,2013-11-02T21:59:00Z,noon,55.51384,-145.650891,60.51384,-137.650891,21.5752667,-158.2733528,727.7808089403024
19855,201,2013-11-03T09:56:00Z,midnight,50.51384,-144.912452,55.51384,-145.650891,21.5752667,-158.2733528,558.1562029821055
19855,202,2013-11-03T21:33:30Z,noon,55.51384,-139.287452,50.51384,-144.912452,21.5752667,-158.2733528,670.8723626806575
19855,203,2013-11-04T09:40:00Z,midnight,59.011548,-140.927434,55.51384,-139.287452,21.5752667,-158.2733528,401.20366302677775
19855,204,2013-11-04T21:51:00Z,noon,55.400834,-143.677434,59.011548,-140.927434,21.5752667,-158.2733528,434.22107329132484
19855,205,2013-11-05T10:07:30Z,midnight,59.90818,-147.820833,55.400834,-143.677434,21.5752667,-158.2733528,558.2761652124592
19855,206,2013-11-05T22:27:30Z,noon,54.90818,-152.820833,59.90818,-147.820833,21.5752667,-158.2733528,631.0930765173634
19855,207,2013-11-06T10:11:00Z,midnight,49.90818,-148.717646,54.90818,-152.820833,21.5752667,-158.2733528,621.4950380669256
19855,208,2013-11-06T22:10:30Z,noon,45.464725,-148.592646,49.90818,-148.717646,21.5752667,-158.2733528,494.178038068848
19855,209,2013-11-07T10:24:30Z,midnight,50.464725,-152.117863,45.464725,-148.592646,21.5752667,-158.2733528,614.6387056871066
19855,210,2013-11-07T21:49:30Z,noon,55.464725,-143.367863,50.464725,-152.117863,21.5752667,-158.2733528,806.6800162492245
19855,211,2013-11-08T09:53:00Z,midnight,60.464725,-144.271471,55.464725,-143.367863,21.5752667,-158.2733528,558.5093475454099
19855,212,2013-11-08T22:43:00Z,noon,55.464725,-156.771471,60.464725,-144.271471,21.5752667,-158.2733528,920.953375345628
19855,213,2013-11-09T11:06:00Z,midnight,54.206314,-162.553453,55.464725,-156.771471,21.5752667,-158.2733528,395.6885697414784
19855,214,2013-11-09T23:03:00Z,noon,55.189881,-161.803453,54.206314,-162.553453,21.5752667,-158.2733528,119.51346074880679
19855,215,2013-11-10T11:09:30Z,midnight,56.585224,-163.463791,55.189881,-161.803453,21.5752667,-158.2733528,186.51787126441562
19855,216,2013-11-10T23:49:00Z,noon,51.585224,-173.338791,56.585224,-163.463791,21.5752667,-158.2733528,849.4260015306788
19855,217,2013-11-11T12:07:30Z,midnight,48.752751,-178.002459,51.585224,-173.338791,21.5752667,-158.2733528,457.5734780955323
19855,218,2013-11-11T23:53:30Z,noon,53.752751,-174.502459,48.752751,-178.002459,21.5752667,-158.2733528,606.8084108729369
19855,219,2013-11-12T11:54:00Z,midnight,53.478527,-174.669431,53.752751,-174.502459,21.5752667,-158.2733528,32.42035113633845
19855,220,2013-11-13T00:09:15Z,noon,48.478527,-178.527177,53.478527,-174.669431,21.5752667,-158.2733528,617.8803582212681
19855,221,2013-11-13T11:57:05Z,midnight,43.478527,-175.48551,48.478527,-178.527177,21.5752667,-158.2733528,603.4863501566666
19855,222,2013-11-13T23:59:02.5Z,noon,40.819092,-175.975093,43.478527,-175.48551,21.5752667,-158.2733528,298.45567837198575
19855,223,2013-11-14T12:14:12.5Z,midnight,45.819092,-179.815244,40.819092,-175.975093,21.5752667,-158.2733528,636.6937448924856
19855,224,2013-11-15T00:12:11Z,noon,48.044524,-179.36068,45.819092,-179.815244,21.5752667,-158.2733528,249.85097523431634
19855,225,2013-11-15T12:14:43.5Z,midnight,48.519385,-179.996097,48.044524,-179.36068,21.5752667,-158.2733528,70.70174958747393
19855,226,2013-11-16T00:15:45.5Z,noon,48.124299,179.690724,48.519385,-179.996097,21.5752667,-158.2733528,49.660566391223774
19855,227,2013-11-16T12:13:28Z,midnight,46.735933,-179.736359,48.124299,179.690724,21.5752667,-158.2733528,160.28038275429515
19855,228,2013-11-17T00:11:55.5Z,noon,47.343574,-179.408903,46.735933,-179.736359,21.5752667,-158.2733528,71.97885862353762
19855,229,2013-11-17T12:07:10.5Z,midnight,44.955568,-178.221403,47.343574,-179.408903,21.5752667,-158.2733528,280.8400885569182
19855,230,2013-11-18T00:14:53.5Z,noon,41.552086,179.788401,44.955568,-178.221403,21.5752667,-158.2733528,411.30717097587916
19855,231,2013-11-18T12:23:58.5Z,midnight,45.066319,177.517568,41.552086,179.788401,21.5752667,-158.2733528,431.75936667049507
19855,232,2013-11-19T00:24:59Z,noon,44.651423,177.20144,45.066319,177.517568,21.5752667,-158.2733528,52.43313879805905
19855,233,2013-11-19T12:28:24Z,midnight,45.595469,176.347273,44.651423,177.20144,21.5752667,-158.2733528,124.5390659408249
19855,234,2013-11-20T00:25:27.5Z,noon,46.731694,177.015683,45.595469,176.347273,21.5752667,-158.2733528,136.42540737741967
19855,235,2013-11-20T12:26:44Z,midnight,46.786835,176.696933,46.731694,177.015683,21.5752667,-158.2733528,25.04319055217607
19855,236,2013-11-21T00:32:10.5Z,noon,44.687355,175.266605,46.786835,176.696933,21.5752667,-158.2733528,258.4876403722241
19855,237,2013-11-21T12:42:17.5Z,midnight,48.060045,172.737438,44.687355,175.266605,21.5752667,-158.2733528,422.18991078552597
19855,238,2013-11-22T00:42:53.5Z,noon,47.850461,172.514683,48.060045,172.737438,21.5752667,-158.2733528,28.605512248104148
19855,239,2013-11-22T12:21:44.5Z,midnight,42.850461,177.802183,47.850461,172.514683,21.5752667,-158.2733528,692.3359516304422
19855,240,2013-11-23T00:10:52Z,noon,43.5899,-179.554601,42.850461,177.802183,21.5752667,-158.2733528,229.4083323631257
19855,241,2013-11-23T12:02:57.5Z,midnight,39.864697,-177.577518,43.5899,-179.554601,21.5752667,-158.2733528,445.497154384926
19855,242,2013-11-23T23:56:03Z,noon,42.812345,-175.850434,39.864697,-177.577518,21.5752667,-158.2733528,358.055411816098
19855,243,2013-11-24T11:51:35.5Z,midnight,40.589046,-174.814098,42.812345,-175.850434,21.5752667,-158.2733528,261.7572305737315
19855,244,2013-11-24T23:53:52.5Z,noon,39.591093,-175.384931,40.589046,-174.814098,21.5752667,-158.2733528,121.12627664636925
19855,245,2013-11-25T12:02:52Z,midnight,43.01537,-177.713738,39.591093,-175.384931,21.5752667,-158.2733528,427.530927602026
19855,246,2013-11-26T00:06:09.5Z,noon,41.689322,-178.620115,43.01537,-177.713738,21.5752667,-158.2733528,165.19080809538735
19855,247,2013-11-26T12:01:24.5Z,midnight,39.356108,-177.432615,41.689322,-178.620115,21.5752667,-158.2733528,278.1727332501878
19855,248,2013-11-26T23:57:18.5Z,noon,41.096134,-176.407615,39.356108,-177.432615,21.5752667,-158.2733528,212.145858725359
19855,249,2013-11-27T11:52:01.5Z,midnight,38.534093,-175.172738,41.096134,-176.407615,21.5752667,-158.2733528,303.7734887405025
19855,250,2013-11-27T23:24:47.5Z,noon,43.534093,-168.364405,38.534093,-175.172738,21.5752667,-158.2733528,796.4753119983299
19855,251,2013-11-28T11:32:21Z,midnight,48.534093,-170.342361,43.534093,-168.364405,21.5752667,-158.2733528,576.5047305676571
19855,252,2013-11-29T00:03:52Z,noon,43.534093,-178.312237,48.534093,-170.342361,21.5752667,-158.2733528,828.4254347478219
19855,253,2013-11-29T11:59:07Z,midnight,38.534093,-177.124737,43.534093,-178.312237,21.5752667,-158.2733528,564.8077919657161
19855,254,2013-11-29T23:50:59.5Z,noon,40.76405,-175.093487,38.534093,-177.124737,21.5752667,-158.2733528,302.84527538206464
19855,255,2013-11-30T11:58:18.5Z,midnight,43.313775,-177.015616,40.76405,-175.093487,21.5752667,-158.2733528,324.9051048915767
19855,256,2013-12-01T00:00:57.5Z,noon,42.321596,-177.773246,43.313775,-177.015616,21.5752667,-158.2733528,126.4513147768667
19855,257,2013-12-01T11:59:00Z,midnight,41.308522,-177.283663,42.321596,-177.773246,21.5752667,-158.2733528,119.73215466968905
19855,258,2013-12-02T00:05:00Z,noon,38.889108,-178.880873,41.308522,-177.283663,21.5752667,-158.2733528,301.36761199775515
19855,259,2013-12-02T12:17:30Z,midnight,43.490164,177.994127,38.889108,-178.880873,21.5752667,-158.2733528,574.4556808186449
19855,260,2013-12-03T00:07:00Z,noon,47.024007,-179.480073,43.490164,177.994127,21.5752667,-158.2733528,439.816796464358
19855,261,2013-12-03T12:26:00Z,midnight,52.024007,175.769927,47.024007,-179.480073,21.5752667,-158.2733528,652.8674893013102
19855,262,2013-12-04T00:40:30Z,noon,48.163486,172.043829,52.024007,175.769927,21.5752667,-158.2733528,504.7452357406445
19855,263,2013-12-04T12:20:30Z,midnight,43.163486,177.043829,48.163486,172.043829,21.5752667,-158.2733528,677.9649409385976
19855,264,2013-12-05T00:24:00Z,noon,39.828281,176.065928,43.163486,177.043829,21.5752667,-158.2733528,379.6873511423545
19855,265,2013-12-05T12:41:30Z,midnight,44.828281,171.690928,39.828281,176.065928,21.5752667,-158.2733528,661.9234493188792
19855,266,2013-12-06T00:43:00Z,noon,45.383766,171.211319,44.828281,171.690928,21.5752667,-158.2733528,72.33196946128795
19855,267,2013-12-06T12:43:00Z,midnight,45.183444,171.211319,45.383766,171.211319,21.5752667,-158.2733528,22.274790095291433
19855,268,2013-12-07T01:01:30Z,noon,40.183444,166.480102,45.183444,171.211319,21.5752667,-158.2733528,676.973679614755
19855,269,2013-12-07T13:09:30Z,midnight,41.346824,164.480102,40.183444,166.480102,21.5752667,-158.2733528,212.36987707325972
19855,270,2013-12-08T01:02:30Z,noon,43.829558,166.122375,41.346824,164.480102,21.5752667,-158.2733528,307.0478318904884
19855,271,2013-12-08T13:02:30Z,midnight,43.654971,166.122375,43.829558,166.122375,21.5752667,-158.2733528,19.413188658092565
19855,272,2013-12-09T01:04:30Z,noon,42.967038,165.513239,43.654971,166.122375,21.5752667,-158.2733528,90.99640054557483
19855,273,2013-12-09T13:20:00Z,midnight,47.728295,161.638239,42.967038,165.513239,21.5752667,-158.2733528,609.7239166721163
19855,274,2013-12-10T01:28:00Z,noon,45.30117,159.527798,47.728295,161.638239,21.5752667,-158.2733528,314.4817534499853
19855,275,2013-12-10T13:43:30Z,midnight,49.649234,155.652798,45.30117,159.527798,21.5752667,-158.2733528,564.2431900676047
19855,276,2013-12-11T01:59:30Z,noon,44.990466,151.541155,49.649234,155.652798,21.5752667,-158.2733528,603.451375994987
19855,277,2013-12-11T13:43:00Z,midnight,39.990466,155.666155,44.990466,151.541155,21.5752667,-158.2733528,650.558289660397
19855,278,2013-12-12T01:36:00Z,noon,41.637869,157.303416,39.990466,155.666155,21.5752667,-158.2733528,229.20730748859208
19855,279,2013-12-12T13:34:00Z,midnight,40.791087,157.803416,41.637869,157.303416,21.5752667,-158.2733528,103.02798277809833
19855,280,2013-12-13T01:37:26.5Z,noon,39.50985,156.829271,40.791087,157.803416,21.5752667,-158.2733528,164.77522074760685
19855,281,2013-12-13T13:33:13.5Z,midnight,37.763081,157.883438,39.50985,156.829271,21.5752667,-158.2733528,214.72674403826704
19855,282,2013-12-14T01:27:39Z,noon,39.909925,159.162577,37.763081,157.883438,21.5752667,-158.2733528,263.1665994478455
19855,283,2013-12-14T13:32:03Z,midnight,41.411595,158.062577,39.909925,159.162577,21.5752667,-158.2733528,191.02122679030407
19855,284,2013-12-15T01:38:11Z,noon,39.157271,156.413859,41.411595,158.062577,21.5752667,-158.2733528,287.0279737767195
19855,285,2013-12-15T13:36:51Z,midnight,38.559327,156.747192,39.157271,156.413859,21.5752667,-158.2733528,72.48253616279364
19855,286,2013-12-16T01:26:06Z,noon,42.465525,159.318642,38.559327,156.747192,21.5752667,-158.2733528,485.6475704406638
19855,287,2013-12-16T13:22:43.5Z,midnight,41.211524,160.162392,42.465525,159.318642,21.5752667,-158.2733528,155.975255407164
19855,288,2013-12-17T01:20:11Z,noon,42.100863,160.681205,41.211524,160.162392,21.5752667,-158.2733528,107.87453858368895
19855,289,2013-12-17T13:12:04.5Z,midnight,39.107871,162.708288,42.100863,160.681205,21.5752667,-158.2733528,374.1954272788089
19855,290,2013-12-18T01:17:58Z,noon,36.812725,161.118322,39.107871,162.708288,21.5752667,-158.2733528,290.78157327669044
19855,291,2013-12-18T13:43:17Z,midnight,41.812725,154.789155,36.812725,161.118322,21.5752667,-158.2733528,777.7584274479661
19855,292,2013-12-19T01:45:47Z,noon,44.869168,154.046773,41.812725,154.789155,21.5752667,-158.2733528,345.1183708901107
19855,293,2013-12-19T13:33:08.5Z,midnight,40.588779,157.207189,44.869168,154.046773,21.5752667,-158.2733528,541.3466169393334
19855,294,2013-12-20T01:27:51.5Z,noon,42.433498,158.410417,40.588779,157.207189,21.5752667,-158.2733528,228.2763929593167
19855,295,2013-12-20T13:31:57.5Z,midnight,43.758411,157.385417,42.433498,158.410417,21.5752667,-158.2733528,169.20265612790976
19855,296,2013-12-21T01:33:38.5Z,noon,43.208899,156.846866,43.758411,157.385417,21.5752667,-158.2733528,74.9761820516159
19855,297,2013-12-21T13:21:57.5Z,midnight,39.073091,159.767699,43.208899,156.846866,21.5752667,-158.2733528,520.7917168754742
19855,298,2013-12-22T01:02:23Z,noon,44.073091,164.543731,39.073091,159.767699,21.5752667,-158.2733528,683.0646535207584
19855,299,2013-12-22T12:39:45.5Z,midnight,39.073091,170.199981,44.073091,164.543731,21.5752667,-158.2733528,727.9740183791265
19855,300,2013-12-23T00:28:20Z,noon,42.068002,172.938623,39.073091,170.199981,21.5752667,-158.2733528,405.42087092537855
19855,301,2013-12-23T12:19:10Z,midnight,38.768127,175.23029,42.068002,172.938623,21.5752667,-158.2733528,415.01773538757027
19855,302,2013-12-24T00:10:39Z,noon,41.847236,177.242071,38.768127,175.23029,21.5752667,-158.2733528,382.49485460098447
19855,303,2013-12-24T11:55:39Z,midnight,36.847236,-179.007929,41.847236,177.242071,21.5752667,-158.2733528,642.5522513402093
19855,304,2013-12-25T00:05:38.5Z,noon,31.975565,178.3771,36.847236,-179.007929,21.5752667,-158.2733528,592.3709943830211
19855,305,2013-12-25T12:15:45.5Z,midnight,36.313899,175.847933,31.975565,178.3771,21.5752667,-158.2733528,535.5556835324107
19855,306,2013-12-26T00:10:40Z,noon,38.323307,177.004238,36.313899,175.847933,21.5752667,-158.2733528,245.71572921321413
19855,307,2013-12-26T12:10:21Z,midnight,38.237257,177.083405,38.323307,177.004238,21.5752667,-158.2733528,11.802719552647117
19855,308,2013-12-27T00:02:10.5Z,noon,41.25263,179.011094,38.237257,177.083405,21.5752667,-158.2733528,373.5841342066979
19855,309,2013-12-27T11:54:24.5Z,midnight,38.441401,-179.047239,41.25263,179.011094,21.5752667,-158.2733528,353.7994836841594
19855,310,2013-12-27T23:40:31Z,noon,43.387258,-175.574323,38.441401,-179.047239,21.5752667,-158.2733528,622.4373499559101
19855,311,2013-12-28T11:41:01Z,midnight,43.612013,-175.814723,43.387258,-175.574323,21.5752667,-158.2733528,31.63166276045264
19855,312,2013-12-28T23:46:33Z,noon,41.743646,-177.198056,43.612013,-175.814723,21.5752667,-158.2733528,236.52717731213053
19855,313,2013-12-29T12:00:55Z,midnight,46.431153,179.095646,41.743646,-177.198056,21.5752667,-158.2733528,599.2521507127158
19855,314,2013-12-29T23:59:26.5Z,noon,46.862721,179.464396,46.431153,179.095646,21.5752667,-158.2733528,55.634296466017624
19855,315,2013-12-30T11:54:09Z,midnight,45.363939,-179.326444,46.862721,179.464396,21.5752667,-158.2733528,190.94455516153369
19855,316,2013-12-30T23:59:33.5Z,noon,43.640435,179.321473,45.363939,-179.326444,21.5752667,-158.2733528,219.5957237934093
19855,317,2013-12-31T11:45:41.5Z,midnight,38.794012,-177.324635,43.640435,179.321473,21.5752667,-158.2733528,607.4061266166244
19855,318,2013-12-31T23:32:54.5Z,noon,43.377979,-174.128802,38.794012,-177.324635,21.5752667,-158.2733528,575.6864150561905
19855,319,2014-01-01T11:44:30Z,midnight,47.098074,-177.026718,43.377979,-174.128802,21.5752667,-158.2733528,471.71823479089784
19855,320,2014-01-01T23:32:00Z,noon,50.474344,-173.901718,47.098074,-177.026718,21.5752667,-158.2733528,439.6341205190608
19855,321,2014-01-02T11:26:00Z,midnight,49.037387,-172.513407,50.474344,-173.901718,21.5752667,-158.2733528,188.3451642793429
19855,322,2014-01-02T23:40:00Z,noon,44.938078,-176.013407,49.037387,-172.513407,21.5752667,-158.2733528,527.3609500073491
19855,323,2014-01-03T11:26:00Z,midnight,40.233848,-172.623906,44.938078,-176.013407,21.5752667,-158.2733528,591.9959519203114
19855,324,2014-01-03T23:21:00Z,noon,42.051964,-171.373906,40.233848,-172.623906,21.5752667,-158.2733528,227.6484789566476
19855,325,2014-01-04T11:24:00Z,midnight,43.237305,-172.233113,42.051964,-171.373906,21.5752667,-158.2733528,149.36635287248066
19855,326,2014-01-04T23:23:00Z,noon,43.576798,-171.983113,43.237305,-172.233113,21.5752667,-158.2733528,42.81248124539958
19855,327,2014-01-05T11:22:00Z,midnight,43.393116,-171.840928,43.576798,-171.983113,21.5752667,-158.2733528,23.425384108772178
19855,328,2014-01-05T23:06:00Z,noon,48.37085,-167.840928,43.393116,-171.840928,21.5752667,-158.2733528,634.0013401349138
19855,329,2014-01-06T10:58:30Z,midnight,46.32596,-166.072252,48.37085,-167.840928,21.5752667,-158.2733528,263.53093535511266
19855,330,2014-01-06T22:39:00Z,noon,51.32596,-161.197252,46.32596,-166.072252,21.5752667,-158.2733528,660.3223893546732
19855,331,2014-01-07T10:36:30Z,midnight,51.250597,-160.676987,51.32596,-161.197252,21.5752667,-158.2733528,37.13775661301483
19855,332,2014-01-07T22:51:30Z,noon,47.118568,-164.426987,51.250597,-160.676987,21.5752667,-158.2733528,534.0506286887885
19855,333,2014-01-08T10:53:30Z,midnight,47.909057,-165.030038,47.118568,-164.426987,21.5752667,-158.2733528,98.87973542911269
19855,334,2014-01-08T23:05:00Z,noon,44.275579,-167.905038,47.909057,-165.030038,21.5752667,-158.2733528,460.7732144864858
19855,335,2014-01-09T10:58:30Z,midnight,42.190568,-166.381313,44.275579,-167.905038,21.5752667,-158.2733528,262.64521795289147
19855,336,2014-01-09T23:06:30Z,noon,39.117284,-168.381313,42.190568,-166.381313,21.5752667,-158.2733528,381.0832409325179
19855,337,2014-01-10T11:06:30Z,midnight,39.328003,-168.480719,39.117284,-168.381313,21.5752667,-158.2733528,24.946578203828388
19855,338,2014-01-10T22:59:30Z,noon,42.037845,-166.730719,39.328003,-168.480719,21.5752667,-158.2733528,335.49294469651903
19855,339,2014-01-11T11:00:30Z,midnight,42.63634,-167.078168,42.037845,-166.730719,21.5752667,-158.2733528,72.41830195105463
19855,340,2014-01-11T22:53:00Z,noon,45.269861,-165.203168,42.63634,-167.078168,21.5752667,-158.2733528,329.035055514593
19855,341,2014-01-12T10:57:00Z,midnight,46.823819,-166.298572,45.269861,-165.203168,21.5752667,-158.2733528,192.35960837228362
19855,342,2014-01-12T22:53:06Z,noon,48.037982,-165.323572,46.823819,-166.298572,21.5752667,-158.2733528,153.639863023196
19855,343,2014-01-13T10:48:21Z,midnight,46.810234,-164.229347,48.037982,-165.323572,21.5752667,-158.2733528,159.41365771051724
19855,344,2014-01-13T23:03:20Z,noon,41.810234,-167.975181,46.810234,-164.229347,21.5752667,-158.2733528,630.639809348349
19855,345,2014-01-14T11:15:31Z,midnight,46.163056,-171.112078,41.810234,-167.975181,21.5752667,-158.2733528,545.0956918579245
19855,346,2014-01-14T23:08:09Z,noon,48.513594,-169.270412,46.163056,-171.112078,21.5752667,-158.2733528,295.9031534091133
19855,347,2014-01-15T10:55:51.5Z,midnight,44.748554,-166.286269,48.513594,-169.270412,21.5752667,-158.2733528,476.5531767119071
19855,348,2014-01-15T22:42:57.5Z,noon,48.983581,-163.061269,44.748554,-166.286269,21.5752667,-158.2733528,530.7948008218661
19855,349,2014-01-16T10:36:10.5Z,midnight,47.143903,-161.451842,48.983581,-163.061269,21.5752667,-158.2733528,236.94667191852133
19855,350,2014-01-16T22:51:01.5Z,noon,42.143903,-165.164342,47.143903,-161.451842,21.5752667,-158.2733528,628.6043786728472
19855,351,2014-01-17T10:54:45.5Z,midnight,43.516233,-166.18164,42.143903,-165.164342,21.5752667,-158.2733528,173.6846184847556
19855,352,2014-01-17T22:42:24.5Z,noon,47.860541,-163.09414,43.516233,-166.18164,21.5752667,-158.2733528,539.2093718579564
19855,353,2014-01-18T10:37:54.5Z,midnight,46.685348,-162.050591,47.860541,-163.09414,21.5752667,-158.2733528,152.55739218795355
19855,354,2014-01-18T22:44:50.5Z,noon,44.188228,-163.783925,46.685348,-162.050591,21.5752667,-158.2733528,308.83202759697485
19855,355,2014-01-19T10:49:47.5Z,midnight,46.335723,-165.100294,44.188228,-163.783925,21.5752667,-158.2733528,260.05825828813767
19855,356,2014-01-19T22:49:37.5Z,noon,46.394553,-165.058628,46.335723,-165.100294,21.5752667,-158.2733528,7.28105914296402
19855,357,2014-01-20T10:44:29.5Z,midnight,44.876595,-163.851517,46.394553,-165.058628,21.5752667,-158.2733528,193.1211923594515
19855,358,2014-01-20T22:36:20.5Z,noon,47.793651,-161.814017,44.876595,-163.851517,21.5752667,-158.2733528,360.0771230851442
19855,359,2014-01-21T10:30:06Z,midnight,45.959363,-160.327112,47.793651,-161.814017,21.5752667,-158.2733528,233.172269336122
19855,360,2014-01-21T22:28:47Z,noon,46.440432,-159.997945,45.959363,-160.327112,21.5752667,-158.2733528,59.187987455365096
19855,361,2014-01-22T10:25:14Z,midnight,45.509036,-159.181188,46.440432,-159.997945,21.5752667,-158.2733528,121.28228042071555
19855,362,2014-01-22T22:26:07Z,noon,45.170994,-159.402021,45.509036,-159.181188,21.5752667,-158.2733528,41.3618679465919
19855,363,2014-01-23T10:29:00Z,midnight,46.661482,-160.190771,45.170994,-159.402021,21.5752667,-158.2733528,176.60740721076186
19855,364,2014-01-23T22:31:40Z,noon,45.655451,-160.857438,46.661482,-160.190771,21.5752667,-158.2733528,123.08592607837204
19855,365,2014-01-24T10:30:18.5Z,midnight,45.545385,-160.582891,45.655451,-160.857438,21.5752667,-158.2733528,24.617220975506815
19855,366,2014-01-24T22:34:49.5Z,noon,43.71769,-161.712058,45.545385,-160.582891,21.5752667,-158.2733528,221.9989977689258
19855,367,2014-01-25T10:40:28.5Z,midnight,46.420155,-163.186666,43.71769,-161.712058,21.5752667,-158.2733528,322.02592861705364
19855,368,2014-01-25T22:44:03Z,noon,45.003834,-164.080416,46.420155,-163.186666,21.5752667,-158.2733528,172.09540930108273
19855,369,2014-01-26T10:39:16.5Z,midnight,43.442717,-162.945797,45.003834,-164.080416,21.5752667,-158.2733528,195.71724188628593
19855,370,2014-01-26T22:42:29.5Z,noon,42.009757,-163.749964,43.442717,-162.945797,21.5752667,-158.2733528,172.34445202692424
19855,371,2014-01-27T10:43:21Z,midnight,42.859042,-164.020659,42.009757,-163.749964,21.5752667,-158.2733528,97.01380281707114
19855,372,2014-01-27T22:38:07.5Z,noon,45.132108,-162.714409,42.859042,-164.020659,21.5752667,-158.2733528,273.4902761167887
19855,373,2014-01-28T10:34:05Z,midnight,43.869529,-161.757044,45.132108,-162.714409,21.5752667,-158.2733528,159.60580734959836
19855,374,2014-01-28T22:32:28.5Z,noon,44.577088,-161.354961,43.869529,-161.757044,21.5752667,-158.2733528,84.95046425730163
19855,375,2014-01-29T10:35:24Z,midnight,46.324975,-162.136167,44.577088,-161.354961,21.5752667,-158.2733528,203.68253911664223
19855,376,2014-01-29T22:29:30.5Z,noon,48.674879,-160.663251,46.324975,-162.136167,21.5752667,-158.2733528,283.7451063698421
19855,377,2014-01-30T10:26:31.5Z,midnight,48.033993,-159.964244,48.674879,-160.663251,21.5752667,-158.2733528,88.01182882573691
19855,378,2014-01-30T22:31:32.5Z,noon,45.953205,-161.218411,48.033993,-159.964244,21.5752667,-158.2733528,250.15366248229353
19855,379,2014-01-31T10:39:50Z,midnight,49.849122,-163.334996,45.953205,-161.218411,21.5752667,-158.2733528,460.99555626595503
19855,380,2014-01-31T22:23:34Z,noon,54.849122,-159.268329,49.849122,-163.334996,21.5752667,-158.2733528,620.5588655799783
19855,381,2014-02-01T10:21:30Z,midnight,55.212212,-158.792146,54.849122,-159.268329,21.5752667,-158.2733528,50.507081714515955
19855,382,2014-02-01T22:13:00Z,noon,57.60983,-156.667146,55.212212,-158.792146,21.5752667,-158.2733528,296.89176242676484
19855,383,2014-02-02T10:16:30Z,midnight,59.045844,-157.579422,57.60983,-156.667146,21.5752667,-158.2733528,168.3222771716175
19855,384,2014-02-02T22:36:00Z,noon,54.045844,-162.454422,59.045844,-157.579422,21.5752667,-158.2733528,630.8115312733427
19855,385,2014-02-03T10:36:30Z,midnight,54.142845,-162.613471,54.045844,-162.454422,21.5752667,-158.2733528,14.963605583492686
19855,386,2014-02-03T22:39:30Z,noon,53.115635,-163.363471,54.142845,-162.613471,21.5752667,-158.2733528,124.46541807338791
19855,387,2014-02-04T10:20:00Z,midnight,48.115635,-158.519279,53.115635,-163.363471,21.5752667,-158.2733528,652.2867853738536
19855,388,2014-02-04T21:49:00Z,noon,53.115635,-150.769279,48.115635,-158.519279,21.5752667,-158.2733528,778.9708076421178
19855,389,2014-02-05T09:49:30Z,midnight,58.115635,-150.921833,53.115635,-150.769279,21.5752667,-158.2733528,556.0567728196794
19855,390,2014-02-05T22:17:30Z,noon,53.115635,-157.921833,58.115635,-150.921833,21.5752667,-158.2733528,707.9985680660144
19855,391,2014-02-06T10:22:30Z,midnight,50.824695,-159.196125,53.115635,-157.921833,21.5752667,-158.2733528,269.2712572348964
19855,392,2014-02-06T22:25:30Z,noon,49.532309,-159.946125,50.824695,-159.196125,21.5752667,-158.2733528,153.30769338207608
19855,393,2014-02-07T10:30:00Z,midnight,52.138743,-161.092151,49.532309,-159.946125,21.5752667,-158.2733528,300.77834226636884
19855,394,2014-02-07T22:36:00Z,noon,49.558678,-162.592151,52.138743,-161.092151,21.5752667,-158.2733528,305.5894910205009
19855,395,2014-02-08T10:34:00Z,midnight,49.360108,-162.10991,49.558678,-162.592151,21.5752667,-158.2733528,41.259205372693216
19855,396,2014-02-08T22:19:00Z,noon,54.360108,-158.35991,49.360108,-162.10991,21.5752667,-158.2733528,612.5055517653202
19855,397,2014-02-09T10:01:00Z,midnight,49.360108,-153.874403,54.360108,-158.35991,21.5752667,-158.2733528,635.3004357279514
19855,398,2014-02-09T22:00:00Z,noon,49.156065,-153.624403,49.360108,-153.874403,21.5752667,-158.2733528,29.050536293979516
19855,399,2014-02-10T09:55:30Z,midnight,47.650223,-152.510638,49.156065,-153.624403,21.5752667,-158.2733528,186.5335723449854
19855,400,2014-02-10T21:46:00Z,noon,52.257605,-150.135638,47.650223,-152.510638,21.5752667,-158.2733528,539.6816547153699
19855,401,2014-02-11T09:49:30Z,midnight,54.548578,-151.018624,52.257605,-150.135638,21.5752667,-158.2733528,261.3774804959613
19855,402,2014-02-11T21:55:00Z,noon,52.164245,-152.393624,54.548578,-151.018624,21.5752667,-158.2733528,280.37582360776867
19855,403,2014-02-12T09:48:30Z,midnight,49.835219,-150.773374,52.164245,-152.393624,21.5752667,-158.2733528,282.6896348691815
19855,404,2014-02-12T21:44:45Z,noon,51.712666,-149.835874,49.835219,-150.773374,21.5752667,-158.2733528,218.91877689418047
19855,405,2014-02-13T09:47:11Z,midnight,53.72416,-150.445738,51.712666,-149.835874,21.5752667,-158.2733528,227.40620826713118
19855,406,2014-02-13T21:47:28Z,noon,53.594584,-150.516572,53.72416,-150.445738,21.5752667,-158.2733528,15.145323072414024
19855,407,2014-02-14T09:29:47.5Z,midnight,48.594584,-146.096154,53.594584,-150.516572,21.5752667,-158.2733528,635.6368655570492
19855,408,2014-02-14T20:53:15.5Z,noon,53.594584,-136.962821,48.594584,-146.096154,21.5752667,-158.2733528,844.9585903461258
19855,409,2014-02-15T08:52:30Z,midnight,58.594584,-136.768395,53.594584,-136.962821,21.5752667,-158.2733528,556.1047771611666
19855,410,2014-02-15T21:20:10Z,noon,53.594584,-143.685062,58.594584,-136.768395,21.5752667,-158.2733528,701.5128968933398
19855,411,2014-02-16T09:18:55Z,midnight,50.898161,-143.364572,53.594584,-143.685062,21.5752667,-158.2733528,300.6205531352429
19855,412,2014-02-16T21:06:45Z,noon,55.898161,-140.322906,50.898161,-143.364572,21.5752667,-158.2733528,591.2725201271368
19855,413,2014-02-17T08:45:30Z,midnight,50.898161,-134.999299,55.898161,-140.322906,21.5752667,-158.2733528,658.1172776957987
19855,414,2014-02-17T20:37:11Z,noon,51.495337,-132.920132,50.898161,-134.999299,21.5752667,-158.2733528,159.36150159090886
19855,415,2014-02-18T08:41:54Z,midnight,55.161276,-134.085109,51.495337,-132.920132,21.5752667,-158.2733528,414.89445561730975
19855,416,2014-02-18T20:53:14Z,noon,50.161276,-136.918442,55.161276,-134.085109,21.5752667,-158.2733528,587.7710157336826
19855,417,2014-02-19T09:02:06.5Z,midnight,54.976559,-139.119957,50.161276,-136.918442,21.5752667,-158.2733528,555.6504923434758
19855,418,2014-02-19T20:47:42.5Z,noon,59.976559,-135.519957,54.976559,-139.119957,21.5752667,-158.2733528,595.961615415118
19855,419,2014-02-20T08:47:24.5Z,midnight,62.503667,-135.424716,59.976559,-135.519957,21.5752667,-158.2733528,281.0477006860559
19855,420,2014-02-20T21:04:07.5Z,noon,57.503667,-139.603882,62.503667,-135.424716,21.5752667,-158.2733528,602.2641672780525
19855,421,2014-02-21T09:02:42.5Z,midnight,55.096354,-139.226513,57.503667,-139.603882,21.5752667,-158.2733528,268.69043758575117
19855,422,2014-02-21T21:02:52.5Z,noon,54.997187,-139.26818,55.096354,-139.226513,21.5752667,-158.2733528,11.341846390616821
19855,423,2014-02-22T09:05:51Z,midnight,57.976727,-139.985812,54.997187,-139.26818,21.5752667,-158.2733528,334.2211912119422
19855,424,2014-02-22T21:09:21Z,noon,55.982556,-140.860812,57.976727,-139.985812,21.5752667,-158.2733528,227.9871881473342
19855,425,2014-02-23T09:43:15Z,midnight,60.982556,-149.30683,55.982556,-140.860812,21.5752667,-158.2733528,740.574201583354
19855,426,2014-02-23T21:43:45Z,noon,65.982556,-149.43183,60.982556,-149.30683,21.5752667,-158.2733528,556.0089781537191
19855,427,2014-02-24T09:16:15Z,midnight,61.897478,-142.525037,65.982556,-149.43183,21.5752667,-158.2733528,565.1574356893666
19855,428,2014-02-24T21:25:35Z,noon,56.897478,-144.85837,61.897478,-142.525037,21.5752667,-158.2733528,571.3544167499446
19855,429,2014-02-25T09:20:35Z,midnight,54.718742,-143.57382,56.897478,-144.85837,21.5752667,-158.2733528,255.2040203105797
19855,430,2014-02-25T21:25:41.5Z,noon,50.545149,-144.850904,54.718742,-143.57382,21.5752667,-158.2733528,471.9961576772072
19855,431,2014-02-26T09:38:00.5Z,midnight,55.545149,-147.892824,50.545149,-144.850904,21.5752667,-158.2733528,591.8503544738516
19855,432,2014-02-26T21:35:34Z,noon,60.545149,-147.282407,55.545149,-147.892824,21.5752667,-158.2733528,557.1275543749672
19855,433,2014-02-27T09:28:15Z,midnight,59.746161,-145.413358,60.545149,-147.282407,21.5752667,-158.2733528,136.35956838699428
19855,434,2014-02-27T21:35:09Z,noon,54.746161,-147.138358,59.746161,-145.413358,21.5752667,-158.2733528,565.5265035099768
19855,435,2014-02-28T09:37:52.5Z,midnight,58.594198,-147.777154,54.746161,-147.138358,21.5752667,-158.2733528,429.6531559155026
19855,436,2014-02-28T21:36:58.5Z,noon,59.272585,-147.552154,58.594198,-147.777154,21.5752667,-158.2733528,76.5299393589343
19855,437,2014-03-01T09:41:30Z,midnight,64.218192,-148.638446,59.272585,-147.552154,21.5752667,-158.2733528,552.8702434238679
19855,438,2014-03-01T21:41:30Z,noon,64.218192,-148.638446,64.218192,-148.638446,21.5752667,-158.2733528,0.0
19855,439,2014-03-02T09:36:30Z,midnight,62.987189,-147.341054,64.218192,-148.638446,21.5752667,-158.2733528,151.15558321451357
19855,440,2014-03-02T21:23:00Z,noon,67.987189,-143.966054,62.987189,-147.341054,21.5752667,-158.2733528,577.1552201562029
19855,441,2014-03-03T09:19:00Z,midnight,70.0,-142.916298,67.987189,-143.966054,21.5752667,-158.2733528,227.68371135446026
19855,442,2014-03-03T21:35:30Z,noon,65.0,-147.041298,70.0,-142.916298,21.5752667,-158.2733528,582.7051349964523
19855,443,2014-03-04T09:46:30Z,midnight,69.889383,-149.739254,65.0,-147.041298,21.5752667,-158.2733528,555.5841277163978
19855,444,2014-03-04T20:49:30Z,noon,70.0,-135.489254,69.889383,-149.739254,21.5752667,-158.2733528,542.2791650197606
19855,445,2014-03-05T08:45:00Z,midnight,70.0,-134.309999,70.0,-135.489254,21.5752667,-158.2733528,44.84743558203859
19855,446,2014-03-05T21:45:00Z,noon,67.750349,-149.309999,70.0,-134.309999,21.5752667,-158.2733528,648.9628639250151
19855,447,2014-03-06T09:47:00Z,midnight,70.0,-149.75361,67.750349,-149.309999,21.5752667,-158.2733528,250.77897962925232
19855,448,2014-03-06T21:33:00Z,noon,70.0,-146.25361,70.0,-149.75361,21.5752667,-158.2733528,133.0898916351327
19855,449,2014-03-07T09:21:00Z,midnight,70.0,-143.195169,70.0,-146.25361,21.5752667,-158.2733528,116.30308415962223
19855,450,2014-03-07T20:37:00Z,noon,70.0,-132.195169,70.0,-143.195169,21.5752667,-158.2733528,417.7726165179427
19855,451,2014-03-08T08:28:30Z,midnight,70.0,-130.009759,70.0,-132.195169,21.5752667,-158.2733528,83.10867066252084
19855,452,2014-03-09T21:17:30Z,noon,70.0,-142.197465,70.0,-130.009759,21.5752667,-158.2733528,462.73781843917413
19855,453,2014-03-10T09:29:30Z,midnight,70.0,-145.133372,70.0,-142.197465,21.5752667,-158.2733528,111.64441299421907
19855,454,2014-03-10T21:32:00Z,noon,70.0,-145.758372,70.0,-145.133372,21.5752667,-158.2733528,23.769211405609028
19855,455,2014-03-11T09:34:30Z,midnight,70.0,-146.31757,70.0,-145.758372,21.5752667,-158.2733528,21.26673134029787
19855,456,2014-03-11T21:43:00Z,noon,70.0,-148.44257,70.0,-146.31757,21.5752667,-158.2733528,80.81158253620215
19855,457,2014-03-13T09:29:25.5Z,midnight,70.0,-144.912449,70.0,-148.44257,21.5752667,-158.2733528,134.2349446205794
19855,458,2014-03-14T21:26:10.5Z,noon,70.0,-144.029563,70.0,-144.912449,21.5752667,-158.2733528,33.57666003314077
19855,459,2014-03-24T09:37:55Z,midnight,65.0,-146.203253,70.0,-144.029563,21.5752667,-158.2733528,563.5263801620383
19855,460,2014-03-24T21:44:16.5Z,noon,60.0,-147.792836,65.0,-146.203253,21.5752667,-158.2733528,561.8874687509909
19855,461,2014-03-25T09:50:15Z,midnight,55.0,-149.206787,60.0,-147.792836,21.5752667,-158.2733528,562.3217821971039
19855,462,2014-03-26T21:40:52Z,noon,50.0,-146.780893,55.0,-149.206787,21.5752667,-158.2733528,579.6260511880002
19855,463,2014-03-27T09:43:09.5Z,midnight,45.0,-147.273586,50.0,-146.780893,21.5752667,-158.2733528,557.201680165259
19855,464,2014-03-27T21:35:23Z,noon,40.0,-145.329836,45.0,-147.273586,21.5752667,-158.2733528,578.3103481083386
19855,465,2014-03-28T21:51:14.5Z,noon,35.0,-149.214133,40.0,-145.329836,21.5752667,-158.2733528,652.9173868161761
19855,466,2014-03-29T09:53:44Z,midnight,30.0,-149.756798,35.0,-149.214133,21.5752667,-158.2733528,558.2957050217933
19855,467,2014-03-29T21:58:35Z,noon,25.0,-150.969298,30.0,-149.756798,21.5752667,-158.2733528,568.6765666366334
19855,468,2014-03-30T09:49:09.5Z,midnight,30.0,-148.53293,25.0,-150.969298,21.5752667,-158.2733528,605.627248778101
19855,469,2014-03-30T21:41:09.5Z,noon,26.216087,-146.53293,30.0,-148.53293,21.5752667,-158.2733528,464.20322521923475
19855,470,2014-03-31T09:43:24Z,midnight,21.216087,-147.013459,26.216087,-146.53293,21.5752667,-158.2733528,558.1205592765998
19855,471,2014-03-31T21:47:24Z,noon,26.216087,-148.013459,21.216087,-147.013459,21.5752667,-158.2733528,565.2092657901493
19855,472,2014-04-01T09:49:00Z,midnight,23.408413,-148.3339,26.216087,-148.013459,21.5752667,-158.2733528,313.86932724342046
19855,473,2014-04-01T21:59:30Z,noon,28.408413,-150.9589,23.408413,-148.3339,21.5752667,-158.2733528,614.7872504620022
19855,474,2014-04-02T10:01:00Z,midnight,33.408413,-151.254763,28.408413,-150.9589,21.5752667,-158.2733528,556.6897519993208
19855,475,2014-04-02T21:45:30Z,noon,28.408413,-147.379763,33.408413,-151.254763,21.5752667,-158.2733528,667.521724757124
19855,476,2014-04-03T09:48:00Z,midnight,23.408413,-147.926145,28.408413,-147.379763,21.5752667,-158.2733528,558.6510767687772
19855,477,2014-04-04T09:31:00Z,midnight,18.408413,-143.598139,23.408413,-147.926145,21.5752667,-158.2733528,714.8550954493318
19855,478,2014-04-04T20:55:30Z,noon,13.408413,-134.723139,18.408413,-143.598139,21.5752667,-158.2733528,1099.5338405261782
19855,479,2014-04-05T08:55:30Z,midnight,8.408413,-134.645837,13.408413,-134.723139,21.5752667,-158.2733528,556.038650445642
19855,480,2014-04-05T21:39:30Z,noon,13.408413,-145.645837,8.408413,-134.645837,21.5752667,-158.2733528,1323.039978834933
19855,481,2014-04-06T09:44:00Z,midnight,18.408413,-146.69433,13.408413,-145.645837,21.5752667,-158.2733528,567.1588591773364
19855,482,2014-04-06T21:32:30Z,noon,13.408413,-143.81933,18.408413,-146.69433,21.5752667,-158.2733528,635.2575402363005
19855,483,2014-04-07T09:20:30Z,midnight,18.408413,-140.743708,13.408413,-143.81933,21.5752667,-158.2733528,645.9045889858832
19855,484,2014-04-07T21:33:00Z,noon,23.408413,-143.868708,18.408413,-140.743708,21.5752667,-158.2733528,643.7199848019307
19855,485,2014-04-08T09:32:30Z,midnight,28.408413,-143.669059,23.408413,-143.868708,21.5752667,-158.2733528,556.3327332774841
19855,486,2014-04-08T21:34:00Z,noon,33.408413,-144.044059,28.408413,-143.669059,21.5752667,-158.2733528,557.1230252446145
19855,487,2014-04-09T09:38:00Z,midnight,32.524776,-144.970469,33.408413,-144.044059,21.5752667,-158.2733528,130.85597472048462
19855,488,2014-04-09T21:42:30Z,noon,37.026048,-146.095469,32.524776,-144.970469,21.5752667,-158.2733528,510.9436290255175
19855,489,2014-04-10T09:31:00Z,midnight,42.026048,-143.148022,37.026048,-146.095469,21.5752667,-158.2733528,610.6436212439584
19855,490,2014-04-10T21:25:00Z,noon,40.667887,-141.648022,42.026048,-143.148022,21.5752667,-158.2733528,196.17124102233157
19855,491,2014-04-11T09:29:30Z,midnight,35.836935,-142.701802,40.667887,-141.648022,21.5752667,-158.2733528,544.9881360477527
19855,492,2014-04-11T21:52:30Z,noon,40.836935,-148.451802,35.836935,-142.701802,21.5752667,-158.2733528,748.3829754884877
19855,493,2014-04-12T10:22:30Z,midnight,35.836935,-155.88189,40.836935,-148.451802,21.5752667,-158.2733528,853.2722498055889
19855,494,2014-04-12T22:29:46Z,noon,35.090322,-157.698556,35.836935,-155.88189,21.5752667,-158.2733528,184.2832916078664
19855,495,2014-04-13T10:26:42Z,midnight,36.736689,-156.863363,35.090322,-157.698556,21.5752667,-158.2733528,197.91422991529154
19855,496,2014-04-13T22:11:28.5Z,noon,31.736689,-153.057113,36.736689,-156.863363,21.5752667,-158.2733528,656.761862254756
19855,497,2014-04-14T10:11:45.5Z,midnight,26.736689,-153.060882,31.736689,-153.057113,21.5752667,-158.2733528,555.9747533501433
19855,498,2014-04-14T22:41:58Z,noon,31.736689,-160.612965,26.736689,-153.060882,21.5752667,-158.2733528,919.359752652049
19855,499,2014-04-15T10:50:05Z,midnight,36.736689,-162.576604,31.736689,-160.612965,21.5752667,-158.2733528,584.5013430904769
19855,500,2014-04-15T22:41:11Z,noon,33.034,-160.351604,36.736689,-162.576604,21.5752667,-158.2733528,458.98243055653984
19855,501,2014-04-16T10:29:11.5Z,midnight,38.034,-157.289769,33.034,-160.351604,21.5752667,-158.2733528,621.0787321334919
19855,502,2014-04-16T22:34:20.5Z,noon,43.034,-158.577269,38.034,-157.289769,21.5752667,-158.2733528,566.5002867914586
19855,503,2014-04-17T10:24:20Z,midnight,48.034,-156.012944,43.034,-158.577269,21.5752667,-158.2733528,590.6732270004668
19855,504,2014-04-17T22:17:46Z,noon,45.128052,-154.371278,48.034,-156.012944,21.5752667,-158.2733528,346.60911787998265
19855,505,2014-04-18T10:25:28.5Z,midnight,40.128052,-156.237865,45.128052,-154.371278,21.5752667,-158.2733528,576.5199981624538
19855,506,2014-04-18T22:28:03.5Z,noon,41.470175,-156.883699,40.128052,-156.237865,21.5752667,-158.2733528,158.8290442769456
19855,507,2014-04-19T10:25:26.5Z,midnight,42.185411,-156.170846,41.470175,-156.883699,21.5752667,-158.2733528,99.06370718342583
19855,508,2014-04-19T22:23:52Z,noon,41.29437,-155.777096,42.185411,-156.170846,21.5752667,-158.2733528,104.32609936080107
19855,509,2014-04-20T10:18:05.5Z,midnight,43.669357,-154.276532,41.29437,-155.777096,21.5752667,-158.2733528,291.3348432595672
19855,510,2014-04-20T22:17:24Z,noon,43.313324,-154.103615,43.669357,-154.276532,21.5752667,-158.2733528,41.974632831590526
19855,511,2014-04-21T10:32:22Z,midnight,38.313324,-157.790398,43.313324,-154.103615,21.5752667,-158.2733528,636.523829274617
19855,512,2014-04-21T22:26:07Z,noon,33.313324,-156.227898,38.313324,-157.790398,21.5752667,-158.2733528,573.520456494352
19855,513,2014-04-22T10:05:57.5Z,midnight,38.313324,-151.135417,33.313324,-156.227898,21.5752667,-158.2733528,720.8166946779924
19855,514,2014-04-22T22:07:28Z,noon,42.102933,-151.512501,38.313324,-151.135417,21.5752667,-158.2733528,422.598861649083
19855,515,2014-04-23T10:12:59Z,midnight,38.422275,-152.84081,42.102933,-151.512501,21.5752667,-158.2733528,424.4899656441841
19855,516,2014-04-23T22:10:15Z,noon,36.819668,-152.157477,38.422275,-152.84081,21.5752667,-158.2733528,188.08847603024878
19855,517,2014-04-24T10:07:12.5Z,midnight,37.934813,-151.348294,36.819668,-152.157477,21.5752667,-158.2733528,143.1345741398646
19855,518,2014-04-24T22:04:03.5Z,noon,36.097956,-150.560794,37.934813,-151.348294,21.5752667,-158.2733528,215.88220841140367
19855,519,2014-04-25T10:02:34Z,midnight,36.343389,-150.14125,36.097956,-150.560794,21.5752667,-158.2733528,46.489042954975766
19855,520,2014-04-25T22:05:18.5Z,noon,37.898932,-150.826667,36.343389,-150.14125,21.5752667,-158.2733528,183.33181584970308
19855,521,2014-04-26T09:53:22Z,midnight,42.898932,-147.796805,37.898932,-150.826667,21.5752667,-158.2733528,612.20673239944
19855,522,2014-04-26T21:54:10Z,noon,43.568821,-147.996805,42.898932,-147.796805,21.5752667,-158.2733528,76.22998870824571
19855,523,2014-04-27T09:51:16Z,midnight,44.205418,-147.229585,43.568821,-147.996805,21.5752667,-158.2733528,93.75949380582071
19855,524,2014-04-27T21:40:59Z,noon,39.486551,-144.658752,44.205418,-147.229585,21.5752667,-158.2733528,566.2000034263555
19855,525,2014-04-28T09:48:15.5Z,midnight,35.025835,-146.437544,39.486551,-144.658752,21.5752667,-158.2733528,520.359741761128
19855,526,2014-04-28T21:33:00.5Z,noon,30.025835,-142.625044,35.025835,-146.437544,21.5752667,-158.2733528,660.8139742335884
19855,527,2014-04-29T09:27:48Z,midnight,28.327217,-141.285301,30.025835,-142.625044,21.5752667,-158.2733528,229.32670532118107
19855,528,2014-04-29T22:07:22.5Z,noon,33.327217,-151.179051,28.327217,-141.285301,21.5752667,-158.2733528,1095.36178011244
19855,529,2014-04-30T10:12:35Z,midnight,38.327217,-152.445805,33.327217,-151.179051,21.5752667,-158.2733528,567.5641480156268
19855,530,2014-04-30T22:06:52.5Z,noon,42.917004,-151.018722,38.327217,-152.445805,21.5752667,-158.2733528,524.3568274549666
19855,531,2014-05-01T10:12:30Z,midnight,39.938631,-152.392001,42.917004,-151.018722,21.5752667,-158.2733528,350.3982862534824
19855,532,2014-05-01T22:24:00Z,noon,44.692245,-155.267001,39.938631,-152.392001,21.5752667,-158.2733528,578.9284656438329
19855,533,2014-05-02T10:40:00Z,midnight,39.692245,-159.236414,44.692245,-155.267001,21.5752667,-158.2733528,644.8195827794775
19855,534,2014-05-02T22:54:30Z,noon,43.591485,-162.861414,39.692245,-159.236414,21.5752667,-158.2733528,527.8207461141357
19855,535,2014-05-03T10:58:00Z,midnight,41.68757,-163.708233,43.591485,-162.861414,21.5752667,-158.2733528,222.74604580058846
19855,536,2014-05-03T23:24:30Z,noon,46.68757,-170.333233,41.68757,-163.708233,21.5752667,-158.2733528,766.3615160342424
19855,537,2014-05-04T11:33:30Z,midnight,47.459664,-172.557478,46.68757,-170.333233,21.5752667,-158.2733528,189.04968899852219
19855,538,2014-05-04T23:29:30Z,noon,46.166677,-171.557478,47.459664,-172.557478,21.5752667,-158.2733528,162.66783408033575
19855,539,2014-05-05T12:04:00Z,midnight,41.166677,179.840837,46.166677,-171.557478,21.5752667,-158.2733528,886.6999245592721
19855,540,2014-05-06T00:17:30Z,noon,37.470117,176.486698,41.166677,179.840837,21.5752667,-158.2733528,502.1060553592744
19855,541,2014-05-06T12:15:00Z,midnight,38.119764,177.111698,37.470117,176.486698,21.5752667,-158.2733528,90.74154226200969
19855,542,2014-05-07T00:23:30Z,noon,41.618226,175.005098,38.119764,177.111698,21.5752667,-158.2733528,428.50863266291054
19855,543,2014-05-07T12:31:00Z,midnight,38.09957,173.130098,41.618226,175.005098,21.5752667,-158.2733528,422.69325168064785
19855,544,2014-05-08T00:42:00Z,noon,42.477374,170.396031,38.09957,173.130098,21.5752667,-158.2733528,539.1248842767951
19855,545,2014-05-08T12:44:30Z,midnight,41.096601,169.771031,42.477374,170.396031,21.5752667,-158.2733528,162.042309164752
19855,546,2014-05-09T00:54:30Z,noon,44.643378,167.284494,41.096601,169.771031,21.5752667,-158.2733528,443.34097132832335
19855,547,2014-05-09T12:54:30Z,midnight,44.210591,167.284494,44.643378,167.284494,21.5752667,-158.2733528,48.12371871771876
19855,548,2014-05-10T00:55:30Z,noon,44.538803,167.045489,44.210591,167.284494,21.5752667,-158.2733528,41.1433030653057
19855,549,2014-05-10T12:39:00Z,midnight,48.939254,171.170489,44.538803,167.045489,21.5752667,-158.2733528,581.3758655963011
19855,550,2014-05-11T00:45:30Z,noon,50.564158,169.554021,48.939254,171.170489,21.5752667,-158.2733528,214.77227999673767
19855,551,2014-05-11T12:43:00Z,midnight,50.760157,170.179021,50.564158,169.554021,21.5752667,-158.2733528,49.149457328271374
19855,552,2014-05-12T00:38:30Z,noon,49.682212,171.310097,50.760157,170.179021,21.5752667,-158.2733528,144.3652029611353
19855,553,2014-05-12T12:30:00Z,midnight,51.287439,173.435097,49.682212,171.310097,21.5752667,-158.2733528,233.3546181156769
19855,554,2014-05-13T00:36:20Z,noon,52.637336,171.855395,51.287439,173.435097,21.5752667,-158.2733528,185.044929322769
19855,555,2014-05-13T12:32:45Z,midnight,52.993336,172.751228,52.637336,171.855395,21.5752667,-158.2733528,72.05152600348039
19855,556,2014-05-14T00:14:43.5Z,noon,49.016125,177.25868,52.993336,172.751228,21.5752667,-158.2733528,542.9515223998467
19855,557,2014-05-14T12:16:08.5Z,midnight,48.296216,176.904513,49.016125,177.25868,21.5752667,-158.2733528,84.17095801409292
19855,558,2014-05-15T00:40:50Z,noon,53.296216,170.730387,48.296216,176.904513,21.5752667,-158.2733528,704.7315007650201
19855,559,2014-05-15T12:35:28Z,midnight,54.272838,172.072053,53.296216,170.730387,21.5752667,-158.2733528,139.85942186567354
19855,560,2014-05-16T00:41:32Z,noon,55.293522,170.551786,54.272838,172.072053,21.5752667,-158.2733528,149.60649619037235
19855,561,2014-05-16T12:38:11.5Z,midnight,55.506386,171.387202,55.293522,170.551786,21.5752667,-158.2733528,57.8158931865606
19855,562,2014-05-17T00:28:36Z,noon,53.914568,173.779152,55.506386,171.387202,21.5752667,-158.2733528,234.36423504582322
19855,563,2014-05-17T12:34:57.5Z,midnight,52.43255,172.189568,53.914568,173.779152,21.5752667,-158.2733528,195.89942896108627
19855,564,2014-05-18T00:51:27Z,noon,55.280913,168.058346,52.43255,172.189568,21.5752667,-158.2733528,416.65492283296555
19855,565,2014-05-18T12:56:53.5Z,midnight,54.095848,166.697929,55.280913,168.058346,21.5752667,-158.2733528,158.13764242375154
19855,566,2014-05-19T00:45:22.5Z,noon,52.029896,169.566481,54.095848,166.697929,21.5752667,-158.2733528,299.1390555787206
19855,567,2014-05-19T13:13:03Z,midnight,47.029896,162.647731,52.029896,169.566481,21.5752667,-158.2733528,746.630257047212
19855,568,2014-05-20T01:16:36Z,noon,46.336541,161.747342,47.029896,162.647731,21.5752667,-158.2733528,103.2535751436112
19855,569,2014-05-20T13:17:38.5Z,midnight,45.758491,161.486926,46.336541,161.747342,21.5752667,-158.2733528,67.34496315063542
19855,570,2014-05-21T01:10:51Z,noon,43.90698,163.169716,45.758491,161.486926,21.5752667,-158.2733528,244.9245536975017
19855,571,2014-05-21T13:17:49Z,midnight,41.540437,161.428049,43.90698,163.169716,21.5752667,-158.2733528,299.1273323933558
19855,572,2014-05-22T01:01:41.5Z,noon,36.540437,165.441975,41.540437,161.428049,21.5752667,-158.2733528,655.0093620780867
19855,573,2014-05-22T12:43:30Z,midnight,41.540437,169.989892,36.540437,165.441975,21.5752667,-158.2733528,680.4867580063357
19855,574,2014-05-23T00:42:50.5Z,noon,41.683614,170.134996,41.540437,169.989892,21.5752667,-158.2733528,19.97468691398704
19855,575,2014-05-23T12:38:44.5Z,midnight,42.621102,171.159996,41.683614,170.134996,21.5752667,-158.2733528,134.18586351179277
19855,576,2014-05-24T00:48:11Z,noon,45.204239,168.777992,42.621102,171.159996,21.5752667,-158.2733528,344.7962589842415
19855,577,2014-05-24T12:31:56Z,midnight,48.758292,172.840492,45.204239,168.777992,21.5752667,-158.2733528,500.99861027691486
19855,578,2014-05-25T00:31:28Z,noon,48.658407,172.93351,48.758292,172.840492,21.5752667,-158.2733528,13.036266579412068
19855,579,2014-05-25T12:54:05Z,midnight,43.658407,167.279344,48.658407,172.93351,21.5752667,-158.2733528,705.809473385292
19855,580,2014-05-26T00:57:26Z,noon,43.756993,166.416186,43.658407,167.279344,21.5752667,-158.2733528,70.24094945692114
19855,581,2014-05-26T13:22:40.5Z,midnight,38.756993,160.10577,43.756993,166.416186,21.5752667,-158.2733528,765.9349218666549
19855,582,2014-05-27T01:19:26Z,noon,34.381995,160.888574,38.756993,160.10577,21.5752667,-158.2733528,491.46844505163216
19855,583,2014-05-27T13:21:40.5Z,midnight,33.298759,160.328157,34.381995,160.888574,21.5752667,-158.2733528,131.09944639626713
19855,584,2014-05-28T01:05:29Z,noon,28.298759,164.346563,33.298759,160.328157,21.5752667,-158.2733528,675.4328379134453
19855,585,2014-05-28T12:52:12Z,midnight,31.943805,167.667397,28.298759,164.346563,21.5752667,-158.2733528,515.9600047074358
19855,586,2014-05-29T00:49:40Z,noon,30.923171,168.26938,31.943805,167.667397,21.5752667,-158.2733528,127.04982714676052
19855,587,2014-05-29T12:25:22.5Z,midnight,35.923171,174.342297,30.923171,168.26938,21.5752667,-158.2733528,791.3288428172295
19855,588,2014-05-30T00:26:14.5Z,noon,39.649205,174.092504,35.923171,174.342297,21.5752667,-158.2733528,414.89660357963237
19855,589,2014-05-30T12:11:21.5Z,midnight,43.62695,177.813337,39.649205,174.092504,21.5752667,-158.2733528,539.5368956599394
19855,590,2014-05-31T00:24:57.5Z,noon,46.876574,174.378497,43.62695,177.813337,21.5752667,-158.2733528,450.30568383064434
19855,591,2014-05-31T12:35:34Z,midnight,44.183905,171.726414,46.876574,174.378497,21.5752667,-158.2733528,363.71490891242786
19855,592,2014-06-01T00:37:19Z,noon,44.616041,171.252427,44.183905,171.726414,21.5752667,-158.2733528,61.04829722735248
19855,593,2014-06-01T12:19:30Z,midnight,48.3708,175.706594,44.616041,171.252427,21.5752667,-158.2733528,538.8546143177826
19855,594,2014-06-02T00:22:30Z,noon,48.961167,174.918529,48.3708,175.706594,21.5752667,-158.2733528,87.51358389997834
19855,595,2014-06-02T12:28:30Z,midnight,47.579243,173.418529,48.961167,174.918529,21.5752667,-158.2733528,189.56402423848502
19855,596,2014-06-03T00:32:00Z,noon,48.290299,172.503958,47.579243,173.418529,21.5752667,-158.2733528,104.3708171930452
19855,597,2014-06-03T12:21:00Z,midnight,50.184476,175.253958,48.290299,172.503958,21.5752667,-158.2733528,290.1753949823436
19855,598,2014-06-04T00:23:00Z,noon,50.533875,174.712953,50.184476,175.253958,21.5752667,-158.2733528,54.61055063833516
19855,599,2014-06-04T12:35:00Z,midnight,48.154849,171.712953,50.533875,174.712953,21.5752667,-158.2733528,342.304917043567
19855,600,2014-06-05T00:14:30Z,noon,43.609543,176.795588,48.154849,171.712953,21.5752667,-158.2733528,640.1868128315052
19855,601,2014-06-05T12:04:30Z,midnight,45.801182,179.295588,43.609543,176.795588,21.5752667,-158.2733528,313.6930203578127
19855,602,2014-06-06T00:35:30Z,noon,50.801182,171.501941,45.801182,179.295588,21.5752667,-158.2733528,800.0926276135577
140,1,2013-05-30T10:35:22.5Z,midnight,21.348085,-158.19083,21.5752667,-158.2733528,21.5752667,-158.2733528,26.665899206536224
140,2,2013-05-30T22:20:28.5Z,noon,16.348085,-154.46583,21.348085,-158.19083,21.5752667,-158.2733528,680.1672146123351
140,3,2013-05-31T10:25:23.5Z,midnight,11.348085,-155.729836,16.348085,-154.46583,21.5752667,-158.2733528,572.46543807039
140,4,2013-05-31T22:20:47.5Z,noon,7.75238,-154.579836,11.348085,-155.729836,21.5752667,-158.2733528,419.2318747220387
140,5,2013-06-01T10:30:31.5Z,midnight,2.75238,-157.049656,7.75238,-154.579836,21.5752667,-158.2733528,619.5558143183612
140,6,2013-06-01T22:44:35Z,noon,7.75238,-160.564239,2.75238,-157.049656,21.5752667,-158.2733528,678.5694952736151
140,7,2013-06-02T10:30:16.5Z,midnight,12.75238,-157.025221,7.75238,-160.564239,21.5752667,-158.2733528,677.4619749529365
140,8,2013-06-02T22:06:06.5Z,noon,7.75238,-150.983554,12.75238,-157.025221,21.5752667,-158.2733528,863.6041219514268
140,9,2013-06-03T10:08:20Z,midnight,2.960048,-151.579375,7.75238,-150.983554,21.5752667,-158.2733528,536.9476778403824
140,10,2013-06-03T22:36:40Z,noon,7.960048,-158.662709,2.960048,-151.579375,21.5752667,-158.2733528,960.9606301144049
140,11,2013-06-04T10:33:45Z,midnight,12.960048,-157.974547,7.960048,-158.662709,21.5752667,-158.2733528,561.0402521238798
140,12,2013-06-04T22:35:00Z,noon,17.960048,-158.287047,12.960048,-157.974547,21.5752667,-158.2733528,556.9816611292533
140,13,2013-06-05T10:41:15Z,midnight,17.596514,-159.891912,17.960048,-158.287047,21.5752667,-158.2733528,174.67176822319632
140,14,2013-06-05T22:43:15.5Z,noon,18.619452,-160.393995,17.596514,-159.891912,21.5752667,-158.2733528,125.51386521226853
140,15,2013-06-06T10:46:15.5Z,midnight,16.993613,-161.187643,18.619452,-160.393995,21.5752667,-158.2733528,199.35470357949575
140,16,2013-06-07T10:34:42Z,noon,21.993613,-176.187643,16.993613,-161.187643,21.5752667,-158.2733528,1666.5960361292682
140,17,2013-06-08T10:27:43Z,midnight,16.993613,-161.187643,21.993613,-176.187643,21.5752667,-158.2733528,1666.5960361292682
140,18,2013-06-08T22:29:46Z,noon,15.524421,-157.155552,16.993613,-161.187643,21.5752667,-158.2733528,460.35693886957466
140,19,2013-06-09T10:32:30Z,midnight,14.02195,-157.885903,15.524421,-157.155552,21.5752667,-158.2733528,184.6007720834557
140,20,2013-06-09T22:35:00Z,noon,15.333662,-158.510903,14.02195,-157.885903,21.5752667,-158.2733528,160.6031466340562
140,21,2013-06-10T10:27:30Z,midnight,19.051938,-156.683879,15.333662,-158.510903,21.5752667,-158.2733528,456.71945995766305
140,22,2013-06-10T22:34:57Z,noon,22.589202,-158.546379,19.051938,-156.683879,21.5752667,-158.2733528,438.36009053511293
140,23,2013-06-11T10:42:27Z,midnight,18.958411,-160.470229,22.589202,-158.546379,21.5752667,-158.2733528,450.5336799279284
140,24,2013-06-11T22:18:28Z,noon,13.958411,-154.474396,18.958411,-160.470229,21.5752667,-158.2733528,847.0937095297139
140,25,2013-06-12T23:14:21Z,noon,8.958411,-168.494869,13.958411,-154.474396,21.5752667,-158.2733528,1625.2872879006318
140,26,2013-06-13T10:34:31.5Z,midnight,13.958411,-158.58896,8.958411,-168.494869,21.5752667,-158.2733528,1213.9001603678755
140,27,2013-06-13T22:14:59.5Z,noon,13.1007,-153.705626,13.958411,-158.58896,21.5752667,-158.2733528,536.4646026345018
140,28,2013-06-14T10:15:44.5Z,midnight,12.666879,-153.944081,13.1007,-153.705626,21.5752667,-158.2733528,54.727129752529066
140,29,2013-06-14T22:17:41.5Z,noon,13.691735,-154.431581,12.666879,-153.944081,21.5752667,-158.2733528,125.58750822065976
140,30,2013-06-15T10:17:47Z,midnight,13.609123,-154.505978,13.691735,-154.431581,21.5752667,-158.2733528,12.20684769550852
140,31,2013-06-15T22:17:47Z,noon,13.609123,-154.505978,13.609123,-154.505978,21.5752667,-158.2733528,0.0
140,32,2013-06-16T10:16:59Z,midnight,13.994479,-154.357894,13.609123,-154.505978,21.5752667,-158.2733528,45.73613624497419
140,33,2013-06-16T22:38:13Z,noon,18.994479,-159.666228,13.994479,-154.357894,21.5752667,-158.2733528,793.1918117189223
140,34,2013-06-17T10:38:34Z,midnight,23.966336,-159.805989,18.994479,-159.666228,21.5752667,-158.2733528,553.0342072372833
140,35,2013-06-17T22:37:53Z,noon,23.665812,-159.635156,23.966336,-159.805989,21.5752667,-158.2733528,37.6653645629755
140,36,2013-06-18T10:45:34Z,midnight,20.132136,-161.608505,23.665812,-159.635156,21.5752667,-158.2733528,442.5173751990792
140,37,2013-06-18T22:45:21Z,noon,20.030065,-161.554338,20.132136,-161.608505,21.5752667,-158.2733528,12.68141826391585
140,38,2013-06-19T10:36:36Z,midnight,23.983026,-159.419518,20.030065,-161.554338,21.5752667,-158.2733528,491.54028314227804
140,39,2013-06-19T22:26:15Z,noon,19.249406,-156.832018,23.983026,-159.419518,21.5752667,-158.2733528,590.3680100062085
140,40,2013-06-20T10:26:45Z,midnight,18.995278,-157.009769,19.249406,-156.832018,21.5752667,-158.2733528,33.87082152407717
140,41,2013-06-20T22:23:09Z,noon,17.24669,-156.109769,18.995278,-157.009769,21.5752667,-158.2733528,216.44849048870498
140,42,2013-06-21T10:28:41.5Z,midnight,14.455538,-157.547917,17.24669,-156.109769,21.5752667,-158.2733528,346.38636788610773
140,43,2013-06-21T22:42:03.5Z,noon,19.455538,-160.889583,14.455538,-157.547917,21.5752667,-158.2733528,659.7944249559944
140,44,2013-06-22T11:04:46Z,midnight,14.455538,-166.619286,19.455538,-160.889583,21.5752667,-158.2733528,824.7253643870324
140,45,2013-06-22T23:02:51Z,noon,9.455538,-166.14012,14.455538,-166.619286,21.5752667,-158.2733528,558.4110144493742
140,46,2013-06-23T10:37:59Z,midnight,14.455538,-159.975869,9.455538,-166.14012,21.5752667,-158.2733528,870.8750282364418
140,47,2013-06-23T22:39:34.5Z,noon,19.455538,-160.373786,14.455538,-159.975869,21.5752667,-158.2733528,557.5819009889763
140,48,2013-06-24T10:46:56.5Z,midnight,18.365173,-162.267573,19.455538,-160.373786,21.5752667,-158.2733528,233.20386001493907
140,49,2013-06-24T22:35:13.5Z,noon,13.365173,-159.338406,18.365173,-162.267573,21.5752667,-158.2733528,638.1117626340001
140,50,2013-06-25T10:25:33Z,midnight,17.383375,-156.971391,13.365173,-159.338406,21.5752667,-158.2733528,513.8146087739937
140,51,2013-06-25T22:36:17.5Z,noon,22.383375,-159.656807,17.383375,-156.971391,21.5752667,-158.2733528,622.8059402270362
140,52,2013-06-26T10:36:25Z,midnight,22.414415,-159.739314,22.383375,-159.656807,21.5752667,-158.2733528,9.157524311392446
140,53,2013-06-26T22:15:27Z,noon,17.414415,-154.497647,22.414415,-159.739314,21.5752667,-158.2733528,780.4582892807375
140,54,2013-06-27T10:35:00Z,midnight,12.414415,-159.435836,17.414415,-154.497647,21.5752667,-158.2733528,768.3873299389584
140,55,2013-06-27T22:50:19Z,noon,9.871955,-163.265003,12.414415,-159.435836,21.5752667,-158.2733528,504.39120620219313
140,56,2013-06-28T10:31:57.5Z,midnight,14.871955,-158.72545,9.871955,-163.265003,21.5752667,-158.2733528,742.9849347194759
140,57,2013-06-28T22:40:33.5Z,noon,19.871955,-160.87545,14.871955,-158.72545,21.5752667,-158.2733528,600.9354894392461
140,58,2013-06-29T10:39:59Z,midnight,23.571301,-160.780984,19.871955,-160.87545,21.5752667,-158.2733528,411.4641774470205
140,59,2013-06-29T22:31:04Z,noon,19.457388,-158.551817,23.571301,-160.780984,21.5752667,-158.2733528,512.2497879377264
140,60,2013-06-30T10:30:21Z,midnight,19.845681,-158.421099,19.457388,-158.551817,21.5752667,-158.2733528,45.2941666285144
140,61,2013-06-30T22:32:51Z,noon,21.025581,-159.046099,19.845681,-158.421099,21.5752667,-158.2733528,146.47164859407252
140,62,2013-07-01T10:33:53.5Z,midnight,20.590625,-159.354042,21.025581,-159.046099,21.5752667,-158.2733528,57.99730589372865
140,63,2013-07-01T22:20:49Z,noon,15.590625,-156.085292,20.590625,-159.354042,21.5752667,-158.2733528,654.5040231651124
140,64,2013-07-02T10:23:34Z,midnight,12.686939,-156.819309,15.590625,-156.085292,21.5752667,-158.2733528,332.4318380005486
140,65,2013-07-02T22:24:08.5Z,noon,12.992187,-156.963059,12.686939,-156.819309,21.5752667,-158.2733528,37.34890209779468
140,66,2013-07-03T10:19:55Z,midnight,15.253019,-155.952232,12.992187,-156.963059,21.5752667,-158.2733528,274.00360710633635
140,67,2013-07-03T22:34:55Z,noon,20.253019,-159.702232,15.253019,-155.952232,21.5752667,-158.2733528,683.1393015994444
140,68,2013-07-04T10:35:39.5Z,midnight,22.306218,-159.931894,20.253019,-159.702232,21.5752667,-158.2733528,229.5418982998117
140,69,2013-07-04T22:32:20Z,noon,20.747104,-159.100644,22.306218,-159.931894,21.5752667,-158.2733528,193.51508232230898
140,70,2013-07-05T10:31:29.5Z,midnight,21.226821,-158.933213,20.747104,-159.100644,21.5752667,-158.2733528,56.10281269677131
140,71,2013-07-05T22:29:54Z,noon,20.468009,-158.535296,21.226821,-158.933213,21.5752667,-158.2733528,93.96313283521602
140,72,2013-07-06T10:29:30Z,midnight,20.745635,-158.476941,20.468009,-158.535296,21.5752667,-158.2733528,31.462402587428247
140,73,2013-07-06T22:22:32.5Z,noon,17.309308,-156.737357,20.745635,-158.476941,21.5752667,-158.2733528,423.5888066117157
140,74,2013-07-07T10:25:05.5Z,midnight,16.078472,-157.415082,17.309308,-156.737357,21.5752667,-158.2733528,154.7306989697395
140,75,2013-07-07T22:39:30Z,noon,21.078472,-161.017165,16.078472,-157.415082,21.5752667,-158.2733528,673.1439676301026
140,76,2013-07-08T10:40:15.5Z,midnight,22.901809,-161.245476,21.078472,-161.017165,21.5752667,-158.2733528,204.10765431995893
140,77,2013-07-08T22:40:18.5Z,noon,22.925091,-161.257976,22.901809,-161.245476,21.5752667,-158.2733528,2.888107601022024
140,78,2013-07-09T10:43:14Z,midnight,21.654701,-162.02638,22.925091,-161.257976,21.5752667,-158.2733528,161.87781589292
140,79,2013-07-09T22:46:45Z,noon,23.313718,-162.905546,21.654701,-162.02638,21.5752667,-158.2733528,205.39950672988095
140,80,2013-07-10T10:49:17.5Z,midnight,22.237325,-163.57647,23.313718,-162.905546,21.5752667,-158.2733528,138.04677784584726
140,81,2013-07-10T22:48:36.5Z,noon,21.910481,-163.405637,22.237325,-163.57647,21.5752667,-158.2733528,40.38217097947721
140,82,2013-07-11T10:55:38.5Z,midnight,18.539643,-165.197759,21.910481,-163.405637,21.5752667,-158.2733528,418.8556544887648
140,83,2013-07-11T22:53:10.5Z,noon,17.264414,-164.581092,18.539643,-165.197759,21.5752667,-158.2733528,156.09075433913958
140,84,2013-07-12T11:06:58.5Z,midnight,12.264414,-168.063093,17.264414,-164.581092,21.5752667,-158.2733528,670.2018128783113
140,85,2013-07-12T23:26:31.5Z,noon,17.264414,-172.950593,12.264414,-168.063093,21.5752667,-158.2733528,764.8904240150562
140,86,2013-07-13T11:21:58Z,midnight,22.264414,-171.841154,17.264414,-172.950593,21.5752667,-158.2733528,567.9562717510598
140,87,2013-07-13T23:27:01.5Z,noon,25.074773,-173.105737,22.264414,-171.841154,21.5752667,-158.2733528,337.98711428550166
140,88,2013-07-14T11:30:03.5Z,midnight,23.812695,-173.892295,25.074773,-173.105737,21.5752667,-158.2733528,161.3493161693232
140,89,2013-07-14T23:25:22.5Z,noon,21.538711,-172.721462,23.812695,-173.892295,21.5752667,-158.2733528,279.93476107773284
140,90,2013-07-15T11:30:18.5Z,midnight,19.173036,-173.981036,21.538711,-172.721462,21.5752667,-158.2733528,293.9983953921146
140,91,2013-07-15T23:36:56Z,noon,22.524865,-175.637286,19.173036,-173.981036,21.5752667,-158.2733528,410.51032745746375
140,92,2013-07-16T11:33:31.5Z,midnight,24.339509,-174.8094,22.524865,-175.637286,21.5752667,-158.2733528,218.7423615949286
140,93,2013-07-16T23:36:31.5Z,noon,25.749805,-175.5594,24.339509,-174.8094,21.5752667,-158.2733528,174.06865212207646
140,94,2013-07-17T11:46:15Z,midnight,21.185231,-178.012746,25.749805,-175.5594,21.5752667,-158.2733528,565.8435315651334
140,95,2013-07-17T23:53:04Z,noon,24.560509,-179.716913,21.185231,-178.012746,21.5752667,-158.2733528,413.92013187123655
140,96,2013-07-18T11:49:19Z,midnight,26.516695,-178.799353,24.560509,-179.716913,21.5752667,-158.2733528,236.19392382848284
140,97,2013-07-18T23:55:00Z,noon,29.071026,179.779814,26.516695,-178.799353,21.5752667,-158.2733528,316.5432545650605
140,98,2013-07-19T11:55:37.5Z,midnight,29.009876,179.605833,29.071026,179.779814,21.5752667,-158.2733528,18.229201198441636
140,99,2013-07-19T23:58:07.5Z,noon,30.096383,178.980833,29.009876,179.605833,21.5752667,-158.2733528,135.09495186212206
140,100,2013-07-20T11:56:45Z,midnight,30.909185,179.30911,30.096383,178.980833,21.5752667,-158.2733528,95.69520638672188
140,101,2013-07-21T00:06:24Z,noon,34.780586,176.883442,30.909185,179.30911,21.5752667,-158.2733528,486.4325675988587
140,102,2013-07-21T12:07:06.5Z,midnight,34.759307,176.706359,34.780586,176.883442,21.5752667,-158.2733528,16.347063755279994
140,103,2013-07-22T00:12:46.5Z,noon,36.86079,175.278873,34.759307,176.706359,21.5752667,-158.2733528,266.7738198071361
140,104,2013-07-22T12:14:04Z,midnight,36.656296,174.955957,36.86079,175.278873,21.5752667,-158.2733528,36.66867790063353
140,105,2013-07-23T00:11:30.5Z,noon,35.708561,175.587111,36.656296,174.955957,21.5752667,-158.2733528,119.64206002387547
140,106,2013-07-23T12:19:52.5Z,midnight,32.661762,173.495444,35.708561,175.587111,21.5752667,-158.2733528,389.58029641746595
140,107,2013-07-24T00:27:07Z,noon,35.551915,171.679027,32.661762,173.495444,21.5752667,-158.2733528,362.2590923984199
140,108,2013-07-24T12:39:20.5Z,midnight,30.788221,168.622777,35.551915,171.679027,21.5752667,-158.2733528,601.1551483088775
140,109,2013-07-25T00:21:51.5Z,noon,25.788221,172.990071,30.788221,168.622777,21.5752667,-158.2733528,701.2378566101293
140,110,2013-07-25T12:12:48Z,midnight,27.123852,175.254655,25.788221,172.990071,21.5752667,-158.2733528,269.9529531356648
140,111,2013-07-26T00:51:08Z,noon,32.123852,165.670277,27.123852,175.254655,21.5752667,-158.2733528,1079.730898361474
140,112,2013-07-26T12:55:48.5Z,midnight,37.123852,164.501527,32.123852,165.670277,21.5752667,-158.2733528,566.1509420879515
140,113,2013-07-27T00:49:42.5Z,noon,38.970335,166.028006,37.123852,164.501527,21.5752667,-158.2733528,244.98688131865975
140,114,2013-07-27T13:01:40.5Z,midnight,34.719753,163.036339,38.970335,166.028006,21.5752667,-158.2733528,542.372469567463
140,115,2013-07-28T01:11:47.5Z,noon,38.624732,160.511199,34.719753,163.036339,21.5752667,-158.2733528,489.08506468935974
140,116,2013-07-28T13:07:31Z,midnight,40.45927,161.579949,38.624732,160.511199,21.5752667,-158.2733528,223.62651006007934
140,117,2013-07-29T01:10:16.5Z,noon,41.389666,160.896962,40.45927,161.579949,21.5752667,-158.2733528,118.30225228641993
140,118,2013-07-29T13:23:52.5Z,midnight,36.800158,157.496962,41.389666,160.896962,21.5752667,-158.2733528,588.54227303233
140,119,2013-07-30T01:28:58Z,noon,38.747416,156.233231,36.800158,157.496962,21.5752667,-158.2733528,243.3448556904616
140,120,2013-07-30T13:27:27Z,midnight,39.651575,156.612398,38.747416,156.233231,21.5752667,-158.2733528,105.71341488266513
140,121,2013-07-31T01:23:20Z,noon,38.114791,157.653355,39.651575,156.612398,21.5752667,-158.2733528,193.17804829379304
140,122,2013-07-31T13:29:51Z,midnight,35.858431,156.024188,38.114791,157.653355,21.5752667,-158.2733528,289.6198343160565
140,123,2013-08-01T01:46:52.5Z,noon,40.858431,151.782345,35.858431,156.024188,21.5752667,-158.2733528,667.5543487331529
140,124,2013-08-01T14:04:55.5Z,midnight,35.858431,147.269845,40.858431,151.782345,21.5752667,-158.2733528,680.8838954595698
140,125,2013-08-02T02:00:47Z,noon,33.97728,148.322294,35.858431,147.269845,21.5752667,-158.2733528,230.13032026378076
140,126,2013-08-02T14:02:44Z,midnight,33.453803,147.834794,33.97728,148.322294,21.5752667,-158.2733528,73.6290864652182
140,127,2013-08-03T02:01:04Z,noon,32.674046,148.271124,33.453803,147.834794,21.5752667,-158.2733528,95.76536377029849
140,128,2013-08-03T13:56:34Z,midnight,35.121899,149.396124,32.674046,148.271124,21.5752667,-158.2733528,291.3141476783992
140,129,2013-08-04T01:48:17.5Z,noon,31.207423,151.48717,35.121899,149.396124,21.5752667,-158.2733528,476.7691239812473
140,130,2013-08-04T13:48:07.5Z,midnight,31.667614,151.528837,31.207423,151.48717,21.5752667,-158.2733528,51.32336633322545
140,131,2013-08-05T01:36:37Z,noon,26.667614,154.430848,31.667614,151.528837,21.5752667,-158.2733528,623.2184669203002
140,132,2013-08-05T13:27:50.5Z,midnight,30.655141,156.624598,26.667614,154.430848,21.5752667,-158.2733528,492.31683502746773
140,133,2013-08-06T01:29:46Z,noon,31.648455,156.170902,30.655141,156.624598,21.5752667,-158.2733528,118.5892951751824
140,134,2013-08-06T13:29:27.5Z,midnight,32.207646,156.247985,31.648455,156.170902,21.5752667,-158.2733528,62.60328207377618
140,135,2013-08-07T01:32:30Z,noon,33.726339,155.517741,32.207646,156.247985,21.5752667,-158.2733528,182.09279868534878
140,136,2013-08-07T13:24:32Z,midnight,37.846761,157.509408,33.726339,155.517741,21.5752667,-158.2733528,492.0951367020035
140,137,2013-08-08T01:22:12.5Z,noon,36.81139,158.123437,37.846761,157.509408,21.5752667,-158.2733528,127.28625168697377
140,138,2013-08-08T13:23:46.5Z,midnight,36.539688,157.73177,36.81139,158.123437,21.5752667,-158.2733528,46.182501018988745
140,139,2013-08-09T01:35:21Z,noon,41.486797,154.873391,36.539688,157.73177,21.5752667,-158.2733528,602.8882961129545
140,140,2013-08-09T13:43:55.5Z,midnight,38.367667,152.729641,41.486797,154.873391,21.5752667,-158.2733528,392.0210964931987
140,141,2013-08-10T01:24:40.5Z,noon,33.367667,157.580086,38.367667,152.729641,21.5752667,-158.2733528,706.956481046733
140,142,2013-08-10T13:35:00Z,midnight,28.367667,154.998836,33.367667,157.580086,21.5752667,-158.2733528,608.0474779188984
140,143,2013-08-11T01:37:31Z,noon,23.95946,154.410165,28.367667,154.998836,21.5752667,-158.2733528,493.6755481339457
140,144,2013-08-11T13:37:17Z,midnight,24.51458,154.468499,23.95946,154.410165,21.5752667,-158.2733528,62.00925274829043
140,145,2013-08-12T01:51:43.5Z,noon,29.51458,150.901104,24.51458,154.468499,21.5752667,-158.2733528,658.6702955736334
140,146,2013-08-12T13:47:42.5Z,midnight,34.51458,151.905271,29.51458,150.901104,21.5752667,-158.2733528,563.967205449688
140,147,2013-08-13T01:18:15Z,noon,29.51458,159.315375,34.51458,151.905271,21.5752667,-158.2733528,892.3883839595259
140,148,2013-08-13T13:25:00Z,midnight,24.51458,157.627875,29.51458,159.315375,21.5752667,-158.2733528,580.5350646609512
140,149,2013-08-14T01:58:04Z,noon,29.51458,149.409195,24.51458,157.627875,21.5752667,-158.2733528,985.3861168857624
140,150,2013-08-14T14:05:51Z,midnight,30.723033,147.463362,29.51458,149.409195,21.5752667,-158.2733528,230.39017896374256
140,151,2013-08-15T02:19:48Z,noon,35.723033,144.02628,30.723033,147.463362,21.5752667,-158.2733528,641.2239736204945
140,152,2013-08-15T14:17:09Z,midnight,40.227389,144.68878,35.723033,144.02628,21.5752667,-158.2733528,504.21170371899757
140,153,2013-08-16T02:21:31.5Z,noon,42.213316,143.64784,40.227389,144.68878,21.5752667,-158.2733528,237.36265421385093
140,154,2013-08-16T14:40:17Z,midnight,37.213316,138.958257,42.213316,143.64784,21.5752667,-158.2733528,685.3206379823107
140,155,2013-08-17T02:29:05.5Z,noon,32.213316,141.811336,37.213316,138.958257,21.5752667,-158.2733528,614.0072295488882
140,156,2013-08-17T14:16:50.5Z,midnight,34.320245,144.873836,32.213316,141.811336,21.5752667,-158.2733528,368.6885033362851
140,157,2013-08-18T02:18:51.5Z,noon,35.49684,144.427138,34.320245,144.873836,21.5752667,-158.2733528,137.02517208321052
140,158,2013-08-18T14:52:13Z,midnight,30.49684,136.087554,35.49684,144.427138,21.5752667,-158.2733528,955.4084915678392
140,159,2013-08-19T02:54:39.5Z,noon,25.49684,135.536865,30.49684,136.087554,21.5752667,-158.2733528,558.5943876015061
140,160,2013-08-19T14:24:05Z,midnight,30.49684,143.180615,25.49684,135.536865,21.5752667,-158.2733528,933.5323898540283
140,161,2013-08-20T02:19:07.5Z,noon,33.481441,144.482134,30.49684,143.180615,21.5752667,-158.2733528,353.833796364162
140,162,2013-08-20T14:24:24.5Z,midnight,30.544391,143.161301,33.481441,144.482134,21.5752667,-158.2733528,349.51287313454634
140,163,2013-08-21T02:25:21.5Z,noon,31.208625,142.987891,30.544391,143.161301,21.5752667,-158.2733528,75.69081287560103
140,164,2013-08-21T14:17:51.5Z,midnight,36.208625,144.862891,31.208625,142.987891,21.5752667,-158.2733528,582.3596807903848
140,165,2013-08-22T02:17:09.5Z,noon,36.288247,145.104079,36.208625,144.862891,21.5752667,-158.2733528,23.370317881632484
140,166,2013-08-22T14:18:28Z,midnight,36.139545,144.776995,36.288247,145.104079,21.5752667,-158.2733528,33.68191712497162
140,167,2013-08-23T02:19:29Z,noon,36.777377,144.591054,36.139545,144.776995,21.5752667,-158.2733528,72.84704386485873
140,168,2013-08-23T14:16:06Z,midnight,39.510951,145.436887,36.777377,144.591054,21.5752667,-158.2733528,312.8254000307609
140,169,2013-08-24T02:15:09.5Z,noon,38.956733,145.742504,39.510951,145.436887,21.5752667,-158.2733528,67.0122265617773
140,170,2013-08-24T14:22:31.5Z,midnight,34.944224,143.900838,38.956733,145.742504,21.5752667,-158.2733528,475.2058093423879
140,171,2013-08-25T02:20:27Z,noon,33.476601,144.491698,34.944224,143.900838,21.5752667,-158.2733528,171.9982168063391
140,172,2013-08-25T14:17:50.5Z,midnight,36.04248,145.143782,33.476601,144.491698,21.5752667,-158.2733528,291.46253451232195
140,173,2013-08-26T02:17:29.5Z,noon,35.800552,145.305234,36.04248,145.143782,21.5752667,-158.2733528,30.578390473625685
140,174,2013-08-26T14:19:31.5Z,midnight,35.108614,144.796901,35.800552,145.305234,21.5752667,-158.2733528,89.66415824275391
140,175,2013-08-27T02:21:33.5Z,noon,36.558313,144.364292,35.108614,144.796901,21.5752667,-158.2733528,165.84896243131445
140,176,2013-08-27T14:39:38Z,midnight,31.558313,139.845542,36.558313,144.364292,21.5752667,-158.2733528,694.3360875267547
140,177,2013-08-28T02:29:00.5Z,noon,26.558313,142.579215,31.558313,139.845542,21.5752667,-158.2733528,616.1325472487673
140,178,2013-08-28T14:08:56.5Z,midnight,31.444378,147.595882,26.558313,142.579215,21.5752667,-158.2733528,729.9970528264084
140,179,2013-08-29T01:56:33Z,noon,26.444378,150.772845,31.444378,147.595882,21.5752667,-158.2733528,636.043145961502
140,180,2013-08-29T14:05:50Z,midnight,21.444378,148.452011,26.444378,150.772845,21.5752667,-158.2733528,603.8860174499757
140,181,2013-08-30T13:20:51Z,midnight,26.444378,159.778436,21.444378,148.452011,21.5752667,-158.2733528,1277.4893353949662
140,182,2013-08-31T01:14:25.5Z,noon,23.573904,161.466743,26.444378,159.778436,21.5752667,-158.2733528,361.6779351644606
140,183,2013-08-31T13:11:21Z,midnight,27.657709,162.235493,23.573904,161.466743,21.5752667,-158.2733528,460.589109393998
140,184,2013-09-01T01:12:27Z,noon,28.789444,162.043932,27.657709,162.235493,21.5752667,-158.2733528,127.23494374037297
140,185,2013-09-01T12:58:01.5Z,midnight,33.789444,165.650182,28.789444,162.043932,21.5752667,-158.2733528,652.9665592436796
140,186,2013-09-02T00:47:32Z,noon,33.498664,168.357836,33.789444,165.650182,21.5752667,-158.2733528,252.71473707587566
140,187,2013-09-02T12:45:32.5Z,midnight,36.264782,168.855753,33.498664,168.357836,21.5752667,-158.2733528,310.9119723904999
140,188,2013-09-03T00:41:09.5Z,noon,32.144127,170.037536,36.264782,168.855753,21.5752667,-158.2733528,470.89537976519966
140,189,2013-09-03T12:38:48Z,midnight,35.425644,170.62712,32.144127,170.037536,21.5752667,-158.2733528,368.93130388388636
140,190,2013-09-04T00:43:09Z,noon,39.277568,169.626693,35.425644,170.62712,21.5752667,-158.2733528,437.33838519650516
140,191,2013-09-04T12:50:59Z,midnight,34.277568,167.66836,39.277568,169.626693,21.5752667,-158.2733528,582.6455772002255
140,192,2013-09-05T00:49:27Z,noon,31.341038,168.139801,34.277568,167.66836,21.5752667,-158.2733528,329.4849215109919
140,193,2013-09-05T12:52:43Z,midnight,28.556461,167.323134,31.341038,168.139801,21.5752667,-158.2733528,319.4681784830372
140,194,2013-09-06T00:51:50Z,noon,27.446556,167.633017,28.556461,167.323134,21.5752667,-158.2733528,127.11021402648709
140,195,2013-09-06T13:00:05Z,midnight,22.446556,165.570517,27.446556,167.633017,21.5752667,-158.2733528,593.5501537500111
140,196,2013-09-08T00:49:41.5Z,noon,27.446556,168.348984,22.446556,165.570517,21.5752667,-158.2733528,622.4900807995573
140,197,2013-09-08T12:56:48Z,midnight,22.446556,166.5719,27.446556,168.348984,21.5752667,-158.2733528,584.1013918897453
140,198,2013-09-09T00:50:00Z,noon,17.446556,168.36321,22.446556,166.5719,21.5752667,-158.2733528,586.6290462868517
140,199,2013-09-09T12:54:11Z,midnight,12.446556,167.317377,17.446556,168.36321,21.5752667,-158.2733528,567.2055164364193
140,200,2013-09-11T00:59:20.5Z,noon,7.446556,166.211995,12.446556,167.317377,21.5752667,-158.2733528,568.9942440494151
140,201,2013-09-11T12:41:03Z,midnight,12.446556,170.784912,7.446556,166.211995,21.5752667,-158.2733528,748.1797120335341
140,202,2013-09-12T00:30:51Z,noon,17.446556,173.427606,12.446556,170.784912,21.5752667,-158.2733528,624.2201873481788
140,203,2013-09-23T01:30:32Z,midnight,12.446556,-171.572394,17.446556,173.427606,21.5752667,-158.2733528,1703.8251281452388
140,204,2013-10-08T02:10:07.5Z,noon,17.446556,173.427606,12.446556,-171.572394,21.5752667,-158.2733528,1703.8251281452388
140,205,2013-10-09T01:59:28Z,noon,22.446556,158.427606,17.446556,173.427606,21.5752667,-158.2733528,1662.3752966676632
140,206,2013-10-09T13:59:07.5Z,midnight,27.446556,153.626639,22.446556,158.427606,21.5752667,-158.2733528,736.9731107462725
140,207,2013-10-10T14:22:42.5Z,midnight,32.446556,147.79278,27.446556,153.626639,21.5752667,-158.2733528,790.3059639458468
140,208,2013-10-11T02:04:59Z,noon,37.446556,152.283567,32.446556,147.79278,21.5752667,-158.2733528,690.1843138702261
140,209,2013-10-11T14:01:44Z,midnight,42.446556,153.096067,37.446556,152.283567,21.5752667,-158.2733528,560.2639384818527
140,210,2013-10-12T02:13:04Z,noon,47.446556,150.319756,42.446556,153.096067,21.5752667,-158.2733528,597.2625674567208
140,211,2013-10-14T01:49:30Z,noon,52.446556,156.317636,47.446556,150.319756,21.5752667,-158.2733528,701.8444072727652
140,212,2013-10-14T13:41:11.5Z,midnight,49.451866,158.394719,52.446556,156.317636,21.5752667,-158.2733528,363.35862026370734
140,213,2013-10-15T01:29:26.5Z,noon,54.451866,161.381271,49.451866,158.394719,21.5752667,-158.2733528,592.3146699397377
140,214,2013-10-15T13:35:00Z,midnight,59.451866,159.991688,54.451866,161.381271,21.5752667,-158.2733528,562.2912276762493
140,215,2013-10-16T01:54:40Z,noon,54.451866,155.121283,59.451866,159.991688,21.5752667,-158.2733528,629.1644645317192
140,216,2013-10-16T14:08:25Z,midnight,56.392379,151.683783,54.451866,155.121283,21.5752667,-158.2733528,305.89824378720147
140,217,2013-10-17T02:12:00Z,noon,53.471518,150.831358,56.392379,151.683783,21.5752667,-158.2733528,329.3120402168647
140,218,2013-10-17T14:10:45Z,midnight,50.641747,151.143858,53.471518,150.831358,21.5752667,-158.2733528,315.37988704215053
140,219,2013-10-18T02:09:10Z,noon,52.046452,151.580188,50.641747,151.143858,21.5752667,-158.2733528,159.10817617955186
140,220,2013-10-18T14:00:16Z,midnight,47.046452,153.805188,52.046452,151.580188,21.5752667,-158.2733528,578.6111046044936
140,221,2013-10-19T14:13:05Z,midnight,45.18815,150.638549,47.046452,153.805188,21.5752667,-158.2733528,319.753834688438
140,222,2013-10-20T01:56:32Z,noon,50.18815,154.810555,45.18815,150.638549,21.5752667,-158.2733528,637.4326180011544
140,223,2013-10-20T14:02:51Z,midnight,55.18815,153.231389,50.18815,154.810555,21.5752667,-158.2733528,566.0317552631975
140,224,2013-10-21T02:08:45Z,noon,56.768723,151.787823,55.18815,153.231389,21.5752667,-158.2733528,197.35843825236063
140,225,2013-10-21T14:06:55.5Z,midnight,54.329915,152.244073,56.768723,151.787823,21.5752667,-158.2733528,272.69578518615805
140,226,2013-10-22T02:17:12.5Z,noon,49.329915,149.701554,54.329915,152.244073,21.5752667,-158.2733528,582.681213306976
140,227,2013-10-22T14:22:47Z,midnight,49.86793,148.307804,49.329915,149.701554,21.5752667,-158.2733528,116.90938783248302
140,228,2013-10-23T02:18:45Z,noon,52.624435,149.341289,49.86793,148.307804,21.5752667,-158.2733528,314.82861172748727
140,229,2013-10-23T14:11:41Z,midnight,47.624435,151.107955,52.624435,149.341289,21.5752667,-158.2733528,570.0138502070564
140,230,2013-10-24T02:12:11Z,noon,45.973549,151.004903,47.624435,151.107955,21.5752667,-158.2733528,183.73762008457686
140,231,2013-10-24T14:18:30Z,midnight,49.411178,149.425737,45.973549,151.004903,21.5752667,-158.2733528,400.0786476563454
140,232,2013-10-25T02:04:43.5Z,noon,54.411178,152.888194,49.411178,149.425737,21.5752667,-158.2733528,604.3962243840732
140,233,2013-10-25T14:18:02Z,midnight,59.411178,149.561111,54.411178,152.888194,21.5752667,-158.2733528,591.3406496959188
140,234,2013-10-26T02:28:59Z,noon,57.274609,146.839043,59.411178,149.561111,21.5752667,-158.2733528,285.7416474407052
140,235,2013-10-26T14:14:21.5Z,midnight,52.274609,150.495293,57.274609,146.839043,21.5752667,-158.2733528,603.1918002448656
140,236,2013-10-27T02:19:41Z,noon,47.274609,149.176171,52.274609,150.495293,21.5752667,-158.2733528,563.9599541013298
140,237,2013-10-27T14:18:57.5Z,midnight,43.015003,149.357421,47.274609,149.176171,21.5752667,-158.2733528,473.8594424473437
140,238,2013-10-28T02:19:42.5Z,noon,42.456045,149.178717,43.015003,149.357421,21.5752667,-158.2733528,63.84389703091889
140,239,2013-10-28T14:20:00Z,midnight,41.72225,149.1058,42.456045,149.178717,21.5752667,-158.2733528,81.81582330721757
140,240,2013-10-29T02:10:45Z,noon,46.72225,151.423741,41.72225,149.1058,21.5752667,-158.2733528,585.7813292701657
140,241,2013-10-29T14:15:29Z,midnight,49.752641,150.240408,46.72225,151.423741,21.5752667,-158.2733528,348.1618267084774
140,242,2013-10-30T02:24:23.5Z,noon,44.752641,148.01539,49.752641,150.240408,21.5752667,-158.2733528,580.7124873108878
140,243,2013-10-30T14:21:57Z,midnight,41.821485,148.625807,44.752641,148.01539,21.5752667,-158.2733528,329.6503781466536
140,244,2013-10-31T02:16:02.5Z,noon,45.682688,150.101565,41.821485,148.625807,21.5752667,-158.2733528,445.3852458186382
140,245,2013-10-31T14:27:51Z,midnight,50.682688,147.149481,45.682688,150.101565,21.5752667,-158.2733528,597.3780795926087
140,246,2013-11-01T02:24:12.5Z,noon,52.976079,148.055168,50.682688,147.149481,21.5752667,-158.2733528,262.49255476075905
140,247,2013-11-01T14:06:21.5Z,midnight,47.976079,152.517668,52.976079,148.055168,21.5752667,-158.2733528,639.1060784784814
140,248,2013-11-02T01:56:54Z,noon,48.031473,154.874109,47.976079,152.517668,21.5752667,-158.2733528,175.41695295882224
140,249,2013-11-02T14:18:09Z,midnight,53.031473,149.561609,48.031473,154.874109,21.5752667,-158.2733528,670.4915907355789
140,250,2013-11-03T02:20:00Z,noon,55.858188,149.087548,53.031473,149.561609,21.5752667,-158.2733528,315.8053366114783
140,251,2013-11-03T14:04:25.5Z,midnight,50.858188,152.981298,55.858188,149.087548,21.5752667,-158.2733528,612.852863176164
140,252,2013-11-04T02:14:57Z,noon,45.858188,150.335066,50.858188,152.981298,21.5752667,-158.2733528,589.249843508056
140,253,2013-11-04T14:22:36.5Z,midnight,46.223722,148.420483,45.858188,150.335066,21.5752667,-158.2733528,153.26097390154004
140,254,2013-11-05T02:17:05Z,noon,48.967776,149.783333,46.223722,148.420483,21.5752667,-158.2733528,321.7689342849421
140,255,2013-11-05T14:08:11.5Z,midnight,43.967776,152.00625,48.967776,149.783333,21.5752667,-158.2733528,581.386369894077
140,256,2013-11-06T02:08:43Z,noon,43.411074,151.853187,43.967776,152.00625,21.5752667,-158.2733528,63.11393104895646
140,257,2013-11-06T14:25:12Z,midnight,48.411074,147.732354,43.411074,151.853187,21.5752667,-158.2733528,640.6692350009112
140,258,2013-11-07T02:19:46Z,noon,52.860756,149.06547,48.411074,147.732354,21.5752667,-158.2733528,503.61112450797845
140,259,2013-11-07T14:07:33.5Z,midnight,47.860756,152.117554,52.860756,149.06547,21.5752667,-158.2733528,596.503179507526
140,260,2013-11-08T02:18:02Z,noon,42.860756,149.470196,47.860756,152.117554,21.5752667,-158.2733528,593.1064589709732
140,261,2013-11-08T14:20:16.5Z,midnight,42.2509,148.909779,42.860756,149.470196,21.5752667,-158.2733528,81.88758191884197
140,262,2013-11-09T02:10:21.5Z,noon,47.168603,151.356963,42.2509,148.909779,21.5752667,-158.2733528,579.9318906581941
140,263,2013-11-09T14:22:41.5Z,midnight,51.634727,148.27363,47.168603,151.356963,21.5752667,-158.2733528,544.3025154916415
140,264,2013-11-10T02:31:44Z,noon,48.009109,145.977876,51.634727,148.27363,21.5752667,-158.2733528,435.43712897230523
140,265,2013-11-10T14:22:45.5Z,midnight,43.241377,148.221626,48.009109,145.977876,21.5752667,-158.2733528,558.0556956199378
140,266,2013-11-11T02:20:47Z,noon,44.210625,148.676708,43.241377,148.221626,21.5752667,-158.2733528,113.80978697684507
140,267,2013-11-11T14:24:14.5Z,midnight,45.259814,147.812124,44.210625,148.676708,21.5752667,-158.2733528,135.18118499506795
140,268,2013-11-12T02:21:54Z,noon,46.309221,148.355569,45.259814,147.812124,21.5752667,-158.2733528,124.06387688978235
140,269,2013-11-12T14:27:18Z,midnight,48.027701,147.005569,46.309221,148.355569,21.5752667,-158.2733528,216.62213080736498
140,270,2013-11-13T02:28:42.5Z,noon,47.452588,146.60824,48.027701,147.005569,21.5752667,-158.2733528,70.51447344430325
140,271,2013-11-13T14:15:48.5Z,midnight,42.452588,149.83324,47.452588,146.60824,21.5752667,-158.2733528,611.016234227202
140,272,2013-11-14T02:19:33Z,noon,39.105802,148.849339,42.452588,149.83324,21.5752667,-158.2733528,381.2469715491989
140,273,2013-11-14T14:27:03Z,midnight,42.353189,146.974339,39.105802,148.849339,21.5752667,-158.2733528,394.11630865506584
140,274,2013-11-15T02:14:35.5Z,noon,47.353189,150.037237,42.353189,146.974339,21.5752667,-158.2733528,606.0099952228369
140,275,2013-11-15T14:10:43Z,midnight,45.661876,151.005987,47.353189,150.037237,21.5752667,-158.2733528,202.14709336822594
140,276,2013-11-16T02:10:48Z,noon,45.627213,150.930308,45.661876,151.005987,21.5752667,-158.2733528,7.033248331149759
140,277,2013-11-16T14:10:23Z,midnight,44.970756,151.034474,45.627213,150.930308,21.5752667,-158.2733528,73.44794938219407
140,278,2013-11-17T01:54:44Z,noon,49.970756,154.889013,44.970756,151.034474,21.5752667,-158.2733528,626.7268404869131
140,279,2013-11-17T13:53:35.5Z,midnight,49.9685,155.17443,49.970756,154.889013,21.5752667,-158.2733528,20.414514080829854
140,280,2013-11-18T02:19:10.5Z,noon,44.9685,148.717568,49.9685,155.17443,21.5752667,-158.2733528,737.4612802730537
140,281,2013-11-18T14:19:55.5Z,midnight,39.9685,148.530068,44.9685,148.717568,21.5752667,-158.2733528,556.186827503599
140,282,2013-11-19T02:10:26.5Z,noon,43.70579,150.836856,39.9685,148.530068,21.5752667,-158.2733528,457.35296031119253
140,283,2013-11-19T14:00:50Z,midnight,38.959503,153.23894,43.70579,150.836856,21.5752667,-158.2733528,564.5173890992637
140,284,2013-11-20T01:59:50Z,noon,39.434981,153.421933,38.959503,153.23894,21.5752667,-158.2733528,55.17223629181041
140,285,2013-11-20T14:04:51Z,midnight,41.318536,152.167766,39.434981,153.421933,21.5752667,-158.2733528,234.83837130934046
140,286,2013-11-21T01:54:45Z,noon,45.475991,154.622855,41.318536,152.167766,21.5752667,-158.2733528,502.9811101775552
140,287,2013-11-21T13:48:45Z,midnight,42.677913,156.122855,45.475991,154.622855,21.5752667,-158.2733528,333.39143121662397
140,288,2013-11-22T02:03:45Z,noon,37.677913,152.3001,42.677913,156.122855,21.5752667,-158.2733528,643.7071893721901
140,289,2013-11-22T14:01:03Z,midnight,34.062762,152.9751,37.677913,152.3001,21.5752667,-158.2733528,406.5577708489001
140,290,2013-11-23T01:53:38Z,noon,37.734108,154.753732,34.062762,152.9751,21.5752667,-158.2733528,438.5196576802882
140,291,2013-11-23T13:53:50Z,midnight,37.477994,154.703732,37.734108,154.753732,21.5752667,-158.2733528,28.81717421936426
140,292,2013-11-24T01:49:24Z,noon,39.505343,155.733819,37.477994,154.703732,21.5752667,-158.2733528,242.59807919388064
140,293,2013-11-24T13:41:44Z,midnight,35.600448,157.650485,39.505343,155.733819,21.5752667,-158.2733528,465.88648481083885
140,294,2013-11-25T01:37:45Z,noon,37.491796,158.565428,35.600448,157.650485,21.5752667,-158.2733528,225.62856874649592
140,295,2013-11-25T13:54:10Z,midnight,42.491796,154.461262,37.491796,158.565428,21.5752667,-158.2733528,656.574442750259
140,296,2013-11-26T01:56:33.5Z,noon,43.117843,153.779885,42.491796,154.461262,21.5752667,-158.2733528,89.08319073962821
140,297,2013-11-26T13:54:16.5Z,midnight,41.895518,154.350718,43.117843,153.779885,21.5752667,-158.2733528,143.74460514918323
140,298,2013-11-27T02:00:10Z,noon,39.459882,152.791845,41.895518,154.350718,21.5752667,-158.2733528,301.03402585751587
140,299,2013-11-27T14:10:33Z,midnight,43.321903,150.196012,39.459882,152.791845,21.5752667,-158.2733528,480.8797599417887
140,300,2013-11-28T02:17:48.5Z,noon,40.467031,148.293056,43.321903,150.196012,21.5752667,-158.2733528,354.34926417298897
140,301,2013-11-28T14:16:25.5Z,midnight,39.601774,148.638889,40.467031,148.293056,21.5752667,-158.2733528,100.61630328857062
140,302,2013-11-29T02:19:31.5Z,noon,38.284254,147.77318,39.601774,148.638889,21.5752667,-158.2733528,164.5219535215852
140,303,2013-11-29T14:34:53.5Z,midnight,43.284254,143.931513,38.284254,147.77318,21.5752667,-158.2733528,643.0343230785527
140,304,2013-11-30T02:26:38Z,noon,46.871667,145.903134,43.284254,143.931513,21.5752667,-158.2733528,427.85125398800665
140,305,2013-11-30T14:09:39Z,midnight,41.871667,150.148967,46.871667,145.903134,21.5752667,-158.2733528,650.1483283724712
140,306,2013-12-01T02:21:41.5Z,noon,36.871667,147.04342,41.871667,150.148967,21.5752667,-158.2733528,616.6248320965775
140,307,2013-12-01T14:22:32.5Z,midnight,35.501347,146.83092,36.871667,147.04342,21.5752667,-158.2733528,153.56129852509463
140,308,2013-12-02T02:23:29.5Z,noon,35.070529,146.49621,35.501347,146.83092,21.5752667,-158.2733528,56.7258341822661
140,309,2013-12-02T14:20:12.5Z,midnight,33.326864,147.317043,35.070529,146.49621,21.5752667,-158.2733528,208.0621097855872
140,310,2013-12-03T02:21:25Z,noon,32.755156,146.91576,33.326864,147.317043,21.5752667,-158.2733528,73.75874466656535
140,311,2013-12-03T14:26:40Z,midnight,34.972329,145.60326,32.755156,146.91576,21.5752667,-158.2733528,274.7048903996526
140,312,2013-12-04T02:16:06.5Z,noon,39.44633,148.141745,34.972329,145.60326,21.5752667,-158.2733528,545.8545094653223
140,313,2013-12-04T14:16:31.5Z,midnight,39.396462,148.037579,39.44633,148.141745,21.5752667,-158.2733528,10.526521018611986
140,314,2013-12-05T02:20:56Z,noon,37.605534,146.832594,39.396462,148.037579,21.5752667,-158.2733528,225.05599137621755
140,315,2013-12-05T14:22:11Z,midnight,37.922146,146.520094,37.605534,146.832594,21.5752667,-158.2733528,44.654633624611535
140,316,2013-12-06T02:23:32.5Z,noon,37.361436,146.075903,37.922146,146.520094,21.5752667,-158.2733528,73.59952008320633
140,317,2013-12-06T14:25:29Z,midnight,37.971663,145.590486,37.361436,146.075903,21.5752667,-158.2733528,80.18520630111239
140,318,2013-12-07T02:22:29.5Z,noon,39.166384,146.232185,37.971663,145.590486,21.5752667,-158.2733528,144.08438261737246
140,319,2013-12-07T14:22:46Z,midnight,39.094937,146.163435,39.166384,146.232185,21.5752667,-158.2733528,9.913674324067184
140,320,2013-12-08T02:22:33Z,noon,39.179485,146.109875,39.094937,146.163435,21.5752667,-158.2733528,10.47488810495662
140,321,2013-12-08T14:20:34Z,midnight,38.231883,146.605708,39.179485,146.109875,21.5752667,-158.2733528,113.8136363019129
140,322,2013-12-09T02:15:28Z,noon,40.203607,147.771572,38.231883,146.605708,21.5752667,-158.2733528,241.14963411250113
140,323,2013-12-09T14:19:24Z,midnight,41.488883,146.788239,40.203607,147.771572,21.5752667,-158.2733528,165.12278554511124
140,324,2013-12-10T02:26:15Z,noon,38.934236,144.965298,41.488883,146.788239,21.5752667,-158.2733528,323.48236675433606
140,325,2013-12-10T14:30:27Z,midnight,40.378027,143.915298,38.934236,144.965298,21.5752667,-158.2733528,183.98987161322873
140,326,2013-12-11T02:35:33Z,noon,38.440433,142.528655,40.378027,143.915298,21.5752667,-158.2733528,246.184094662638
140,327,2013-12-11T14:32:07Z,midnight,36.943703,143.386988,38.440433,142.528655,21.5752667,-158.2733528,182.76079251079227
140,328,2013-12-12T02:27:08.5Z,noon,38.905313,144.518,36.943703,143.386988,21.5752667,-158.2733528,239.61527273450292
140,329,2013-12-12T14:15:01Z,midnight,33.905313,147.54925,38.905313,144.518,21.5752667,-158.2733528,618.5231641845934
140,330,2013-12-13T02:11:37.5Z,noon,35.275373,148.283438,33.905313,147.54925,21.5752667,-158.2733528,166.5078031414708
140,331,2013-12-13T13:58:34.5Z,midnight,30.275373,151.545938,35.275373,148.283438,21.5752667,-158.2733528,634.0385652424316
140,332,2013-12-14T01:57:22Z,noon,29.895244,151.73341,30.275373,151.545938,21.5752667,-158.2733528,45.95618021240505
140,333,2013-12-14T13:54:40Z,midnight,28.527021,152.40841,29.895244,151.73341,21.5752667,-158.2733528,165.64345433441116
140,334,2013-12-15T01:44:09.5Z,noon,33.351314,154.920109,28.527021,152.40841,21.5752667,-158.2733528,587.4312838036149
140,335,2013-12-15T13:37:08Z,midnight,30.103109,156.676359,33.351314,154.920109,21.5752667,-158.2733528,397.5267345137838
140,336,2013-12-16T01:15:52Z,noon,35.103109,161.876976,30.103109,156.676359,21.5752667,-158.2733528,738.9506671192545
140,337,2013-12-16T12:59:05Z,midnight,32.080975,166.072809,35.103109,161.876976,21.5752667,-158.2733528,513.6785639250107
140,338,2013-12-17T00:50:26Z,noon,35.78176,168.118705,32.080975,166.072809,21.5752667,-158.2733528,452.69907276921634
140,339,2013-12-17T12:34:31.5Z,midnight,30.78176,172.095788,35.78176,168.118705,21.5752667,-158.2733528,667.5092561111888
140,340,2013-12-18T00:18:36Z,noon,35.726569,175.959989,30.78176,172.095788,21.5752667,-158.2733528,656.6829756488601
140,341,2013-12-18T12:13:19Z,midnight,33.457308,177.280822,35.726569,175.959989,21.5752667,-158.2733528,279.79265608398657
140,342,2013-12-18T23:58:47Z,noon,38.457308,-179.085845,33.457308,177.280822,21.5752667,-158.2733528,644.8771751126453
140,343,2013-12-19T11:57:55Z,midnight,38.912857,-178.986561,38.457308,-179.085845,21.5752667,-158.2733528,51.3825381944953
140,344,2013-12-19T23:55:05.5Z,noon,39.95265,-178.280311,38.912857,-178.986561,21.5752667,-158.2733528,130.56287477161663
140,345,2013-12-20T11:31:28Z,midnight,34.95265,-172.491667,39.95265,-178.280311,21.5752667,-158.2733528,754.7636952855045
140,346,2013-12-20T23:19:21Z,noon,35.482454,-169.4625,34.95265,-172.491667,21.5752667,-158.2733528,281.4003757057305
140,347,2013-12-21T11:21:41Z,midnight,36.407292,-170.163551,35.482454,-169.4625,21.5752667,-158.2733528,120.6569191519378
140,348,2013-12-21T23:12:28Z,noon,39.916251,-167.859384,36.407292,-170.163551,21.5752667,-158.2733528,439.0712857673525
140,349,2013-12-22T11:12:59Z,midnight,40.093908,-168.106269,39.916251,-167.859384,21.5752667,-158.2733528,28.851772505870372
140,350,2013-12-22T23:13:04Z,noon,40.063901,-168.127102,40.093908,-168.106269,21.5752667,-158.2733528,3.7782083625154144
140,351,2013-12-23T11:25:32.5Z,midnight,44.261227,-171.36346,40.063901,-168.127102,21.5752667,-158.2733528,537.4616549470413
140,352,2013-12-23T23:19:58.5Z,noon,45.948815,-169.971793,44.261227,-171.36346,21.5752667,-158.2733528,217.11410826076695
140,353,2013-12-24T11:10:00Z,midnight,42.85996,-167.595429,45.948815,-169.971793,21.5752667,-158.2733528,391.87919332705513
140,354,2013-12-24T23:20:10.5Z,noon,39.311364,-170.139179,42.85996,-167.595429,21.5752667,-158.2733528,448.44016399725064
140,355,2013-12-25T11:19:19Z,midnight,39.018049,-170.04165,39.311364,-170.139179,21.5752667,-158.2733528,33.68153985022359
140,356,2013-12-25T23:05:59Z,noon,43.632874,-166.708317,39.018049,-170.04165,21.5752667,-158.2733528,583.6492139404107
140,357,2013-12-26T11:04:09.5Z,midnight,43.078473,-166.368679,43.632874,-166.708317,21.5752667,-158.2733528,67.48573336612162
140,358,2013-12-26T23:10:47Z,noon,40.825016,-168.024929,43.078473,-166.368679,21.5752667,-158.2733528,285.5480601732744
140,359,2013-12-27T11:08:16Z,midnight,39.971726,-167.511823,40.825016,-168.024929,21.5752667,-158.2733528,104.35673753246166
140,360,2013-12-27T23:09:45.5Z,noon,39.425602,-167.884739,39.971726,-167.511823,21.5752667,-158.2733528,68.59712920650847
140,361,2013-12-28T11:07:40.5Z,midnight,38.705893,-167.479306,39.425602,-167.884739,21.5752667,-158.2733528,87.34772017664649
140,362,2013-12-28T23:02:44Z,noon,40.523391,-166.243889,38.705893,-167.479306,21.5752667,-158.2733528,228.12020471444157
140,363,2013-12-29T10:55:52Z,midnight,38.039706,-164.641854,40.523391,-166.243889,21.5752667,-158.2733528,308.66639017275645
140,364,2013-12-29T22:53:14Z,noon,39.042065,-163.983521,38.039706,-164.641854,21.5752667,-158.2733528,125.30290447749499
140,365,2013-12-30T11:05:23.5Z,midnight,43.391981,-167.13686,39.042065,-163.983521,21.5752667,-158.2733528,550.8204266037086
140,366,2013-12-30T22:58:34.5Z,noon,45.537925,-165.432694,43.391981,-167.13686,21.5752667,-158.2733528,274.2608596645521
140,367,2013-12-31T10:47:24.5Z,midnight,42.026162,-162.753802,45.537925,-165.432694,21.5752667,-158.2733528,445.73068619442796
140,368,2013-12-31T22:51:58Z,noon,40.415244,-163.893385,42.026162,-162.753802,21.5752667,-158.2733528,202.90022369709084
140,369,2014-01-01T10:49:48Z,midnight,39.724357,-163.351718,40.415244,-163.893385,21.5752667,-158.2733528,89.5890120878884
140,370,2014-01-01T22:32:27.5Z,noon,44.724357,-159.016302,39.724357,-163.351718,21.5752667,-158.2733528,660.483866852311
140,371,2014-01-02T10:27:44.5Z,midnight,44.217234,-157.948824,44.724357,-159.016302,21.5752667,-158.2733528,101.75579632893842
140,372,2014-01-02T22:33:18.5Z,noon,42.365305,-159.34049,44.217234,-157.948824,21.5752667,-158.2733528,234.70776269208773
140,373,2014-01-03T10:40:22Z,midnight,44.824891,-161.215572,42.365305,-159.34049,21.5752667,-158.2733528,312.38798126836656
140,374,2014-01-03T22:42:20Z,noon,44.195054,-161.707239,44.824891,-161.215572,21.5752667,-158.2733528,80.1548874311883
140,375,2014-01-04T10:32:35Z,midnight,40.990624,-159.378946,44.195054,-161.707239,21.5752667,-158.2733528,404.0437823967056
140,376,2014-01-04T22:33:01Z,noon,40.832877,-159.48728,40.990624,-159.378946,21.5752667,-158.2733528,19.7623172800237
140,377,2014-01-05T10:28:58.5Z,midnight,39.473968,-158.584678,40.832877,-159.48728,21.5752667,-158.2733528,169.4579373173793
140,378,2014-01-05T22:35:20Z,noon,36.953683,-160.174261,39.473968,-158.584678,21.5752667,-158.2733528,312.75139773660436
140,379,2014-01-06T11:19:24Z,midnight,41.953683,-171.297252,36.953683,-160.174261,21.5752667,-158.2733528,1103.7262654028548
140,380,2014-01-06T23:07:12.5Z,noon,46.953683,-168.249335,41.953683,-171.297252,21.5752667,-158.2733528,606.2034979777229
140,381,2014-01-07T10:12:25Z,midnight,41.953683,-154.656153,46.953683,-168.249335,21.5752667,-158.2733528,1211.4619756553518
140,382,2014-01-07T22:10:39Z,noon,38.589535,-154.214487,41.953683,-154.656153,21.5752667,-158.2733528,375.94654962943787
140,383,2014-01-08T10:22:56.5Z,midnight,43.339293,-157.390455,38.589535,-154.214487,21.5752667,-158.2733528,591.5352167989847
140,384,2014-01-08T22:15:21.5Z,noon,45.841587,-155.494622,43.339293,-157.390455,21.5752667,-158.2733528,316.13484427549827
140,385,2014-01-09T09:52:05.5Z,midnight,40.841587,-149.77923,45.841587,-155.494622,21.5752667,-158.2733528,722.6027381781541
140,386,2014-01-09T21:43:31.5Z,noon,40.976138,-147.637563,40.841587,-149.77923,21.5752667,-158.2733528,180.5929026027059
140,387,2014-01-10T09:49:16Z,midnight,43.279712,-149.172386,40.976138,-147.637563,21.5752667,-158.2733528,285.6983104812525
140,388,2014-01-10T21:56:24.5Z,noon,40.657306,-150.957802,43.279712,-149.172386,21.5752667,-158.2733528,326.80898025184024
140,389,2014-01-11T09:48:23.5Z,midnight,37.657504,-149.051084,40.657306,-150.957802,21.5752667,-158.2733528,371.8500211365101
140,390,2014-01-11T21:42:24Z,noon,40.095744,-147.553168,37.657504,-149.051084,21.5752667,-158.2733528,300.51916632887975
140,391,2014-01-12T09:35:52Z,midnight,37.658105,-146.015239,40.095744,-147.553168,21.5752667,-158.2733528,301.9688842247451
140,392,2014-01-12T21:14:28Z,noon,42.658105,-140.665239,37.658105,-146.015239,21.5752667,-158.2733528,717.8767975125927
140,393,2014-01-13T09:20:46.5Z,midnight,47.658105,-142.335597,42.658105,-140.665239,21.5752667,-158.2733528,571.1539781076729
140,394,2014-01-13T21:50:47Z,noon,42.658105,-149.837681,47.658105,-142.335597,21.5752667,-158.2733528,808.6979855683169
140,395,2014-01-14T10:01:11Z,midnight,41.457558,-152.528745,42.658105,-149.837681,21.5752667,-158.2733528,259.1727354437816
140,396,2014-01-14T22:03:27Z,noon,40.565665,-153.095412,41.457558,-152.528745,21.5752667,-158.2733528,109.98166214425234
140,397,2014-01-15T10:12:46.5Z,midnight,44.362881,-155.515436,40.565665,-153.095412,21.5752667,-158.2733528,466.510689931069
140,398,2014-01-15T22:22:41Z,noon,40.607138,-157.992519,44.362881,-155.515436,21.5752667,-158.2733528,464.338700030997
140,399,2014-01-16T10:24:05Z,midnight,41.456189,-158.428925,40.607138,-157.992519,21.5752667,-158.2733528,101.25789557987764
140,400,2014-01-16T22:28:04Z,noon,39.836426,-159.424759,41.456189,-158.428925,21.5752667,-158.2733528,198.73776259616102
140,401,2014-01-17T10:27:26Z,midnight,39.870806,-159.35039,39.836426,-159.424759,21.5752667,-158.2733528,7.410513763032307
140,402,2014-01-17T22:09:48Z,noon,44.870806,-154.942057,39.870806,-159.35039,21.5752667,-158.2733528,663.278311739125
140,403,2014-01-18T10:08:19Z,midnight,46.350243,-154.652675,44.870806,-154.942057,21.5752667,-158.2733528,166.03838156580966
140,404,2014-01-18T22:21:38Z,noon,41.360025,-157.981841,46.350243,-154.652675,21.5752667,-158.2733528,615.6106673587275
140,405,2014-01-19T10:15:34Z,midnight,39.115064,-156.544044,41.360025,-157.981841,21.5752667,-158.2733528,277.85406827598166
140,406,2014-01-19T22:04:38.5Z,noon,43.615952,-153.812794,39.115064,-156.544044,21.5752667,-158.2733528,549.8501952751703
140,407,2014-01-20T09:53:55.5Z,midnight,39.545732,-151.20985,43.615952,-153.812794,21.5752667,-158.2733528,501.63657238266114
140,408,2014-01-20T21:51:54Z,noon,40.428228,-150.7036,39.545732,-151.20985,21.5752667,-158.2733528,107.18888035565345
140,409,2014-01-21T09:43:09Z,midnight,36.792181,-148.589612,40.428228,-150.7036,21.5752667,-158.2733528,444.03949439028247
140,410,2014-01-21T21:27:30Z,noon,41.792181,-144.677112,36.792181,-148.589612,21.5752667,-158.2733528,649.7987131591058
140,411,2014-01-22T09:27:05Z,midnight,43.848066,-144.643688,41.792181,-144.677112,21.5752667,-158.2733528,228.62022904531423
140,412,2014-01-22T21:25:50Z,noon,44.340417,-144.331188,43.848066,-144.643688,21.5752667,-158.2733528,60.166621021172006
140,413,2014-01-23T09:41:10Z,midnight,49.340417,-148.232438,44.340417,-144.331188,21.5752667,-158.2733528,629.9947974035733
140,414,2014-01-23T21:54:17.5Z,noon,45.587192,-151.513688,49.340417,-148.232438,21.5752667,-158.2733528,484.6724760641735
140,415,2014-01-24T10:01:33Z,midnight,48.620889,-153.393308,45.587192,-151.513688,21.5752667,-158.2733528,366.0727150714584
140,416,2014-01-24T21:47:10.5Z,noon,53.081639,-149.799558,48.620889,-153.393308,21.5752667,-158.2733528,556.3152059731848
140,417,2014-01-25T09:47:55Z,midnight,53.707604,-150.047082,53.081639,-149.799558,21.5752667,-158.2733528,71.51278626244161
140,418,2014-01-25T22:00:54Z,noon,49.769964,-153.292916,53.707604,-150.047082,21.5752667,-158.2733528,491.4649773934392
140,419,2014-01-26T09:52:31.5Z,midnight,47.259142,-151.258297,49.769964,-153.292916,21.5752667,-158.2733528,316.8422849257294
140,420,2014-01-26T21:55:38.5Z,noon,46.064806,-152.037464,47.259142,-151.258297,21.5752667,-158.2733528,145.50574230534139
140,421,2014-01-27T09:51:06Z,midnight,44.686236,-150.958159,46.064806,-152.037464,21.5752667,-158.2733528,174.93858295517217
140,422,2014-01-27T21:52:59Z,noon,43.886619,-151.428992,44.686236,-150.958159,21.5752667,-158.2733528,96.4889060640753
140,423,2014-01-28T09:55:18Z,midnight,45.345597,-152.061211,43.886619,-151.428992,21.5752667,-158.2733528,169.77179722947153
140,424,2014-01-28T21:28:10Z,noon,50.345597,-145.277878,45.345597,-152.061211,21.5752667,-158.2733528,751.2915889859194
140,425,2014-01-29T09:35:16.5Z,midnight,55.345597,-147.104917,50.345597,-145.277878,21.5752667,-158.2733528,569.3002489770979
140,426,2014-01-29T21:59:19Z,noon,50.345597,-153.115334,55.345597,-147.104917,21.5752667,-158.2733528,686.5127431651349
140,427,2014-01-30T09:49:48.5Z,midnight,46.645393,-150.785078,50.345597,-153.115334,21.5752667,-158.2733528,445.77808046419324
140,428,2014-01-30T21:47:02Z,noon,47.768617,-150.091328,46.645393,-150.785078,21.5752667,-158.2733528,135.44448237614694
140,429,2014-01-31T09:53:07Z,midnight,50.60236,-151.655829,47.768617,-150.091328,21.5752667,-158.2733528,334.9654737358861
140,430,2014-01-31T22:06:04Z,noon,45.60236,-154.893329,50.60236,-151.655829,21.5752667,-158.2733528,605.5741777753303
140,431,2014-02-01T09:58:19Z,midnight,42.352738,-152.996313,45.60236,-154.893329,21.5752667,-158.2733528,391.8987177720178
140,432,2014-02-01T21:45:50Z,noon,47.352738,-149.875479,42.352738,-152.996313,21.5752667,-158.2733528,607.8396902386479
140,433,2014-02-02T09:41:55.5Z,midnight,46.922936,-148.935672,47.352738,-149.875479,21.5752667,-158.2733528,85.656896515921
140,434,2014-02-02T21:52:04Z,noon,42.126632,-151.471089,46.922936,-148.935672,21.5752667,-158.2733528,569.8596829866094
140,435,2014-02-03T10:04:48.5Z,midnight,47.126632,-154.690555,42.126632,-151.471089,21.5752667,-158.2733528,611.4332296699727
140,436,2014-02-03T22:12:37Z,noon,45.148413,-156.642638,47.126632,-154.690555,21.5752667,-158.2733528,266.45436295229246
140,437,2014-02-04T10:14:59.5Z,midnight,46.8713,-157.267196,45.148413,-156.642638,21.5752667,-158.2733528,197.55309635885519
140,438,2014-02-04T21:51:45.5Z,noon,51.8713,-151.458862,46.8713,-157.267196,21.5752667,-158.2733528,696.645784746389
140,439,2014-02-05T10:01:43.5Z,midnight,56.8713,-153.978083,51.8713,-151.458862,21.5752667,-158.2733528,579.3249103557855
140,440,2014-02-05T22:27:46.5Z,noon,51.8713,-160.490583,56.8713,-153.978083,21.5752667,-158.2733528,697.2519636299561
140,441,2014-02-06T10:23:57Z,midnight,49.652672,-159.558625,51.8713,-160.490583,21.5752667,-158.2733528,255.25428354937867
140,442,2014-02-06T22:30:33Z,noon,46.634011,-161.208625,49.652672,-159.558625,21.5752667,-158.2733528,357.26512394668
140,443,2014-02-07T10:37:09.5Z,midnight,50.342708,-162.881735,46.634011,-161.208625,21.5752667,-158.2733528,430.39689761181285
140,444,2014-02-07T22:48:44Z,noon,45.342708,-165.775485,50.342708,-162.881735,21.5752667,-158.2733528,596.3253683989352
140,445,2014-02-08T10:44:23.5Z,midnight,43.126254,-164.707826,45.342708,-165.775485,21.5752667,-158.2733528,260.71726194319547
140,446,2014-02-08T22:38:19Z,noon,46.422675,-163.189076,43.126254,-164.707826,21.5752667,-158.2733528,385.6311575582021
140,447,2014-02-09T10:37:53Z,midnight,46.939425,-163.095236,46.422675,-163.189076,21.5752667,-158.2733528,57.90418498870871
140,448,2014-02-09T22:44:21Z,noon,43.380198,-164.711903,46.939425,-163.095236,21.5752667,-158.2733528,415.54607179130045
140,449,2014-02-10T10:45:29.5Z,midnight,44.802327,-165.008555,43.380198,-164.711903,21.5752667,-158.2733528,159.8980988189448
140,450,2014-02-10T22:43:39.5Z,noon,45.835929,-164.550221,44.802327,-165.008555,21.5752667,-158.2733528,120.38802870774624
140,451,2014-02-11T10:42:22.5Z,midnight,45.912099,-164.237374,45.835929,-164.550221,21.5752667,-158.2733528,25.65824640904728
140,452,2014-02-11T22:51:38Z,noon,40.912099,-166.551957,45.912099,-164.237374,21.5752667,-158.2733528,586.4965591415764
140,453,2014-02-12T10:58:35.5Z,midnight,45.39937,-168.29629,40.912099,-166.551957,21.5752667,-158.2733528,518.5995001289451
140,454,2014-02-12T22:52:38.5Z,noon,48.74908,-166.80879,45.39937,-168.29629,21.5752667,-158.2733528,389.1109959235599
140,455,2014-02-13T10:44:29Z,midnight,44.909239,-164.770738,48.74908,-166.80879,21.5752667,-158.2733528,454.2060772909263
140,456,2014-02-13T22:45:52Z,noon,44.031849,-165.116572,44.909239,-164.770738,21.5752667,-158.2733528,101.34697542602285
140,457,2014-02-14T10:51:42Z,midnight,48.471437,-166.573238,44.031849,-165.116572,21.5752667,-158.2733528,506.1793148472657
140,458,2014-02-14T22:49:27.5Z,noon,49.723468,-166.012821,48.471437,-166.573238,21.5752667,-158.2733528,145.07440304775506
140,459,2014-02-15T10:26:40.5Z,midnight,44.723468,-160.312145,49.723468,-166.012821,21.5752667,-158.2733528,702.7260641825843
140,460,2014-02-15T22:21:57.5Z,noon,39.723468,-159.132979,44.723468,-160.312145,21.5752667,-158.2733528,564.3709236675943
140,461,2014-02-16T10:11:50.5Z,midnight,34.723468,-156.595822,39.723468,-159.132979,21.5752667,-158.2733528,599.5692047209093
140,462,2014-02-16T22:03:46.5Z,noon,37.901535,-154.579156,34.723468,-156.595822,21.5752667,-158.2733528,396.873287221641
140,463,2014-02-17T10:27:55Z,midnight,42.901535,-160.603465,37.901535,-154.579156,21.5752667,-158.2733528,754.1267902756923
140,464,2014-02-17T22:40:52.5Z,noon,47.284727,-163.843049,42.901535,-160.603465,21.5752667,-158.2733528,549.6203291593342
140,465,2014-02-18T10:35:21.5Z,midnight,44.433861,-162.449692,47.284727,-163.843049,21.5752667,-158.2733528,334.8464805516933
140,466,2014-02-18T22:50:21Z,noon,39.433861,-166.197609,44.433861,-162.449692,21.5752667,-158.2733528,636.3963755531393
140,467,2014-02-19T10:59:58Z,midnight,41.180782,-168.58454,39.433861,-166.197609,21.5752667,-158.2733528,280.51095135970115
140,468,2014-02-19T23:02:09Z,noon,39.252167,-169.130373,41.180782,-168.58454,21.5752667,-158.2733528,219.40168090281603
140,469,2014-02-20T11:07:09Z,midnight,44.252167,-170.360132,39.252167,-169.130373,21.5752667,-158.2733528,565.2364135808288
140,470,2014-02-20T23:09:26.5Z,noon,42.7668,-170.933049,44.252167,-170.360132,21.5752667,-158.2733528,171.50463173397975
140,471,2014-02-21T11:11:19Z,midnight,45.559855,-171.378596,42.7668,-170.933049,21.5752667,-158.2733528,312.598841714054
140,472,2014-02-21T23:22:44.5Z,noon,40.559855,-174.234846,45.559855,-171.378596,21.5752667,-158.2733528,602.3511629477861
140,473,2014-02-22T23:11:47.5Z,noon,43.323889,-171.471229,40.559855,-174.234846,21.5752667,-158.2733528,382.97540623957775
140,474,2014-02-23T11:11:37.5Z,midnight,44.504423,-171.40058,43.323889,-171.471229,21.5752667,-158.2733528,131.3913050277906
140,475,2014-02-23T23:01:08.5Z,noon,49.504423,-168.779747,44.504423,-171.40058,21.5752667,-158.2733528,590.3283901000999
140,476,2014-02-24T10:56:34Z,midnight,51.056476,-167.604203,49.504423,-168.779747,21.5752667,-158.2733528,191.72617816414794
140,477,2014-02-24T22:53:12Z,noon,53.595419,-166.762537,51.056476,-167.604203,21.5752667,-158.2733528,288.047975672289
140,478,2014-02-25T10:46:34Z,midnight,49.857016,-165.069654,53.595419,-166.762537,21.5752667,-158.2733528,431.7014723616673
140,479,2014-02-25T22:40:41Z,noon,54.561496,-163.59882,49.857016,-165.069654,21.5752667,-158.2733528,532.5959029894248
140,480,2014-02-26T10:31:26Z,midnight,49.561496,-161.249074,54.561496,-163.59882,21.5752667,-158.2733528,578.6303790834232
140,481,2014-02-26T22:26:58.5Z,noon,52.416654,-160.13449,49.561496,-161.249074,21.5752667,-158.2733528,326.91283103811867
140,482,2014-02-27T10:19:34Z,midnight,47.416654,-158.242524,52.416654,-160.13449,21.5752667,-158.2733528,572.1850882793821
140,483,2014-02-27T22:16:25.5Z,noon,50.272646,-157.457108,47.416654,-158.242524,21.5752667,-158.2733528,322.7256272195995
140,484,2014-02-28T10:16:13.5Z,midnight,51.92709,-157.364654,50.272646,-157.457108,21.5752667,-158.2733528,184.0789728718985
140,485,2014-02-28T22:22:29.5Z,noon,46.92709,-158.931321,51.92709,-157.364654,21.5752667,-158.2733528,567.365880033564
140,486,2014-03-01T10:28:17Z,midnight,51.92709,-160.33428,46.92709,-158.931321,21.5752667,-158.2733528,565.1279187251142
140,487,2014-03-02T10:50:56.5Z,midnight,56.92709,-165.95147,51.92709,-160.33428,21.5752667,-158.2733528,663.6940480107249
140,488,2014-03-03T11:31:45.5Z,midnight,61.92709,-176.105882,56.92709,-165.95147,21.5752667,-158.2733528,797.6786811489845
140,489,2014-03-03T23:47:23Z,noon,57.845082,179.987868,61.92709,-176.105882,21.5752667,-158.2733528,503.2913791182979
140,490,2014-03-05T22:37:10Z,noon,62.845082,-165.012132,57.845082,179.987868,21.5752667,-158.2733528,991.3536366271763
140,491,2014-03-06T10:27:37Z,midnight,67.845082,-159.907777,62.845082,-165.012132,21.5752667,-158.2733528,603.8156155043148
140,492,2014-03-21T00:26:01Z,midnight,70.0,-144.907777,67.845082,-159.907777,21.5752667,-158.2733528,643.8442060098945
140,493,2014-04-01T01:27:21Z,noon,65.0,-159.907777,70.0,-144.907777,21.5752667,-158.2733528,842.4789923884358
140,494,2014-04-01T13:35:01Z,midnight,60.0,-174.907777,65.0,-159.907777,21.5752667,-158.2733528,946.0766470120424
140,495,2014-04-02T01:52:24Z,noon,55.0,170.092223,60.0,-174.907777,21.5752667,-158.2733528,1051.0493169967644
140,496,2014-04-02T13:54:44Z,midnight,50.0,155.092223,55.0,170.092223,21.5752667,-158.2733528,1154.2902822290666
140,497,2014-04-03T01:52:33Z,noon,45.0,150.936355,50.0,155.092223,21.5752667,-158.2733528,637.3924595371187
140,498,2014-04-03T13:42:52.5Z,midnight,40.0,153.355105,45.0,150.936355,21.5752667,-158.2733528,590.2010588777529
140,499,2014-04-04T01:42:03Z,noon,38.866243,153.639361,40.0,153.355105,21.5752667,-158.2733528,128.40978919394433
140,500,2014-04-04T13:49:38Z,midnight,33.866243,151.743528,38.866243,153.639361,21.5752667,-158.2733528,581.2694657674647
140,501,2014-04-05T01:56:25.5Z,noon,36.446095,150.122913,33.866243,151.743528,21.5752667,-158.2733528,322.4741448308573
140,502,2014-04-05T13:48:43.5Z,midnight,41.446095,152.047913,36.446095,150.122913,21.5752667,-158.2733528,580.3176612218958
140,503,2014-04-06T01:35:30Z,noon,36.446095,155.43067,41.446095,152.047913,21.5752667,-158.2733528,628.1068721248449
140,504,2014-04-06T13:36:37Z,midnight,31.446095,155.151503,36.446095,155.43067,21.5752667,-158.2733528,556.5697860711209
140,505,2014-04-07T01:46:05.5Z,noon,36.446095,152.858375,31.446095,155.151503,21.5752667,-158.2733528,594.7957292952137
140,506,2014-04-07T13:44:55Z,midnight,37.002149,153.152125,36.446095,152.858375,21.5752667,-158.2733528,67.14465378982133
140,507,2014-04-08T01:43:23Z,noon,35.367966,153.610108,37.002149,153.152125,21.5752667,-158.2733528,186.30267286217054
140,508,2014-04-08T13:48:07Z,midnight,30.367966,152.426775,35.367966,153.610108,21.5752667,-158.2733528,566.8371449099068
140,509,2014-04-09T01:49:46.5Z,noon,30.676069,152.085781,30.367966,152.426775,21.5752667,-158.2733528,47.33462569476206
140,510,2014-04-09T13:37:25Z,midnight,35.676069,155.175365,30.676069,152.085781,21.5752667,-158.2733528,625.831025747275
140,511,2014-04-10T01:19:47.5Z,noon,30.676069,159.654061,35.676069,155.175365,21.5752667,-158.2733528,694.6770985749534
140,512,2014-04-10T13:12:45Z,midnight,30.597696,161.414478,30.676069,159.654061,21.5752667,-158.2733528,168.64915256927236
140,513,2014-04-11T01:09:17Z,noon,26.565628,162.352364,30.597696,161.414478,21.5752667,-158.2733528,457.59573405354405
140,514,2014-04-11T13:09:05.5Z,midnight,25.874691,162.400281,26.565628,162.352364,21.5752667,-158.2733528,76.97723183657885
140,515,2014-04-12T01:22:14.5Z,noon,30.874691,159.182694,25.874691,162.400281,21.5752667,-158.2733528,638.811372202119
140,516,2014-04-12T13:21:26Z,midnight,35.874691,159.384777,30.874691,159.182694,21.5752667,-158.2733528,556.2907542282687
140,517,2014-04-13T00:59:24Z,noon,30.874691,164.961637,35.874691,159.384777,21.5752667,-158.2733528,759.4905650238796
140,518,2014-04-13T12:47:07Z,midnight,28.773789,168.03247,30.874691,164.961637,21.5752667,-158.2733528,377.2329193883186
140,519,2014-04-14T00:44:49Z,noon,26.327639,168.674535,28.773789,168.03247,21.5752667,-158.2733528,279.26561088277583
140,520,2014-04-14T12:30:55Z,midnight,31.327639,172.149535,26.327639,168.674535,21.5752667,-158.2733528,650.8107300640967
140,521,2014-04-15T00:27:57Z,noon,35.827856,172.956729,31.327639,172.149535,21.5752667,-158.2733528,505.9512156714786
140,522,2014-04-15T12:27:43Z,midnight,35.127473,173.015062,35.827856,172.956729,21.5752667,-158.2733528,78.05795233815435
140,523,2014-04-16T00:35:47Z,noon,40.127473,171.062315,35.127473,173.015062,21.5752667,-158.2733528,581.9178638062025
140,524,2014-04-16T12:35:02Z,midnight,40.679269,171.249815,40.127473,171.062315,21.5752667,-158.2733528,63.37767593611546
140,525,2014-04-17T00:35:06.5Z,noon,40.728302,171.293306,40.679269,171.249815,21.5752667,-158.2733528,6.570166962102321
140,526,2014-04-17T12:33:03.5Z,midnight,41.188259,171.805806,40.728302,171.293306,21.5752667,-158.2733528,66.84213927012725
140,527,2014-04-18T00:33:59Z,noon,41.758533,171.635051,41.188259,171.805806,21.5752667,-158.2733528,64.98777365461659
140,528,2014-04-18T12:33:36Z,midnight,41.172037,171.730885,41.758533,171.635051,21.5752667,-158.2733528,65.70243169084367
140,529,2014-04-19T00:26:39Z,noon,36.632314,173.527071,41.172037,171.730885,21.5752667,-158.2733528,528.1457112965611
140,530,2014-04-19T12:39:00.5Z,midnight,31.632314,170.437487,36.632314,173.527071,21.5752667,-158.2733528,624.3755087930882
140,531,2014-04-20T01:00:15.5Z,noon,36.632314,165.181802,31.632314,170.437487,21.5752667,-158.2733528,736.6853553787157
140,532,2014-04-20T13:00:45Z,midnight,40.476527,165.058885,36.632314,165.181802,21.5752667,-158.2733528,427.5904457873252
140,533,2014-04-21T01:04:29Z,noon,42.580414,164.180436,40.476527,165.058885,21.5752667,-158.2733528,245.09972981536373
140,534,2014-04-21T13:08:30.5Z,midnight,39.564457,163.174186,42.580414,164.180436,21.5752667,-158.2733528,345.7968301845716
140,535,2014-04-22T01:14:01.5Z,noon,42.634921,161.847916,39.564457,163.174186,21.5752667,-158.2733528,359.03758417747554
140,536,2014-04-22T13:19:41Z,midnight,38.76514,160.433333,42.634921,161.847916,21.5752667,-158.2733528,446.4986150053732
140,537,2014-04-23T01:25:15Z,noon,41.867113,159.092523,38.76514,160.433333,21.5752667,-158.2733528,363.1601022355293
140,538,2014-04-23T13:27:56.5Z,midnight,39.713559,158.419606,41.867113,159.092523,21.5752667,-158.2733528,246.07146826862953
140,539,2014-04-24T01:23:20.5Z,noon,37.044873,159.618372,39.713559,158.419606,21.5752667,-158.2733528,314.59547393230713
140,540,2014-04-24T13:27:53.5Z,midnight,33.51512,158.480872,37.044873,159.618372,21.5752667,-158.2733528,405.83461531526876
140,541,2014-04-25T01:33:01.5Z,noon,36.73038,157.244167,33.51512,158.480872,21.5752667,-158.2733528,374.78471027535494
140,542,2014-04-25T13:29:51Z,midnight,37.920361,158.037917,36.73038,157.244167,21.5752667,-158.2733528,149.77998037432317
140,543,2014-04-26T01:31:47Z,noon,38.985806,157.599028,37.920361,158.037917,21.5752667,-158.2733528,124.48339584738825
140,544,2014-04-26T13:29:25.5Z,midnight,39.600973,158.188611,38.985806,157.599028,21.5752667,-158.2733528,85.16549303664718
140,545,2014-04-27T01:24:10.5Z,noon,36.751442,159.543331,39.600973,158.188611,21.5752667,-158.2733528,338.2462546119583
140,546,2014-04-27T13:24:54Z,midnight,35.732627,159.362081,36.751442,159.543331,21.5752667,-158.2733528,114.44718536875362
140,547,2014-04-28T01:32:52Z,noon,39.997478,157.410372,35.732627,159.362081,21.5752667,-158.2733528,504.1905500027005
140,548,2014-04-28T13:35:05.5Z,midnight,38.270035,156.854122,39.997478,157.410372,21.5752667,-158.2733528,197.98262675362167
140,549,2014-04-29T01:31:58.5Z,noon,36.613855,157.670949,38.270035,156.854122,21.5752667,-158.2733528,197.77222365563506
140,550,2014-04-29T13:29:16.5Z,midnight,37.477961,158.345949,36.613855,157.670949,21.5752667,-158.2733528,113.22888171841446
140,551,2014-04-30T01:30:43.5Z,noon,38.222136,158.018778,37.477961,158.345949,21.5752667,-158.2733528,87.59263889353849
140,552,2014-04-30T13:43:20Z,midnight,33.222136,154.866695,38.222136,158.018778,21.5752667,-158.2733528,624.4516728230899
140,553,2014-05-01T01:47:22.5Z,noon,33.014574,153.889249,33.222136,154.866695,21.5752667,-158.2733528,93.90998791028943
140,554,2014-05-01T14:06:11Z,midnight,28.014574,149.187166,33.014574,153.889249,21.5752667,-158.2733528,715.3359877877693
140,555,2014-05-02T02:21:01.5Z,noon,30.131264,145.507336,28.014574,149.187166,21.5752667,-158.2733528,428.0798869286171
140,556,2014-05-02T14:05:13Z,midnight,35.131264,149.459419,30.131264,145.507336,21.5752667,-158.2733528,667.7297735885861
140,557,2014-05-03T02:09:42.5Z,noon,40.131264,148.364683,35.131264,149.459419,21.5752667,-158.2733528,564.2561702529416
140,558,2014-05-03T14:12:10Z,midnight,38.637099,147.7501,40.131264,148.364683,21.5752667,-158.2733528,174.3361387536298
140,559,2014-05-04T02:09:49Z,noon,37.534304,148.363355,38.637099,147.7501,21.5752667,-158.2733528,133.8558568766395
140,560,2014-05-04T14:12:34Z,midnight,35.699766,147.675855,37.534304,148.363355,21.5752667,-158.2733528,213.01765017599817
140,561,2014-05-05T02:18:01.5Z,noon,38.301578,146.334587,35.699766,147.675855,21.5752667,-158.2733528,312.8569394579313
140,562,2014-05-05T14:21:21.5Z,midnight,36.258307,145.501253,38.301578,146.334587,21.5752667,-158.2733528,238.86187447737973
140,563,2014-05-06T02:28:56.5Z,noon,39.694233,143.626282,36.258307,145.501253,21.5752667,-158.2733528,415.87605428748714
140,564,2014-05-06T14:22:49.5Z,midnight,41.718228,145.155448,39.694233,143.626282,21.5752667,-158.2733528,259.3447968803046
140,565,2014-05-07T02:25:05.5Z,noon,42.588258,144.607182,41.718228,145.155448,21.5752667,-158.2733528,106.77892356091752
140,566,2014-05-07T14:25:59Z,midnight,41.786203,144.384265,42.588258,144.607182,21.5752667,-158.2733528,91.05582907526633
140,567,2014-05-08T02:25:16Z,noon,41.51078,144.579364,41.786203,144.384265,21.5752667,-158.2733528,34.65126204588933
140,568,2014-05-08T14:28:35.5Z,midnight,39.746454,143.748114,41.51078,144.579364,21.5752667,-158.2733528,208.34571721721218
140,569,2014-05-09T02:19:59.5Z,noon,36.041646,145.911577,39.746454,143.748114,21.5752667,-158.2733528,453.5534115611797
140,570,2014-05-09T14:13:46Z,midnight,38.335357,147.467827,36.041646,145.911577,21.5752667,-158.2733528,289.90953298864156
140,571,2014-05-10T02:15:00Z,noon,38.8464,147.170489,38.335357,147.467827,21.5752667,-158.2733528,62.425436409030276
140,572,2014-05-10T14:14:10.5Z,midnight,38.761935,147.376739,38.8464,147.170489,21.5752667,-158.2733528,20.189808461355668
140,573,2014-05-11T02:19:45.5Z,noon,40.939021,145.989437,38.761935,147.376739,21.5752667,-158.2733528,269.48678417041725
140,574,2014-05-11T14:19:10Z,midnight,40.748162,146.137354,40.939021,145.989437,21.5752667,-158.2733528,24.601101576366705
140,575,2014-05-12T02:16:28.5Z,noon,39.729247,146.816347,40.748162,146.137354,21.5752667,-158.2733528,127.1136335970147
140,576,2014-05-12T14:26:28.5Z,midnight,35.208817,144.316347,39.729247,146.816347,21.5752667,-158.2733528,548.8737979025105
140,577,2014-05-13T02:33:24.5Z,noon,38.125556,142.586645,35.208817,144.316347,21.5752667,-158.2733528,359.1295667469215
140,578,2014-05-13T14:23:06Z,midnight,41.598182,145.163728,38.125556,142.586645,21.5752667,-158.2733528,444.33784080144363
140,579,2014-05-14T02:16:30.5Z,noon,39.194055,146.812847,41.598182,145.163728,21.5752667,-158.2733528,301.5911268732572
140,580,2014-05-14T14:12:39Z,midnight,40.250921,147.77743,39.194055,146.812847,21.5752667,-158.2733528,143.5810168417594
140,581,2014-05-15T02:10:26Z,noon,39.437735,148.330387,40.250921,147.77743,21.5752667,-158.2733528,102.0032381433134
140,582,2014-05-15T14:07:06Z,midnight,40.286903,149.16372,39.437735,148.330387,21.5752667,-158.2733528,118.21329552416398
140,583,2014-05-16T02:04:36Z,noon,39.382577,149.785119,40.286903,149.16372,21.5752667,-158.2733528,113.69541739209866
140,584,2014-05-16T14:03:21Z,midnight,39.48575,150.097619,39.382577,149.785119,21.5752667,-158.2733528,29.187272309248534
140,585,2014-05-17T01:51:57.5Z,noon,35.053389,152.939568,39.48575,150.097619,21.5752667,-158.2733528,553.2250110591577
140,586,2014-05-17T13:51:34.5Z,midnight,34.881656,153.035402,35.053389,152.939568,21.5752667,-158.2733528,20.997819617640282
140,587,2014-05-18T01:37:12Z,noon,29.881656,156.620846,34.881656,153.035402,21.5752667,-158.2733528,649.8438223258753
140,588,2014-05-18T13:35:00Z,midnight,29.132042,157.170846,29.881656,156.620846,21.5752667,-158.2733528,98.89679682932059
140,589,2014-05-19T01:44:15.5Z,noon,33.333273,154.845648,29.132042,157.170846,21.5752667,-158.2733528,516.7804601109017
140,590,2014-05-19T13:28:55.5Z,midnight,38.333273,158.678981,33.333273,154.845648,21.5752667,-158.2733528,654.4584771216593
140,591,2014-05-20T01:25:41Z,noon,37.828503,159.476509,38.333273,158.678981,21.5752667,-158.2733528,89.57055240775199
140,592,2014-05-20T13:17:44.5Z,midnight,40.299554,161.461926,37.828503,159.476509,21.5752667,-158.2733528,323.82960411435124
140,593,2014-05-21T01:06:06Z,noon,36.131251,164.357216,40.299554,161.461926,21.5752667,-158.2733528,527.9420399048342
140,594,2014-05-21T13:09:35Z,midnight,34.473903,163.486383,36.131251,164.357216,21.5752667,-158.2733528,200.51504124080293
140,595,2014-05-22T01:11:31Z,noon,35.23819,162.985725,34.473903,163.486383,21.5752667,-158.2733528,96.48450500576612
140,596,2014-05-22T13:06:49.5Z,midnight,36.735103,164.158642,35.23819,162.985725,21.5752667,-158.2733528,197.0799528880169
140,597,2014-05-23T00:55:43Z,noon,32.358885,166.916246,36.735103,164.158642,21.5752667,-158.2733528,548.1789802352722
140,598,2014-05-23T13:02:07.5Z,midnight,29.309883,165.314163,32.358885,166.916246,21.5752667,-158.2733528,371.92702550997166
140,599,2014-05-24T01:07:56.5Z,noon,31.847658,163.838409,29.309883,165.314163,21.5752667,-158.2733528,315.5657158678535
140,600,2014-05-24T12:52:51Z,midnight,36.847658,167.611325,31.847658,163.838409,21.5752667,-158.2733528,654.8947195949587
140,601,2014-05-25T00:51:54Z,noon,37.079136,167.825177,36.847658,167.611325,21.5752667,-158.2733528,31.9923051375744
140,602,2014-05-25T12:45:36Z,midnight,38.982785,169.400177,37.079136,167.825177,21.5752667,-158.2733528,252.6477869318806
140,603,2014-05-26T00:43:52Z,noon,38.404651,169.807853,38.982785,169.400177,21.5752667,-158.2733528,73.37867361951406
140,604,2014-05-26T12:48:08.5Z,midnight,36.68123,168.739103,38.404651,169.807853,21.5752667,-158.2733528,213.54415668419233
140,605,2014-05-27T00:39:37Z,noon,33.510463,170.842741,36.68123,168.739103,21.5752667,-158.2733528,401.13841311322096
140,606,2014-05-27T12:40:03Z,midnight,33.112524,170.734407,33.510463,170.842741,21.5752667,-158.2733528,45.37950004983521
140,607,2014-05-28T00:47:50Z,noon,36.027577,168.759063,33.112524,170.734407,21.5752667,-158.2733528,371.16085078934145
140,608,2014-05-28T12:54:12Z,midnight,33.442605,167.167397,36.027577,168.759063,21.5752667,-158.2733528,322.1250282395876
140,609,2014-05-29T01:02:58.5Z,noon,36.651173,164.942297,33.442605,167.167397,21.5752667,-158.2733528,410.23292289513216
140,610,2014-05-29T12:56:47Z,midnight,38.508275,166.490214,36.651173,164.942297,21.5752667,-158.2733528,247.47557507230695
140,611,2014-05-30T00:57:50Z,noon,38.845582,166.194587,38.508275,166.490214,21.5752667,-158.2733528,45.445934978474405
140,612,2014-05-30T13:03:06.5Z,midnight,36.900644,164.875837,38.845582,166.194587,21.5752667,-158.2733528,245.28809379398248
140,613,2014-05-31T01:05:00.5Z,noon,37.537425,164.365997,36.900644,164.875837,21.5752667,-158.2733528,83.97398780651397
140,614,2014-05-31T13:08:09Z,midnight,36.278818,163.58058,37.537425,164.365997,21.5752667,-158.2733528,156.40405851863846
140,615,2014-06-01T01:11:49Z,noon,37.511022,162.627427,36.278818,163.58058,21.5752667,-158.2733528,161.11070792461322
140,616,2014-06-01T13:11:49Z,midnight,37.320564,162.627427,37.511022,162.627427,21.5752667,-158.2733528,21.177963338869247
140,617,2014-06-02T01:10:26Z,noon,36.862292,162.935196,37.320564,162.627427,21.5752667,-158.2733528,57.80877051116936
140,618,2014-06-02T13:08:22Z,midnight,37.363005,163.451863,36.862292,162.935196,21.5752667,-158.2733528,72.1026640895914
140,619,2014-06-03T00:44:21.5Z,noon,32.363005,169.414375,37.363005,163.451863,21.5752667,-158.2733528,777.4972201609656
140,620,2014-06-03T12:52:15.5Z,midnight,27.363005,167.439375,32.363005,169.414375,21.5752667,-158.2733528,587.6497558079868
140,621,2014-06-04T01:22:56Z,noon,32.363005,159.729619,27.363005,167.439375,21.5752667,-158.2733528,927.8612354632829
140,622,2014-06-04T13:15:35Z,midnight,37.363005,161.567119,32.363005,159.729619,21.5752667,-158.2733528,580.6629937534555
140,623,2014-06-05T01:23:38Z,noon,41.287978,159.512255,37.363005,161.567119,21.5752667,-158.2733528,470.829019435155
140,624,2014-06-05T13:31:14.5Z,midnight,38.928778,157.610171,41.287978,159.512255,21.5752667,-158.2733528,308.17551692523955
140,625,2014-06-06T01:26:37.5Z,noon,37.498455,158.720691,38.928778,157.610171,21.5752667,-158.2733528,186.29843713209257
140,626,2014-06-06T13:29:39Z,midnight,36.376767,157.964441,37.498455,158.720691,21.5752667,-158.2733528,141.68199532163774
140,627,2014-06-07T01:26:37Z,noon,35.364461,158.677923,36.376767,157.964441,21.5752667,-158.2733528,129.62743591597518
140,628,2014-06-07T13:48:48Z,midnight,30.364461,153.13209,35.364461,158.677923,21.5752667,-158.2733528,759.5790148094324
140,629,2014-06-08T02:00:06.5Z,noon,31.322212,150.259031,30.364461,153.13209,21.5752667,-158.2733528,294.223765956022
140,630,2014-06-08T13:47:22.5Z,midnight,35.728421,153.442365,31.322212,150.259031,21.5752667,-158.2733528,571.8547164397723
140,631,2014-06-09T01:47:14Z,noon,35.681391,153.430764,35.728421,153.442365,21.5752667,-158.2733528,5.33337612511395
140,632,2014-06-09T13:42:18.5Z,midnight,37.156591,154.662014,35.681391,153.430764,21.5752667,-158.2733528,197.5928026556705
140,633,2014-06-10T01:50:05.5Z,noon,39.504659,152.668205,37.156591,154.662014,21.5752667,-158.2733528,313.6908125935479
140,634,2014-06-10T13:54:52.5Z,midnight,37.975502,151.472371,39.504659,152.668205,21.5752667,-158.2733528,199.16513593078156
140,635,2014-06-11T01:47:31.5Z,noon,35.646977,153.261021,37.975502,151.472371,21.5752667,-158.2733528,303.94859570528644
140,636,2014-06-11T13:44:58Z,midnight,36.37867,153.900604,35.646977,153.261021,21.5752667,-158.2733528,99.64297967533614
140,637,2014-06-12T01:53:22Z,noon,38.950925,151.750965,36.37867,153.900604,21.5752667,-158.2733528,342.9175400868136
140,638,2014-06-12T13:58:10.5Z,midnight,37.415409,150.548881,38.950925,151.750965,21.5752667,-158.2733528,200.47340449258496
140,639,2014-06-13T01:56:10.5Z,noon,36.792798,150.99854,37.415409,150.548881,21.5752667,-158.2733528,79.89415933631616
140,640,2014-06-13T14:04:02.5Z,midnight,34.129519,149.031874,36.792798,150.99854,21.5752667,-158.2733528,345.5601863350152
140,641,2014-06-14T02:00:19Z,noon,32.830608,149.912169,34.129519,149.031874,21.5752667,-158.2733528,165.9084022639942
140,642,2014-06-14T13:49:39.5Z,midnight,36.341569,152.576752,32.830608,149.912169,21.5752667,-158.2733528,460.2873150396089
140,643,2014-06-15T01:55:14Z,noon,38.059566,151.131522,36.341569,152.576752,21.5752667,-158.2733528,229.94473858288094
140,644,2014-06-15T13:53:36Z,midnight,38.477817,151.539855,38.059566,151.131522,21.5752667,-158.2733528,58.59764822988972
140,645,2014-06-16T02:00:25Z,noon,40.407951,149.783772,38.477817,151.539855,21.5752667,-158.2733528,262.2874524623851
140,646,2014-06-16T14:03:07.5Z,midnight,39.600723,149.106689,40.407951,149.783772,21.5752667,-158.2733528,106.68874640670478
140,647,2014-06-17T02:01:38Z,noon,39.178333,149.427344,39.600723,149.106689,21.5752667,-158.2733528,54.45443950750287
140,648,2014-06-17T13:59:23.5Z,midnight,39.761975,149.987761,39.178333,149.427344,21.5752667,-158.2733528,80.78218296089825
140,649,2014-06-18T01:59:38Z,noon,39.829216,149.874828,39.761975,149.987761,21.5752667,-158.2733528,12.206347873794838
140,650,2014-06-18T14:06:20.5Z,midnight,37.856991,148.197745,39.829216,149.874828,21.5752667,-158.2733528,263.0258857104157
140,651,2014-06-19T02:08:58.5Z,noon,38.632226,147.486732,37.856991,148.197745,21.5752667,-158.2733528,106.23615151852692
140,652,2014-06-19T14:08:46Z,midnight,38.661866,147.538816,38.632226,147.486732,21.5752667,-158.2733528,5.596575033266584
140,653,2014-06-20T02:08:13Z,noon,38.50215,147.623565,38.661866,147.538816,21.5752667,-158.2733528,19.22682533467067
140,654,2014-06-20T14:06:22.5Z,midnight,39.01129,148.083981,38.50215,147.623565,21.5752667,-158.2733528,69.2744125142729
140,655,2014-06-21T02:14:23.5Z,noon,41.204456,146.027083,39.01129,148.083981,21.5752667,-158.2733528,300.0991584062913
140,656,2014-06-21T14:10:31Z,midnight,42.185111,146.995833,41.204456,146.027083,21.5752667,-158.2733528,135.49783239046386
140,657,2014-06-22T02:07:21Z,noon,41.37593,147.73488,42.185111,146.995833,21.5752667,-158.2733528,108.86183677432894
140,658,2014-06-22T14:10:07.5Z,midnight,40.639248,147.04113,41.37593,147.73488,21.5752667,-158.2733528,100.49211800270655
140,659,2014-06-23T02:09:52.5Z,noon,40.57219,147.051214,40.639248,147.04113,21.5752667,-158.2733528,7.504946838875279
140,660,2014-06-23T14:09:44.5Z,midnight,40.612303,147.084548,40.57219,147.051214,21.5752667,-158.2733528,5.274174265353971
140,661,2014-06-24T02:01:44.5Z,noon,38.37199,149.032427,40.612303,147.084548,21.5752667,-158.2733528,299.97195796952866
140,662,2014-06-24T13:55:07Z,midnight,40.253975,150.688677,38.37199,149.032427,21.5752667,-158.2733528,253.15968836000923
140,663,2014-06-25T02:03:22Z,noon,42.402356,148.574443,40.253975,150.688677,21.5752667,-158.2733528,297.0196603286075
140,664,2014-06-25T14:03:01Z,midnight,42.51137,148.661943,42.402356,148.574443,21.5752667,-158.2733528,14.08781244746337
140,665,2014-06-26T02:03:56.5Z,noon,42.739663,148.379436,42.51137,148.661943,21.5752667,-158.2733528,34.33138755932621
140,666,2014-06-26T14:03:25Z,midnight,42.899129,148.510686,42.739663,148.379436,21.5752667,-158.2733528,20.712618721436172
140,667,2014-06-27T02:01:23.5Z,noon,42.399193,148.966247,42.899129,148.510686,21.5752667,-158.2733528,66.9211251420152
140,668,2014-06-27T14:03:28Z,midnight,41.915145,148.447497,42.399193,148.966247,21.5752667,-158.2733528,68.74147305945881
140,669,2014-06-28T02:01:17Z,noon,41.351147,148.9433,41.915145,148.447497,21.5752667,-158.2733528,75.03901170970508
140,670,2014-06-28T13:58:42.5Z,midnight,42.063496,149.58705,41.351147,148.9433,21.5752667,-158.2733528,95.55003853398858
140,671,2014-06-29T02:01:38.5Z,noon,42.797441,148.804433,42.063496,149.58705,21.5752667,-158.2733528,103.85468934118066
140,672,2014-06-29T14:17:54Z,midnight,38.476381,144.739849,42.797441,148.804433,21.5752667,-158.2733528,590.161445783972
140,673,2014-06-30T02:19:00Z,noon,38.797534,144.416401,38.476381,144.739849,21.5752667,-158.2733528,45.4365972973158
140,674,2014-06-30T14:05:08.5Z,midnight,42.598864,147.880984,38.797534,144.416401,21.5752667,-158.2733528,513.674448828863
140,675,2014-07-01T02:07:59Z,noon,43.297737,147.123042,42.598864,147.880984,21.5752667,-158.2733528,99.21924428341295
140,676,2014-07-01T14:19:54Z,midnight,40.29151,144.143875,43.297737,147.123042,21.5752667,-158.2733528,415.55189221858546
140,677,2014-07-02T02:19:10Z,noon,40.088484,144.280691,40.29151,144.143875,21.5752667,-158.2733528,25.391158780971335
140,678,2014-07-02T14:11:11.5Z,midnight,42.295669,146.274441,40.088484,144.280691,21.5752667,-158.2733528,296.7378983220453
140,679,2014-07-03T02:03:29Z,noon,40.246248,148.156102,42.295669,146.274441,21.5752667,-158.2733528,276.8609817652436
140,680,2014-07-03T14:11:15Z,midnight,38.091376,146.214435,40.246248,148.156102,21.5752667,-158.2733528,292.2686717132103
140,681,2014-07-04T02:11:28.5Z,noon,38.159184,146.11394,38.091376,146.214435,21.5752667,-158.2733528,11.581217600048344
140,682,2014-07-04T14:06:48Z,midnight,39.632666,147.28269,38.159184,146.11394,21.5752667,-158.2733528,192.5445016162331
140,683,2014-07-05T02:10:42Z,noon,40.725448,146.264704,39.632666,147.28269,21.5752667,-158.2733528,149.1438765463854
140,684,2014-07-05T14:10:43.5Z,midnight,40.829172,146.258454,40.725448,146.264704,21.5752667,-158.2733528,11.545582878753427
140,685,2014-07-06T02:13:18Z,noon,41.52585,145.573059,40.829172,146.258454,21.5752667,-158.2733528,96.39251870484696
140,686,2014-07-06T14:12:25Z,midnight,41.880097,145.793893,41.52585,145.573059,21.5752667,-158.2733528,43.447850734841374
140,687,2014-07-07T02:09:11Z,noon,41.010418,146.562002,41.880097,145.793893,21.5752667,-158.2733528,115.9749875002484
140,688,2014-07-07T14:09:43Z,midnight,40.992477,146.428668,41.010418,146.562002,21.5752667,-158.2733528,11.365577637357239
140,689,2014-07-08T02:04:47Z,noon,39.595482,147.623274,40.992477,146.428668,21.5752667,-158.2733528,185.45507720048013
140,690,2014-07-08T14:13:40.5Z,midnight,37.012179,145.400358,39.595482,147.623274,21.5752667,-158.2733528,346.57798085049086
140,691,2014-07-09T02:15:20.5Z,noon,37.542615,144.946537,37.012179,145.400358,21.5752667,-158.2733528,71.35221083893278
140,692,2014-07-09T14:10:47.5Z,midnight,39.08756,146.084037,37.542615,144.946537,21.5752667,-158.2733528,198.39050969861378
140,693,2014-07-10T02:06:42Z,noon,37.83134,147.071447,39.08756,146.084037,21.5752667,-158.2733528,164.02048461675392
140,694,2014-07-10T14:00:49.5Z,midnight,39.772439,148.540197,37.83134,147.071447,21.5752667,-158.2733528,250.5621418011796
140,695,2014-07-11T02:03:18.5Z,noon,40.493383,147.885575,39.772439,148.540197,21.5752667,-158.2733528,97.58842693165904
140,696,2014-07-11T14:05:56Z,midnight,39.894805,147.229325,40.493383,147.885575,21.5752667,-158.2733528,86.81566611070772
140,697,2014-07-12T02:13:01Z,noon,41.903329,145.426491,39.894805,147.229325,21.5752667,-158.2733528,269.8723858820801
140,698,2014-07-12T14:08:34Z,midnight,43.259718,146.538991,41.903329,145.426491,21.5752667,-158.2733528,176.18971268880264
140,699,2014-07-13T02:03:17.5Z,noon,41.851609,147.827596,43.259718,146.538991,21.5752667,-158.2733528,188.82191699324466
140,700,2014-07-13T14:07:12.5Z,midnight,40.93318,146.848429,41.851609,147.827596,21.5752667,-158.2733528,130.76923432659586
140,701,2014-07-14T02:05:28Z,noon,40.42726,147.255622,40.93318,146.848429,21.5752667,-158.2733528,65.9067522269555
140,702,2014-07-14T14:07:15.5Z,midnight,40.087883,146.807705,40.42726,147.255622,21.5752667,-158.2733528,53.56097145537398
140,703,2014-07-15T02:10:16Z,noon,40.973852,146.029381,40.087883,146.807705,21.5752667,-158.2733528,118.45633494648503
140,704,2014-07-15T14:08:32.5Z,midnight,41.669929,146.460631,40.973852,146.029381,21.5752667,-158.2733528,85.36794430038508
140,705,2014-07-16T02:03:07.5Z,noon,40.083194,147.7906,41.669929,146.460631,21.5752667,-158.2733528,208.87977528502887
140,706,2014-07-16T13:59:15Z,midnight,41.439233,148.75935,40.083194,147.7906,21.5752667,-158.2733528,171.44114417121588
140,707,2014-07-17T02:02:15.5Z,noon,42.293959,147.98517,41.439233,148.75935,21.5752667,-158.2733528,114.63991610628506
140,708,2014-07-17T14:00:25.5Z,midnight,43.020995,148.443504,42.293959,147.98517,21.5752667,-158.2733528,89.1079940808048
140,709,2014-07-18T02:02:11.5Z,noon,43.498943,147.981897,43.020995,148.443504,21.5752667,-158.2733528,64.97431328784394
140,710,2014-07-18T13:59:30.5Z,midnight,44.436097,148.65273,43.498943,147.981897,21.5752667,-158.2733528,117.22248680731782
140,711,2014-07-19T01:51:59Z,noon,42.395246,150.516249,44.436097,148.65273,21.5752667,-158.2733528,272.29390638773066
140,712,2014-07-19T13:51:23.5Z,midnight,42.801847,150.664166,42.395246,150.516249,21.5752667,-158.2733528,46.80499173936789
140,713,2014-07-20T01:27:23.5Z,noon,37.801847,156.648693,42.801847,150.664166,21.5752667,-158.2733528,752.3647326850111
140,714,2014-07-20T13:19:02.5Z,midnight,38.21017,158.736193,37.801847,156.648693,21.5752667,-158.2733528,188.44416204489573
140,715,2014-07-21T01:49:08.5Z,noon,43.21017,151.198025,38.21017,158.736193,21.5752667,-158.2733528,843.6448218470068
140,716,2014-07-21T13:51:30.5Z,midnight,46.475847,150.606359,43.21017,151.198025,21.5752667,-158.2733528,366.10750091131746
140,717,2014-07-22T01:46:54.5Z,noon,45.324018,151.74554,46.475847,150.606359,21.5752667,-158.2733528,155.47808067209283
140,718,2014-07-22T13:48:50Z,midnight,45.090852,151.26429,45.324018,151.74554,21.5752667,-158.2733528,45.75609680353965
140,719,2014-07-23T01:49:59Z,noon,45.391368,150.968361,45.090852,151.26429,21.5752667,-158.2733528,40.66267562058943
140,720,2014-07-23T13:52:24Z,midnight,45.032773,150.364194,45.391368,150.968361,21.5752667,-158.2733528,61.88524450756203
140,721,2014-07-24T01:39:35Z,noon,41.329968,153.56236,45.032773,150.364194,21.5752667,-158.2733528,486.4924663815928
140,722,2014-07-24T13:36:13.5Z,midnight,42.645068,154.401943,41.329968,153.56236,21.5752667,-158.2733528,161.85909539669242
140,723,2014-07-25T01:45:23.5Z,noon,45.242307,152.106738,42.645068,154.401943,21.5752667,-158.2733528,342.27065199355394
140,724,2014-07-25T13:57:30Z,midnight,42.045972,149.079655,45.242307,152.106738,21.5752667,-158.2733528,430.79618319676683
140,725,2014-07-26T01:56:54Z,noon,41.858869,149.22861,42.045972,149.079655,21.5752667,-158.2733528,24.177988205173207
140,726,2014-07-26T14:03:02.5Z,midnight,40.168376,147.693194,41.858869,149.22861,21.5752667,-158.2733528,227.8725683990752
140,727,2014-07-27T01:55:18.5Z,noon,37.422752,149.628006,40.168376,147.693194,21.5752667,-158.2733528,348.2913679948674
140,728,2014-07-27T13:54:33.5Z,midnight,38.015039,149.815506,37.422752,149.628006,21.5752667,-158.2733528,67.89278004759538
140,729,2014-07-28T02:09:19Z,noon,42.992423,146.129949,38.015039,149.815506,21.5752667,-158.2733528,634.9872318118514
140,730,2014-07-28T14:16:42Z,midnight,40.946832,144.284115,42.992423,146.129949,21.5752667,-158.2733528,273.88963521043956
140,731,2014-07-29T02:14:20.5Z,noon,40.139837,144.880296,40.946832,144.284115,21.5752667,-158.2733528,102.90671704541026
140,732,2014-07-29T14:10:23Z,midnight,41.820266,145.869879,40.139837,144.880296,21.5752667,-158.2733528,204.48454608281543
140,733,2014-07-30T02:11:10Z,noon,42.077765,145.683231,41.820266,145.869879,21.5752667,-158.2733528,32.528257589509096
140,734,2014-07-30T14:13:48.5Z,midnight,41.549065,145.022815,42.077765,145.683231,21.5752667,-158.2733528,80.32233558828972
140,735,2014-07-31T02:12:19.5Z,noon,41.041894,145.405438,41.549065,145.022815,21.5752667,-158.2733528,64.82387623760718
140,736,2014-07-31T14:11:27.5Z,midnight,41.700587,145.622105,41.041894,145.405438,21.5752667,-158.2733528,75.441723233124
140,737,2014-08-01T02:11:40.5Z,noon,41.774487,145.582345,41.700587,145.622105,21.5752667,-158.2733528,8.854816600739586
140,738,2014-08-01T14:13:10Z,midnight,41.63368,145.209429,41.774487,145.582345,21.5752667,-158.2733528,34.69239453192593
140,739,2014-08-02T02:10:29.5Z,noon,40.687246,145.895211,41.63368,145.209429,21.5752667,-158.2733528,119.8785481168895
140,740,2014-08-02T14:07:00Z,midnight,42.299733,146.768128,40.687246,145.895211,21.5752667,-158.2733528,193.47679112518395
140,741,2014-08-04T02:08:25.5Z,noon,37.702699,146.453837,42.299733,146.768128,21.5752667,-158.2733528,511.86623347439985
140,742,2014-08-04T14:01:40Z,midnight,40.769591,148.14342,37.702699,146.453837,21.5752667,-158.2733528,370.7502715984888
140,743,2014-08-05T02:05:42Z,noon,42.245193,147.160014,40.769591,148.14342,21.5752667,-158.2733528,183.37536937770906
140,744,2014-08-05T14:07:47Z,midnight,41.912057,146.639181,42.245193,147.160014,21.5752667,-158.2733528,56.744121682106474
140,745,2014-08-06T02:05:45Z,noon,41.156466,147.175068,41.912057,146.639181,21.5752667,-158.2733528,95.12368928398998
140,746,2014-08-06T14:01:14.5Z,midnight,43.234267,148.302152,41.156466,147.175068,21.5752667,-158.2733528,248.99283043700072
140,747,2014-08-07T01:53:24.5Z,noon,40.302892,150.290658,43.234267,148.302152,21.5752667,-158.2733528,365.26896698478714
140,748,2014-08-07T13:54:18.5Z,midnight,40.386672,150.065658,40.302892,150.290658,21.5752667,-158.2733528,21.222419855579513
140,749,2014-08-08T01:58:39.5Z,noon,42.077799,149.010937,40.386672,150.065658,21.5752667,-158.2733528,207.69691509399345
140,750,2014-08-08T13:58:22Z,midnight,42.643833,149.083854,42.077799,149.010937,21.5752667,-158.2733528,63.22459961814196
140,751,2014-08-09T01:44:26Z,noon,37.643833,152.602558,42.643833,149.083854,21.5752667,-158.2733528,631.1687712231376
140,752,2014-08-09T13:49:58.5Z,midnight,34.638543,151.217141,37.643833,152.602558,21.5752667,-158.2733528,356.5657273551391
140,753,2014-08-10T02:04:08.5Z,noon,39.638543,147.713419,34.638543,151.217141,21.5752667,-158.2733528,636.7013037540179
140,754,2014-08-10T14:14:03.5Z,midnight,37.177052,145.234252,39.638543,147.713419,21.5752667,-158.2733528,348.6472281822659
140,755,2014-08-11T02:10:18.5Z,noon,35.355432,146.212249,37.177052,145.234252,21.5752667,-158.2733528,220.71413984443228
140,756,2014-08-11T14:14:49.5Z,midnight,33.492122,145.083082,35.355432,146.212249,21.5752667,-158.2733528,231.62961721435187
140,757,2014-08-12T02:22:34.5Z,noon,37.420449,143.188604,33.492122,145.083082,21.5752667,-158.2733528,469.2726120737648
140,758,2014-08-12T14:19:48.5Z,midnight,39.220357,143.880271,37.420449,143.188604,21.5752667,-158.2733528,209.0366492513943
140,759,2014-08-13T02:18:03.5Z,noon,38.407087,144.363292,39.220357,143.880271,21.5752667,-158.2733528,99.64521706185587
140,760,2014-08-13T14:14:43.5Z,midnight,40.460939,145.196625,38.407087,144.363292,21.5752667,-158.2733528,239.3257538410832
140,761,2014-08-14T02:17:45.5Z,noon,41.786721,144.486278,40.460939,145.196625,21.5752667,-158.2733528,158.97310353594136
140,762,2014-08-14T14:20:34Z,midnight,41.101141,143.784195,41.786721,144.486278,21.5752667,-158.2733528,96.10370553092612
140,763,2014-08-15T02:14:19Z,noon,38.163056,145.397113,41.101141,143.784195,21.5752667,-158.2733528,354.68087928360956
140,764,2014-08-15T14:15:43Z,midnight,38.011718,145.047113,38.163056,145.397113,21.5752667,-158.2733528,34.94942273112139
140,765,2014-08-16T02:19:36Z,noon,39.919839,144.12909,38.011718,145.047113,21.5752667,-158.2733528,226.5285966127557
140,766,2014-08-16T14:17:15.5Z,midnight,41.584029,144.714507,39.919839,144.12909,21.5752667,-158.2733528,191.50582179446167
140,767,2014-08-17T02:15:58.5Z,noon,40.98999,145.090502,41.584029,144.714507,21.5752667,-158.2733528,73.14410436753124
140,768,2014-08-17T14:14:59Z,midnight,42.038679,145.338419,40.98999,145.090502,21.5752667,-158.2733528,118.42164394040263
140,769,2014-08-18T02:06:42Z,noon,37.939453,147.466721,42.038679,145.338419,21.5752667,-158.2733528,490.5066303873915
140,770,2014-08-18T14:14:54.5Z,midnight,33.834119,145.414638,37.939453,147.466721,21.5752667,-158.2733528,492.4654717416719
140,771,2014-08-19T02:16:15.5Z,noon,34.655466,145.136865,33.834119,145.414638,21.5752667,-158.2733528,94.83130546158684
140,772,2014-08-19T14:16:05.5Z,midnight,35.360289,145.178532,34.655466,145.136865,21.5752667,-158.2733528,78.46456170185778
140,773,2014-08-20T02:26:23.5Z,noon,40.360289,142.665468,35.360289,145.178532,21.5752667,-158.2733528,598.0730324892514
140,774,2014-08-20T14:24:55Z,midnight,42.395129,143.034218,40.360289,142.665468,21.5752667,-158.2733528,228.3454591614097
140,775,2014-08-21T02:14:51.5Z,noon,37.395129,145.612891,42.395129,143.034218,21.5752667,-158.2733528,597.833125166803
140,776,2014-08-21T14:14:51.5Z,midnight,37.662477,145.612891,37.395129,145.612891,21.5752667,-158.2733528,29.727741248570126
140,777,2014-08-22T02:08:23Z,noon,33.605609,147.297829,37.662477,145.612891,21.5752667,-158.2733528,476.0845528384517
140,778,2014-08-22T14:05:13Z,midnight,36.318588,148.089495,33.605609,147.297829,21.5752667,-158.2733528,310.17194177610463
140,779,2014-08-23T02:04:36Z,noon,35.927691,148.311887,36.318588,148.089495,21.5752667,-158.2733528,47.83576481191142
140,780,2014-08-23T14:05:48.5Z,midnight,35.833197,148.009804,35.927691,148.311887,21.5752667,-158.2733528,29.173915825184412
140,781,2014-08-24T02:13:22.5Z,noon,40.443249,146.188338,35.833197,148.009804,21.5752667,-158.2733528,536.7591420305325
140,782,2014-08-24T14:10:53Z,midnight,42.540693,146.811254,40.443249,146.188338,21.5752667,-158.2733528,238.92421800869056
140,783,2014-08-25T02:00:50.5Z,noon,37.540693,149.393782,42.540693,146.811254,21.5752667,-158.2733528,597.7812294858905
140,784,2014-08-25T14:04:57.5Z,midnight,34.443612,148.364615,37.540693,149.393782,21.5752667,-158.2733528,356.6021736241982
140,785,2014-08-26T02:13:47Z,noon,39.443612,146.232318,34.443612,148.364615,21.5752667,-158.2733528,587.3278848183165
140,786,2014-08-26T14:11:07.5Z,midnight,42.584419,146.896901,39.443612,146.232318,21.5752667,-158.2733528,353.6614752085456
140,787,2014-08-27T02:06:17Z,noon,39.690094,148.183042,42.584419,146.896901,21.5752667,-158.2733528,339.3669332596184
140,788,2014-08-27T14:16:32Z,midnight,34.690094,145.620542,39.690094,148.183042,21.5752667,-158.2733528,600.4499830945839
140,789,2014-08-28T02:12:27.5Z,noon,29.844675,146.716715,34.690094,145.620542,21.5752667,-158.2733528,548.542409323937
140,790,2014-08-28T14:06:14Z,midnight,34.844675,148.272965,29.844675,146.716715,21.5752667,-158.2733528,574.8489951007749
140,791,2014-08-29T02:08:05.5Z,noon,37.077384,147.887428,34.844675,148.272965,21.5752667,-158.2733528,250.67832797632911
140,792,2014-08-29T14:06:51Z,midnight,38.817077,148.197845,37.077384,147.887428,21.5752667,-158.2733528,195.3502068955841
140,793,2014-08-30T02:07:51.5Z,noon,39.524469,148.026353,38.817077,148.197845,21.5752667,-158.2733528,80.03555714622648
140,794,2014-08-30T14:12:10.5Z,midnight,37.245245,146.947186,39.524469,148.026353,21.5752667,-158.2733528,270.3237877834803
140,795,2014-08-31T02:07:46.5Z,noon,33.656611,148.129243,37.245245,146.947186,21.5752667,-158.2733528,413.14161378049664
140,796,2014-08-31T14:05:50Z,midnight,36.186743,148.614659,33.656611,148.129243,21.5752667,-158.2733528,284.79614825929565
140,797,2014-09-01T01:59:38.5Z,noon,31.186743,150.246015,36.186743,148.614659,21.5752667,-158.2733528,576.0694502572338
140,798,2014-09-01T13:57:13.5Z,midnight,33.829079,150.850182,31.186743,150.246015,21.5752667,-158.2733528,299.22452605125574
140,799,2014-09-02T02:04:40Z,noon,38.829079,149.074503,33.829079,150.850182,21.5752667,-158.2733528,578.2453652783291
140,800,2014-09-02T14:04:25.5Z,midnight,41.191597,149.13492,38.829079,149.074503,21.5752667,-158.2733528,262.7503821465732
140,801,2014-09-03T02:03:10.5Z,noon,40.239439,149.53337,41.191597,149.13492,21.5752667,-158.2733528,111.07292982832753
140,802,2014-09-03T14:03:07.5Z,midnight,41.303415,149.54587,40.239439,149.53337,21.5752667,-158.2733528,118.31341551559787
140,803,2014-09-04T01:49:47.5Z,noon,36.303415,152.966277,41.303415,149.54587,21.5752667,-158.2733528,629.9065926301217
140,804,2014-09-04T13:50:54Z,midnight,31.303415,152.689193,36.303415,152.966277,21.5752667,-158.2733528,556.5629104697451
140,805,2014-09-05T01:57:59Z,noon,36.015444,151.006467,31.303415,152.689193,21.5752667,-158.2733528,546.580574435256
140,806,2014-09-05T14:02:37.5Z,midnight,32.279577,149.846051,36.015444,151.006467,21.5752667,-158.2733528,428.9040065141376
140,807,2014-09-06T02:05:08.5Z,noon,34.989719,149.305934,32.279577,149.846051,21.5752667,-158.2733528,305.4726454612888
140,808,2014-09-06T14:02:31Z,midnight,38.752255,149.962184,34.989719,149.305934,21.5752667,-158.2733528,422.4240519566472
140,809,2014-09-07T01:57:23Z,noon,33.752255,151.335415,38.752255,149.962184,21.5752667,-158.2733528,569.4253625333519
140,810,2014-09-07T13:59:01.5Z,midnight,32.660294,150.924998,33.752255,151.335415,21.5752667,-158.2733528,127.28261768217895
140,811,2014-09-08T01:53:41.5Z,noon,27.660294,152.348984,32.660294,150.924998,21.5752667,-158.2733528,572.5612850790852
140,812,2014-09-08T13:51:11.5Z,midnight,30.237942,152.973984,27.660294,152.348984,21.5752667,-158.2733528,292.9997527376622
140,813,2014-09-09T01:49:48Z,noon,28.29464,153.41321,30.237942,152.973984,21.5752667,-158.2733528,220.2447933677752
140,814,2014-09-09T13:53:07Z,midnight,24.355297,152.584043,28.29464,153.41321,21.5752667,-158.2733528,445.7565333228382
140,815,2014-09-10T01:46:12.5Z,noon,19.355297,154.402997,24.355297,152.584043,21.5752667,-158.2733528,586.7824030826097
140,816,2014-09-10T13:40:57.5Z,midnight,22.635698,155.715497,19.355297,154.402997,21.5752667,-158.2733528,389.3718806571493
140,817,2014-09-11T01:50:24Z,noon,27.635698,153.447412,22.635698,155.715497,21.5752667,-158.2733528,600.9828798433248
140,818,2014-09-11T13:51:56.5Z,midnight,32.635698,153.061995,27.635698,153.447412,21.5752667,-158.2733528,557.2071155174556
140,819,2014-09-12T01:45:12Z,noon,27.635698,154.840106,32.635698,153.061995,21.5752667,-158.2733528,581.6429899680328
140,820,2014-09-23T01:30:55Z,midnight,22.635698,139.840106,27.635698,154.840106,21.5752667,-158.2733528,1607.5991254686166
140,821,2014-10-05T00:36:08Z,noon,27.635698,154.840106,22.635698,139.840106,21.5752667,-158.2733528,1607.5991254686166
140,822,2014-10-12T12:11:40.5Z,midnight,32.635698,169.840106,27.635698,154.840106,21.5752667,-158.2733528,1544.0864215107251
140,823,2014-10-13T12:43:12.5Z,midnight,37.635698,172.838775,32.635698,169.840106,21.5752667,-158.2733528,619.1446751007559
140,824,2014-10-14T13:21:23.5Z,midnight,42.635698,163.344719,37.635698,172.838775,21.5752667,-158.2733528,979.0797302762495
140,825,2014-10-15T01:28:09Z,noon,47.635698,161.704188,42.635698,163.344719,21.5752667,-158.2733528,570.635042257553
140,826,2014-10-15T13:15:59Z,midnight,43.830175,164.745854,47.635698,161.704188,21.5752667,-158.2733528,484.4590889337289
140,827,2014-10-16T01:15:35Z,noon,44.33773,164.892116,43.830175,164.745854,21.5752667,-158.2733528,57.633957002705145
140,828,2014-10-16T13:22:32.5Z,midnight,49.33773,163.152533,44.33773,164.892116,21.5752667,-158.2733528,571.4603069595178
140,829,2014-10-17T01:28:32.5Z,noon,44.33773,161.695942,49.33773,163.152533,21.5752667,-158.2733528,566.8762214048458
140,830,2014-10-18T01:16:56Z,noon,46.728106,164.638522,44.33773,161.695942,21.5752667,-158.2733528,350.920736317086
140,831,2014-10-18T13:22:56Z,midnight,50.777531,163.138522,46.728106,164.638522,21.5752667,-158.2733528,463.4823217330019
140,832,2014-10-19T01:27:00.5Z,noon,47.059221,162.157299,50.777531,163.138522,21.5752667,-158.2733528,419.6170265916708
140,833,2014-10-19T13:21:19Z,midnight,42.059221,163.580216,47.059221,162.157299,21.5752667,-158.2733528,567.2613786789689
140,834,2014-10-20T01:21:10Z,noon,39.766865,163.652222,42.059221,163.580216,21.5752667,-158.2733528,254.97013082595836
140,835,2014-10-20T13:24:54Z,midnight,42.366123,162.718889,39.766865,163.652222,21.5752667,-158.2733528,299.42278185768305
140,836,2014-10-21T01:22:37.5Z,noon,44.581861,163.319073,42.366123,162.718889,21.5752667,-158.2733528,251.09150444489575
140,837,2014-10-21T13:33:45Z,midnight,49.581861,160.537823,44.581861,163.319073,21.5752667,-158.2733528,594.4125444805242
140,838,2014-10-22T01:39:16.5Z,noon,48.116288,159.184887,49.581861,160.537823,21.5752667,-158.2733528,190.66901832435533
140,839,2014-10-22T13:48:11.5Z,midnight,53.116288,156.955721,48.116288,159.184887,21.5752667,-158.2733528,577.7166244041606
140,840,2014-10-23T01:55:55Z,noon,48.116288,155.049622,53.116288,156.955721,21.5752667,-158.2733528,571.9528328931756
140,841,2014-10-23T13:49:06Z,midnight,43.116288,156.753789,48.116288,155.049622,21.5752667,-158.2733528,571.5146179559696
140,842,2014-10-24T01:46:30Z,noon,43.101854,157.425737,43.116288,156.753789,21.5752667,-158.2733528,54.57106459234145
140,843,2014-10-24T13:53:43Z,midnight,47.617211,155.62157,43.101854,157.425737,21.5752667,-158.2733528,521.4564808339724
140,844,2014-10-25T01:53:38Z,noon,47.676892,155.661111,47.617211,155.62157,21.5752667,-158.2733528,7.267281055523004
140,845,2014-10-25T13:53:05Z,midnight,46.168847,155.798611,47.676892,155.661111,21.5752667,-158.2733528,168.01169135879792
140,846,2014-10-26T01:53:05Z,noon,46.168847,155.814043,46.168847,155.798611,21.5752667,-158.2733528,1.188363304521488
140,847,2014-10-26T13:55:15Z,midnight,46.631575,155.272377,46.168847,155.814043,21.5752667,-158.2733528,66.12565367695753
140,848,2014-10-27T01:43:34.5Z,noon,51.631575,158.203254,46.631575,155.272377,21.5752667,-158.2733528,595.340484207917
140,849,2014-10-27T13:52:55Z,midnight,56.631575,155.867838,51.631575,158.203254,21.5752667,-158.2733528,576.3318312331576
140,850,2014-10-28T01:47:46.5Z,noon,59.109631,157.16205,56.631575,155.867838,21.5752667,-158.2733528,285.96505338576634
140,851,2014-10-28T13:30:16.5Z,midnight,54.109631,161.53705,59.109631,157.16205,21.5752667,-158.2733528,616.7676072537861
140,852,2014-10-29T01:31:33.5Z,noon,49.282937,161.221658,54.109631,161.53705,21.5752667,-158.2733528,537.1423941271981
140,853,2014-10-29T13:21:07.5Z,midnight,44.282937,163.829991,49.282937,161.221658,21.5752667,-158.2733528,590.2861770112362
140,854,2014-10-30T01:11:37.5Z,noon,47.798724,166.207057,44.282937,163.829991,21.5752667,-158.2733528,431.79644745332723
140,855,2014-10-30T13:15:32Z,midnight,49.117646,165.229973,47.798724,166.207057,21.5752667,-158.2733528,163.39694056874126
140,856,2014-10-31T01:24:15Z,noon,44.117646,163.049481,49.117646,165.229973,21.5752667,-158.2733528,580.3134925206924
140,857,2014-10-31T13:26:07.5Z,midnight,44.255152,162.580731,44.117646,163.049481,21.5752667,-158.2733528,40.382343029509904
140,858,2014-11-01T01:19:03.5Z,noon,48.374972,164.342668,44.255152,162.580731,21.5752667,-158.2733528,477.63497228738674
140,859,2014-11-01T13:20:04.5Z,midnight,48.089151,164.088502,48.374972,164.342668,21.5752667,-158.2733528,36.939002310579966
140,860,2014-11-02T01:27:53.5Z,noon,43.598661,162.126192,48.089151,164.088502,21.5752667,-158.2733528,521.8943921061294
140,861,2014-11-02T13:35:00Z,midnight,46.909285,160.349109,43.598661,162.126192,21.5752667,-158.2733528,393.50148957456895
140,862,2014-11-03T01:20:29Z,noon,51.909285,163.966715,46.909285,160.349109,21.5752667,-158.2733528,614.3096413442694
140,863,2014-11-03T13:35:29Z,midnight,56.909285,160.216715,51.909285,163.966715,21.5752667,-158.2733528,606.4080477236696
140,864,2014-11-04T01:44:26.5Z,noon,55.320358,157.96215,56.909285,160.216715,21.5752667,-158.2733528,225.25670981157734
140,865,2014-11-04T13:21:52.5Z,midnight,50.320358,163.603816,55.320358,157.96215,21.5752667,-158.2733528,672.4475227232026
140,866,2014-11-05T01:13:03.5Z,noon,48.837667,165.789583,50.320358,163.603816,21.5752667,-158.2733528,228.05127089347624
140,867,2014-11-05T13:25:36Z,midnight,53.450556,162.654167,48.837667,165.789583,21.5752667,-158.2733528,557.4812285148894
140,868,2014-11-06T01:16:38.5Z,noon,56.586442,164.871937,53.450556,162.654167,21.5752667,-158.2733528,376.21723171741746
140,869,2014-11-06T13:16:26Z,midnight,55.859473,164.92402,56.586442,164.871937,21.5752667,-158.2733528,80.89935682818154
140,870,2014-11-07T01:31:17.5Z,noon,50.859473,161.18422,55.859473,164.92402,21.5752667,-158.2733528,608.6320867452598
140,871,2014-11-07T13:21:04Z,midnight,45.859473,163.74047,50.859473,161.18422,21.5752667,-158.2733528,587.0828459594424
140,872,2014-11-08T01:06:51.5Z,noon,50.859473,167.263946,45.859473,163.74047,21.5752667,-158.2733528,613.7267391317699
140,873,2014-11-08T13:12:44Z,midnight,52.871821,165.795196,50.859473,167.263946,21.5752667,-158.2733528,245.42623719710932
140,874,2014-11-09T01:13:34Z,noon,52.569845,165.55488,52.871821,165.795196,21.5752667,-158.2733528,37.27546178488252
140,875,2014-11-09T13:09:07Z,midnight,50.265887,166.66738,52.569845,165.55488,21.5752667,-158.2733528,267.54326519573834
140,876,2014-11-10T00:55:13Z,noon,55.16186,170.107043,50.265887,166.66738,21.5752667,-158.2733528,591.4833269946943
140,877,2014-11-10T12:26:00Z,midnight,50.16186,177.411209,55.16186,170.107043,21.5752667,-158.2733528,742.0323822891107
140,878,2014-11-11T00:22:19Z,noon,45.16186,178.293374,50.16186,177.411209,21.5752667,-158.2733528,559.8746504777444
140,879,2014-11-11T12:11:07Z,midnight,40.16186,-178.906626,45.16186,178.293374,21.5752667,-158.2733528,601.1692207666334
140,880,2014-11-11T23:58:56.5Z,noon,44.496813,-175.862876,40.16186,-178.906626,21.5752667,-158.2733528,542.9941060333543
140,881,2014-11-12T11:40:52Z,midnight,39.496813,-171.386098,44.496813,-175.862876,21.5752667,-158.2733528,667.5650671882237
140,882,2014-11-12T23:40:37.5Z,noon,34.496813,-171.325681,39.496813,-171.386098,21.5752667,-158.2733528,556.0004784780253
140,883,2014-11-13T11:35:23Z,midnight,30.694027,-170.06051,34.496813,-171.325681,21.5752667,-158.2733528,439.1338626968208
140,884,2014-11-13T23:34:26Z,noon,31.296711,-169.82301,30.694027,-170.06051,21.5752667,-158.2733528,70.73561125479259
140,885,2014-11-14T11:45:41Z,midnight,36.296711,-172.683994,31.296711,-169.82301,21.5752667,-158.2733528,615.5404763713746
140,886,2014-11-14T23:49:19Z,noon,35.408955,-173.592328,36.296711,-172.683994,21.5752667,-158.2733528,128.24147886561673
140,887,2014-11-15T11:50:25Z,midnight,35.571475,-173.919013,35.408955,-173.592328,21.5752667,-158.2733528,34.660755782957516
140,888,2014-11-15T23:30:20Z,noon,40.571475,-168.89818,35.571475,-173.919013,21.5752667,-158.2733528,708.4360803459604
140,889,2014-11-16T11:22:30Z,midnight,41.387329,-166.994692,40.571475,-168.89818,21.5752667,-158.2733528,183.74018453233055
140,890,2014-11-16T23:19:26.5Z,noon,42.792001,-166.230109,41.387329,-166.994692,21.5752667,-158.2733528,168.4514064117644
140,891,2014-11-17T11:27:18.5Z,midnight,45.668101,-168.254737,42.792001,-166.230109,21.5752667,-158.2733528,358.1578613659563
140,892,2014-11-17T23:24:12Z,noon,46.885986,-167.477653,45.668101,-168.254737,21.5752667,-158.2733528,148.00500506719467
140,893,2014-11-18T11:21:55.5Z,midnight,45.550425,-166.969932,46.885986,-167.477653,21.5752667,-158.2733528,153.55814159541467
140,894,2014-11-18T23:07:18Z,noon,50.550425,-163.313682,45.550425,-166.969932,21.5752667,-158.2733528,618.6547057418412
140,895,2014-11-19T11:06:12.5Z,midnight,49.984272,-163.10481,50.550425,-163.313682,21.5752667,-158.2733528,64.68008833752225
140,896,2014-11-19T23:25:17.5Z,noon,44.984272,-167.875644,49.984272,-163.10481,21.5752667,-158.2733528,661.2253473672804
140,897,2014-11-20T11:29:08.5Z,midnight,44.022419,-168.905151,44.984272,-167.875644,21.5752667,-158.2733528,134.55201531151883
140,898,2014-11-20T23:27:55.5Z,noon,44.509664,-168.600984,44.022419,-168.905151,21.5752667,-158.2733528,59.3462581078044
140,899,2014-11-21T11:25:13Z,midnight,43.015637,-167.993812,44.509664,-168.600984,21.5752667,-158.2733528,173.13456614831824
140,900,2014-11-21T23:18:51.5Z,noon,45.521269,-166.404229,43.015637,-167.993812,21.5752667,-158.2733528,305.9982798142575
140,901,2014-11-22T11:21:45.5Z,midnight,46.206532,-167.201983,45.521269,-166.404229,21.5752667,-158.2733528,98.08998756060403
140,902,2014-11-22T23:26:32.5Z,noon,44.415886,-168.397817,46.206532,-167.201983,21.5752667,-158.2733528,219.96954521844683
140,903,2014-11-23T11:24:28.5Z,midnight,43.236821,-167.956684,44.415886,-168.397817,21.5752667,-158.2733528,135.7974058292043
140,904,2014-11-23T23:21:06Z,noon,44.54618,-167.112934,43.236821,-167.956684,21.5752667,-158.2733528,160.5249637577353
140,905,2014-11-24T11:27:22.5Z,midnight,46.471341,-168.759931,44.54618,-167.112934,21.5752667,-158.2733528,249.57991440791497
140,906,2014-11-24T23:24:22.5Z,noon,47.496514,-168.009931,46.471341,-168.759931,21.5752667,-158.2733528,127.40119745630842
140,907,2014-11-25T11:15:26.5Z,midnight,43.977659,-165.857488,47.496514,-168.009931,21.5752667,-158.2733528,425.4010965902386
140,908,2014-11-25T23:19:56.5Z,noon,42.232742,-166.982488,43.977659,-165.857488,21.5752667,-158.2733528,214.44116333627716
140,909,2014-11-26T11:20:08.5Z,midnight,41.988328,-167.115949,42.232742,-166.982488,21.5752667,-158.2733528,29.32276000364578
140,910,2014-11-26T22:28:17Z,noon,46.988328,-154.151365,41.988328,-167.115949,21.5752667,-158.2733528,1167.0179389576278
140,911,2014-11-27T10:33:08.5Z,midnight,51.988328,-155.451905,46.988328,-154.151365,21.5752667,-158.2733528,563.8296872852256
140,912,2014-11-27T23:08:07.5Z,noon,49.20131,-164.197738,51.988328,-155.451905,21.5752667,-158.2733528,690.141418640332
140,913,2014-11-28T10:57:22Z,midnight,45.43829,-161.596527,49.20131,-164.197738,21.5752667,-158.2733528,462.0207691032165
140,914,2014-11-28T23:08:28Z,noon,41.333089,-164.371527,45.43829,-161.596527,21.5752667,-158.2733528,508.5032616883592
140,915,2014-11-29T11:35:21Z,midnight,46.333089,-171.18307,41.333089,-164.371527,21.5752667,-158.2733528,778.9352002338345
140,916,2014-11-29T23:34:27Z,noon,50.323398,-170.95807,46.333089,-171.18307,21.5752667,-158.2733528,444.01320430745494
140,917,2014-11-30T11:15:42.5Z,midnight,45.323398,-166.365616,50.323398,-170.95807,21.5752667,-158.2733528,652.9027567230614
140,918,2014-11-30T23:14:15.5Z,noon,44.665475,-166.003116,45.323398,-166.365616,21.5752667,-158.2733528,78.51460790383315
140,919,2014-12-01T11:14:45.5Z,midnight,44.576821,-166.223246,44.665475,-166.003116,21.5752667,-158.2733528,20.01771398855918
140,920,2014-12-01T23:10:47.5Z,noon,45.908728,-165.23158,44.576821,-166.223246,21.5752667,-158.2733528,167.21495388013972
140,921,2014-12-02T11:02:17Z,midnight,42.722723,-163.201707,45.908728,-165.23158,21.5752667,-158.2733528,389.30641756935455
140,922,2014-12-02T22:50:13.5Z,noon,46.796448,-160.187123,42.722723,-163.201707,21.5752667,-158.2733528,511.606328456833
140,923,2014-12-03T10:44:39Z,midnight,44.752259,-158.892573,46.796448,-160.187123,21.5752667,-158.2733528,248.4805784588776
140,924,2014-12-03T22:39:57.5Z,noon,46.281567,-157.719657,44.752259,-158.892573,21.5752667,-158.2733528,193.04608626916374
140,925,2014-12-04T10:42:54Z,midnight,46.972103,-158.556171,46.281567,-157.719657,21.5752667,-158.2733528,99.87999473528889
140,926,2014-12-04T22:47:11Z,noon,45.629416,-159.627005,46.972103,-158.556171,21.5752667,-158.2733528,170.45901970515573
140,927,2014-12-05T10:42:42.5Z,midnight,43.93919,-158.611156,45.629416,-159.627005,21.5752667,-158.2733528,204.3255569412531
140,928,2014-12-05T22:35:28.5Z,noon,46.290662,-156.802822,43.93919,-158.611156,21.5752667,-158.2733528,297.47312444398875
140,929,2014-12-06T10:43:35Z,midnight,48.492231,-158.934514,46.290662,-156.802822,21.5752667,-158.2733528,292.6818971935402
140,930,2014-12-06T22:28:48.5Z,noon,52.298961,-155.240764,48.492231,-158.934514,21.5752667,-158.2733528,497.5734082712604
140,931,2014-12-07T10:22:48.5Z,midnight,50.650275,-153.846982,52.298961,-155.240764,21.5752667,-158.2733528,207.17794008838706
140,932,2014-12-07T22:17:23.5Z,noon,51.977391,-152.492815,50.650275,-153.846982,21.5752667,-158.2733528,175.02076757055482
140,933,2014-12-08T09:51:25Z,midnight,46.977391,-146.106792,51.977391,-152.492815,21.5752667,-158.2733528,721.9165845528254
140,934,2014-12-08T22:04:10.5Z,noon,41.977391,-149.296375,46.977391,-146.106792,21.5752667,-158.2733528,610.7229034236398
140,935,2014-12-09T09:43:04Z,midnight,36.977391,-144.128428,41.977391,-149.296375,21.5752667,-158.2733528,710.9277569993653
140,936,2014-12-09T21:18:07.5Z,noon,41.348143,-137.893011,36.977391,-144.128428,21.5752667,-158.2733528,724.3418523640225
140,937,2014-12-10T09:19:33Z,midnight,41.709599,-138.359702,41.348143,-137.893011,21.5752667,-158.2733528,55.898176798024444
140,938,2014-12-10T21:04:14.5Z,noon,46.670794,-134.532619,41.709599,-138.359702,21.5752667,-158.2733528,630.2340525331116
140,939,2014-12-11T09:02:19Z,midnight,45.956876,-134.163012,46.670794,-134.532619,21.5752667,-158.2733528,84.30661096702829
140,940,2014-12-11T20:53:40Z,noon,48.442731,-132.000512,45.956876,-134.163012,21.5752667,-158.2733528,321.0559364580187
140,941,2014-12-12T08:58:20Z,midnight,49.554989,-133.279917,48.442731,-132.000512,21.5752667,-158.2733528,154.93876558931376
140,942,2014-12-12T20:43:59Z,noon,52.959006,-129.692417,49.554989,-133.279917,21.5752667,-158.2733528,453.29733472198103
140,943,2014-12-13T08:40:13Z,midnight,52.008258,-128.864479,52.959006,-129.692417,21.5752667,-158.2733528,119.66276409445679
140,944,2014-12-13T20:32:34Z,noon,53.673241,-126.951979,52.008258,-128.864479,21.5752667,-158.2733528,225.31780759653793
140,945,2014-12-14T08:40:13Z,midnight,55.096054,-128.97909,53.673241,-126.951979,21.5752667,-158.2733528,205.55484304032882
140,946,2014-12-14T21:04:02Z,noon,50.096054,-134.933257,55.096054,-128.97909,21.5752667,-158.2733528,685.6543976562624
140,947,2014-12-15T09:36:15.5Z,midnight,55.096054,-143.104891,50.096054,-134.933257,21.5752667,-158.2733528,782.4528286076895
140,948,2014-12-15T21:37:13Z,noon,56.367896,-143.344475,55.096054,-143.104891,21.5752667,-158.2733528,142.21543576148662
140,949,2014-12-16T09:49:08.5Z,midnight,58.241445,-146.441774,56.367896,-143.344475,21.5752667,-158.2733528,279.2478983273892
140,950,2014-12-16T21:51:22Z,noon,57.89777,-146.998024,58.241445,-146.441774,21.5752667,-158.2733528,50.30388030200053
140,951,2014-12-17T09:47:02.5Z,midnight,57.141169,-146.033379,57.89777,-146.998024,21.5752667,-158.2733528,101.95790540017855
140,952,2014-12-17T21:53:07.5Z,noon,56.104739,-147.554212,57.141169,-146.033379,21.5752667,-158.2733528,148.10403704269686
140,953,2014-12-18T10:12:07.5Z,midnight,59.066364,-152.421261,56.104739,-147.554212,21.5752667,-158.2733528,438.65007674271294
140,954,2014-12-18T22:42:00.5Z,noon,54.066364,-159.892095,59.066364,-152.421261,21.5752667,-158.2733528,719.2663404763978
140,955,2014-12-19T10:47:06.5Z,midnight,54.953761,-161.284477,54.066364,-159.892095,21.5752667,-158.2733528,133.4714297472791
140,956,2014-12-19T22:49:28.5Z,noon,54.50073,-161.876144,54.953761,-161.284477,21.5752667,-158.2733528,63.09469734033054
140,957,2014-12-20T10:51:13.5Z,midnight,54.80571,-162.43125,54.50073,-161.876144,21.5752667,-158.2733528,49.24601807149997
140,958,2014-12-20T23:11:56Z,noon,50.350351,-167.608333,54.80571,-162.43125,21.5752667,-158.2733528,606.1175996991911
140,959,2014-12-21T11:27:28Z,midnight,53.77094,-171.609384,50.350351,-167.608333,21.5752667,-158.2733528,468.33534453626993
140,960,2014-12-21T23:49:45.5Z,noon,48.77094,-177.182301,53.77094,-171.609384,21.5752667,-158.2733528,677.3500601577526
140,961,2014-12-22T11:57:00.5Z,midnight,50.439389,-179.112519,48.77094,-177.182301,21.5752667,-158.2733528,231.85592180245087
140,962,2014-12-22T23:45:10.5Z,noon,53.101499,-176.154186,50.439389,-179.112519,21.5752667,-158.2733528,359.18125578851885
140,963,2014-12-23T11:34:20.5Z,midnight,50.681367,-173.56346,53.101499,-176.154186,21.5752667,-158.2733528,322.4832884613633
140,964,2014-12-23T23:58:35.5Z,noon,45.681367,-179.62596,50.681367,-173.56346,21.5752667,-158.2733528,714.4449317669928
140,965,2014-12-24T11:47:30Z,midnight,40.681367,-176.970429,45.681367,-179.62596,21.5752667,-158.2733528,596.1191084161848
140,966,2014-12-24T23:39:46Z,noon,42.93668,-175.037096,40.681367,-176.970429,21.5752667,-158.2733528,297.58022131893125
140,967,2014-12-25T11:29:43.5Z,midnight,39.47113,-172.643733,42.93668,-175.037096,21.5752667,-158.2733528,434.21683376841054
140,968,2014-12-25T23:15:00.5Z,noon,44.457009,-168.964567,39.47113,-172.643733,21.5752667,-158.2733528,632.2063469384203
140,969,2014-12-26T11:09:31Z,midnight,42.729733,-167.708262,44.457009,-168.964567,21.5752667,-158.2733528,217.07564490699255
140,970,2014-12-26T23:12:37Z,noon,41.683781,-168.483262,42.729733,-167.708262,21.5752667,-158.2733528,132.66859339168167
140,971,2014-12-27T11:32:56.5Z,midnight,46.683781,-173.680573,41.683781,-168.483262,21.5752667,-158.2733528,693.0962259413571
140,972,2014-12-27T23:44:13Z,noon,44.685535,-176.499323,46.683781,-173.680573,21.5752667,-158.2733528,311.91511156130446
140,973,2014-12-28T11:41:47.5Z,midnight,43.984385,-176.008473,44.685535,-176.499323,21.5752667,-158.2733528,87.1918673656889
140,974,2014-12-28T23:47:28.5Z,noon,42.113581,-177.429306,43.984385,-176.008473,21.5752667,-158.2733528,237.90537930615437
140,975,2014-12-29T11:41:11.5Z,midnight,39.970374,-175.973104,42.113581,-177.429306,21.5752667,-158.2733528,267.7727881462911
140,976,2014-12-29T23:39:09Z,noon,40.70719,-175.462687,39.970374,-175.973104,21.5752667,-158.2733528,92.64978896709485
140,977,2014-12-30T11:34:49Z,midnight,39.204252,-174.49311,40.70719,-175.462687,21.5752667,-158.2733528,186.43299429493763
140,978,2014-12-30T23:32:03.5Z,noon,40.222065,-173.803527,39.204252,-174.49311,21.5752667,-158.2733528,127.62304951886142
140,979,2014-12-31T11:39:39Z,midnight,42.961164,-175.814218,40.222065,-173.803527,21.5752667,-158.2733528,347.4282835415549
140,980,2014-12-31T23:39:15.5Z,noon,43.09154,-175.716302,42.961164,-175.814218,21.5752667,-158.2733528,16.53841358258402
140,981,2015-01-01T11:37:02Z,midnight,42.44952,-175.160052,43.09154,-175.716302,21.5752667,-158.2733528,84.6044725838467
140,982,2015-01-01T23:51:50Z,noon,37.44952,-178.860052,42.44952,-175.160052,21.5752667,-158.2733528,639.0418519240116
140,983,2015-01-02T11:42:05Z,midnight,32.939472,-176.53424,37.44952,-178.860052,21.5752667,-158.2733528,544.1535263018624
140,984,2015-01-02T23:30:23.5Z,noon,37.844591,-173.611324,32.939472,-176.53424,21.5752667,-158.2733528,606.2798092666986
140,985,2015-01-03T11:42:55Z,midnight,42.584085,-176.853072,37.844591,-173.611324,21.5752667,-158.2733528,594.443556901245
140,986,2015-01-03T23:44:53.5Z,noon,41.899323,-177.346822,42.584085,-176.853072,21.5752667,-158.2733528,86.3108915163463
140,987,2015-01-04T11:37:22Z,midnight,39.282391,-175.57478,41.899323,-177.346822,21.5752667,-158.2733528,327.1857250329028
140,988,2015-01-04T23:52:32.5Z,noon,34.282391,-179.36853,39.282391,-175.57478,21.5752667,-158.2733528,650.4230041577829
140,989,2015-01-05T12:01:55.5Z,midnight,37.141304,178.177822,34.282391,-179.36853,21.5752667,-158.2733528,387.4344647397979
140,990,2015-01-05T23:56:51Z,noon,39.156921,179.446572,37.141304,178.177822,21.5752667,-158.2733528,250.07522636262283
140,991,2015-01-06T12:18:01Z,midnight,44.156921,174.048582,39.156921,179.446572,21.5752667,-158.2733528,713.9483393456479
140,992,2015-01-07T00:50:08Z,noon,39.156921,165.91468,44.156921,174.048582,21.5752667,-158.2733528,874.314523199241
140,993,2015-01-07T12:56:38.5Z,midnight,37.727716,164.287597,39.156921,165.91468,21.5752667,-158.2733528,212.91447052129928
140,994,2015-01-08T01:01:30.5Z,noon,35.692272,162.967878,37.727716,164.287597,21.5752667,-158.2733528,255.07118156898173
140,995,2015-01-08T13:20:19Z,midnight,40.692272,158.265795,35.692272,162.967878,21.5752667,-158.2733528,691.1051847839327
140,996,2015-01-09T01:19:50Z,noon,43.336422,158.285354,40.692272,158.265795,21.5752667,-158.2733528,294.020502855846
140,997,2015-01-09T13:20:21Z,midnight,43.71809,158.156187,43.336422,158.285354,21.5752667,-158.2733528,43.6984829814685
140,998,2015-01-10T01:29:30Z,noon,40.397487,155.769281,43.71809,158.156187,21.5752667,-158.2733528,418.48140330080344
140,999,2015-01-10T13:31:12Z,midnight,41.254933,155.344281,40.397487,155.769281,21.5752667,-158.2733528,101.82875770701916
140,1000,2015-01-11T01:15:08Z,noon,46.254933,159.263499,41.254933,155.344281,21.5752667,-158.2733528,638.7007968313505
140,1001,2015-01-11T13:00:56Z,midnight,42.175915,162.813499,46.254933,159.263499,21.5752667,-158.2733528,534.4379997997124
140,1002,2015-01-12T01:01:50Z,noon,41.842697,162.493095,42.175915,162.813499,21.5752667,-158.2733528,45.53724532835169
140,1003,2015-01-12T13:01:50Z,midnight,42.082138,162.493095,41.842697,162.493095,21.5752667,-158.2733528,26.624624430699917
140,1004,2015-01-13T00:52:06Z,noon,45.503595,164.833153,42.082138,162.493095,21.5752667,-158.2733528,424.2383175637047
140,1005,2015-01-13T12:45:57.5Z,midnight,43.64696,166.368569,45.503595,164.833153,21.5752667,-158.2733528,239.59539394460302
140,1006,2015-01-14T00:47:06.5Z,noon,43.233099,165.990005,43.64696,166.368569,21.5752667,-158.2733528,55.24439634867358
140,1007,2015-01-14T12:49:35.5Z,midnight,44.387882,165.369172,43.233099,165.990005,21.5752667,-158.2733528,137.72979595121816
140,1008,2015-01-15T01:06:53.5Z,noon,39.387882,160.955398,44.387882,165.369172,21.5752667,-158.2733528,665.0442780756931
140,1009,2015-01-15T12:56:57Z,midnight,34.387882,163.440814,39.387882,160.955398,21.5752667,-158.2733528,598.231125583061
140,1010,2015-01-16T01:02:34.5Z,noon,30.474997,161.948158,34.387882,163.440814,21.5752667,-158.2733528,457.0707473305025
140,1011,2015-01-16T13:11:43.5Z,midnight,35.244915,159.660658,30.474997,161.948158,21.5752667,-158.2733528,571.75524952164
140,1012,2015-01-17T00:58:49Z,noon,40.244915,162.803777,35.244915,159.660658,21.5752667,-158.2733528,620.7592605385128
140,1013,2015-01-17T12:42:24.5Z,midnight,35.244915,166.90586,40.244915,162.803777,21.5752667,-158.2733528,662.531393133708
140,1014,2015-01-18T00:38:32.5Z,noon,35.700917,167.791075,35.244915,166.90586,21.5752667,-158.2733528,94.85122182577439
140,1015,2015-01-18T12:37:10.5Z,midnight,35.347872,168.132742,35.700917,167.791075,21.5752667,-158.2733528,49.97145794420805
140,1016,2015-01-19T00:30:16.5Z,noon,38.530455,169.778872,35.347872,168.132742,21.5752667,-158.2733528,382.91570249420056
140,1017,2015-01-19T12:16:32Z,midnight,33.530455,173.214289,38.530455,169.778872,21.5752667,-158.2733528,635.9059064950615
140,1018,2015-01-19T23:54:59.5Z,noon,38.530455,178.599706,33.530455,173.214289,21.5752667,-158.2733528,737.012419261502
140,1019,2015-01-20T11:54:55Z,midnight,42.4717,178.542233,38.530455,178.599706,21.5752667,-158.2733528,438.2733557375051
140,1020,2015-01-20T23:33:10Z,noon,47.4717,-176.020267,42.4717,178.542233,21.5752667,-158.2733528,701.0990729338478
140,1021,2015-01-21T11:16:05Z,midnight,44.666443,-171.822945,47.4717,-176.020267,21.5752667,-158.2733528,449.4866879332959
140,1022,2015-01-21T23:05:53Z,noon,48.292511,-169.272945,44.666443,-171.822945,21.5752667,-158.2733528,447.9246672760426
140,1023,2015-01-22T10:46:09Z,midnight,43.292511,-164.410355,48.292511,-169.272945,21.5752667,-158.2733528,671.4313389731918
140,1024,2015-01-22T22:45:24Z,noon,41.495576,-164.222855,43.292511,-164.410355,21.5752667,-158.2733528,200.40228240592552
140,1025,2015-01-23T10:47:08.5Z,midnight,42.625175,-164.726188,41.495576,-164.222855,21.5752667,-158.2733528,132.2997819954933
140,1026,2015-01-23T22:37:51.5Z,noon,46.286457,-162.405354,42.625175,-164.726188,21.5752667,-158.2733528,446.7969321933128
140,1027,2015-01-24T10:47:22.5Z,midnight,49.994936,-164.849558,46.286457,-162.405354,21.5752667,-158.2733528,450.4209772758089
140,1028,2015-01-24T22:50:21.5Z,noon,49.009233,-165.595391,49.994936,-164.849558,21.5752667,-158.2733528,122.12132803008213
140,1029,2015-01-25T10:40:17.5Z,midnight,45.788581,-163.140832,49.009233,-165.595391,21.5752667,-158.2733528,402.9114877603542
140,1030,2015-01-25T22:39:35Z,noon,46.06282,-162.963749,45.788581,-163.140832,21.5752667,-158.2733528,33.428742444903044
140,1031,2015-01-26T10:41:50.5Z,midnight,47.365086,-163.587464,46.06282,-162.963749,21.5752667,-158.2733528,152.41175167064293
140,1032,2015-01-26T22:47:22Z,noon,45.219293,-164.968714,47.365086,-163.587464,21.5752667,-158.2733528,261.1272908972145
140,1033,2015-01-27T10:50:04Z,midnight,46.751838,-165.699825,45.219293,-164.968714,21.5752667,-158.2733528,179.52717781994772
140,1034,2015-01-27T22:50:17.5Z,noon,46.664219,-165.756075,46.751838,-165.699825,21.5752667,-158.2733528,10.645049858347729
140,1035,2015-01-28T10:52:23.5Z,midnight,47.951264,-166.334128,46.664219,-165.756075,21.5752667,-158.2733528,149.60092381514494
140,1036,2015-02-02T22:59:20.5Z,noon,42.951264,-168.289839,47.951264,-166.334128,21.5752667,-158.2733528,576.4713445116513
150,1,2013-05-30T10:35:06.5Z,midnight,21.523924,-158.124163,21.5752667,-158.2733528,21.5752667,-158.2733528,16.45189110895953
150,2,2013-05-30T22:19:38.5Z,noon,16.523924,-154.257496,21.523924,-158.124163,21.5752667,-158.2733528,688.6053459998197
150,3,2013-05-31T10:30:07Z,midnight,11.523924,-156.911086,16.523924,-154.257496,21.5752667,-158.2733528,625.297030001432
150,4,2013-05-31T22:35:07Z,noon,10.165186,-158.161086,11.523924,-156.911086,21.5752667,-158.2733528,203.61968503385484
150,5,2013-06-01T10:23:00Z,midnight,15.165186,-155.168406,10.165186,-158.161086,21.5752667,-158.2733528,643.7722334287935
150,6,2013-06-01T21:53:00Z,noon,10.165186,-147.668406,15.165186,-155.168406,21.5752667,-158.2733528,985.2091053062793
150,7,2013-06-02T22:37:47.5Z,noon,14.08884,-158.904387,10.165186,-147.668406,21.5752667,-158.2733528,1296.7432846151514
150,8,2013-06-03T10:55:30Z,midnight,9.08884,-163.371042,14.08884,-158.904387,21.5752667,-158.2733528,738.687510611349
150,9,2013-06-03T23:01:45Z,noon,7.561989,-164.933542,9.08884,-163.371042,21.5752667,-158.2733528,241.61153016185872
150,10,2013-06-04T10:41:45Z,midnight,12.561989,-159.974547,7.561989,-164.933542,21.5752667,-158.2733528,776.965009707978
150,11,2013-06-04T22:30:30Z,noon,12.434764,-157.162047,12.561989,-159.974547,21.5752667,-158.2733528,305.65061666669874
150,12,2013-06-05T10:21:28Z,midnight,17.127762,-154.946079,12.434764,-157.162047,21.5752667,-158.2733528,573.6189751315524
150,13,2013-06-05T22:08:58Z,noon,12.127762,-151.821079,17.127762,-154.946079,21.5752667,-158.2733528,649.6646964046223
150,14,2013-06-06T10:10:00.5Z,midnight,9.803162,-152.125143,12.127762,-151.821079,21.5752667,-158.2733528,260.60592505903924
150,15,2013-06-06T22:20:00.5Z,noon,14.803162,-154.625143,9.803162,-152.125143,21.5752667,-158.2733528,618.7260690799179
150,16,2013-06-07T10:35:30Z,midnight,9.803162,-158.54291,14.803162,-154.625143,21.5752667,-158.2733528,700.0963196841062
150,17,2013-06-07T22:28:00Z,noon,4.803162,-156.66791,9.803162,-158.54291,21.5752667,-158.2733528,593.1653344370394
150,18,2013-06-08T10:30:30Z,midnight,0.794711,-157.338885,4.803162,-156.66791,21.5752667,-158.2733528,451.9034711014071
150,19,2013-06-08T22:40:30Z,noon,5.794711,-159.838885,0.794711,-157.338885,21.5752667,-158.2733528,621.353426069648
150,20,2013-06-09T10:24:15Z,midnight,10.794711,-155.823403,5.794711,-159.838885,21.5752667,-158.2733528,710.0622759873287
150,21,2013-06-09T22:18:00Z,noon,12.097673,-154.260903,10.794711,-155.823403,21.5752667,-158.2733528,223.5778807425078
150,22,2013-06-10T10:16:45Z,midnight,12.709436,-153.996379,12.097673,-154.260903,21.5752667,-158.2733528,73.84195641204667
150,23,2013-06-10T21:54:33.5Z,noon,7.709436,-148.448462,12.709436,-153.996379,21.5752667,-158.2733528,823.0746129700938
150,24,2013-06-11T22:42:39Z,noon,10.46319,-160.520229,7.709436,-148.448462,21.5752667,-158.2733528,1360.1903947000683
150,25,2013-06-12T10:28:31.5Z,midnight,15.46319,-157.038619,10.46319,-160.520229,21.5752667,-158.2733528,671.8141344907417
150,26,2013-06-12T22:26:23.5Z,noon,16.658158,-156.505285,15.46319,-157.038619,21.5752667,-158.2733528,144.57952282694185
150,27,2013-06-13T10:27:41.5Z,midnight,15.957007,-156.880626,16.658158,-156.505285,21.5752667,-158.2733528,87.6526233869834
150,28,2013-06-13T22:27:40.5Z,noon,15.948629,-156.87646,15.957007,-156.880626,21.5752667,-158.2733528,1.0325896328632804
150,29,2013-06-14T10:25:30Z,midnight,16.984167,-156.383665,15.948629,-156.87646,21.5752667,-158.2733528,126.57023042622627
150,30,2013-06-14T22:30:30Z,noon,19.399476,-157.633665,16.984167,-156.383665,21.5752667,-158.2733528,299.27017529053654
150,31,2013-06-15T10:33:00Z,midnight,18.160162,-158.310145,19.399476,-157.633665,21.5752667,-158.2733528,155.1188716771223
150,32,2013-06-15T22:18:22.5Z,noon,13.160162,-154.653895,18.160162,-158.310145,21.5752667,-158.2733528,679.8739455888393
150,33,2013-06-16T10:16:10Z,midnight,11.859217,-154.153728,13.160162,-154.653895,21.5752667,-158.2733528,154.51197675388795
150,34,2013-06-16T22:13:18.5Z,noon,10.341926,-153.439144,11.859217,-154.153728,21.5752667,-158.2733528,185.85997304290743
150,35,2013-06-17T10:18:01Z,midnight,7.771339,-154.668489,10.341926,-153.439144,21.5752667,-158.2733528,316.10455497335766
150,36,2013-06-17T22:41:45Z,noon,12.771339,-160.601822,7.771339,-154.668489,21.5752667,-158.2733528,854.5414652107294
150,37,2013-06-18T10:35:18.5Z,midnight,17.771339,-159.043922,12.771339,-160.601822,21.5752667,-158.2733528,580.5281772590616
150,38,2013-06-18T22:24:48.5Z,noon,17.915998,-156.418922,17.771339,-159.043922,21.5752667,-158.2733528,278.3086535313347
150,39,2013-06-19T10:28:45Z,midnight,15.970092,-157.457018,17.915998,-156.418922,21.5752667,-158.2733528,242.91828737736995
150,40,2013-06-19T22:28:00Z,noon,15.597186,-157.269518,15.970092,-157.457018,21.5752667,-158.2733528,46.06395093054453
150,41,2013-06-20T10:24:15Z,midnight,17.426901,-156.384769,15.597186,-157.269518,21.5752667,-158.2733528,224.25364602106154
150,42,2013-06-20T22:31:45Z,noon,20.95305,-158.259769,17.426901,-156.384769,21.5752667,-158.2733528,438.735890759011
150,43,2013-06-21T10:43:00Z,midnight,15.95305,-161.125,20.95305,-158.259769,21.5752667,-158.2733528,632.7433637304821
150,44,2013-06-21T22:46:55Z,noon,17.499065,-162.104167,15.95305,-161.125,21.5752667,-158.2733528,201.05842570223518
150,45,2013-06-22T10:36:20.5Z,midnight,22.39619,-159.513036,17.499065,-162.104167,21.5752667,-158.2733528,608.1172318179149
150,46,2013-06-22T22:36:10.5Z,noon,22.32234,-159.47137,22.39619,-159.513036,21.5752667,-158.2733528,9.262374634577192
150,47,2013-06-23T10:53:23.5Z,midnight,17.32234,-163.827952,22.32234,-159.47137,21.5752667,-158.2733528,718.7488002839261
150,48,2013-06-23T21:54:38.5Z,noon,12.32234,-149.140452,17.32234,-163.827952,21.5752667,-158.2733528,1673.0195028407484
150,49,2013-06-24T22:25:41Z,noon,16.072164,-156.95299,12.32234,-149.140452,21.5752667,-158.2733528,939.5522402624807
150,50,2013-06-25T10:26:05Z,midnight,15.887079,-157.104724,16.072164,-156.95299,21.5752667,-158.2733528,26.20399144700658
150,51,2013-06-25T22:34:29Z,noon,19.925356,-159.204724,15.887079,-157.104724,21.5752667,-158.2733528,500.9770584296546
150,52,2013-06-26T10:34:01.5Z,midnight,20.159774,-159.141397,19.925356,-159.204724,21.5752667,-158.2733528,26.89241127343385
150,53,2013-06-26T22:11:17.5Z,noon,15.159774,-153.458064,20.159774,-159.141397,21.5752667,-158.2733528,819.3880788283598
150,54,2013-06-27T10:10:55Z,midnight,10.159774,-153.415003,15.159774,-153.458064,21.5752667,-158.2733528,555.9942465166085
150,55,2013-06-27T22:35:55Z,noon,15.159774,-159.665003,10.159774,-153.415003,21.5752667,-158.2733528,876.6597539218857
150,56,2013-06-28T10:37:01.5Z,midnight,20.159774,-159.992117,15.159774,-159.665003,21.5752667,-158.2733528,557.0530188315822
150,57,2013-06-28T22:32:01.5Z,noon,18.589211,-158.742117,20.159774,-159.992117,21.5752667,-158.2733528,218.38089410874719
150,58,2013-06-29T10:30:12.5Z,midnight,19.490399,-158.337234,18.589211,-158.742117,21.5752667,-158.2733528,108.86999748539196
150,59,2013-06-29T22:32:14Z,noon,20.436983,-158.843484,19.490399,-158.337234,21.5752667,-158.2733528,117.80509045103358
150,60,2013-06-30T10:31:16.5Z,midnight,20.927348,-158.652349,20.436983,-158.843484,21.5752667,-158.2733528,58.03833143723117
150,61,2013-06-30T22:14:15Z,noon,15.927348,-154.396099,20.927348,-158.652349,21.5752667,-158.2733528,714.5170942754418
150,62,2013-07-01T10:18:00Z,midnight,10.927348,-155.381125,15.927348,-154.396099,21.5752667,-158.2733528,566.0823630608874
150,63,2013-07-01T22:40:43.5Z,noon,15.927348,-161.062375,10.927348,-155.381125,21.5752667,-158.2733528,828.4739511995773
150,64,2013-07-02T10:40:24Z,midnight,20.927348,-161.027642,15.927348,-161.062375,21.5752667,-158.2733528,555.9866968556673
150,65,2013-07-02T22:25:49.5Z,noon,15.927348,-157.383892,20.927348,-161.027642,21.5752667,-158.2733528,675.8215384516384
150,66,2013-07-03T10:25:29.5Z,midnight,15.283828,-157.345982,15.927348,-157.383892,21.5752667,-158.2733528,71.67124487550798
150,67,2013-07-03T22:40:17.5Z,noon,20.283828,-161.045982,15.283828,-157.345982,21.5752667,-158.2733528,680.0386475162597
150,68,2013-07-04T10:40:37.5Z,midnight,22.332938,-161.17356,20.283828,-161.045982,21.5752667,-158.2733528,228.23355213541151
150,69,2013-07-04T22:21:55.5Z,noon,17.332938,-156.49856,22.332938,-161.17356,21.5752667,-158.2733528,740.2736277901889
150,70,2013-07-05T10:21:16.5Z,midnight,13.543868,-156.379046,17.332938,-156.49856,21.5752667,-158.2733528,421.5199614519032
150,71,2013-07-05T22:24:31.5Z,noon,15.235629,-157.191546,13.543868,-156.379046,21.5752667,-158.2733528,207.47273222076683
150,72,2013-07-06T10:25:56.5Z,midnight,14.569526,-157.587357,15.235629,-157.191546,21.5752667,-158.2733528,85.41012990089064
150,73,2013-07-06T22:38:41.5Z,noon,19.569526,-160.774857,14.569526,-157.587357,21.5752667,-158.2733528,651.0078793423935
150,74,2013-07-07T10:40:10.5Z,midnight,20.289199,-161.185915,19.569526,-160.774857,21.5752667,-158.2733528,90.83088915456551
150,75,2013-07-07T22:42:36Z,noon,21.437006,-161.792165,20.289199,-161.185915,21.5752667,-158.2733528,142.32811932548816
150,76,2013-07-08T10:43:48.5Z,midnight,20.967937,-162.132976,21.437006,-161.792165,21.5752667,-158.2733528,62.99799993744422
150,77,2013-07-08T22:46:59Z,noon,22.454286,-162.926726,20.967937,-162.132976,21.5752667,-158.2733528,184.4967430098863
150,78,2013-07-09T10:45:53.5Z,midnight,23.068752,-162.690963,22.454286,-162.926726,21.5752667,-158.2733528,72.47586240251823
150,79,2013-07-09T22:40:41.5Z,noon,20.628026,-161.390963,23.068752,-162.690963,21.5752667,-158.2733528,302.74334410577507
150,80,2013-07-10T10:52:42.5Z,midnight,15.628026,-164.430637,20.628026,-161.390963,21.5752667,-158.2733528,642.0286625995662
150,81,2013-07-10T23:11:55Z,noon,20.628026,-169.23272,15.628026,-164.430637,21.5752667,-158.2733528,752.592788646361
150,82,2013-07-11T11:07:51.5Z,midnight,25.628026,-168.251925,20.628026,-169.23272,21.5752667,-158.2733528,564.9396553066098
150,83,2013-07-11T23:14:55.5Z,noon,28.995306,-170.018592,25.628026,-168.251925,21.5752667,-158.2733528,413.09020811970487
150,84,2013-07-12T11:29:10.5Z,midnight,23.995306,-173.613093,28.995306,-170.018592,21.5752667,-158.2733528,660.9954024954575
150,85,2013-07-12T23:24:27.5Z,noon,20.668197,-172.433926,23.995306,-173.613093,21.5752667,-158.2733528,389.3225396512691
150,86,2013-07-13T11:19:58.5Z,midnight,22.957034,-171.343237,20.668197,-172.433926,21.5752667,-158.2733528,278.29687862480966
150,87,2013-07-13T23:30:35Z,noon,27.702069,-173.995321,22.957034,-171.343237,21.5752667,-158.2733528,591.0703365118309
150,88,2013-07-14T11:30:49Z,midnight,27.768793,-174.081878,27.702069,-173.995321,21.5752667,-158.2733528,11.2968286992452
150,89,2013-07-14T23:28:10.5Z,noon,26.627545,-173.421462,27.768793,-174.081878,21.5752667,-158.2733528,142.72240248106942
150,90,2013-07-15T11:34:25.5Z,midnight,23.96153,-175.010203,26.627545,-173.421462,21.5752667,-158.2733528,336.7258151857666
150,91,2013-07-15T23:45:21Z,noon,28.803129,-177.741453,23.96153,-175.010203,21.5752667,-158.2733528,603.1382388924483
150,92,2013-07-16T11:44:56.5Z,midnight,29.159946,-177.663567,28.803129,-177.741453,21.5752667,-158.2733528,40.393065849295944
150,93,2013-07-16T23:49:12.5Z,noon,30.902693,-178.730234,29.159946,-177.663567,21.5752667,-158.2733528,219.30572429741392
150,94,2013-07-17T11:58:51.5Z,midnight,27.031026,178.83517,30.902693,-178.730234,21.5752667,-158.2733528,491.3174002509362
150,95,2013-07-17T23:56:08.5Z,noon,25.806899,179.514337,27.031026,178.83517,21.5752667,-158.2733528,151.99231614289593
150,96,2013-07-18T11:55:39Z,midnight,26.22263,179.617314,25.806899,179.514337,21.5752667,-158.2733528,47.35866137318023
150,97,2013-07-18T23:59:15Z,noon,27.835484,178.717314,26.22263,179.617314,21.5752667,-158.2733528,200.27253653490317
150,98,2013-07-19T11:55:38.5Z,midnight,29.603581,179.601666,27.835484,178.717314,21.5752667,-158.2733528,214.6830688945887
150,99,2013-07-20T00:01:53.5Z,noon,32.16392,178.023693,29.603581,179.601666,21.5752667,-158.2733528,322.0551305481008
150,100,2013-07-20T11:59:15Z,midnight,33.426182,178.68411,32.16392,178.023693,21.5752667,-158.2733528,153.33106480183937
150,101,2013-07-21T00:02:24Z,noon,34.616179,177.883442,33.426182,178.68411,21.5752667,-158.2733528,151.50456222368754
150,102,2013-07-21T12:33:29.5Z,midnight,29.616179,170.110525,34.616179,177.883442,21.5752667,-158.2733528,918.7072558222433
150,103,2013-07-22T00:47:43Z,noon,27.939291,166.543457,29.616179,170.110525,21.5752667,-158.2733528,394.4674462405142
150,104,2013-07-22T12:42:20.5Z,midnight,30.533476,167.887207,27.939291,166.543457,21.5752667,-158.2733528,316.5493491304575
150,105,2013-07-23T00:46:43Z,noon,32.351475,166.785028,30.533476,167.887207,21.5752667,-158.2733528,227.58845827278319
150,106,2013-07-23T12:46:00Z,midnight,32.899535,166.964194,32.351475,166.785028,21.5752667,-158.2733528,63.20910068068926
150,107,2013-07-24T00:44:30Z,noon,32.289724,167.333193,32.899535,166.964194,21.5752667,-158.2733528,76.11090856358571
150,108,2013-07-24T12:40:27.5Z,midnight,34.180439,168.34361,32.289724,167.333193,21.5752667,-158.2733528,230.28129131938906
150,109,2013-07-25T00:49:47.5Z,noon,37.641532,166.006738,34.180439,168.34361,21.5752667,-158.2733528,438.6003034657646
150,110,2013-07-25T12:50:34Z,midnight,37.657971,165.812988,37.641532,166.006738,21.5752667,-158.2733528,17.155340639525384
150,111,2013-07-26T01:01:17.5Z,noon,41.216331,163.130694,37.657971,165.812988,21.5752667,-158.2733528,457.7792970930617
150,112,2013-07-26T13:07:27Z,midnight,39.532213,161.59111,41.216331,163.130694,21.5752667,-158.2733528,228.1962524434867
150,113,2013-07-27T00:50:05.5Z,noon,34.532213,165.932172,39.532213,161.59111,21.5752667,-158.2733528,676.2504101366151
150,114,2013-07-27T13:05:45Z,midnight,29.532213,162.017589,34.532213,165.932172,21.5752667,-158.2733528,667.138203975984
150,115,2013-07-28T01:30:36.5Z,noon,34.532213,155.807032,29.532213,162.017589,21.5752667,-158.2733528,807.0201961500695
150,116,2013-07-28T13:27:27Z,midnight,38.433039,156.596615,34.532213,155.807032,21.5752667,-158.2733528,439.4531228502394
150,117,2013-07-29T01:27:35.5Z,noon,38.483675,156.567796,38.433039,156.596615,21.5752667,-158.2733528,6.164326899351596
150,118,2013-07-29T13:32:12Z,midnight,37.117021,155.415712,38.483675,156.567796,21.5752667,-158.2733528,182.58688272811503
150,119,2013-07-30T01:32:43Z,noon,37.312369,155.295731,37.117021,155.415712,21.5752667,-158.2733528,24.18089299269104
150,120,2013-07-30T13:38:48.5Z,midnight,35.258884,153.772815,37.312369,155.295731,21.5752667,-158.2733528,266.0166997876482
150,121,2013-07-31T01:49:22Z,noon,39.290318,151.145022,35.258884,153.772815,21.5752667,-158.2733528,504.9242645746887
150,122,2013-07-31T14:02:00Z,midnight,34.742351,147.986688,39.290318,151.145022,21.5752667,-158.2733528,578.148787558625
150,123,2013-08-01T01:36:02.5Z,noon,29.742351,154.490679,34.742351,147.986688,21.5752667,-158.2733528,826.2191317680023
150,124,2013-08-01T13:28:23Z,midnight,26.384015,156.405262,29.742351,154.490679,21.5752667,-158.2733528,417.99834697218137
150,125,2013-08-02T01:31:50.5Z,noon,28.188796,155.557711,26.384015,156.405262,21.5752667,-158.2733528,217.4570065210047
150,126,2013-08-02T13:22:09Z,midnight,33.188796,157.980628,28.188796,155.557711,21.5752667,-158.2733528,602.2570216105323
150,127,2013-08-03T01:28:32.5Z,noon,35.983,156.402374,33.188796,157.980628,21.5752667,-158.2733528,342.63577690662606
150,128,2013-08-03T13:47:50.5Z,midnight,30.983,151.577374,35.983,156.402374,21.5752667,-158.2733528,713.4539668639104
150,129,2013-08-04T01:52:11.5Z,noon,29.450574,150.51217,30.983,151.577374,21.5752667,-158.2733528,198.7713107682903
150,130,2013-08-04T13:30:01.5Z,midnight,34.450574,156.053837,29.450574,150.51217,21.5752667,-158.2733528,762.920308809964
150,131,2013-08-05T01:26:44Z,noon,38.352764,156.901681,34.450574,156.053837,21.5752667,-158.2733528,440.48201302883405
150,132,2013-08-05T13:26:56Z,midnight,38.680124,156.851681,38.352764,156.901681,21.5752667,-158.2733528,36.65977965524567
150,133,2013-08-06T01:21:02.5Z,noon,36.233606,158.352152,38.680124,156.851681,21.5752667,-158.2733528,302.55489673137987
150,134,2013-08-06T13:15:27.5Z,midnight,38.976026,159.747985,36.233606,158.352152,21.5752667,-158.2733528,328.78858641079125
150,135,2013-08-07T01:14:45.5Z,noon,38.694077,159.953158,38.976026,159.747985,21.5752667,-158.2733528,36.03773287336534
150,136,2013-08-07T13:19:48.5Z,midnight,37.001665,158.690658,38.694077,159.953158,21.5752667,-158.2733528,218.40385506788007
150,137,2013-08-08T01:20:34.5Z,noon,37.334049,158.53177,37.001665,158.690658,21.5752667,-158.2733528,39.55005624590759
150,138,2013-08-08T13:23:32Z,midnight,36.468291,157.792187,37.334049,158.53177,21.5752667,-158.2733528,116.58509567308276
150,139,2013-08-09T01:28:32Z,noon,38.644176,156.577558,36.468291,157.792187,21.5752667,-158.2733528,264.5723694676693
150,140,2013-08-09T13:36:24Z,midnight,35.594172,154.610891,38.644176,156.577558,21.5752667,-158.2733528,381.32016211777386
150,141,2013-08-10T01:36:51Z,noon,35.80591,154.536336,35.594172,154.610891,21.5752667,-158.2733528,24.48780143988306
150,142,2013-08-10T13:38:50Z,midnight,35.320334,154.040502,35.80591,154.536336,21.5752667,-158.2733528,70.19134393439998
150,143,2013-08-11T01:32:41Z,noon,32.1983,155.618499,35.320334,154.040502,21.5752667,-158.2733528,376.5419492729717
150,144,2013-08-11T13:40:40.5Z,midnight,28.123407,153.620582,32.1983,155.618499,21.5752667,-158.2733528,492.1073102617682
150,145,2013-08-12T01:53:34.5Z,noon,33.123407,150.438604,28.123407,153.620582,21.5752667,-158.2733528,633.7864631569465
150,146,2013-08-12T14:08:03.5Z,midnight,28.123407,146.817771,33.123407,150.438604,21.5752667,-158.2733528,654.9658525019939
150,147,2013-08-13T02:13:33.5Z,noon,30.873504,145.488292,28.123407,146.817771,21.5752667,-158.2733528,331.7539657546182
150,148,2013-08-13T14:01:29Z,midnight,35.873504,148.507042,30.873504,145.488292,21.5752667,-158.2733528,622.5479438165969
150,149,2013-08-14T01:18:27Z,noon,30.873504,159.313362,35.873504,148.507042,21.5752667,-158.2733528,1146.1560718181315
150,150,2013-08-14T13:20:49Z,midnight,25.873504,158.721695,30.873504,159.313362,21.5752667,-158.2733528,558.9764633560299
150,151,2013-08-15T02:02:20.5Z,noon,30.873504,148.390863,25.873504,158.721695,21.5752667,-158.2733528,1152.7588782457728
150,152,2013-08-15T14:06:14Z,midnight,34.778867,147.417946,30.873504,148.390863,21.5752667,-158.2733528,443.66188730450256
150,153,2013-08-16T02:06:21Z,noon,34.842153,147.44159,34.778867,147.417946,21.5752667,-158.2733528,7.3607124190418
150,154,2013-08-16T14:00:44Z,midnight,38.301077,148.845757,34.842153,147.44159,21.5752667,-158.2733528,404.5238070217208
150,155,2013-08-17T01:08:27.5Z,noon,33.301077,161.969669,38.301077,148.845757,21.5752667,-158.2733528,1305.9815408993634
150,156,2013-08-18T01:46:11.5Z,noon,28.301077,152.593804,33.301077,161.969669,21.5752667,-158.2733528,1053.3285569168288
150,157,2013-08-18T13:45:45Z,midnight,24.886384,152.704221,28.301077,152.593804,21.5752667,-158.2733528,379.85514804327005
150,158,2013-08-19T01:55:37.5Z,noon,29.886384,150.295199,24.886384,152.704221,21.5752667,-158.2733528,604.6598124540029
150,159,2013-08-19T13:48:00Z,midnight,34.886384,152.201449,29.886384,150.295199,21.5752667,-158.2733528,584.038822010023
150,160,2013-08-20T01:43:00Z,noon,33.898005,153.513384,34.886384,152.201449,21.5752667,-158.2733528,162.99907287778953
150,161,2013-08-20T13:44:38.5Z,midnight,33.482308,153.102968,33.898005,153.513384,21.5752667,-158.2733528,59.8199366357862
150,162,2013-08-21T01:19:54Z,noon,28.482308,159.352474,33.482308,153.102968,21.5752667,-158.2733528,814.5454140310457
150,163,2013-08-21T13:13:47.5Z,midnight,23.482308,160.879558,28.482308,159.352474,21.5752667,-158.2733528,576.5255544686044
150,164,2013-08-22T01:38:37.5Z,noon,28.482308,154.737412,23.482308,160.879558,21.5752667,-158.2733528,827.9849833083548
150,165,2013-08-22T13:48:05.5Z,midnight,32.59407,152.370745,28.482308,154.737412,21.5752667,-158.2733528,510.2601148003737
150,166,2013-08-23T01:31:45Z,noon,27.59407,156.524387,32.59407,152.370745,21.5752667,-158.2733528,684.5230237283721
150,167,2013-08-23T13:23:30Z,midnight,27.256699,158.586887,27.59407,156.524387,21.5752667,-158.2733528,206.98934903151968
150,168,2013-08-24T01:12:15Z,noon,22.256699,161.469588,27.256699,158.586887,21.5752667,-158.2733528,627.4913003835035
150,169,2013-08-24T13:18:39Z,midnight,17.256699,159.869588,22.256699,161.469588,21.5752667,-158.2733528,580.6193599569255
150,170,2013-08-25T01:46:48Z,noon,22.256699,152.904198,17.256699,159.869588,21.5752667,-158.2733528,916.4589807642582
150,171,2013-08-25T13:45:10.5Z,midnight,27.256699,153.310448,22.256699,152.904198,21.5752667,-158.2733528,557.4843384171267
150,172,2013-08-26T01:41:24Z,noon,32.256699,154.328151,27.256699,153.310448,21.5752667,-158.2733528,564.5768687924592
150,173,2013-08-26T13:45:28Z,midnight,32.592134,153.311484,32.256699,154.328151,21.5752667,-158.2733528,102.45385805588906
150,174,2013-08-27T01:55:23.5Z,noon,37.592134,150.905959,32.592134,153.311484,21.5752667,-158.2733528,597.4365294104857
150,175,2013-08-27T14:09:08.5Z,midnight,32.592134,147.468459,37.592134,150.905959,21.5752667,-158.2733528,637.7764888008692
150,176,2013-08-28T02:04:13Z,noon,27.592134,148.777132,32.592134,147.468459,21.5752667,-158.2733528,570.0346239766359
150,177,2013-08-28T13:49:22.5Z,midnight,32.592134,152.487549,27.592134,148.777132,21.5752667,-158.2733528,660.5780199614943
150,178,2013-08-29T01:24:40.5Z,noon,27.592134,158.741595,32.592134,152.487549,21.5752667,-158.2733528,818.8935331440758
150,179,2013-08-29T13:37:38Z,midnight,22.592134,155.502011,27.592134,158.741595,21.5752667,-158.2733528,644.5281559261654
150,180,2013-08-30T01:40:29.5Z,noon,17.592134,154.868019,22.592134,155.502011,21.5752667,-158.2733528,559.8992507008197
150,181,2013-08-30T13:14:25.5Z,midnight,22.592134,161.384686,17.592134,154.868019,21.5752667,-158.2733528,878.490451317973
150,182,2013-08-31T01:09:44.5Z,noon,27.592134,162.637576,22.592134,161.384686,21.5752667,-158.2733528,570.095736347409
150,183,2013-08-31T13:06:55Z,midnight,32.592134,163.343826,27.592134,162.637576,21.5752667,-158.2733528,560.105959058018
150,184,2013-09-01T01:11:34Z,noon,36.71813,162.264765,32.592134,163.343826,21.5752667,-158.2733528,469.275310275367
150,185,2013-09-01T13:22:15Z,midnight,31.71813,159.593932,36.71813,162.264765,21.5752667,-158.2733528,607.7174892063168
150,186,2013-09-02T01:11:00Z,noon,26.71813,162.49117,31.71813,159.593932,21.5752667,-158.2733528,622.9467239755088
150,187,2013-09-02T13:02:14.5Z,midnight,26.192656,164.680753,26.71813,162.49117,21.5752667,-158.2733528,225.666320694307
150,188,2013-09-03T01:13:29.5Z,noon,31.192656,161.954203,26.192656,164.680753,21.5752667,-158.2733528,616.2378979858945
150,189,2013-09-03T13:19:25Z,midnight,32.675815,160.472953,31.192656,161.954203,21.5752667,-158.2733528,216.18116470833795
150,190,2013-09-04T01:14:59Z,noon,28.062992,161.66836,32.675815,160.472953,21.5752667,-158.2733528,525.5733740456136
150,191,2013-09-04T13:10:35.5Z,midnight,33.062992,162.766277,28.062992,161.66836,21.5752667,-158.2733528,565.8126608445424
150,192,2013-09-05T01:07:31.5Z,noon,30.457973,163.621051,33.062992,162.766277,21.5752667,-158.2733528,300.72276749393916
150,193,2013-09-05T13:08:45Z,midnight,30.099888,163.314801,30.457973,163.621051,21.5752667,-158.2733528,49.499809900141265
150,194,2013-09-06T01:07:42.5Z,noon,28.897257,163.664267,30.099888,163.314801,21.5752667,-158.2733528,137.9368623466399
150,195,2013-09-06T13:05:59Z,midnight,31.922894,164.095517,28.897257,163.664267,21.5752667,-158.2733528,338.9665435391033
150,196,2013-09-07T01:06:59Z,noon,33.028193,163.935415,31.922894,164.095517,21.5752667,-158.2733528,123.81779891672645
150,197,2013-09-07T13:03:18.5Z,midnight,37.938251,164.854165,33.028193,163.935415,21.5752667,-158.2733528,552.2649279335003
150,198,2013-09-08T01:00:51Z,noon,35.458755,165.5594,37.938251,164.854165,21.5752667,-158.2733528,282.78295325596713
150,199,2013-09-08T13:04:45Z,midnight,32.228575,164.5844,35.458755,165.5594,21.5752667,-158.2733528,370.28778527396065
150,200,2013-09-09T00:53:01.5Z,noon,27.228575,167.60696,32.228575,164.5844,21.5752667,-158.2733528,627.8352838902035
150,201,2013-09-10T01:12:30.5Z,noon,22.228575,162.827997,27.228575,167.60696,21.5752667,-158.2733528,736.0772656994451
150,202,2013-09-10T13:00:29Z,midnight,17.228575,165.834247,22.228575,162.827997,21.5752667,-158.2733528,638.7706510922038
150,203,2013-09-11T00:59:43.5Z,noon,14.434242,166.116162,17.228575,165.834247,21.5752667,-158.2733528,312.1754729516956
150,204,2013-09-11T13:04:15Z,midnight,9.434242,164.984912,14.434242,166.116162,21.5752667,-158.2733528,569.4235613500887
150,205,2013-09-12T01:15:45.5Z,noon,14.434242,162.200523,9.434242,164.984912,21.5752667,-158.2733528,633.087842905366
150,206,2013-09-12T13:15:45.5Z,midnight,19.434242,162.200523,14.434242,162.200523,21.5752667,-158.2733528,555.9746332227937
150,207,2013-09-13T01:22:45Z,noon,24.434242,160.545562,19.434242,162.200523,21.5752667,-158.2733528,581.5662686520006
150,208,2013-09-13T13:39:52Z,midnight,19.434242,156.266395,24.434242,160.545562,21.5752667,-158.2733528,709.7367302975505
150,209,2013-09-14T01:37:26Z,noon,14.434242,156.967845,19.434242,156.266395,21.5752667,-158.2733528,560.9552291638631
150,210,2013-09-14T13:32:24Z,midnight,17.328968,158.226178,14.434242,156.967845,21.5752667,-158.2733528,348.87355525009315
150,211,2013-09-15T01:30:39Z,noon,12.519913,158.756852,17.328968,158.226178,21.5752667,-158.2733528,537.7715687238436
150,212,2013-09-15T13:31:47.5Z,midnight,9.924126,158.471436,12.519913,158.756852,21.5752667,-158.2733528,290.3118784817906
150,213,2013-09-16T01:36:21.5Z,noon,14.924126,157.422899,9.924126,158.471436,21.5752667,-158.2733528,567.5057854248963
150,214,2013-09-16T13:41:26.5Z,midnight,9.924126,156.152066,14.924126,157.422899,21.5752667,-158.2733528,572.8334573964798
150,215,2013-09-17T01:46:18.5Z,noon,14.924126,155.028383,9.924126,156.152066,21.5752667,-158.2733528,569.1979104504583
150,216,2013-09-17T13:37:39Z,midnight,19.924126,157.192966,14.924126,155.028383,21.5752667,-158.2733528,601.4992329599356
150,217,2013-09-18T13:07:59.5Z,midnight,14.924126,164.700282,19.924126,157.192966,21.5752667,-158.2733528,971.0153594891436
150,218,2013-09-19T01:10:58.5Z,noon,9.924126,164.046828,14.924126,164.700282,21.5752667,-158.2733528,560.481341799354
150,219,2013-09-19T13:13:21.5Z,midnight,4.924126,163.450995,9.924126,164.046828,21.5752667,-158.2733528,559.840303524799
150,220,2013-09-20T01:18:00Z,noon,-0.075874,162.3825,4.924126,163.450995,21.5752667,-158.2733528,568.4977165407302
150,221,2013-09-20T13:08:21Z,midnight,-5.075874,164.795,-0.075874,162.3825,21.5752667,-158.2733528,617.153778791477
150,222,2013-09-21T01:09:45Z,noon,-10.075874,164.536361,-5.075874,164.795,21.5752667,-158.2733528,556.7045654457625
150,223,2013-09-21T13:12:15Z,midnight,-15.075874,163.911361,-10.075874,164.536361,21.5752667,-158.2733528,560.0939877161707
150,224,2013-09-22T01:02:31.5Z,noon,-20.075874,166.433307,-15.075874,163.911361,21.5752667,-158.2733528,616.8602772485636
150,225,2013-09-24T13:03:58Z,midnight,-15.075874,166.25188,-20.075874,166.433307,21.5752667,-158.2733528,556.3068914316134
150,226,2013-09-25T00:55:13Z,noon,-10.075874,168.527467,-15.075874,166.25188,21.5752667,-158.2733528,608.3203762156433
150,227,2013-09-27T01:20:00.5Z,noon,-5.075874,162.502404,-10.075874,168.527467,21.5752667,-158.2733528,865.936458133986
150,228,2013-09-28T01:22:39Z,noon,-0.075874,161.926553,-5.075874,162.502404,21.5752667,-158.2733528,559.6400257074353
150,229,2013-09-28T13:50:59.5Z,midnight,4.924126,154.841136,-0.075874,161.926553,21.5752667,-158.2733528,963.497596503384
150,230,2013-09-29T02:08:59.5Z,noon,9.924126,150.424329,4.924126,154.841136,21.5752667,-158.2733528,739.0031803852767
150,231,2013-10-05T13:44:15Z,midnight,14.924126,157.074698,9.924126,150.424329,21.5752667,-158.2733528,911.1698810712136
150,232,2013-10-06T01:28:34Z,noon,19.924126,161.066458,14.924126,157.074698,21.5752667,-158.2733528,698.7868460423397
150,233,2013-10-06T13:16:14.5Z,midnight,24.924126,164.147708,19.924126,161.066458,21.5752667,-158.2733528,639.7771405215984
150,234,2013-10-07T01:06:09.5Z,noon,29.924126,166.737354,24.924126,164.147708,21.5752667,-158.2733528,611.8492589405081
150,235,2013-10-07T12:50:14Z,midnight,34.924126,170.718604,29.924126,166.737354,21.5752667,-158.2733528,669.725431269625
150,236,2013-10-08T00:42:57.5Z,noon,39.924126,172.60397,34.924126,170.718604,21.5752667,-158.2733528,580.3251274525168
150,237,2013-10-08T12:46:33.5Z,midnight,44.924126,171.70397,39.924126,172.60397,21.5752667,-158.2733528,560.8500584628866
150,238,2013-10-09T00:56:36Z,noon,49.924126,169.257889,44.924126,171.70397,21.5752667,-158.2733528,585.5515290312638
150,239,2013-10-09T13:07:38.5Z,midnight,54.924126,166.497472,49.924126,169.257889,21.5752667,-158.2733528,586.5187514113522
150,240,2013-10-10T00:58:58.5Z,noon,59.924126,168.726114,54.924126,166.497472,21.5752667,-158.2733528,571.6769645100934
150,241,2013-10-10T12:45:05Z,midnight,64.924126,172.19903,59.924126,168.726114,21.5752667,-158.2733528,583.7930820991296
150,242,2013-10-11T00:46:21Z,noon,69.845324,171.9419,64.924126,172.19903,21.5752667,-158.2733528,547.3214496234648
150,243,2013-10-11T12:45:46.5Z,midnight,66.420279,172.08565,69.845324,171.9419,21.5752667,-158.2733528,380.8938850900735
150,244,2013-10-12T00:48:16.5Z,noon,64.210749,171.517673,66.420279,172.08565,21.5752667,-158.2733528,247.0975420379251
150,245,2013-10-12T12:58:51Z,midnight,69.210749,168.873923,64.210749,171.517673,21.5752667,-158.2733528,567.8621102755794
150,246,2013-10-13T01:02:08.5Z,noon,67.317629,168.105441,69.210749,168.873923,21.5752667,-158.2733528,212.86633735195863
150,247,2013-10-13T12:51:17Z,midnight,62.317629,170.820025,67.317629,168.105441,21.5752667,-158.2733528,570.4810415137811
150,248,2013-10-14T12:58:12Z,midnight,57.505589,169.142636,62.317629,170.820025,21.5752667,-158.2733528,543.1360524845815
150,249,2013-10-15T00:55:52.5Z,noon,59.655104,169.772938,57.505589,169.142636,21.5752667,-158.2733528,241.7885784827822
150,250,2013-10-15T12:53:13Z,midnight,54.951925,170.437521,59.655104,169.772938,21.5752667,-158.2733528,524.4838885864197
150,251,2013-10-16T00:53:24.5Z,noon,54.759932,170.435866,54.951925,170.437521,21.5752667,-158.2733528,21.348910368304626
150,252,2013-10-16T12:58:51.5Z,midnight,57.662234,169.073366,54.759932,170.435866,21.5752667,-158.2733528,333.520895805789
150,253,2013-10-17T00:58:24Z,noon,58.034105,169.231358,57.662234,169.073366,21.5752667,-158.2733528,42.39384330242073
150,254,2013-10-17T12:57:00Z,midnight,54.983768,169.581358,58.034105,169.231358,21.5752667,-158.2733528,339.85991572726823
150,255,2013-10-18T00:59:36Z,noon,52.643862,168.971855,54.983768,169.581358,21.5752667,-158.2733528,263.24181046106634
150,256,2013-10-18T12:58:07.5Z,midnight,49.436011,169.340605,52.643862,168.971855,21.5752667,-158.2733528,357.62593598225226
150,257,2013-10-19T00:50:50Z,noon,54.436011,171.201049,49.436011,169.340605,21.5752667,-158.2733528,570.3628562246776
150,258,2013-10-19T12:53:46Z,midnight,56.368446,170.467716,54.436011,171.201049,21.5752667,-158.2733528,219.80534896905075
150,259,2013-10-20T00:55:54Z,noon,54.802723,169.968889,56.368446,170.467716,21.5752667,-158.2733528,176.89896497856066
150,260,2013-10-20T12:55:26.5Z,midnight,52.8933,170.083472,54.802723,169.968889,21.5752667,-158.2733528,212.45107058140076
150,261,2013-10-21T00:50:58.5Z,noon,56.128922,171.231573,52.8933,170.083472,21.5752667,-158.2733528,367.325159315474
150,262,2013-10-21T12:59:31.5Z,midnight,59.819994,169.094073,56.128922,171.231573,21.5752667,-158.2733528,429.28872795726693
150,263,2013-10-22T01:06:58Z,noon,55.418859,167.261971,59.819994,169.094073,21.5752667,-158.2733528,501.3474413529243
150,264,2013-10-22T12:54:22.5Z,midnight,50.418859,170.409887,55.418859,167.261971,21.5752667,-158.2733528,594.5301546134843
150,265,2013-10-23T00:53:08Z,noon,45.418859,170.745455,50.418859,170.409887,21.5752667,-158.2733528,556.5350617469763
150,266,2013-10-23T13:03:57Z,midnight,50.418859,168.041289,45.418859,170.745455,21.5752667,-158.2733528,591.2630703356315
150,267,2013-10-24T01:02:10Z,noon,53.55206,168.50907,50.418859,168.041289,21.5752667,-158.2733528,349.86350277287664
150,268,2013-10-24T12:53:36Z,midnight,48.55206,170.650737,53.55206,168.50907,21.5752667,-158.2733528,575.7053501100243
150,269,2013-10-25T00:53:45Z,noon,45.957527,170.631944,48.55206,170.650737,21.5752667,-158.2733528,288.5023904371215
150,270,2013-10-25T13:05:18Z,midnight,50.957527,167.744444,45.957527,170.631944,21.5752667,-158.2733528,595.2331113265055
150,271,2013-10-26T01:02:40.5Z,noon,54.435892,168.416127,50.957527,167.744444,21.5752667,-158.2733528,389.4110468477695
150,272,2013-10-26T12:59:46.5Z,midnight,51.597576,169.141127,54.435892,168.416127,21.5752667,-158.2733528,319.30597330634487
150,273,2013-10-27T01:06:43.5Z,noon,46.961656,167.415754,51.597576,169.141127,21.5752667,-158.2733528,530.4258411310336
150,274,2013-10-27T13:12:12.5Z,midnight,49.598799,166.044921,46.961656,167.415754,21.5752667,-158.2733528,310.2725298300217
150,275,2013-10-28T00:57:56Z,noon,54.598799,169.622467,49.598799,166.044921,21.5752667,-158.2733528,607.1144329057139
150,276,2013-10-28T12:36:24.5Z,midnight,49.598799,175.003717,54.598799,169.622467,21.5752667,-158.2733528,666.0701325478882
150,277,2013-10-29T00:31:23Z,noon,47.114229,176.265408,49.598799,175.003717,21.5752667,-158.2733528,291.56476959697676
150,278,2013-10-29T12:33:15.5Z,midnight,47.349482,175.796658,47.114229,176.265408,21.5752667,-158.2733528,44.0107084093946
150,279,2013-10-30T00:21:36Z,noon,52.349482,178.713307,47.349482,175.796658,21.5752667,-158.2733528,593.8754540792411
150,280,2013-10-30T12:10:59Z,midnight,47.349482,-178.632527,52.349482,178.713307,21.5752667,-158.2733528,587.5353702827724
150,281,2013-10-30T23:59:58Z,noon,52.349482,-175.87836,47.349482,-178.632527,21.5752667,-158.2733528,589.888343389839
150,282,2013-10-31T12:15:25Z,midnight,57.349482,-179.742185,52.349482,-175.87836,21.5752667,-158.2733528,608.2781413675984
150,283,2013-11-01T00:24:45.5Z,noon,55.110707,177.917668,57.349482,-179.742185,21.5752667,-158.2733528,287.87141992940195
150,284,2013-11-01T11:58:52Z,midnight,50.110707,-175.609415,55.110707,177.917668,21.5752667,-158.2733528,706.5782398554405
150,285,2013-11-01T23:54:31.5Z,noon,45.110707,-174.523998,50.110707,-175.609415,21.5752667,-158.2733528,561.879796471136
150,286,2013-11-02T12:02:40.5Z,midnight,46.66759,-176.569641,45.110707,-174.523998,21.5752667,-158.2733528,234.5830558775185
150,287,2013-11-03T00:04:49.5Z,noon,45.408182,-177.118702,46.66759,-176.569641,21.5752667,-158.2733528,146.3114596865689
150,288,2013-11-03T12:07:05.5Z,midnight,45.929823,-177.685369,45.408182,-177.118702,21.5752667,-158.2733528,72.82298989346943
150,289,2013-11-04T00:10:47.5Z,noon,43.743191,-178.62535,45.929823,-177.685369,21.5752667,-158.2733528,254.18304188727572
150,290,2013-11-04T12:06:08Z,midnight,40.030522,-177.460767,43.743191,-178.62535,21.5752667,-158.2733528,423.92363996575557
150,291,2013-11-04T23:34:02Z,noon,45.030522,-169.435767,40.030522,-177.460767,21.5752667,-158.2733528,860.3655032449635
150,292,2013-11-05T11:44:30Z,midnight,50.030522,-172.070833,45.030522,-169.435767,21.5752667,-158.2733528,590.0251103765502
150,293,2013-11-06T00:08:21Z,noon,49.774704,-178.055146,50.030522,-172.070833,21.5752667,-158.2733528,429.4201960889903
150,294,2013-11-06T12:01:24.5Z,midnight,45.57898,-176.31973,49.774704,-178.055146,21.5752667,-158.2733528,484.26072637747126
150,295,2013-11-07T00:14:02Z,noon,40.57898,-179.501196,45.57898,-176.31973,21.5752667,-158.2733528,612.9544197331154
150,296,2013-11-07T12:23:42Z,midnight,43.28073,178.082137,40.57898,-179.501196,21.5752667,-158.2733528,360.82158357103674
150,297,2013-11-08T00:16:32.5Z,noon,47.03896,179.843112,43.28073,178.082137,21.5752667,-158.2733528,440.08286309199866
150,298,2013-11-08T12:28:34Z,midnight,51.723714,176.836862,47.03896,179.843112,21.5752667,-158.2733528,564.4272796809931
150,299,2013-11-09T00:25:51Z,noon,52.786322,177.484047,51.723714,176.836862,21.5752667,-158.2733528,126.10018296285254
150,300,2013-11-09T12:15:01Z,midnight,47.786322,-179.80762,52.786322,177.484047,21.5752667,-158.2733528,588.221248513593
150,301,2013-11-10T00:34:40Z,noon,42.786322,175.244543,47.786322,-179.80762,21.5752667,-158.2733528,677.1320366312085
150,302,2013-11-10T12:47:40.5Z,midnight,43.73982,171.992459,42.786322,175.244543,21.5752667,-158.2733528,283.85041609625057
150,303,2013-11-11T00:47:57.5Z,noon,43.594322,171.882958,43.73982,171.992459,21.5752667,-158.2733528,18.42071903060008
150,304,2013-11-11T12:58:12Z,midnight,47.85253,169.322541,43.594322,171.882958,21.5752667,-158.2733528,513.4395127874786
150,305,2013-11-12T00:52:01Z,noon,50.414705,170.826402,47.85253,169.322541,21.5752667,-158.2733528,305.1708632168093
150,306,2013-11-12T12:48:51Z,midnight,48.556352,171.618069,50.414705,170.826402,21.5752667,-158.2733528,214.4032550987727
150,307,2013-11-13T00:52:24Z,noon,47.040997,170.685323,48.556352,171.618069,21.5752667,-158.2733528,182.33146932462597
150,308,2013-11-13T12:55:18Z,midnight,47.727277,169.960323,47.040997,170.685323,21.5752667,-158.2733528,93.82185791142659
150,309,2013-11-14T01:06:02.5Z,noon,42.828851,167.226422,47.727277,169.960323,21.5752667,-158.2733528,585.078750698533
150,310,2013-11-14T13:03:19Z,midnight,40.932846,167.907672,42.828851,167.226422,21.5752667,-158.2733528,218.23742567677286
150,311,2013-11-15T00:59:47Z,noon,42.697606,168.73932,40.932846,167.907672,21.5752667,-158.2733528,207.98077536273456
150,312,2013-11-15T12:47:30.5Z,midnight,37.697606,171.80807,42.697606,168.73932,21.5752667,-158.2733528,613.920299154575
150,313,2013-11-16T00:32:47Z,noon,42.697606,175.434474,37.697606,171.80807,21.5752667,-158.2733528,635.4295640632171
150,314,2013-11-16T12:10:44Z,midnight,37.697606,-179.053026,42.697606,175.434474,21.5752667,-158.2733528,726.5026506015945
150,315,2013-11-17T00:03:03.5Z,noon,35.447774,-177.192237,37.697606,-179.053026,21.5752667,-158.2733528,300.3117966851753
150,316,2013-11-17T12:10:44.5Z,midnight,39.132872,-179.11307,35.447774,-177.192237,21.5752667,-158.2733528,443.568243702539
150,317,2013-11-18T00:06:08Z,noon,41.409192,-178.022015,39.132872,-179.11307,21.5752667,-158.2733528,269.5036200920818
150,318,2013-11-18T12:12:53.5Z,midnight,44.033768,-179.711599,41.409192,-178.022015,21.5752667,-158.2733528,322.81288923909136
150,319,2013-11-19T00:06:00.5Z,noon,46.877892,-178.05481,44.033768,-179.711599,21.5752667,-158.2733528,341.61453706945593
150,320,2013-11-19T11:52:59.5Z,midnight,41.877892,-174.800644,46.877892,-178.05481,21.5752667,-158.2733528,613.0437254786083
150,321,2013-11-19T23:50:46.5Z,noon,41.849589,-174.246477,41.877892,-174.800644,21.5752667,-158.2733528,45.99863379734459
150,322,2013-11-20T11:49:15Z,midnight,40.728636,-173.932234,41.849589,-174.246477,21.5752667,-158.2733528,127.37920299501926
150,323,2013-11-20T23:28:25Z,noon,45.728636,-168.723901,40.728636,-173.932234,21.5752667,-158.2733528,697.6402875407331
150,324,2013-11-21T11:25:32Z,midnight,47.707367,-168.072979,45.728636,-168.723901,21.5752667,-158.2733528,225.54874095094536
150,325,2013-11-21T23:49:24Z,noon,42.707367,-174.039645,47.707367,-168.072979,21.5752667,-158.2733528,725.9103354539313
150,326,2013-11-22T11:58:40.5Z,midnight,41.460094,-176.43115,42.707367,-174.039645,21.5752667,-158.2733528,241.2008633367416
150,327,2013-11-22T23:49:51.5Z,noon,45.131207,-174.226983,41.460094,-176.43115,21.5752667,-158.2733528,445.4367312690478
150,328,2013-11-23T11:49:13Z,midnight,44.497681,-174.142101,45.131207,-174.226983,21.5752667,-158.2733528,70.76234554490688
150,329,2013-11-24T00:01:22.5Z,noon,39.497681,-177.259931,44.497681,-174.142101,21.5752667,-158.2733528,612.6485788931265
150,330,2013-11-24T12:05:38.5Z,midnight,40.854974,-178.326598,39.497681,-177.259931,21.5752667,-158.2733528,176.03826710969534
150,331,2013-11-25T00:12:31Z,noon,37.718987,179.873762,40.854974,-178.326598,21.5752667,-158.2733528,381.53057710793667
150,332,2013-11-25T12:22:07Z,midnight,41.679792,177.473762,37.718987,179.873762,21.5752667,-158.2733528,485.8778851421332
150,333,2013-11-26T00:30:01.5Z,noon,38.1826,175.413218,41.679792,177.473762,21.5752667,-158.2733528,426.68172928975804
150,334,2013-11-26T12:42:54.5Z,midnight,43.1826,172.192385,38.1826,175.413218,21.5752667,-158.2733528,618.6353286317815
150,335,2013-11-27T00:44:15Z,noon,42.839665,171.771012,43.1826,172.192385,21.5752667,-158.2733528,51.2630550808955
150,336,2013-11-27T12:52:30Z,midnight,45.651078,169.708512,42.839665,171.771012,21.5752667,-158.2733528,353.12429842789146
150,337,2013-11-28T01:01:30.5Z,noon,42.216287,167.368056,45.651078,169.708512,21.5752667,-158.2733528,425.38660461669724
150,338,2013-11-28T13:11:35.5Z,midnight,45.725446,164.847223,42.216287,167.368056,21.5752667,-158.2733528,439.20522800685757
150,339,2013-11-29T01:26:26Z,noon,40.725446,161.046097,45.725446,164.847223,21.5752667,-158.2733528,635.3930680254109
150,340,2013-11-29T13:30:26Z,midnight,41.317234,160.046097,40.725446,161.046097,21.5752667,-158.2733528,106.62010445314911
150,341,2013-11-30T01:33:11Z,noon,40.183146,159.265634,41.317234,160.046097,21.5752667,-158.2733528,142.21186541382443
150,342,2013-11-30T13:37:14.5Z,midnight,41.567674,158.251051,40.183146,159.265634,21.5752667,-158.2733528,176.00279060046745
150,343,2013-12-01T01:32:13.5Z,noon,43.504918,159.410087,41.567674,158.251051,21.5752667,-158.2733528,235.40870283313402
150,344,2013-12-01T13:43:17.5Z,midnight,47.101963,156.64342,43.504918,159.410087,21.5752667,-158.2733528,454.6770011695252
150,345,2013-12-02T01:44:52.5Z,noon,46.581774,156.150377,47.101963,156.64342,21.5752667,-158.2733528,68.93451243879295
150,346,2013-12-02T13:41:26.5Z,midnight,45.162516,157.00871,46.581774,156.150377,21.5752667,-158.2733528,171.23182542739355
150,347,2013-12-03T01:49:35Z,noon,42.196426,154.874093,45.162516,157.00871,21.5752667,-158.2733528,371.7778015738696
150,348,2013-12-03T13:41:01Z,midnight,38.514266,157.01576,42.196426,154.874093,21.5752667,-158.2733528,447.8110112750867
150,349,2013-12-04T01:43:38Z,noon,37.392395,156.260495,38.514266,157.01576,21.5752667,-158.2733528,141.23170109142308
150,350,2013-12-04T13:43:09Z,midnight,36.968503,156.381329,37.392395,156.260495,21.5752667,-158.2733528,48.33498638639278
150,351,2013-12-05T01:18:14Z,noon,41.968503,162.507594,36.968503,156.381329,21.5752667,-158.2733528,764.8622728941936
150,352,2013-12-05T13:33:58.5Z,midnight,46.968503,158.572178,41.968503,162.507594,21.5752667,-158.2733528,637.4719223061066
150,353,2013-12-06T02:04:04Z,noon,41.968503,150.944653,46.968503,158.572178,21.5752667,-158.2733528,821.1469187243677
150,354,2013-12-06T14:08:01.5Z,midnight,42.392876,149.955069,41.968503,150.944653,21.5752667,-158.2733528,94.20940072861694
150,355,2013-12-07T01:58:09.5Z,noon,45.813465,152.315518,42.392876,149.955069,21.5752667,-158.2733528,424.4389316978208
150,356,2013-12-07T14:00:59Z,midnight,46.528602,151.609268,45.813465,152.315518,21.5752667,-158.2733528,96.33672409325564
150,357,2013-12-08T02:14:56.5Z,noon,41.736786,148.011958,46.528602,151.609268,21.5752667,-158.2733528,605.0858845492613
150,358,2013-12-08T14:01:39.5Z,midnight,36.736786,151.332791,41.736786,148.011958,21.5752667,-158.2733528,625.0937336675441
150,359,2013-12-09T01:47:13Z,noon,41.736786,154.834072,36.736786,151.332791,21.5752667,-158.2733528,632.3399415458825
150,360,2013-12-09T14:05:59.5Z,midnight,46.736786,150.140322,41.736786,154.834072,21.5752667,-158.2733528,669.7442930564113
150,361,2013-12-10T02:09:19.5Z,noon,47.003028,149.196548,46.736786,150.140322,21.5752667,-158.2733528,77.61235235125511
150,362,2013-12-10T13:56:36Z,midnight,42.656868,152.377798,47.003028,149.196548,21.5752667,-158.2733528,544.3896158285364
150,363,2013-12-11T01:46:36Z,noon,46.004241,154.766155,42.656868,152.377798,21.5752667,-158.2733528,417.83643159239205
150,364,2013-12-11T13:52:11Z,midnight,47.564673,153.370322,46.004241,154.766155,21.5752667,-158.2733528,203.46572456138605
150,365,2013-12-12T02:20:47.5Z,noon,42.564673,146.1055,47.564673,153.370322,21.5752667,-158.2733528,795.991597473105
150,366,2013-12-12T14:19:53Z,midnight,37.564673,146.332583,42.564673,146.1055,21.5752667,-158.2733528,556.309711083113
150,367,2013-12-13T02:14:53Z,noon,39.059739,147.468854,37.564673,146.332583,21.5752667,-158.2733528,193.55511816180254
150,368,2013-12-13T14:10:34Z,midnight,37.218659,148.548021,39.059739,147.468854,21.5752667,-158.2733528,225.4219236201811
150,369,2013-12-14T02:08:12.5Z,noon,38.173554,149.022993,37.218659,148.548021,21.5752667,-158.2733528,114.10692527914345
150,370,2013-12-14T14:11:28.5Z,midnight,39.356091,148.206327,38.173554,149.022993,21.5752667,-158.2733528,149.3422183100698
150,371,2013-12-15T02:12:27.5Z,noon,38.975124,147.845109,39.356091,148.206327,21.5752667,-158.2733528,52.576388804408474
150,372,2013-12-15T14:12:19Z,midnight,38.831513,147.880525,38.975124,147.845109,21.5752667,-158.2733528,16.260228927960355
150,373,2013-12-16T02:11:45Z,noon,39.051678,147.906142,38.831513,147.880525,21.5752667,-158.2733528,24.581276299455695
150,374,2013-12-16T14:12:49Z,midnight,39.384964,147.639476,39.051678,147.906142,21.5752667,-158.2733528,43.60226158531239
150,375,2013-12-17T02:15:36Z,noon,38.304048,146.827038,39.384964,147.639476,21.5752667,-158.2733528,139.27080483719496
150,376,2013-12-17T14:17:52Z,midnight,39.121006,146.260371,38.304048,146.827038,21.5752667,-158.2733528,103.29293071710549
150,377,2013-12-18T02:18:09Z,noon,39.011941,146.072489,39.121006,146.260371,21.5752667,-158.2733528,20.252899413356438
150,378,2013-12-18T14:37:42.5Z,midnight,44.011941,141.182905,39.011941,146.072489,21.5752667,-158.2733528,688.8147189553857
150,379,2013-12-19T02:33:43.5Z,noon,46.92564,142.061356,44.011941,141.182905,21.5752667,-158.2733528,331.1448998809199
150,380,2013-12-19T14:20:09Z,midnight,42.549722,145.455106,46.92564,142.061356,21.5752667,-158.2733528,555.3979731580743
150,381,2013-12-20T02:22:19Z,noon,41.793613,144.795833,42.549722,145.455106,21.5752667,-158.2733528,100.10191549819169
150,382,2013-12-20T14:14:04Z,midnight,38.709564,146.858333,41.793613,144.795833,21.5752667,-158.2733528,384.98578674584843
150,383,2013-12-21T02:13:23Z,noon,38.972955,146.911449,38.709564,146.858333,21.5752667,-158.2733528,29.646827438817624
150,384,2013-12-21T14:02:54.5Z,midnight,34.70026,149.530199,38.972955,146.911449,21.5752667,-158.2733528,529.1176738538296
150,385,2013-12-22T01:46:59Z,noon,39.70026,153.393731,34.70026,149.530199,21.5752667,-158.2733528,652.6746563728465
150,386,2013-12-22T13:35:08.5Z,midnight,36.404538,156.354148,39.70026,153.393731,21.5752667,-158.2733528,448.81220673389544
150,387,2013-12-23T01:45:32Z,noon,31.906738,153.638623,36.404538,156.354148,21.5752667,-158.2733528,559.0060429690186
150,388,2013-12-23T13:44:30.5Z,midnight,31.440439,153.894873,31.906738,153.638623,21.5752667,-158.2733528,57.240455106695464
150,389,2013-12-24T00:58:13.5Z,noon,36.440439,165.348321,31.440439,153.894873,21.5752667,-158.2733528,1192.736632872525
150,390,2013-12-24T13:14:02.5Z,midnight,41.440439,161.394154,36.440439,165.348321,21.5752667,-158.2733528,652.5518053237402
150,391,2013-12-25T02:08:19Z,noon,36.440439,147.70835,41.440439,161.394154,21.5752667,-158.2733528,1305.7038677505204
150,392,2013-12-25T14:18:26.5Z,midnight,39.039412,145.1771,36.440439,147.70835,21.5752667,-158.2733528,364.734937994962
150,393,2013-12-26T02:10:25Z,noon,41.984839,147.066738,39.039412,145.1771,21.5752667,-158.2733528,364.3721034539708
150,394,2013-12-26T14:20:28Z,midnight,45.353591,144.554238,41.984839,147.066738,21.5752667,-158.2733528,425.56698445806245
150,395,2013-12-27T02:42:58Z,noon,40.353591,138.813177,45.353591,144.554238,21.5752667,-158.2733528,726.3193313117242
150,396,2013-12-27T14:39:00.5Z,midnight,35.75736,139.802761,40.353591,138.813177,21.5752667,-158.2733528,518.3589926862647
150,397,2013-12-28T02:30:39.5Z,noon,39.110975,141.774861,35.75736,139.802761,21.5752667,-158.2733528,411.525105043844
150,398,2013-12-28T14:29:40.5Z,midnight,38.790441,142.020694,39.110975,141.774861,21.5752667,-158.2733528,41.49999235796811
150,399,2013-12-29T02:37:29Z,noon,35.628219,139.953979,38.790441,142.020694,21.5752667,-158.2733528,396.37472174497174
150,400,2013-12-29T14:37:15Z,midnight,35.59711,140.012313,35.628219,139.953979,21.5752667,-158.2733528,6.306622153752688
150,401,2013-12-30T02:28:45.5Z,noon,39.035439,142.021473,35.59711,140.012313,21.5752667,-158.2733528,421.5615493335755
150,402,2013-12-30T14:33:50Z,midnight,41.028342,140.752723,39.035439,142.021473,21.5752667,-158.2733528,246.51927006394152
150,403,2013-12-31T02:27:48Z,noon,43.162103,142.148282,41.028342,140.752723,21.5752667,-158.2733528,263.71832892084166
150,404,2013-12-31T14:24:56Z,midnight,42.263067,142.864948,43.162103,142.148282,21.5752667,-158.2733528,115.85273130319057
150,405,2014-01-01T02:21:15Z,noon,43.536994,143.785782,42.263067,142.864948,21.5752667,-158.2733528,160.2841584793735
150,406,2014-01-01T14:12:36Z,midnight,40.56488,145.948282,43.536994,143.785782,21.5752667,-158.2733528,375.59880776428906
150,407,2014-01-02T02:17:27Z,noon,38.700535,144.624093,40.56488,145.948282,21.5752667,-158.2733528,236.28652638055516
150,408,2014-01-02T14:11:36Z,midnight,36.429439,146.086593,38.700535,144.624093,21.5752667,-158.2733528,283.52014657826794
150,409,2014-01-03T02:08:58Z,noon,37.522788,146.634428,36.429439,146.086593,21.5752667,-158.2733528,130.95251622941907
150,410,2014-01-03T14:10:48.5Z,midnight,38.396807,146.174011,37.522788,146.634428,21.5752667,-158.2733528,105.2352739876413
150,411,2014-01-04T01:54:46Z,noon,43.396807,150.07522,38.396807,146.174011,21.5752667,-158.2733528,645.2806822294993
150,412,2014-01-04T13:53:00.5Z,midnight,43.845963,150.514804,43.396807,150.07522,21.5752667,-158.2733528,61.20810299014253
150,413,2014-01-05T01:58:30Z,noon,41.907017,149.034072,43.845963,150.514804,21.5752667,-158.2733528,247.05673347058934
150,414,2014-01-05T13:52:50.5Z,midnight,39.929569,150.448655,41.907017,149.034072,21.5752667,-158.2733528,249.94136867398856
150,415,2014-01-06T01:49:38Z,noon,41.156516,151.144415,39.929569,150.448655,21.5752667,-158.2733528,148.5569494505356
150,416,2014-01-06T13:47:03Z,midnight,40.338273,151.790248,41.156516,151.144415,21.5752667,-158.2733528,106.00918430808677
150,417,2014-01-07T01:51:55.5Z,noon,38.39694,150.466763,40.338273,151.790248,21.5752667,-158.2733528,244.00489468610166
150,418,2014-01-07T13:57:35Z,midnight,40.819442,149.05218,38.39694,150.466763,21.5752667,-158.2733528,295.3616834547235
150,419,2014-01-08T01:20:35Z,noon,45.819442,158.199128,40.819442,149.05218,21.5752667,-158.2733528,924.5812289035473
150,420,2014-01-08T13:31:32Z,midnight,50.819442,155.461628,45.819442,158.199128,21.5752667,-158.2733528,591.566886455632
150,421,2014-01-09T01:58:50.5Z,noon,48.053937,148.53327,50.819442,155.461628,21.5752667,-158.2733528,587.4685787072186
150,422,2014-01-09T13:55:22Z,midnight,47.199345,149.40202,48.053937,148.53327,21.5752667,-158.2733528,115.18780299242933
150,423,2014-01-10T02:02:33.5Z,noon,44.843967,147.504698,47.199345,149.40202,21.5752667,-158.2733528,300.0703980059539
150,424,2014-01-10T13:45:12.5Z,midnight,39.843967,151.842198,44.843967,147.504698,21.5752667,-158.2733528,660.2098845099985
150,425,2014-01-11T01:18:07.5Z,noon,44.843967,158.515582,39.843967,151.842198,21.5752667,-158.2733528,780.4434160697117
150,426,2014-01-11T13:17:42.5Z,midnight,48.316076,158.619749,44.843967,158.515582,21.5752667,-158.2733528,386.1628729970404
150,427,2014-01-12T01:39:18.5Z,noon,43.316076,153.124345,48.316076,158.619749,21.5752667,-158.2733528,699.9539665347943
150,428,2014-01-12T13:43:21Z,midnight,42.573471,152.113928,43.316076,153.124345,21.5752667,-158.2733528,116.54212811400635
150,429,2014-01-13T01:41:45Z,noon,43.175421,152.420653,42.573471,152.113928,21.5752667,-158.2733528,71.44818497416522
150,430,2014-01-13T13:39:55.5Z,midnight,42.746572,152.876903,43.175421,152.420653,21.5752667,-158.2733528,60.434529267069834
150,431,2014-01-14T01:32:37.5Z,noon,45.409751,154.610838,42.746572,152.876903,21.5752667,-158.2733528,326.9022882493465
150,432,2014-01-14T13:20:22.5Z,midnight,41.067696,157.673338,45.409751,154.610838,21.5752667,-158.2733528,542.7150940561451
150,433,2014-01-15T01:33:00.5Z,noon,36.067696,154.426231,41.067696,157.673338,21.5752667,-158.2733528,623.4164166388658
150,434,2014-01-15T13:38:33Z,midnight,38.334088,153.040814,36.067696,154.426231,21.5752667,-158.2733528,280.2866316606218
150,435,2014-01-16T01:27:48Z,noon,42.806921,155.641908,38.334088,153.040814,21.5752667,-158.2733528,543.6444963206252
150,436,2014-01-16T13:14:58.5Z,midnight,37.806921,158.848158,42.806921,155.641908,21.5752667,-158.2733528,618.7640549343595
150,437,2014-01-17T01:05:46Z,noon,41.663904,161.066277,37.806921,158.848158,21.5752667,-158.2733528,468.899310811952
150,438,2014-01-17T13:09:37.5Z,midnight,43.515615,160.101693,41.663904,161.066277,21.5752667,-158.2733528,220.51884837417296
150,439,2014-01-18T01:19:10Z,noon,39.565959,157.634825,43.515615,160.101693,21.5752667,-158.2733528,484.7416931053538
150,440,2014-01-18T13:22:15.5Z,midnight,41.220987,156.861909,39.565959,157.634825,21.5752667,-158.2733528,195.32243415063562
150,441,2014-01-19T01:20:29.5Z,noon,41.961374,157.224706,41.220987,156.861909,21.5752667,-158.2733528,87.6814526336181
150,442,2014-01-19T13:19:11Z,midnight,41.753759,157.551789,41.961374,157.224706,21.5752667,-158.2733528,35.59126496746365
150,443,2014-01-20T00:39:06Z,noon,46.753759,167.4964,41.753759,157.551789,21.5752667,-158.2733528,966.4977795143417
150,444,2014-01-20T12:41:04Z,midnight,51.753759,167.004733,46.753759,167.4964,21.5752667,-158.2733528,557.1149577651369
150,445,2014-01-21T01:33:00Z,noon,46.753759,153.947888,51.753759,167.004733,21.5752667,-158.2733528,1096.3687625866787
150,446,2014-01-21T13:29:15Z,midnight,41.753759,154.885388,46.753759,153.947888,21.5752667,-158.2733528,560.9538021849703
150,447,2014-01-22T01:09:15Z,noon,45.072193,159.814645,41.753759,154.885388,21.5752667,-158.2733528,542.655328239832
150,448,2014-01-22T13:13:15Z,midnight,46.984603,158.814645,45.072193,159.814645,21.5752667,-158.2733528,226.22556772395333
150,449,2014-01-23T01:20:45Z,noon,44.063559,156.871729,46.984603,158.814645,21.5752667,-158.2733528,358.3115920359111
150,450,2014-01-23T13:22:01.5Z,midnight,44.98873,156.552979,44.063559,156.871729,21.5752667,-158.2733528,105.93194403123792
150,451,2014-01-24T01:39:47Z,noon,39.98873,152.048359,44.98873,156.552979,21.5752667,-158.2733528,667.2326486856342
150,452,2014-01-24T13:37:13Z,midnight,35.952859,152.690025,39.98873,152.048359,21.5752667,-158.2733528,452.27543201490073
150,453,2014-01-25T01:34:46.5Z,noon,37.226286,153.238334,35.952859,152.690025,21.5752667,-158.2733528,149.82112616187666
150,454,2014-01-25T13:38:19Z,midnight,39.42647,152.352918,37.226286,153.238334,21.5752667,-158.2733528,256.5473438863788
150,455,2014-01-26T01:42:41Z,noon,37.209263,151.20212,39.42647,152.352918,21.5752667,-158.2733528,266.1934619172244
150,456,2014-01-26T13:53:14Z,midnight,42.209263,148.56462,37.209263,151.20212,21.5752667,-158.2733528,599.9231501605541
150,457,2014-01-27T01:45:40.5Z,noon,46.068912,150.398091,42.209263,148.56462,21.5752667,-158.2733528,453.3921145699966
150,458,2014-01-27T13:38:28.5Z,midnight,43.438945,152.198091,46.068912,150.398091,21.5752667,-158.2733528,325.12760765356944
150,459,2014-01-28T01:39:36Z,noon,42.923546,151.863789,43.438945,152.198091,21.5752667,-158.2733528,63.39658375283531
150,460,2014-01-28T13:48:45Z,midnight,47.376935,149.576289,42.923546,151.863789,21.5752667,-158.2733528,526.6206559918527
150,461,2014-01-29T01:38:00Z,noon,51.388893,152.213833,47.376935,149.576289,21.5752667,-158.2733528,485.167089043026
150,462,2014-01-29T13:24:45Z,midnight,46.860518,155.526333,51.388893,152.213833,21.5752667,-158.2733528,558.1090412001502
150,463,2014-01-30T01:09:45Z,noon,51.860518,159.229506,46.860518,155.526333,21.5752667,-158.2733528,617.0787460875006
150,464,2014-01-30T13:31:17.5Z,midnight,56.860518,153.844089,51.860518,159.229506,21.5752667,-158.2733528,655.9508453418899
150,465,2014-01-31T01:18:39.5Z,noon,61.848445,156.958754,56.860518,153.844089,21.5752667,-158.2733528,581.8831562824419
150,466,2014-01-31T12:19:50Z,midnight,56.848445,171.665004,61.848445,156.958754,21.5752667,-158.2733528,998.5532694358689
150,467,2014-02-01T00:22:50.5Z,noon,51.848445,170.872437,56.848445,171.665004,21.5752667,-158.2733528,558.3322045442586
150,468,2014-02-01T12:38:37.5Z,midnight,49.805663,166.926604,51.848445,170.872437,21.5752667,-158.2733528,358.2495856414079
150,469,2014-02-02T00:23:25.5Z,noon,54.805663,170.689328,49.805663,166.926604,21.5752667,-158.2733528,611.7928746289056
150,470,2014-02-02T12:07:04Z,midnight,49.933519,174.778911,54.805663,170.689328,21.5752667,-158.2733528,608.5136664723872
150,471,2014-02-03T00:16:59.5Z,noon,45.542798,172.263612,49.933519,174.778911,21.5752667,-158.2733528,523.1264559817778
150,472,2014-02-03T12:19:34.5Z,midnight,47.37298,171.617779,45.542798,172.263612,21.5752667,-158.2733528,209.43156116425345
150,473,2014-02-04T00:32:14Z,noon,42.37298,168.422388,47.37298,171.617779,21.5752667,-158.2733528,610.1988020605439
150,474,2014-02-04T12:22:56Z,midnight,37.37298,170.747388,42.37298,168.422388,21.5752667,-158.2733528,590.2504391463644
150,475,2014-02-05T00:25:27.5Z,noon,34.174314,170.088583,37.37298,170.747388,21.5752667,-158.2733528,360.6038671109799
150,476,2014-02-05T13:05:19.5Z,midnight,39.174314,160.121917,34.174314,170.088583,21.5752667,-158.2733528,1047.4395278024692
150,477,2014-02-06T00:47:45Z,noon,44.174314,164.491375,39.174314,160.121917,21.5752667,-158.2733528,663.7010864212157
150,478,2014-02-06T12:09:46Z,midnight,46.953411,173.987208,44.174314,164.491375,21.5752667,-158.2733528,800.5582127174646
150,479,2014-02-07T00:29:29.5Z,noon,41.953411,169.034932,46.953411,173.987208,21.5752667,-158.2733528,680.5802299667099
150,480,2014-02-07T12:38:39.5Z,midnight,41.821518,166.743265,41.953411,169.034932,21.5752667,-158.2733528,190.2642872477462
150,481,2014-02-08T00:31:47.5Z,noon,45.748043,168.442174,41.821518,166.743265,21.5752667,-158.2733528,457.38405916268266
150,482,2014-02-08T12:40:12.5Z,midnight,50.695953,166.338007,45.748043,168.442174,21.5752667,-158.2733528,571.7753034546853
150,483,2014-02-09T01:05:03.5Z,noon,45.695953,160.111014,50.695953,166.338007,21.5752667,-158.2733528,722.0645723700845
150,484,2014-02-09T13:00:47Z,midnight,40.695953,161.179764,45.695953,160.111014,21.5752667,-158.2733528,562.6687565544136
150,485,2014-02-10T01:00:35.5Z,noon,35.695953,161.216445,40.695953,161.179764,21.5752667,-158.2733528,555.9838570329081
150,486,2014-02-10T13:08:13.5Z,midnight,40.17385,159.308112,35.695953,161.216445,21.5752667,-158.2733528,525.2546934160429
150,487,2014-02-11T01:16:21Z,noon,35.17385,157.268876,40.17385,159.308112,21.5752667,-158.2733528,584.1753909212694
150,488,2014-02-11T13:24:09.5Z,midnight,40.17385,155.316793,35.17385,157.268876,21.5752667,-158.2733528,581.8688784197858
150,489,2014-02-12T01:32:20Z,noon,35.17385,153.268293,40.17385,155.316793,21.5752667,-158.2733528,584.4259357770609
150,490,2014-02-12T13:49:27.5Z,midnight,40.17385,148.987043,35.17385,153.268293,21.5752667,-158.2733528,671.4223679290589
150,491,2014-02-13T02:01:49.5Z,noon,39.111042,145.893845,40.17385,148.987043,21.5752667,-158.2733528,290.001314320868
150,492,2014-02-13T14:03:17Z,midnight,41.056948,145.529262,39.111042,145.893845,21.5752667,-158.2733528,218.58603073603214
150,493,2014-02-14T01:51:53.5Z,noon,46.056948,148.378846,41.056948,145.529262,21.5752667,-158.2733528,601.4198634737356
150,494,2014-02-14T13:55:22Z,midnight,51.056948,147.510096,46.056948,148.378846,21.5752667,-158.2733528,559.627710693088
150,495,2014-02-15T01:49:17Z,noon,54.569073,149.035771,51.056948,147.510096,21.5752667,-158.2733528,403.74154404910416
150,496,2014-02-15T13:33:55.5Z,midnight,49.569073,152.875355,54.569073,149.035771,21.5752667,-158.2733528,614.5811549788874
150,497,2014-02-16T01:41:06.5Z,noon,44.569073,151.087511,49.569073,152.875355,21.5752667,-158.2733528,572.1796948865231
150,498,2014-02-16T13:37:26.5Z,midnight,39.734955,152.004178,44.569073,151.087511,21.5752667,-158.2733528,542.8041868673703
150,499,2014-02-17T01:36:33.5Z,noon,40.47369,152.236118,39.734955,152.004178,21.5752667,-158.2733528,84.47890737263296
150,500,2014-02-17T13:37:35.5Z,midnight,42.362885,151.977785,40.47369,152.236118,21.5752667,-158.2733528,211.17012482857461
150,501,2014-02-18T01:33:47.5Z,noon,45.353174,152.941974,42.362885,151.977785,21.5752667,-158.2733528,341.36595508741107
150,502,2014-02-18T13:37:44Z,midnight,49.3291,151.956558,45.353174,152.941974,21.5752667,-158.2733528,448.283271295594
150,503,2014-02-19T01:34:47Z,noon,51.289325,152.711293,49.3291,151.956558,21.5752667,-158.2733528,224.45652360033836
150,504,2014-02-19T13:23:25.5Z,midnight,46.289325,155.550877,51.289325,152.711293,21.5752667,-158.2733528,593.4995288646928
150,505,2014-02-20T01:25:03.5Z,noon,42.65358,155.162784,46.289325,155.550877,21.5752667,-158.2733528,405.4460222915576
150,506,2014-02-20T13:19:44.5Z,midnight,38.815241,156.491951,42.65358,155.162784,21.5752667,-158.2733528,441.23496614349426
150,507,2014-02-21T00:17:31Z,noon,43.815241,171.491951,38.815241,156.491951,21.5752667,-158.2733528,1367.950134388991
150,508,2014-02-21T12:10:49Z,midnight,48.815241,173.746404,43.815241,171.491951,21.5752667,-158.2733528,582.2398540685303
150,509,2014-02-22T01:00:26.5Z,noon,45.683856,161.366271,48.815241,173.746404,21.5752667,-158.2733528,995.8024740732942
150,510,2014-02-22T13:05:19Z,midnight,50.683856,160.147521,45.683856,161.366271,21.5752667,-158.2733528,563.2470513481084
150,511,2014-02-23T00:52:14.5Z,noon,55.683856,163.445253,50.683856,160.147521,21.5752667,-158.2733528,597.6535944871481
150,512,2014-02-23T12:41:19Z,midnight,54.231949,166.176503,55.683856,163.445253,21.5752667,-158.2733528,237.60652018138433
150,513,2014-02-24T00:32:38.5Z,noon,59.231949,168.377047,54.231949,166.176503,21.5752667,-158.2733528,571.8668417214584
150,514,2014-02-24T12:44:42Z,midnight,64.231949,165.362463,59.231949,168.377047,21.5752667,-158.2733528,578.0343609219678
150,515,2014-02-25T01:16:56Z,noon,59.231949,157.33868,64.231949,165.362463,21.5752667,-158.2733528,697.2356091572469
150,516,2014-02-26T01:10:02.5Z,noon,54.231949,159.098843,59.231949,157.33868,21.5752667,-158.2733528,566.1942176974279
150,517,2014-02-26T13:32:50.5Z,midnight,59.231949,153.398843,54.231949,159.098843,21.5752667,-158.2733528,655.21665192782
150,518,2014-02-27T01:35:59.5Z,noon,63.601689,152.651226,59.231949,153.398843,21.5752667,-158.2733528,487.5092492258899
150,519,2014-03-02T01:01:21.5Z,noon,58.601689,161.444363,63.601689,152.651226,21.5752667,-158.2733528,728.3523504548904
150,520,2014-03-04T00:34:45Z,noon,63.601689,168.198246,58.601689,161.444363,21.5752667,-158.2733528,663.1730829541118
150,521,2014-03-04T12:32:52Z,midnight,68.601689,168.669079,63.601689,168.198246,21.5752667,-158.2733528,556.3748574572004
150,522,2014-03-06T01:00:49Z,noon,65.913324,161.792223,68.601689,168.669079,21.5752667,-158.2733528,419.9640475545365
150,523,2014-03-07T13:04:43Z,midnight,70.0,160.875664,65.913324,161.792223,21.5752667,-158.2733528,456.01147030205414
150,524,2014-03-10T13:20:51.5Z,midnight,70.0,157.027044,70.0,160.875664,21.5752667,-158.2733528,146.3422027633889
150,525,2014-03-11T01:20:28Z,noon,70.0,157.190763,70.0,157.027044,21.5752667,-158.2733528,6.22637982398539
150,526,2014-03-11T13:25:44Z,midnight,70.0,155.874096,70.0,157.190763,21.5752667,-158.2733528,50.07306433596172
150,527,2014-03-13T13:23:37Z,midnight,65.0,156.539635,70.0,155.874096,21.5752667,-158.2733528,556.6869956176387
150,528,2014-03-14T01:19:19Z,noon,70.0,157.685021,65.0,156.539635,21.5752667,-158.2733528,558.0818315933126
150,529,2014-03-15T13:14:45Z,midnight,70.0,158.898415,70.0,157.685021,21.5752667,-158.2733528,46.14571015772411
150,530,2014-03-16T01:24:45Z,noon,70.0,156.47139,70.0,158.898415,21.5752667,-158.2733528,92.29586298066253
150,531,2014-03-18T12:56:58.5Z,midnight,70.0,163.564447,70.0,156.47139,21.5752667,-158.2733528,269.60326559107256
150,532,2014-03-20T00:40:00.5Z,noon,70.0,167.959246,70.0,163.564447,21.5752667,-158.2733528,167.10200199329867
150,533,2014-03-21T12:33:21Z,midnight,70.0,169.701585,70.0,167.959246,21.5752667,-158.2733528,66.26047404895724
150,534,2014-03-22T00:33:51Z,noon,70.0,169.655,70.0,169.701585,21.5752667,-158.2733528,1.7716696545962114
150,535,2014-03-23T01:03:13Z,noon,65.0,162.39231,70.0,169.655,21.5752667,-158.2733528,635.12803691175
150,536,2014-03-23T13:03:00Z,midnight,60.0,162.446476,65.0,162.39231,21.5752667,-158.2733528,555.9815357068072
150,537,2014-03-24T01:02:25.5Z,noon,55.0,162.669664,60.0,162.446476,21.5752667,-158.2733528,556.1336624043528
150,538,2014-03-24T12:51:11Z,midnight,50.0,165.48008,55.0,162.669664,21.5752667,-158.2733528,587.4985675651304
150,539,2014-03-25T00:56:16Z,noon,45.0,164.289046,50.0,165.48008,21.5752667,-158.2733528,563.1072965499865
150,540,2014-03-25T12:57:47.5Z,midnight,40.0,163.907796,45.0,164.289046,21.5752667,-158.2733528,556.8505287580541
150,541,2014-03-26T00:51:17Z,noon,35.0,165.614941,40.0,163.907796,21.5752667,-158.2733528,575.9751638115549
150,542,2014-03-26T12:56:29Z,midnight,30.0,164.314941,35.0,165.614941,21.5752667,-158.2733528,569.1660350966458
150,543,2014-03-28T01:07:56Z,noon,25.0,161.612951,30.0,164.314941,21.5752667,-158.2733528,616.4784072126704
2855,1,2009-06-27T10:38:55Z,midnight,21.697559,-160.415003,21.5752667,-158.2733528,21.5752667,-158.2733528,221.77727452242863
2855,2,2009-06-27T22:38:55Z,noon,21.697559,-160.415003,21.697559,-160.415003,21.5752667,-158.2733528,0.0
2855,3,2009-06-28T10:39:30Z,midnight,21.475825,-160.610867,21.697559,-160.415003,21.5752667,-158.2733528,31.90654236134832
2855,4,2009-06-28T22:39:42.5Z,noon,21.568084,-160.66295,21.475825,-160.610867,21.5752667,-158.2733528,11.587387345709043
2855,5,2009-06-29T10:44:00.5Z,midnight,19.668908,-161.787234,21.568084,-160.66295,21.5752667,-158.2733528,241.42338404567687
2855,6,2009-06-29T22:45:30.5Z,noon,20.354621,-162.162234,19.668908,-161.787234,21.5752667,-158.2733528,85.72520423914361
2855,7,2009-06-30T10:44:29.5Z,midnight,20.862377,-161.956516,20.354621,-162.162234,21.5752667,-158.2733528,60.38331709471113
2855,8,2009-06-30T22:47:32Z,noon,22.215095,-162.716932,20.862377,-161.956516,21.5752667,-158.2733528,169.73557092789662
2855,9,2009-07-01T10:45:30Z,midnight,23.157005,-162.256125,22.215095,-162.716932,21.5752667,-158.2733528,114.91042760825128
2855,10,2009-07-01T22:47:00Z,noon,23.799293,-162.631125,23.157005,-162.256125,21.5752667,-158.2733528,81.01499257094704
2855,11,2009-07-02T10:50:30Z,midnight,22.350245,-163.552642,23.799293,-162.631125,21.5752667,-158.2733528,186.67594601693352
2855,12,2009-07-02T22:49:00Z,noon,21.68571,-163.177642,22.350245,-163.552642,21.5752667,-158.2733528,83.39360818448274
2855,13,2009-07-03T10:49:00Z,midnight,21.754904,-163.223065,21.68571,-163.177642,21.5752667,-158.2733528,9.011924074394583
2855,14,2009-07-03T22:54:30Z,noon,24.151838,-164.598065,21.754904,-163.223065,21.5752667,-158.2733528,301.4184351465758
2855,15,2009-07-04T10:54:30Z,midnight,24.232864,-164.64231,24.151838,-164.598065,21.5752667,-158.2733528,10.06549059164883
2855,16,2009-07-04T22:58:00Z,noon,25.697284,-165.51731,24.232864,-164.64231,21.5752667,-158.2733528,185.18893928622
2855,17,2009-07-05T10:58:00Z,midnight,25.788591,-165.560296,25.697284,-165.51731,21.5752667,-158.2733528,11.028039104532334
2855,18,2009-07-05T23:00:00Z,noon,26.604781,-166.060296,25.788591,-165.560296,21.5752667,-158.2733528,103.56299301238026
2855,19,2009-07-06T11:00:00Z,midnight,26.705351,-166.101941,26.604781,-166.060296,21.5752667,-158.2733528,11.924113188458398
2855,20,2009-07-06T23:05:30Z,noon,28.871555,-167.476941,26.705351,-166.101941,21.5752667,-158.2733528,276.2427184750022
2855,21,2009-07-07T11:05:30Z,midnight,28.984175,-167.517165,28.871555,-167.476941,21.5752667,-158.2733528,13.120375442388324
2855,22,2009-07-07T22:59:30Z,noon,26.610255,-166.017165,28.984175,-167.517165,21.5752667,-158.2733528,302.3948123890246
2855,23,2009-07-08T11:13:30Z,midnight,21.610255,-169.555892,26.610255,-166.017165,21.5752667,-158.2733528,661.7903376863235
2855,24,2009-07-08T23:24:00Z,noon,25.269971,-172.180892,21.610255,-169.555892,21.5752667,-158.2733528,487.1118125026589
2855,25,2009-07-09T11:10:00Z,midnight,30.269971,-168.718046,25.269971,-172.180892,21.5752667,-158.2733528,651.9536060319199
2855,26,2009-07-09T23:11:00Z,noon,31.292238,-168.968046,30.269971,-168.718046,21.5752667,-158.2733528,116.15259693653081
2855,27,2009-07-10T11:10:30Z,midnight,31.615009,-168.878553,31.292238,-168.968046,21.5752667,-158.2733528,36.88075435806176
2855,28,2009-07-10T23:04:30Z,noon,29.370832,-167.378553,31.615009,-168.878553,21.5752667,-158.2733528,287.9610266439509
2855,29,2009-07-11T11:15:00Z,midnight,25.223508,-170.037342,29.370832,-167.378553,21.5752667,-158.2733528,530.6931955341138
2855,30,2009-07-11T23:04:00Z,noon,20.223508,-167.287342,25.223508,-170.037342,21.5752667,-158.2733528,623.3627449500265
2855,31,2009-07-12T11:00:00Z,midnight,22.229965,-166.319343,20.223508,-167.287342,21.5752667,-158.2733528,244.62724138298546
2855,32,2009-07-12T23:15:22.5Z,noon,27.229965,-170.163093,22.229965,-166.319343,21.5752667,-158.2733528,677.9725101946858
2855,33,2009-07-13T11:34:37.5Z,midnight,22.229965,-175.005737,27.229965,-170.163093,21.5752667,-158.2733528,740.3017548988112
2855,34,2009-07-13T23:40:38Z,noon,23.350618,-176.507821,22.229965,-175.005737,21.5752667,-158.2733528,198.08508886805893
2855,35,2009-07-14T11:25:38Z,midnight,28.350618,-172.786045,23.350618,-176.507821,21.5752667,-158.2733528,669.0689707580672
2855,36,2009-07-14T23:34:44.5Z,noon,33.25268,-175.063128,28.350618,-172.786045,21.5752667,-158.2733528,586.8180926941956
2855,37,2009-07-15T11:29:44.5Z,midnight,35.165057,-173.839369,33.25268,-175.063128,21.5752667,-158.2733528,240.58155392932665
2855,38,2009-07-15T23:15:01Z,noon,30.165057,-170.158119,35.165057,-173.839369,21.5752667,-158.2733528,653.9676941356828
2855,39,2009-07-16T11:16:43.5Z,midnight,29.299836,-170.6094,30.165057,-170.158119,21.5752667,-158.2733528,105.61549557514496
2855,40,2009-07-16T23:36:25Z,noon,34.299836,-175.532317,29.299836,-170.6094,21.5752667,-158.2733528,724.7195700543771
2855,41,2009-07-17T11:38:52.5Z,midnight,35.839539,-176.168996,34.299836,-175.532317,21.5752667,-158.2733528,180.74498960672648
2855,42,2009-07-17T23:38:42.5Z,noon,35.783896,-176.12733,35.839539,-176.168996,21.5752667,-158.2733528,7.238632752906315
2855,43,2009-07-18T11:39:32.5Z,midnight,35.720894,-176.355603,35.783896,-176.12733,21.5752667,-158.2733528,21.75803386721231
2855,44,2009-07-18T23:41:00Z,noon,36.20954,-176.720186,35.720894,-176.355603,21.5752667,-158.2733528,63.47350319276274
2855,45,2009-07-19T11:58:10.5Z,midnight,31.20954,178.968333,36.20954,-176.720186,21.5752667,-158.2733528,684.0290447648497
2855,46,2009-07-19T23:58:52.5Z,noon,30.400128,178.793333,31.20954,178.968333,21.5752667,-158.2733528,91.54120073063359
2855,47,2009-07-20T11:56:53.5Z,midnight,31.412902,179.273693,30.400128,178.793333,21.5752667,-158.2733528,121.58294550700776
2855,48,2009-07-20T23:19:41.5Z,noon,26.412902,-171.426307,31.412902,179.273693,21.5752667,-158.2733528,1061.6528122848933
2855,49,2009-07-21T11:12:47Z,midnight,21.412902,-169.712391,26.412902,-171.426307,21.5752667,-158.2733528,582.6056936532668
2855,50,2009-07-21T23:12:47Z,noon,17.443824,-169.712391,21.412902,-169.712391,21.5752667,-158.2733528,441.3413370565319
2855,51,2009-07-22T11:20:45Z,midnight,13.082042,-171.714877,17.443824,-169.712391,21.5752667,-158.2733528,530.4239380521778
2855,52,2009-07-22T23:45:52Z,noon,18.082042,-177.994043,13.082042,-171.714877,21.5752667,-158.2733528,872.3785142680279
2855,53,2009-07-23T11:47:40Z,midnight,23.082042,-178.452472,18.082042,-177.994043,21.5752667,-158.2733528,558.0170698860119
2855,54,2009-07-23T23:48:11Z,noon,25.901694,-178.581639,23.082042,-178.452472,21.5752667,-158.2733528,313.80322594109384
2855,55,2009-07-24T11:34:22Z,midnight,30.901694,-175.133473,25.901694,-178.581639,21.5752667,-158.2733528,650.1648214755012
2855,56,2009-07-24T23:26:34Z,noon,28.880935,-173.183473,30.901694,-175.133473,21.5752667,-158.2733528,292.9500613965775
2855,57,2009-07-25T11:37:20Z,midnight,24.074783,-175.878679,28.880935,-173.183473,21.5752667,-158.2733528,597.9048550717248
2855,58,2009-07-25T23:29:30Z,noon,19.991312,-173.920345,24.074783,-175.878679,21.5752667,-158.2733528,496.88044970941894
2855,59,2009-07-26T11:19:30Z,midnight,24.991312,-171.42139,19.991312,-173.920345,21.5752667,-158.2733528,612.3365477889682
2855,60,2009-07-26T23:19:30Z,noon,25.39449,-171.42139,24.991312,-171.42139,21.5752667,-158.2733528,44.8313481346999
2855,61,2009-07-27T11:09:30Z,midnight,30.309005,-168.919911,25.39449,-171.42139,21.5752667,-158.2733528,599.1995185819839
2855,62,2009-07-27T23:09:54.5Z,noon,30.487547,-169.021994,30.309005,-168.919911,21.5752667,-158.2733528,22.13587807272872
2855,63,2009-07-28T11:08:11.5Z,midnight,31.524787,-168.588801,30.487547,-169.021994,21.5752667,-158.2733528,122.50222840030449
2855,64,2009-07-28T23:00:34.5Z,noon,28.102179,-166.684635,31.524787,-168.588801,21.5752667,-158.2733528,422.57233322828074
2855,65,2009-07-29T10:57:17.5Z,midnight,29.915304,-165.857204,28.102179,-166.684635,21.5752667,-158.2733528,217.0714954543231
2855,66,2009-07-29T22:59:42.5Z,noon,30.996637,-166.461371,29.915304,-165.857204,21.5752667,-158.2733528,133.45708392760994
2855,67,2009-07-30T10:53:43.5Z,midnight,33.861389,-164.956352,30.996637,-166.461371,21.5752667,-158.2733528,348.44575501035587
2855,68,2009-07-30T22:52:51Z,noon,33.50035,-164.737602,33.861389,-164.956352,21.5752667,-158.2733528,44.95961489729936
2855,69,2009-07-31T11:12:07Z,midnight,28.50035,-169.542478,33.50035,-164.737602,21.5752667,-158.2733528,720.0893140506772
2855,70,2009-07-31T23:19:02Z,noon,28.2658,-171.271645,28.50035,-169.542478,21.5752667,-158.2733528,171.1581506611935
2855,71,2009-08-01T11:05:30Z,midnight,33.2658,-167.873905,28.2658,-171.271645,21.5752667,-158.2733528,643.7025554013954
2855,72,2009-08-01T23:10:00Z,noon,36.464403,-168.998905,33.2658,-167.873905,21.5752667,-158.2733528,370.1731282774529
2855,73,2009-08-02T11:10:30Z,midnight,36.630778,-169.106872,36.464403,-168.998905,21.5752667,-158.2733528,20.86316445008073
2855,74,2009-08-02T23:09:00Z,noon,36.038375,-168.731872,36.630778,-169.106872,21.5752667,-158.2733528,73.94227502894476
2855,75,2009-08-03T11:07:00Z,midnight,37.198148,-168.212209,36.038375,-168.731872,21.5752667,-158.2733528,137.04638620318784
2855,76,2009-08-03T23:10:30Z,noon,38.528819,-169.087209,37.198148,-168.212209,21.5752667,-158.2733528,166.71133427878198
2855,77,2009-08-04T11:07:30Z,midnight,40.007842,-168.314913,38.528819,-169.087209,21.5752667,-158.2733528,177.38767338541615
2855,78,2009-08-04T23:05:00Z,noon,39.100144,-167.689913,40.007842,-168.314913,21.5752667,-158.2733528,114.2723812192064
2855,79,2009-08-05T11:08:30Z,midnight,38.172369,-168.539986,39.100144,-167.689913,21.5752667,-158.2733528,126.86212651486689
2855,80,2009-08-05T23:08:00Z,noon,37.977738,-168.414986,38.172369,-168.539986,21.5752667,-158.2733528,24.250654203650246
2855,81,2009-08-06T11:03:00Z,midnight,40.27452,-167.137432,37.977738,-168.414986,21.5752667,-158.2733528,278.1435164536672
2855,82,2009-08-06T23:03:30Z,noon,40.456316,-167.262432,40.27452,-167.137432,21.5752667,-158.2733528,22.82088356143586
2855,83,2009-08-07T11:04:30Z,midnight,40.512593,-167.482259,40.456316,-167.262432,21.5752667,-158.2733528,19.616293398621444
2855,84,2009-08-07T22:51:30Z,noon,35.512593,-164.232259,40.512593,-167.482259,21.5752667,-158.2733528,624.5175458683443
2855,85,2009-08-08T10:51:00Z,midnight,35.910668,-164.07448,35.512593,-164.232259,21.5752667,-158.2733528,46.49968833653958
2855,86,2009-08-08T22:59:00Z,noon,39.236279,-166.07448,35.910668,-164.07448,21.5752667,-158.2733528,409.61888140610426
2855,87,2009-08-09T11:04:30Z,midnight,37.431881,-167.414109,39.236279,-166.07448,21.5752667,-158.2733528,232.17603993153355
2855,88,2009-08-09T23:04:00Z,noon,37.218375,-167.289109,37.431881,-167.414109,21.5752667,-158.2733528,26.187604268539474
2855,89,2009-08-10T10:58:00Z,midnight,40.136983,-165.751164,37.218375,-167.289109,21.5752667,-158.2733528,350.9049867780338
2855,90,2009-08-10T22:58:00Z,noon,40.136983,-165.751164,40.136983,-165.751164,21.5752667,-158.2733528,0.0
2855,91,2009-08-11T10:53:30Z,midnight,42.317424,-164.585668,40.136983,-165.751164,21.5752667,-158.2733528,261.3053210868266
2855,92,2009-08-11T23:04:30Z,noon,46.05057,-167.335668,42.317424,-164.585668,21.5752667,-158.2733528,469.391184364844
2855,93,2009-08-12T11:33:30Z,midnight,41.05057,-174.542646,46.05057,-167.335668,21.5752667,-158.2733528,803.3961606278664
2855,94,2009-08-12T23:24:41.5Z,noon,36.05057,-172.340562,41.05057,-174.542646,21.5752667,-158.2733528,587.9701012772629
2855,95,2009-08-13T11:08:12Z,midnight,39.191117,-168.172125,36.05057,-172.340562,21.5752667,-158.2733528,506.5751678079511
2855,96,2009-08-13T23:05:22.5Z,noon,37.948298,-167.465875,39.191117,-168.172125,21.5752667,-158.2733528,151.21968127061535
2855,97,2009-08-14T10:59:24.5Z,midnight,41.01963,-165.926222,37.948298,-167.465875,21.5752667,-158.2733528,366.16905237893263
2855,98,2009-08-14T22:59:41.5Z,noon,41.135521,-165.997055,41.01963,-165.926222,21.5752667,-158.2733528,14.188484275486648
2855,99,2009-08-15T11:04:15Z,midnight,39.728813,-167.08622,41.135521,-165.997055,21.5752667,-158.2733528,181.55866059961906
2855,100,2009-08-15T23:04:16Z,noon,39.736123,-167.090387,39.728813,-167.08622,21.5752667,-158.2733528,0.8875098638395411
2855,101,2009-08-16T10:58:33.5Z,midnight,42.667065,-165.610493,39.736123,-167.090387,21.5752667,-158.2733528,348.6153027537935
2855,102,2009-08-16T22:50:16.5Z,noon,39.117851,-163.53966,42.667065,-165.610493,21.5752667,-158.2733528,431.2989212175839
2855,103,2009-08-17T11:05:19.5Z,midnight,34.117851,-167.246998,39.117851,-163.53966,21.5752667,-158.2733528,646.8288313935781
2855,104,2009-08-17T23:15:05.5Z,noon,37.134862,-169.688664,34.117851,-167.246998,21.5752667,-158.2733528,401.5159537533156
2855,105,2009-08-18T11:06:39Z,midnight,41.647315,-167.520779,37.134862,-169.688664,21.5752667,-158.2733528,535.1782291145522
2855,106,2009-08-18T23:11:06Z,noon,43.512495,-168.633279,41.647315,-167.520779,21.5752667,-158.2733528,226.5136525804761
2855,107,2009-08-19T11:24:01Z,midnight,38.512495,-171.802718,43.512495,-168.633279,21.5752667,-158.2733528,616.1746625995063
2855,108,2009-08-19T23:16:43Z,noon,34.34124,-169.977718,38.512495,-171.802718,21.5752667,-158.2733528,491.6911080903722
2855,109,2009-08-20T11:09:29.5Z,midnight,38.824971,-168.109532,34.34124,-169.977718,21.5752667,-158.2733528,525.6962577955352
2855,110,2009-08-20T23:16:57.5Z,noon,42.357311,-169.976199,38.824971,-168.109532,21.5752667,-158.2733528,423.192796111929
2855,111,2009-08-21T11:23:52.5Z,midnight,39.717031,-171.641276,42.357311,-169.976199,21.5752667,-158.2733528,325.09075713397414
2855,112,2009-08-21T23:20:51.5Z,noon,38.163924,-170.887109,39.717031,-171.641276,21.5752667,-158.2733528,184.60251907285516
2855,113,2009-08-22T11:21:57.5Z,midnight,38.206716,-171.095921,38.163924,-170.887109,21.5752667,-158.2733528,18.8604460336253
2855,114,2009-08-22T23:15:35.5Z,noon,34.545584,-169.504255,38.206716,-171.095921,21.5752667,-158.2733528,431.2967642733016
2855,115,2009-08-23T11:10:57Z,midnight,37.906375,-168.275613,34.545584,-169.504255,21.5752667,-158.2733528,389.60326448448785
2855,116,2009-08-23T23:06:07.5Z,noon,35.072331,-167.069363,37.906375,-168.275613,21.5752667,-158.2733528,333.0612110799745
2855,117,2009-08-24T11:09:45Z,midnight,33.41011,-167.905412,35.072331,-167.069363,21.5752667,-158.2733528,200.16855470691576
2855,118,2009-08-24T23:15:38.5Z,noon,37.102251,-169.378329,33.41011,-167.905412,21.5752667,-158.2733528,431.7635189546459
2855,119,2009-08-25T11:16:42Z,midnight,37.156191,-169.570802,37.102251,-169.378329,21.5752667,-158.2733528,18.086764478132356
2855,120,2009-08-25T23:18:12.5Z,noon,38.054709,-169.947885,37.156191,-169.570802,21.5752667,-158.2733528,105.28775270988929
2855,121,2009-08-26T11:31:00Z,midnight,33.054709,-173.071849,38.054709,-169.947885,21.5752667,-158.2733528,623.5692984232718
2855,122,2009-08-26T23:23:36Z,noon,28.054709,-171.221849,33.054709,-173.071849,21.5752667,-158.2733528,583.4785475459321
2855,123,2009-08-27T11:14:49.5Z,midnight,31.88314,-168.952374,28.054709,-171.221849,21.5752667,-158.2733528,478.51545811773127
2855,124,2009-08-27T23:09:29.5Z,noon,27.619991,-167.619041,31.88314,-168.952374,21.5752667,-158.2733528,491.18955956431483
2855,125,2009-08-28T11:04:09.5Z,midnight,32.611561,-166.208285,27.619991,-167.619041,21.5752667,-158.2733528,571.3628396446184
2855,126,2009-08-28T22:55:41Z,noon,27.611561,-164.089535,32.611561,-166.208285,21.5752667,-158.2733528,592.1050696042255
2855,127,2009-08-29T10:52:21Z,midnight,29.195929,-163.177155,27.611561,-164.089535,21.5752667,-158.2733528,197.48359671941927
2855,128,2009-08-29T22:47:03Z,noon,24.333334,-161.852155,29.195929,-163.177155,21.5752667,-158.2733528,556.4517965964702
2855,129,2009-08-30T10:51:37Z,midnight,20.24786,-162.913231,24.333334,-161.852155,21.5752667,-158.2733528,467.2089953299424
2855,130,2009-08-30T23:09:25Z,noon,25.24786,-167.363231,20.24786,-162.913231,21.5752667,-158.2733528,719.1145080064277
2855,131,2009-08-31T11:20:05.5Z,midnight,28.245173,-169.949924,25.24786,-167.363231,21.5752667,-158.2733528,420.74239096795554
2855,132,2009-08-31T23:30:20.5Z,noon,33.245173,-172.512424,28.245173,-169.949924,21.5752667,-158.2733528,607.4514735454098
2855,133,2009-09-01T11:26:30Z,midnight,38.245173,-171.468568,33.245173,-172.512424,21.5752667,-158.2733528,563.8866436637201
2855,134,2009-09-01T23:22:00Z,noon,37.122846,-170.343568,38.245173,-171.468568,21.5752667,-158.2733528,159.2924896661522
2855,183,2009-10-03T12:05:00Z,midnight,-10.002632,-178.260645,37.122846,-170.343568,21.5752667,-158.2733528,5304.875254695121
2855,184,2009-10-10T23:20:30Z,noon,-5.002632,-166.655136,-10.002632,-178.260645,21.5752667,-158.2733528,1394.578253765636
2855,185,2009-10-11T11:09:00Z,midnight,-0.002632,-163.7206,-5.002632,-166.655136,21.5752667,-158.2733528,644.4471934585109
2855,186,2009-10-11T23:19:30Z,noon,4.997368,-166.3456,-0.002632,-163.7206,21.5752667,-158.2733528,627.7655267795875
2855,187,2009-10-12T23:11:11.5Z,noon,9.997368,-164.211494,4.997368,-166.3456,21.5752667,-158.2733528,603.6755120291947
2855,188,2009-10-13T11:12:39.5Z,midnight,14.997368,-164.523725,9.997368,-164.211494,21.5752667,-158.2733528,557.0061818836539
2855,189,2009-10-13T23:12:13Z,noon,19.997368,-164.413309,14.997368,-164.523725,21.5752667,-158.2733528,556.0978286054556
2855,190,2009-10-14T23:00:11Z,noon,24.997368,-161.353198,19.997368,-164.413309,21.5752667,-158.2733528,638.6234761685344
2855,191,2009-10-15T10:59:25Z,midnight,29.997368,-161.112479,24.997368,-161.353198,21.5752667,-158.2733528,556.4807916344502
2855,192,2009-10-16T11:11:38.5Z,midnight,34.997368,-164.122467,29.997368,-161.112479,21.5752667,-158.2733528,623.4392912234634
2855,193,2009-10-16T23:18:42Z,noon,39.997368,-165.887051,34.997368,-164.122467,21.5752667,-158.2733528,577.3198058546599
2855,194,2009-10-17T11:38:13.5Z,midnight,44.997368,-170.724892,39.997368,-165.887051,21.5752667,-158.2733528,682.6632890431345
2855,195,2009-10-17T23:29:30Z,noon,49.997368,-168.543642,44.997368,-170.724892,21.5752667,-158.2733528,579.5523843548788
2855,196,2009-10-18T11:20:57.5Z,midnight,54.997368,-166.367728,49.997368,-168.543642,21.5752667,-158.2733528,575.0819011857343
2855,197,2009-10-18T23:40:35Z,noon,54.524946,-171.273978,54.997368,-166.367728,21.5752667,-158.2733528,319.0585920737381
2855,198,2009-10-19T11:40:43Z,midnight,52.71369,-171.269784,54.524946,-171.273978,21.5752667,-158.2733528,201.40266790906696
2855,199,2009-10-19T23:35:20Z,noon,57.44978,-169.923951,52.71369,-171.269784,21.5752667,-158.2733528,533.5221627469948
2855,200,2009-10-20T11:28:44.5Z,midnight,52.44978,-168.241528,57.44978,-169.923951,21.5752667,-158.2733528,566.2137199196507
2855,201,2009-10-21T11:59:41Z,midnight,48.452845,-175.945511,52.44978,-168.241528,21.5752667,-158.2733528,702.9423139691464
2855,202,2009-10-22T00:00:14Z,noon,47.910576,-176.054696,48.452845,-175.945511,21.5752667,-158.2733528,60.83851470909961
2855,203,2009-10-22T12:00:08Z,midnight,46.268148,-176.029696,47.910576,-176.054696,21.5752667,-158.2733528,182.6394652572216
2855,204,2009-10-22T23:59:29.5Z,noon,46.894798,-175.869279,46.268148,-176.029696,21.5752667,-158.2733528,70.75061191263696
2855,205,2009-10-23T11:58:26.5Z,midnight,44.432125,-175.581628,46.894798,-175.869279,21.5752667,-158.2733528,274.74702557646924
2855,206,2009-10-23T23:57:21Z,noon,45.489759,-175.308711,44.432125,-175.581628,21.5752667,-158.2733528,119.54763202742222
2855,207,2009-10-24T23:46:34Z,noon,43.681207,-172.59093,45.489759,-175.308711,21.5752667,-158.2733528,294.5280352155162
2855,208,2009-10-25T11:55:06Z,midnight,48.681207,-174.705556,43.681207,-172.59093,21.5752667,-158.2733528,579.2576768410754
2855,209,2009-10-25T23:57:47.5Z,noon,47.560368,-175.378473,48.681207,-174.705556,21.5752667,-158.2733528,134.26720231259367
2855,210,2009-10-26T11:56:02.5Z,midnight,44.872723,-174.92554,47.560368,-175.378473,21.5752667,-158.2733528,300.87584539226754
2855,211,2009-10-27T12:14:17.5Z,midnight,43.942661,-179.475912,44.872723,-174.92554,21.5752667,-158.2733528,375.904219805395
2855,212,2009-10-28T00:12:24Z,noon,45.48492,-178.9942,43.942661,-179.475912,21.5752667,-158.2733528,175.6639469609407
2855,213,2009-10-28T12:14:27Z,midnight,45.965638,-179.5067,45.48492,-178.9942,21.5752667,-158.2733528,66.63256883757721
2855,214,2009-10-29T00:16:16.5Z,noon,44.557261,-179.957509,45.965638,-179.5067,21.5752667,-158.2733528,160.52912284972805
2855,215,2009-10-29T12:19:43Z,midnight,46.099052,179.182074,44.557261,-179.957509,21.5752667,-158.2733528,184.15923838394838
2855,216,2009-10-30T00:20:23.5Z,noon,45.606084,179.01539,46.099052,179.182074,21.5752667,-158.2733528,56.31509984129016
2855,217,2009-10-30T12:11:30.5Z,midnight,40.606084,-178.763777,45.606084,179.01539,21.5752667,-158.2733528,584.4110832851677
2855,218,2009-10-31T00:07:24Z,noon,40.93792,-177.738019,40.606084,-178.763777,21.5752667,-158.2733528,93.9287134224557
2855,219,2009-10-31T12:11:20.5Z,midnight,43.028288,-178.723435,40.93792,-177.738019,21.5752667,-158.2733528,246.29077265522378
2855,220,2009-11-01T00:00:23.5Z,noon,48.028288,-175.990665,43.028288,-178.723435,21.5752667,-158.2733528,595.2329671295628
2855,221,2009-11-01T12:00:00Z,midnight,49.081364,-175.892748,48.028288,-175.990665,21.5752667,-158.2733528,117.31823743037555
2855,222,2009-11-02T00:09:00Z,noon,44.081364,-178.150891,49.081364,-175.892748,21.5752667,-158.2733528,582.0724599996092
2855,223,2009-11-02T12:19:30Z,midnight,49.050789,179.224109,44.081364,-178.150891,21.5752667,-158.2733528,587.789764543131
2855,224,2009-11-03T00:23:30Z,noon,46.665821,178.212548,49.050789,179.224109,21.5752667,-158.2733528,275.7190492616922
2855,225,2009-11-03T12:13:30Z,midnight,41.665821,-179.287452,46.665821,178.212548,21.5752667,-158.2733528,590.5687351677426
2855,226,2009-11-04T00:09:00Z,noon,42.230773,-178.177434,41.665821,-179.287452,21.5752667,-158.2733528,111.23466238173998
2855,227,2009-11-04T12:14:00Z,midnight,44.678359,-179.427434,42.230773,-178.177434,21.5752667,-158.2733528,290.2501565731103
2855,228,2009-11-05T00:09:30Z,noon,47.35559,-178.320833,44.678359,-179.427434,21.5752667,-158.2733528,309.7064106175411
2855,229,2009-11-05T12:09:30Z,midnight,46.560946,-178.320833,47.35559,-178.320833,21.5752667,-158.2733528,88.36038128853798
2855,230,2009-11-06T00:05:30Z,noon,48.752317,-177.342646,46.560946,-178.320833,21.5752667,-158.2733528,254.4391467096622
2855,231,2009-11-06T12:24:00Z,midnight,53.752317,178.032354,48.752317,-177.342646,21.5752667,-158.2733528,642.1130069084013
2855,232,2009-11-06T23:12:30Z,noon,58.752317,-166.967646,53.752317,178.032354,21.5752667,-158.2733528,1077.075067833338
2855,233,2009-11-07T11:34:00Z,midnight,63.752317,-169.492863,58.752317,-166.967646,21.5752667,-158.2733528,572.0282618879429
2855,234,2009-11-08T00:34:00Z,noon,64.842046,175.507137,63.752317,-169.492863,21.5752667,-158.2733528,731.6577746578206
2855,235,2009-11-08T12:15:00Z,midnight,59.842046,-179.771471,64.842046,175.507137,21.5752667,-158.2733528,606.6472680357381
2855,236,2009-11-09T00:23:30Z,noon,56.78895,178.071547,59.842046,-179.771471,21.5752667,-158.2733528,362.06090432560507
2855,237,2009-11-09T12:16:30Z,midnight,53.566647,179.821547,56.78895,178.071547,21.5752667,-158.2733528,375.10616278209466
2855,238,2009-11-10T00:27:30Z,noon,48.845344,177.036209,53.566647,179.821547,21.5752667,-158.2733528,559.5867561477737
2855,239,2009-11-10T12:31:30Z,midnight,50.010657,176.036209,48.845344,177.036209,21.5752667,-158.2733528,148.38995711184234
2855,240,2009-11-10T23:37:00Z,noon,55.010657,-170.338791,50.010657,176.036209,21.5752667,-158.2733528,1074.013973361494
2855,241,2009-11-11T11:33:00Z,midnight,60.010657,-169.377459,55.010657,-170.338791,21.5752667,-158.2733528,558.9159011806094
2855,242,2009-11-12T00:14:00Z,noon,55.010657,-179.669431,60.010657,-169.377459,21.5752667,-158.2733528,827.1915211715731
2855,243,2009-11-12T12:25:00Z,midnight,56.4205,177.580569,55.010657,-179.669431,21.5752667,-158.2733528,232.87535342420261
2855,244,2009-11-12T23:59:15Z,noon,61.4205,-175.981931,56.4205,177.580569,21.5752667,-158.2733528,666.8945079639248
2855,245,2009-11-13T11:42:17.5Z,midnight,58.433447,-171.787593,61.4205,-175.981931,21.5752667,-158.2733528,405.95448349679003
2855,246,2009-11-13T23:37:17.5Z,noon,59.746978,-170.537593,58.433447,-171.787593,21.5752667,-158.2733528,162.5686342022955
2855,247,2009-11-14T11:38:11Z,midnight,59.447255,-170.808994,59.746978,-170.537593,21.5752667,-158.2733528,36.66034741959727
2855,248,2009-11-14T23:53:11Z,noon,55.200763,-174.558994,59.447255,-170.808994,21.5752667,-158.2733528,522.9119623064241
2855,249,2009-11-15T11:53:11Z,midnight,54.667923,-174.61068,55.200763,-174.558994,21.5752667,-158.2733528,59.341032621567756
2855,250,2009-11-16T00:23:48.5Z,noon,49.667923,177.678224,54.667923,-174.61068,21.5752667,-158.2733528,764.4453759877836
2855,251,2009-11-16T12:22:37.5Z,midnight,44.667923,177.974058,49.667923,177.678224,21.5752667,-158.2733528,556.4229594807996
2855,252,2009-11-17T00:26:44Z,noon,39.667923,176.889013,44.667923,177.974058,21.5752667,-158.2733528,563.1046627825798
2855,253,2009-11-17T12:31:26Z,midnight,40.80564,175.714013,39.667923,176.889013,21.5752667,-158.2733528,161.09324643326127
2855,254,2009-11-18T00:31:46.5Z,noon,40.630069,175.567568,40.80564,175.714013,21.5752667,-158.2733528,23.096736284405612
2855,255,2009-11-18T12:36:46.5Z,midnight,42.643065,174.317568,40.630069,175.567568,21.5752667,-158.2733528,246.7574968649762
2855,256,2009-11-19T00:36:42Z,noon,42.678931,174.272273,42.643065,174.317568,21.5752667,-158.2733528,5.442704698495995
2855,257,2009-11-19T12:38:00Z,midnight,42.836761,173.947273,42.678931,174.272273,21.5752667,-158.2733528,31.812596735979955
2855,258,2009-11-20T00:38:00Z,noon,42.836761,173.880266,42.836761,173.947273,21.5752667,-158.2733528,5.463653374121457
2855,259,2009-11-20T12:44:30Z,midnight,45.294194,172.255266,42.836761,173.880266,21.5752667,-158.2733528,302.5137835909688
2855,260,2009-11-21T00:40:01Z,noon,47.142968,173.306188,45.294194,172.255266,21.5752667,-158.2733528,220.89755871619548
2855,261,2009-11-21T12:30:53Z,midnight,42.825263,175.589521,47.142968,173.306188,21.5752667,-158.2733528,512.5316520172129
2855,262,2009-11-22T00:24:28Z,noon,45.606251,177.120933,42.825263,175.589521,21.5752667,-158.2733528,332.42743605031603
2855,263,2009-11-22T12:27:27.5Z,midnight,46.405251,176.373017,45.606251,177.120933,21.5752667,-158.2733528,105.97130957715854
2855,264,2009-11-23T00:33:42.5Z,noon,43.814838,174.734982,46.405251,176.373017,21.5752667,-158.2733528,315.40385226069725
2855,265,2009-11-23T12:27:54Z,midnight,40.818357,176.187066,43.814838,174.734982,21.5752667,-158.2733528,353.92204220931535
2855,266,2009-11-24T00:23:29Z,noon,42.816167,177.212985,40.818357,176.187066,21.5752667,-158.2733528,237.85416725338067
2855,267,2009-11-24T12:24:22.5Z,midnight,42.830219,176.990069,42.816167,177.212985,21.5752667,-158.2733528,18.247253958998748
2855,268,2009-11-25T00:30:09Z,noon,40.234098,175.465428,42.830219,176.990069,21.5752667,-158.2733528,315.32492321596743
2855,269,2009-11-25T12:32:31Z,midnight,40.967159,174.873762,40.234098,175.465428,21.5752667,-158.2733528,95.60029688271207
2855,270,2009-11-26T00:20:48.5Z,noon,45.86632,177.717385,40.967159,174.873762,21.5752667,-158.2733528,591.0949912771247
2855,271,2009-11-26T12:35:25Z,midnight,50.639193,174.065301,45.86632,177.717385,21.5752667,-158.2733528,595.4504488392466
2855,272,2009-11-27T00:50:59.5Z,noon,45.639193,170.085595,50.639193,174.065301,21.5752667,-158.2733528,629.3104929358179
2855,273,2009-11-27T12:48:56Z,midnight,43.990726,170.600179,45.639193,170.085595,21.5752667,-158.2733528,187.7403796652022
2855,274,2009-11-28T00:03:21.5Z,noon,48.990726,-178.094444,43.990726,170.600179,21.5752667,-158.2733528,1027.0457422550455
2855,275,2009-11-28T12:11:37.5Z,midnight,53.990726,179.838889,48.990726,-178.094444,21.5752667,-158.2733528,574.0253389829741
2855,276,2009-11-29T01:08:20Z,noon,48.990726,165.571097,53.990726,179.838889,21.5752667,-158.2733528,1130.6029766422807
2855,277,2009-11-29T13:06:12.5Z,midnight,43.990726,166.102347,48.990726,165.571097,21.5752667,-158.2733528,557.4560596868732
2855,278,2009-11-30T01:04:42.5Z,noon,41.944184,166.384384,43.990726,166.102347,21.5752667,-158.2733528,228.71879296603774
2855,279,2009-11-30T13:01:16Z,midnight,40.19613,167.244801,41.944184,166.384384,21.5752667,-158.2733528,207.32291489576042
2855,280,2009-12-01T00:39:18.5Z,noon,45.19613,172.639254,40.19613,167.244801,21.5752667,-158.2733528,709.1945043455523
2855,281,2009-12-01T13:02:30Z,midnight,50.19613,166.841337,45.19613,172.639254,21.5752667,-158.2733528,704.8093564443711
2855,282,2009-12-02T01:19:00Z,noon,50.364203,162.619127,50.19613,166.841337,21.5752667,-158.2733528,300.5599156579142
2855,283,2009-12-02T13:03:00Z,midnight,45.364203,166.619127,50.364203,162.619127,21.5752667,-158.2733528,630.7659588156545
2855,284,2009-12-03T01:08:00Z,noon,42.833524,165.269927,45.364203,166.619127,21.5752667,-158.2733528,301.3060009432113
2855,285,2009-12-03T13:39:00Z,midnight,47.833524,157.519927,42.833524,165.269927,21.5752667,-158.2733528,821.5041779349585
2855,286,2009-12-04T01:29:00Z,noon,52.833524,159.918829,47.833524,157.519927,21.5752667,-158.2733528,581.3758841462882
2855,287,2009-12-04T13:19:00Z,midnight,52.441838,162.418829,52.833524,159.918829,21.5752667,-158.2733528,174.21889297578312
2855,288,2009-12-05T00:49:00Z,noon,57.441838,169.815928,52.441838,162.418829,21.5752667,-158.2733528,728.7766079315018
2855,289,2009-12-05T12:44:00Z,midnight,57.907667,171.065928,57.441838,169.815928,21.5752667,-158.2733528,90.59006558087269
2855,290,2009-12-06T01:20:00Z,noon,52.907667,161.961319,57.907667,171.065928,21.5752667,-158.2733528,798.4113091460653
2855,291,2009-12-06T13:05:00Z,midnight,47.907667,165.711319,52.907667,161.961319,21.5752667,-158.2733528,616.0152144060456
2855,292,2009-12-07T01:00:00Z,noon,45.614779,166.855102,47.907667,165.711319,21.5752667,-158.2733528,269.42453980927627
2855,293,2009-12-07T13:00:00Z,midnight,45.417995,166.855102,45.614779,166.855102,21.5752667,-158.2733528,21.881382444822854
2855,294,2009-12-08T01:03:30Z,noon,44.18045,165.872375,45.417995,166.855102,21.5752667,-158.2733528,157.9475788935041
2855,295,2009-12-08T13:18:30Z,midnight,48.942976,162.122375,44.18045,165.872375,21.5752667,-158.2733528,602.0144943585284
2855,296,2009-12-09T01:14:00Z,noon,50.25589,163.138239,48.942976,162.122375,21.5752667,-158.2733528,163.3143436360006
2855,297,2009-12-09T13:39:00Z,midnight,55.25589,156.888239,50.25589,163.138239,21.5752667,-158.2733528,696.56912779339
2855,298,2009-12-10T01:38:00Z,noon,56.383342,157.027798,55.25589,156.888239,21.5752667,-158.2733528,125.66963868889822
2855,299,2009-12-10T13:03:00Z,midnight,51.383342,165.777798,56.383342,157.027798,21.5752667,-158.2733528,797.6196786248713
2855,300,2009-12-11T01:09:00Z,noon,46.383342,164.166155,51.383342,165.777798,21.5752667,-158.2733528,568.2879759708427
2855,301,2009-12-11T13:05:00Z,midnight,43.706808,165.166155,46.383342,164.166155,21.5752667,-158.2733528,307.80469280848536
2855,302,2009-12-12T01:05:00Z,noon,43.706808,165.053416,43.706808,165.166155,21.5752667,-158.2733528,9.062089768491404
2855,303,2009-12-12T13:08:00Z,midnight,44.628325,164.303416,43.706808,165.053416,21.5752667,-158.2733528,118.65019321211611
2855,304,2009-12-13T01:08:57Z,noon,44.298861,163.952188,44.628325,164.303416,21.5752667,-158.2733528,46.03270652817944
2855,305,2009-12-13T13:04:08.5Z,midnight,42.455244,165.154271,44.298861,163.952188,21.5752667,-158.2733528,226.850700463269
2855,306,2009-12-14T01:10:09Z,noon,40.162435,163.537577,42.455244,165.154271,21.5752667,-158.2733528,288.48695991846483
2855,307,2009-12-14T13:12:39Z,midnight,41.030746,162.912577,40.162435,163.537577,21.5752667,-158.2733528,110.03044243676355
2855,308,2009-12-15T01:08:49.5Z,noon,42.465725,163.753442,41.030746,162.912577,21.5752667,-158.2733528,174.1420782845307
2855,309,2009-12-15T13:42:23Z,midnight,47.465725,155.363859,42.465725,163.753442,21.5752667,-158.2733528,862.1292197091336
2855,310,2009-12-16T01:33:40Z,noon,52.465725,157.426976,47.465725,155.363859,21.5752667,-158.2733528,575.1604016601857
2855,311,2009-12-16T13:13:40Z,midnight,49.472461,162.426976,52.465725,157.426976,21.5752667,-158.2733528,482.8674754615154
2855,312,2009-12-17T00:44:30Z,noon,54.472461,169.602038,49.472461,162.426976,21.5752667,-158.2733528,741.3328473747135
2855,313,2009-12-17T12:33:44Z,midnight,54.038278,172.293705,54.472461,169.602038,21.5752667,-158.2733528,181.37318431467514
2855,314,2009-12-18T00:59:08.5Z,noon,49.038278,165.824572,54.038278,172.293705,21.5752667,-158.2733528,713.0434715513974
2855,315,2009-12-18T13:09:54.5Z,midnight,50.375986,163.132905,49.038278,165.824572,21.5752667,-158.2733528,244.082823520315
2855,316,2009-12-19T01:09:30Z,noon,50.485468,163.117606,50.375986,163.132905,21.5752667,-158.2733528,12.221979323617457
2855,317,2009-12-19T12:54:30Z,midnight,46.040723,166.867606,50.485468,163.117606,21.5752667,-158.2733528,566.6764940645583
2855,318,2009-12-20T01:04:19.5Z,noon,42.704415,164.29375,46.040723,166.867606,21.5752667,-158.2733528,423.5910336491045
2855,319,2009-12-20T12:53:54.5Z,midnight,38.701887,166.897917,42.704415,164.29375,21.5752667,-158.2733528,496.18815389342257
2855,320,2009-12-20T23:49:05Z,noon,43.701887,-178.102083,38.701887,166.897917,21.5752667,-158.2733528,1369.947235244211
2855,321,2009-12-21T11:51:17Z,midnight,48.701887,-177.563551,43.701887,-178.102083,21.5752667,-158.2733528,557.5131097435982
2855,322,2009-12-22T00:46:29.5Z,noon,43.701887,168.516648,48.701887,-177.563551,21.5752667,-158.2733528,1204.4407739837677
2855,323,2009-12-22T12:37:45.5Z,midnight,39.894555,170.699981,43.701887,168.516648,21.5752667,-158.2733528,460.3741583046312
2855,324,2009-12-23T00:22:33Z,noon,44.894555,174.384457,39.894555,170.699981,21.5752667,-158.2733528,632.8010925687796
2855,325,2009-12-23T12:23:58.5Z,midnight,45.809076,174.028207,44.894555,174.384457,21.5752667,-158.2733528,105.43137354246942
2855,326,2009-12-24T00:33:58.5Z,noon,42.390156,171.410821,45.809076,174.028207,21.5752667,-158.2733528,433.77007601911305
2855,327,2009-12-24T12:29:51Z,midnight,40.875902,172.442071,42.390156,171.410821,21.5752667,-158.2733528,188.93097776723903
2855,328,2009-12-25T00:24:51Z,noon,42.719936,173.575017,40.875902,172.442071,21.5752667,-158.2733528,225.5259648827272
2855,329,2009-12-25T12:29:17Z,midnight,44.296107,172.466683,42.719936,173.575017,21.5752667,-158.2733528,196.73427105289926
2855,330,2009-12-26T00:24:01Z,noon,46.035717,173.666738,44.296107,172.466683,21.5752667,-158.2733528,215.09547566510247
2855,331,2009-12-26T12:28:05.5Z,midnight,47.348714,172.647988,46.035717,173.666738,21.5752667,-158.2733528,165.38359491449543
2855,332,2009-12-27T00:43:39.5Z,noon,42.348714,168.640261,47.348714,172.647988,21.5752667,-158.2733528,639.2631880267754
2855,333,2009-12-27T12:40:20.5Z,midnight,40.949035,169.469427,42.348714,168.640261,21.5752667,-158.2733528,170.20133472380738
2855,334,2009-12-28T00:35:23.5Z,noon,42.779217,170.591527,40.949035,169.469427,21.5752667,-158.2733528,223.71145649153385
2855,335,2009-12-28T12:34:37Z,midnight,42.562206,170.785277,42.779217,170.591527,21.5752667,-158.2733528,28.865233463174466
2855,336,2009-12-29T00:34:37Z,noon,42.562206,170.670646,42.562206,170.785277,21.5752667,-158.2733528,9.388265682195543
2855,337,2009-12-29T12:42:21Z,midnight,45.321865,168.737313,42.562206,170.670646,21.5752667,-158.2733528,343.6643044376479
2855,338,2009-12-30T00:21:56Z,noon,50.321865,173.727723,45.321865,168.737313,21.5752667,-158.2733528,668.9319889307438
2855,339,2009-12-30T12:06:38Z,midnight,47.057002,177.552723,50.321865,173.727723,21.5752667,-158.2733528,458.810467219462
2855,340,2009-12-31T00:31:01Z,noon,42.057002,171.344115,47.057002,177.552723,21.5752667,-158.2733528,741.8746160975168
2855,341,2009-12-31T12:34:21.5Z,midnight,39.702361,170.508698,42.057002,171.344115,21.5752667,-158.2733528,271.07686751662106
2855,342,2010-01-01T00:35:47.5Z,noon,39.126129,170.150365,39.702361,170.508698,21.5752667,-158.2733528,71.08490037931092
2855,343,2010-01-01T12:45:00Z,midnight,42.783756,167.848282,39.126129,170.150365,21.5752667,-158.2733528,450.2696147829944
2855,344,2010-01-02T00:51:30Z,noon,40.316577,166.111593,42.783756,167.848282,21.5752667,-158.2733528,310.05736688442596
2855,345,2010-01-02T12:49:00Z,midnight,39.438553,166.736593,40.316577,166.111593,21.5752667,-158.2733528,111.24835229255014
2855,346,2010-01-03T00:34:30Z,noon,44.438553,170.251094,39.438553,166.736593,21.5752667,-158.2733528,627.2298593632889
2855,347,2010-01-03T12:33:30Z,midnight,44.649987,170.501094,44.438553,170.251094,21.5752667,-158.2733528,30.745201005752293
2855,348,2010-01-04T00:39:30Z,noon,42.490525,168.891887,44.649987,170.501094,21.5752667,-158.2733528,272.8697555559869
2855,349,2010-01-04T12:23:00Z,midnight,37.490525,173.016887,42.490525,168.891887,21.5752667,-158.2733528,657.5225927897451
2855,350,2010-01-05T00:20:30Z,noon,36.975179,173.534072,37.490525,173.016887,21.5752667,-158.2733528,73.34953394324137
2855,351,2010-01-05T12:25:00Z,midnight,39.048691,172.409072,36.975179,173.534072,21.5752667,-158.2733528,250.74018083504166
2855,352,2010-01-06T00:22:00Z,noon,40.277975,173.052748,39.048691,172.409072,21.5752667,-158.2733528,147.37571440263312
2855,353,2010-01-06T12:17:00Z,midnight,38.372474,174.302748,40.277975,173.052748,21.5752667,-158.2733528,237.5945707346927
2855,354,2010-01-07T00:04:00Z,noon,43.372474,177.448013,38.372474,174.302748,21.5752667,-158.2733528,615.5447536695165
2855,355,2010-01-07T12:00:00Z,midnight,42.212665,178.448013,43.372474,177.448013,21.5752667,-158.2733528,152.6076442589513
2855,356,2010-01-08T00:13:30Z,noon,37.212665,174.969962,42.212665,178.448013,21.5752667,-158.2733528,630.4228379731803
2855,357,2010-01-08T12:13:30Z,midnight,36.763892,174.969962,37.212665,174.969962,21.5752667,-158.2733528,49.9012808150592
2855,358,2010-01-09T00:12:00Z,noon,37.434552,175.243687,36.763892,174.969962,21.5752667,-158.2733528,78.42572274010486
2855,359,2010-01-09T12:11:00Z,midnight,37.188485,175.493687,37.434552,175.243687,21.5752667,-158.2733528,35.177915837687394
2855,360,2010-01-10T00:04:30Z,noon,40.008392,177.019281,37.188485,175.493687,21.5752667,-158.2733528,340.4200969179032
2855,361,2010-01-10T11:59:30Z,midnight,38.07245,178.269281,40.008392,177.019281,21.5752667,-158.2733528,240.81321223769942
2855,362,2010-01-11T00:14:00Z,noon,33.07245,174.546832,38.07245,178.269281,21.5752667,-158.2733528,649.8155147855767
2855,363,2010-01-11T12:24:30Z,midnight,36.480041,171.921832,33.07245,174.546832,21.5752667,-158.2733528,448.33744587209645
2855,364,2010-01-12T00:22:00Z,noon,37.62743,172.451428,36.480041,171.921832,21.5752667,-158.2733528,135.96380673861808
2855,365,2010-01-12T12:20:30Z,midnight,37.179956,172.826428,37.62743,172.451428,21.5752667,-158.2733528,59.7739238261072
2855,366,2010-01-13T00:23:35Z,noon,35.731392,171.962319,37.179956,172.826428,21.5752667,-158.2733528,178.6510349966438
2855,367,2010-01-13T12:29:38Z,midnight,38.783565,170.449819,35.731392,171.962319,21.5752667,-158.2733528,364.81438200495313
2855,368,2010-01-14T00:08:07Z,noon,43.783565,175.737922,38.783565,170.449819,21.5752667,-158.2733528,709.8443979592191
2855,369,2010-01-14T12:13:36Z,midnight,48.783565,174.367088,43.783565,175.737922,21.5752667,-158.2733528,565.8395769501413
2855,370,2010-01-15T00:35:35.5Z,noon,43.783565,168.780398,48.783565,174.367088,21.5752667,-158.2733528,702.0257346410712
2855,371,2010-01-15T12:30:48.5Z,midnight,39.439504,169.976231,43.783565,168.780398,21.5752667,-158.2733528,493.14599863914475
2855,372,2010-01-15T23:34:30Z,noon,44.439504,-175.946686,39.439504,169.976231,21.5752667,-158.2733528,1287.9518184519288
2855,373,2010-01-16T11:33:35.5Z,midnight,49.439504,-175.806009,44.439504,-175.946686,21.5752667,-158.2733528,556.0769190358124
2855,374,2010-01-17T00:34:03Z,noon,44.439504,169.193991,49.439504,-175.806009,21.5752667,-158.2733528,1264.2713254596258
2855,375,2010-01-17T12:35:05Z,midnight,39.439504,168.73711,44.439504,169.193991,21.5752667,-158.2733528,557.25465599496
2855,376,2010-01-18T00:39:55.5Z,noon,35.81332,167.445242,39.439504,168.73711,21.5752667,-158.2733528,418.94226656721673
2855,377,2010-01-18T12:32:35.5Z,midnight,32.262421,169.278575,35.81332,167.445242,21.5752667,-158.2733528,429.43580348449706
2855,378,2010-01-19T00:28:07.5Z,noon,34.65096,170.316372,32.262421,169.278575,21.5752667,-158.2733528,282.4993520699133
2855,379,2010-01-19T12:33:37Z,midnight,37.766252,168.943456,34.65096,170.316372,21.5752667,-158.2733528,367.6398010020171
2855,380,2010-01-20T00:22:47Z,noon,42.766252,171.575567,37.766252,168.943456,21.5752667,-158.2733528,599.0654008440024
2855,381,2010-01-20T12:54:30Z,midnight,47.766252,163.6464,42.766252,171.575567,21.5752667,-158.2733528,832.3918049913914
2855,382,2010-01-21T00:34:30Z,noon,52.766252,168.572888,47.766252,163.6464,21.5752667,-158.2733528,656.7062808212231
2855,383,2010-01-21T12:04:30Z,midnight,51.651099,176.072888,52.766252,168.572888,21.5752667,-158.2733528,525.6013947133397
2855,384,2010-01-22T00:44:30Z,noon,46.651099,166.002145,51.651099,176.072888,21.5752667,-158.2733528,918.1882563882973
2855,385,2010-01-22T13:03:55Z,midnight,44.418139,161.147979,46.651099,166.002145,21.5752667,-158.2733528,452.19821125819766
2855,386,2010-01-23T00:48:55Z,noon,49.418139,164.830062,44.418139,161.147979,21.5752667,-158.2733528,622.1589118715415
2855,387,2010-01-23T12:44:30Z,midnight,49.054077,165.934229,49.418139,164.830062,21.5752667,-158.2733528,89.806984532494
2855,388,2010-01-24T00:39:30Z,noon,50.831621,167.119192,49.054077,165.934229,21.5752667,-158.2733528,215.06781045126576
2855,389,2010-01-24T12:34:30Z,midnight,49.499431,168.369192,50.831621,167.119192,21.5752667,-158.2733528,172.8251773374518
2855,390,2010-01-25T00:48:42.5Z,noon,44.499431,164.755001,49.499431,168.369192,21.5752667,-158.2733528,619.6808754819158
2855,391,2010-01-25T12:44:44.5Z,midnight,42.289085,165.746668,44.499431,164.755001,21.5752667,-158.2733528,258.5045022367153
2855,392,2010-01-26T00:20:32Z,noon,47.289085,171.73962,42.289085,165.746668,21.5752667,-158.2733528,729.4617798283056
2855,393,2010-01-26T12:49:30Z,midnight,52.289085,164.497953,47.289085,171.73962,21.5752667,-158.2733528,760.4368001084524
2855,394,2010-01-27T01:10:48.5Z,noon,54.991796,159.114758,52.289085,164.497953,21.5752667,-158.2733528,464.7984373803729
2855,395,2010-01-27T12:38:18.5Z,midnight,49.991796,167.239758,54.991796,159.114758,21.5752667,-158.2733528,781.1667302896539
2855,396,2010-01-28T00:45:03Z,noon,44.991796,165.501289,49.991796,167.239758,21.5752667,-158.2733528,571.0679784015086
2855,397,2010-01-28T12:46:43Z,midnight,40.869093,165.084622,44.991796,165.501289,21.5752667,-158.2733528,459.67512721826336
2855,398,2010-01-29T00:48:24.5Z,noon,39.96747,164.611749,40.869093,165.084622,21.5752667,-158.2733528,107.95215932185783
2855,399,2010-01-29T12:59:14.5Z,midnight,44.96747,161.903416,39.96747,164.611749,21.5752667,-158.2733528,598.618038106425
2855,400,2010-01-30T00:44:30Z,noon,49.96747,165.542006,44.96747,161.903416,21.5752667,-158.2733528,619.4223732184282
2855,401,2010-01-30T12:32:17.5Z,midnight,47.625523,168.594089,49.96747,165.542006,21.5752667,-158.2733528,343.15087767941424
2855,402,2010-01-31T00:46:31.5Z,noon,42.625523,164.992087,47.625523,168.594089,21.5752667,-158.2733528,623.4972819635083
2855,403,2010-01-31T12:50:45Z,midnight,43.374124,163.935837,42.625523,164.992087,21.5752667,-158.2733528,119.61146911839482
2855,404,2010-02-01T00:51:46Z,noon,42.839398,163.641187,43.374124,163.935837,21.5752667,-158.2733528,64.08982936304335
2855,405,2010-02-01T12:40:30Z,midnight,37.839398,166.457854,42.839398,163.641187,21.5752667,-158.2733528,604.9623182731593
2855,406,2010-02-02T00:35:00Z,noon,40.219445,167.795578,37.839398,166.457854,21.5752667,-158.2733528,288.7650290895443
2855,407,2010-02-02T12:49:00Z,midnight,45.219445,164.295578,40.219445,167.795578,21.5752667,-158.2733528,625.0321200912354
2855,408,2010-02-03T00:44:00Z,noon,50.219445,165.511529,45.219445,164.295578,21.5752667,-158.2733528,563.3448986540068
2855,409,2010-02-03T12:33:30Z,midnight,46.126323,168.136529,50.219445,165.511529,21.5752667,-158.2733528,494.9319946473459
2855,410,2010-02-04T00:45:00Z,noon,41.126323,165.230721,46.126323,168.136529,21.5752667,-158.2733528,603.0549538498876
2855,411,2010-02-04T12:58:30Z,midnight,46.126323,161.855721,41.126323,165.230721,21.5752667,-158.2733528,618.6412552431865
2855,412,2010-02-05T00:49:00Z,noon,51.126323,164.203167,46.126323,161.855721,21.5752667,-158.2733528,582.0476766633275
2855,413,2010-02-05T13:41:00Z,midnight,56.126323,151.203167,51.126323,164.203167,21.5752667,-158.2733528,1019.282106321513
2855,414,2010-02-06T01:59:30Z,noon,61.126323,146.553875,56.126323,151.203167,21.5752667,-158.2733528,617.3347729719057
2855,415,2010-02-06T13:22:00Z,midnight,56.126323,155.928875,61.126323,146.553875,21.5752667,-158.2733528,775.5503211956839
2855,416,2010-02-07T01:18:00Z,noon,53.597221,156.907849,56.126323,155.928875,21.5752667,-158.2733528,288.10996590439953
2855,417,2010-02-07T13:22:00Z,midnight,55.954151,155.907849,53.597221,156.907849,21.5752667,-158.2733528,269.80431440601535
2855,418,2010-02-08T01:40:30Z,noon,50.954151,151.26509,55.954151,155.907849,21.5752667,-158.2733528,634.9706373753313
2855,419,2010-02-08T13:33:30Z,midnight,45.954151,153.01509,50.954151,151.26509,21.5752667,-158.2733528,570.7115612156625
2855,420,2010-02-09T01:25:30Z,noon,48.743472,155.000597,45.954151,153.01509,21.5752667,-158.2733528,344.31455518016
2855,421,2010-02-09T13:23:30Z,midnight,48.473506,155.500597,48.743472,155.000597,21.5752667,-158.2733528,47.46042095450987
2855,422,2010-02-10T01:18:00Z,noon,51.3936,156.864362,48.473506,155.500597,21.5752667,-158.2733528,339.03741993160827
2855,423,2010-02-10T13:20:00Z,midnight,53.238435,156.364362,51.3936,156.864362,21.5752667,-158.2733528,207.93126766805705
2855,424,2010-02-11T01:15:30Z,noon,55.306172,157.481376,53.238435,156.364362,21.5752667,-158.2733528,241.08176525663612
2855,425,2010-02-11T13:04:30Z,midnight,50.793653,160.231376,55.306172,157.481376,21.5752667,-158.2733528,534.2711075606378
2855,426,2010-02-12T01:00:00Z,noon,53.153419,161.351626,50.793653,160.231376,21.5752667,-158.2733528,273.375162358865
2855,427,2010-02-12T13:10:00Z,midnight,58.153419,158.851626,53.153419,161.351626,21.5752667,-158.2733528,577.5706673997147
2855,428,2010-02-13T00:37:45Z,noon,63.153419,166.912595,58.153419,158.851626,21.5752667,-158.2733528,707.4994558153641
2855,429,2010-02-13T12:13:48Z,midnight,62.487495,172.900095,63.153419,166.912595,21.5752667,-158.2733528,312.87296147218706
2855,430,2010-02-14T00:13:48Z,noon,62.487495,172.901762,62.487495,172.900095,21.5752667,-158.2733528,0.0856265027572341
2855,431,2010-02-14T12:02:47Z,midnight,59.362507,175.655929,62.487495,172.901762,21.5752667,-158.2733528,377.9293550933995
2855,432,2010-02-15T00:33:41Z,noon,54.362507,167.935771,59.362507,175.655929,21.5752667,-158.2733528,726.6104865175125
2855,433,2010-02-17T00:20:48.5Z,noon,49.362507,171.173618,54.362507,167.935771,21.5752667,-158.2733528,598.6232221133395
2855,434,2010-02-17T12:21:52.5Z,midnight,44.362507,170.906951,49.362507,171.173618,21.5752667,-158.2733528,556.3431489256116
2855,435,2010-02-18T00:18:38Z,noon,44.480124,171.731558,44.362507,170.906951,21.5752667,-158.2733528,66.78048926340564
2855,436,2010-02-19T00:07:39.5Z,noon,42.633553,174.492543,44.480124,171.731558,21.5752667,-158.2733528,302.7202269402476
2855,437,2010-02-19T12:07:18Z,midnight,43.555603,174.582127,42.633553,174.492543,21.5752667,-158.2733528,102.78497215589657
2855,438,2010-02-19T23:49:30Z,noon,48.555603,179.032127,43.555603,174.582127,21.5752667,-158.2733528,653.2018364919319
2855,439,2010-02-20T11:31:00Z,midnight,44.219904,-176.322632,48.555603,179.032127,21.5752667,-158.2733528,599.2254280531513
2855,440,2010-02-20T23:25:38Z,noon,49.121852,-174.980966,44.219904,-176.322632,21.5752667,-158.2733528,554.5760660608113
2855,441,2010-02-21T23:02:47Z,noon,50.09594,-169.245263,49.121852,-174.980966,21.5752667,-158.2733528,427.1193238257576
2855,442,2010-02-23T10:58:55Z,midnight,49.758883,-168.223497,50.09594,-169.245263,21.5752667,-158.2733528,82.18313562200294
2855,443,2010-02-23T22:49:19.5Z,noon,54.758883,-165.82558,49.758883,-168.223497,21.5752667,-158.2733528,579.3445943641284
2855,444,2010-02-24T10:38:24.5Z,midnight,50.207291,-163.06462,54.758883,-165.82558,21.5752667,-158.2733528,539.4356516643575
2855,445,2010-02-26T22:06:26.5Z,noon,55.207291,-155.001157,50.207291,-163.06462,21.5752667,-158.2733528,776.37751784978
2855,446,2010-02-27T10:34:30Z,midnight,60.207291,-161.975858,55.207291,-155.001157,21.5752667,-158.2733528,692.6051795898122
2855,447,2010-02-27T22:23:31Z,noon,65.207291,-159.230024,60.207291,-161.975858,21.5752667,-158.2733528,573.1950920259028
2855,448,2010-02-28T09:40:43Z,midnight,63.743982,-148.487571,65.207291,-159.230024,21.5752667,-158.2733528,539.0389422088069
2855,449,2010-02-28T21:01:27Z,noon,68.743982,-138.670904,63.743982,-148.487571,21.5752667,-158.2733528,707.1435515367234
2855,450,2010-03-01T08:53:30Z,midnight,70.0,-136.638446,68.743982,-138.670904,21.5752667,-158.2733528,160.74428159443963
2855,451,2010-03-01T21:23:30Z,noon,67.355013,-144.138446,70.0,-136.638446,21.5752667,-158.2733528,421.90619703856265
2855,452,2010-03-02T10:04:00Z,midnight,70.0,-154.216054,67.355013,-144.138446,21.5752667,-158.2733528,501.5424618351185
2855,453,2010-03-02T21:49:00Z,noon,70.0,-150.466054,70.0,-154.216054,21.5752667,-158.2733528,142.59341536709417
2855,454,2010-03-03T08:59:00Z,midnight,70.0,-137.916298,70.0,-150.466054,21.5752667,-158.2733528,476.4360731226288
2855,455,2010-03-03T20:49:00Z,noon,70.0,-135.416298,70.0,-137.916298,21.5752667,-158.2733528,95.0706018988941
2855,456,2010-03-04T09:03:30Z,midnight,70.0,-138.989254,70.0,-135.416298,21.5752667,-158.2733528,135.86330753061011
2855,457,2010-03-04T21:28:30Z,noon,70.0,-145.239254,70.0,-138.989254,21.5752667,-158.2733528,237.58909194493543
2855,458,2010-03-05T09:34:00Z,midnight,70.0,-146.559999,70.0,-145.239254,21.5752667,-158.2733528,50.22814529741408
2855,459,2010-03-05T21:48:00Z,noon,70.0,-150.059999,70.0,-146.559999,21.5752667,-158.2733528,133.08989163513172
2855,460,2010-03-06T21:24:00Z,noon,70.0,-144.00361,70.0,-150.059999,21.5752667,-158.2733528,230.23526489214947
2855,461,2010-03-07T09:49:00Z,midnight,70.0,-150.195169,70.0,-144.00361,21.5752667,-158.2733528,235.36941977903797
2855,462,2010-03-07T21:48:00Z,noon,70.0,-149.945169,70.0,-150.195169,21.5752667,-158.2733528,9.507719527052197
2855,463,2010-03-08T09:33:00Z,midnight,70.0,-146.134759,70.0,-149.945169,21.5752667,-158.2733528,144.8897584377729
2855,464,2010-03-08T21:49:00Z,noon,70.0,-150.134759,70.0,-146.134759,21.5752667,-158.2733528,152.09633969677182
2855,465,2010-03-09T09:53:30Z,midnight,70.0,-151.197465,70.0,-150.134759,21.5752667,-158.2733528,40.41515910743126
2855,466,2010-03-09T21:23:30Z,noon,70.0,-143.697465,70.0,-151.197465,21.5752667,-158.2733528,285.05196460400174
2855,467,2010-03-10T09:28:30Z,midnight,70.0,-144.883372,70.0,-143.697465,21.5752667,-158.2733528,45.100405264767645
2855,493,2010-04-02T10:03:30Z,midnight,24.685459,-151.879763,70.0,-144.883372,21.5752667,-158.2733528,5059.449393992353
2855,494,2010-04-02T22:03:30Z,noon,21.20903,-151.879763,24.685459,-151.879763,21.5752667,-158.2733528,386.5612676400172
2855,495,2010-04-03T10:01:00Z,midnight,24.389877,-151.176145,21.20903,-151.879763,21.5752667,-158.2733528,360.9702813691197
2855,496,2010-04-03T22:06:00Z,noon,29.389877,-152.426145,24.389877,-151.176145,21.5752667,-158.2733528,569.611958930793
2855,497,2010-04-04T10:03:00Z,midnight,34.059191,-151.598139,29.389877,-152.426145,21.5752667,-158.2733528,525.0700052802632
2855,498,2010-04-04T22:06:00Z,noon,37.307796,-152.348139,34.059191,-151.598139,21.5752667,-158.2733528,367.52051606522025
2855,499,2010-04-05T10:16:30Z,midnight,32.307796,-154.895837,37.307796,-152.348139,21.5752667,-158.2733528,602.5981562047016
2855,500,2010-04-05T22:18:30Z,noon,27.307796,-155.395837,32.307796,-154.895837,21.5752667,-158.2733528,558.061043238311
2855,501,2010-04-06T10:18:00Z,midnight,25.537701,-155.19433,27.307796,-155.395837,21.5752667,-158.2733528,197.8456298303857
2855,502,2010-04-06T22:23:00Z,noon,30.537701,-156.44433,25.537701,-155.19433,21.5752667,-158.2733528,569.3335061710029
2855,503,2010-04-07T10:24:00Z,midnight,29.504614,-156.618708,30.537701,-156.44433,21.5752667,-158.2733528,116.09429568071533
2855,504,2010-04-07T22:22:00Z,noon,27.109833,-156.118708,29.504614,-156.618708,21.5752667,-158.2733528,270.74781358402225
2855,505,2010-04-08T10:31:00Z,midnight,22.109833,-158.294059,27.109833,-156.118708,21.5752667,-158.2733528,597.8459761204764
2855,506,2010-04-08T22:33:30Z,noon,17.292986,-158.919059,22.109833,-158.294059,21.5752667,-158.2733528,539.5872090967246
2855,507,2010-04-09T10:30:00Z,midnight,21.441612,-157.970469,17.292986,-158.919059,21.5752667,-158.2733528,471.91056336593056
2855,508,2010-04-09T22:34:30Z,noon,26.441612,-159.095469,21.441612,-157.970469,21.5752667,-158.2733528,567.5967945708552
2855,509,2010-04-10T10:33:00Z,midnight,27.732744,-158.648022,26.441612,-159.095469,21.5752667,-158.2733528,150.24517899865623
2855,510,2010-04-10T22:43:30Z,noon,32.732744,-161.273022,27.732744,-158.648022,21.5752667,-158.2733528,610.4272370850047
2855,511,2010-04-11T10:43:00Z,midnight,36.946106,-161.076802,32.732744,-161.273022,21.5752667,-158.2733528,468.84622348496276
2855,512,2010-04-11T22:41:30Z,noon,35.743909,-160.701802,36.946106,-161.076802,21.5752667,-158.2733528,137.8324740031072
2855,513,2010-04-12T10:32:30Z,midnight,40.743909,-158.38189,35.743909,-160.701802,21.5752667,-158.2733528,591.6734506164444
2855,514,2010-04-12T22:34:27Z,noon,42.604146,-158.86939,40.743909,-158.38189,21.5752667,-158.2733528,210.7733464795711
2855,515,2010-04-13T10:32:42Z,midnight,42.77915,-158.363363,42.604146,-158.86939,21.5752667,-158.2733528,45.70672485815905
2855,516,2010-04-13T22:18:18.5Z,noon,37.77915,-154.765446,42.77915,-158.363363,21.5752667,-158.2733528,634.0856297109264
2855,517,2010-04-14T10:30:45.5Z,midnight,32.77915,-157.810882,37.77915,-154.765446,21.5752667,-158.2733528,620.8080045573474
2855,518,2010-04-14T22:41:57Z,noon,30.663452,-160.608799,32.77915,-157.810882,21.5752667,-158.2733528,354.05863973175434
2855,519,2010-04-15T10:37:13Z,midnight,33.717728,-159.359938,30.663452,-160.608799,21.5752667,-158.2733528,359.3681762756289
2855,520,2010-04-15T22:31:18Z,noon,28.851328,-157.880771,33.717728,-159.359938,21.5752667,-158.2733528,559.0543775602314
2855,521,2010-04-16T10:20:49Z,midnight,33.851328,-155.196019,28.851328,-157.880771,21.5752667,-158.2733528,611.5663604569739
2855,522,2010-04-16T22:21:26Z,noon,36.657748,-155.350185,33.851328,-155.196019,21.5752667,-158.2733528,312.37332556775937
2855,523,2010-04-17T10:13:22Z,midnight,40.873532,-153.271278,36.657748,-155.350185,21.5752667,-158.2733528,502.1867138132115
2855,524,2010-04-17T22:17:40Z,noon,43.198986,-154.346278,40.873532,-153.271278,21.5752667,-158.2733528,273.3882793810961
2855,525,2010-04-18T10:14:03Z,midnight,44.254584,-153.381615,43.198986,-154.346278,21.5752667,-158.2733528,140.6600334161301
2855,526,2010-04-18T22:00:03Z,noon,39.254584,-149.881615,44.254584,-153.381615,21.5752667,-158.2733528,627.0622864626548
2855,527,2010-04-19T10:02:52.5Z,midnight,34.254584,-150.529179,39.254584,-149.881615,21.5752667,-158.2733528,558.954774525919
2855,528,2010-04-19T21:55:22.5Z,noon,29.254584,-148.654179,34.254584,-150.529179,21.5752667,-158.2733528,583.5176835033179
2855,529,2010-04-20T09:54:27Z,midnight,28.42011,-148.366115,29.254584,-148.654179,21.5752667,-158.2733528,96.93883583671992
2855,530,2010-04-20T20:49:27Z,noon,23.42011,-133.366115,28.42011,-148.366115,21.5752667,-158.2733528,1598.3145218286124
2855,531,2010-04-21T21:55:09Z,noon,28.42011,-148.366115,23.42011,-133.366115,21.5752667,-158.2733528,1598.3145218286124
2855,532,2010-04-22T10:00:22.5Z,midnight,32.478514,-149.739584,28.42011,-148.366115,21.5752667,-158.2733528,470.07154707486916
2855,533,2010-04-22T22:11:35Z,noon,37.478514,-152.541667,32.478514,-149.739584,21.5752667,-158.2733528,611.7005488443972
2855,534,2010-04-23T10:12:03.5Z,midnight,38.193331,-152.60956,37.478514,-152.541667,21.5752667,-158.2733528,79.70732276177132
2855,535,2010-04-23T20:29:08.5Z,noon,33.193331,-137.60956,38.193331,-152.60956,21.5752667,-158.2733528,1462.0245140726977
2855,536,2010-04-24T08:44:05Z,midnight,28.193331,-130.567044,33.193331,-137.60956,21.5752667,-158.2733528,872.8233844520986
2855,537,2010-04-24T22:39:28Z,noon,33.193331,-145.567044,28.193331,-130.567044,21.5752667,-158.2733528,1536.3807569043595
2855,538,2010-04-25T10:38:44.5Z,midnight,36.016445,-159.185,33.193331,-145.567044,21.5752667,-158.2733528,1284.0653810924612
2855,539,2010-04-25T22:39:00.5Z,noon,36.162076,-159.251667,36.016445,-159.185,21.5752667,-158.2733528,17.26594464243294
2855,540,2010-04-26T10:33:26Z,midnight,38.46096,-157.813472,36.162076,-159.251667,21.5752667,-158.2733528,285.5091066889255
2855,541,2010-04-26T22:07:47Z,noon,33.46096,-151.400972,38.46096,-157.813472,21.5752667,-158.2733528,800.9610010212966
2855,542,2010-04-27T10:04:23Z,midnight,28.46096,-150.508752,33.46096,-151.400972,21.5752667,-158.2733528,562.4374581212527
2855,543,2010-04-27T22:19:23Z,noon,33.46096,-154.258752,28.46096,-150.508752,21.5752667,-158.2733528,660.8950461555033
2855,544,2010-04-28T10:19:14Z,midnight,33.626804,-154.181294,33.46096,-154.258752,21.5752667,-158.2733528,19.788950947626844
2855,545,2010-04-28T22:14:59.5Z,noon,31.198177,-153.120878,33.626804,-154.181294,21.5752667,-158.2733528,287.8073391163674
2855,546,2010-04-29T10:14:44Z,midnight,30.835485,-153.018635,31.198177,-153.120878,21.5752667,-158.2733528,41.489772732154194
2855,547,2010-04-29T22:22:20.5Z,noon,35.033746,-154.920718,30.835485,-153.018635,21.5752667,-158.2733528,499.40326320512224
2855,548,2010-04-30T10:25:39.5Z,midnight,32.755489,-155.714555,35.033746,-154.920718,21.5752667,-158.2733528,263.71055082696677
2855,549,2010-04-30T22:29:32.5Z,noon,34.804935,-156.685388,32.755489,-155.714555,21.5752667,-158.2733528,244.9118004280412
2855,550,2010-05-01T10:43:30Z,midnight,29.804935,-160.142001,34.804935,-156.685388,21.5752667,-158.2733528,643.8080037559089
2855,551,2010-05-02T09:42:00Z,midnight,24.804935,-145.142001,29.804935,-160.142001,21.5752667,-158.2733528,1581.297959262371
2855,552,2010-05-02T22:37:00Z,noon,29.804935,-158.486414,24.804935,-145.142001,21.5752667,-158.2733528,1429.6502144360807
2855,553,2010-05-03T10:33:30Z,midnight,34.352789,-157.583233,29.804935,-158.486414,21.5752667,-158.2733528,512.7998284523926
2855,554,2010-05-03T22:28:00Z,noon,31.54398,-156.208233,34.352789,-157.583233,21.5752667,-158.2733528,337.64001050098017
2855,555,2010-05-04T10:29:00Z,midnight,30.56108,-156.432478,31.54398,-156.208233,21.5752667,-158.2733528,111.36140386796994
2855,556,2010-05-04T22:33:00Z,noon,32.647343,-157.432478,30.56108,-156.432478,21.5752667,-158.2733528,250.56365394384804
2855,557,2010-05-05T10:26:00Z,midnight,35.556588,-155.659163,32.647343,-157.432478,21.5752667,-158.2733528,362.34338685152954
2855,558,2010-05-05T22:22:00Z,noon,33.683181,-154.659163,35.556588,-155.659163,21.5752667,-158.2733528,227.52152115878383
2855,559,2010-05-06T10:29:00Z,midnight,29.711795,-156.388302,33.683181,-154.659163,21.5752667,-158.2733528,470.90051359063915
2855,560,2010-05-06T22:37:30Z,noon,33.960357,-158.513302,29.711795,-156.388302,21.5752667,-158.2733528,513.2597073385521
2855,561,2010-05-07T10:27:00Z,midnight,38.101757,-155.869902,33.960357,-158.513302,21.5752667,-158.2733528,518.1681336406143
2855,562,2010-05-07T22:23:00Z,noon,36.442256,-154.869902,38.101757,-155.869902,21.5752667,-158.2733528,204.64294219034338
2855,563,2010-05-08T10:23:00Z,midnight,36.021419,-154.853969,36.442256,-154.869902,21.5752667,-158.2733528,46.816755626931624
2855,564,2010-05-08T22:14:00Z,noon,31.938298,-152.603969,36.021419,-154.853969,21.5752667,-158.2733528,499.1324383026389
2855,565,2010-05-09T10:05:30Z,midnight,35.400293,-150.465506,31.938298,-152.603969,21.5752667,-158.2733528,432.81143793438036
2855,566,2010-05-09T21:30:00Z,noon,30.400293,-141.590506,35.400293,-150.465506,21.5752667,-158.2733528,997.1278972339095
2855,567,2010-05-10T09:29:30Z,midnight,25.400293,-141.454511,30.400293,-141.590506,21.5752667,-158.2733528,556.1350434797415
2855,568,2010-05-10T22:15:00Z,noon,30.400293,-152.829511,25.400293,-141.454511,21.5752667,-158.2733528,1247.50518625829
2855,569,2010-05-11T10:09:30Z,midnight,35.400293,-151.445979,30.400293,-152.829511,21.5752667,-158.2733528,570.760959330165
2855,570,2010-05-11T22:05:30Z,noon,39.331274,-150.445979,35.400293,-151.445979,21.5752667,-158.2733528,445.94011168279576
2855,571,2010-05-12T09:45:30Z,midnight,44.331274,-145.439903,39.331274,-150.445979,21.5752667,-158.2733528,693.3389221826085
2855,572,2010-05-12T21:35:05Z,noon,42.200916,-142.835737,44.331274,-145.439903,21.5752667,-158.2733528,317.10179825014706
2855,573,2010-05-13T09:19:52Z,midnight,46.224322,-139.027938,42.200916,-142.835737,21.5752667,-158.2733528,540.4531411316397
2855,574,2010-05-13T21:20:39Z,noon,46.428132,-139.223772,46.224322,-139.027938,21.5752667,-158.2733528,27.197676304119636
2855,575,2010-05-14T09:12:19.5Z,midnight,48.12223,-137.14132,46.428132,-139.223772,21.5752667,-158.2733528,245.27172572223174
2855,576,2010-05-14T21:17:05.5Z,noon,49.203938,-138.332987,48.12223,-137.14132,21.5752667,-158.2733528,148.74718712291033
2855,577,2010-05-15T08:57:59Z,midnight,52.634507,-133.557113,49.203938,-138.332987,21.5752667,-158.2733528,507.315036059611
2855,578,2010-05-15T20:46:51Z,noon,50.543847,-130.77378,52.634507,-133.557113,21.5752667,-158.2733528,301.6431349809989
2855,579,2010-05-16T08:46:27.5Z,midnight,50.297171,-130.679464,50.543847,-130.77378,21.5752667,-158.2733528,28.231298921855984
2855,580,2010-05-16T20:42:02.5Z,noon,49.388814,-129.575298,50.297171,-130.679464,21.5752667,-158.2733528,128.33631273449316
2855,581,2010-05-17T08:57:12.5Z,midnight,45.545101,-133.372932,49.388814,-129.575298,21.5752667,-158.2733528,513.8162290365253
2855,582,2010-05-17T20:47:12.5Z,noon,42.835643,-130.872932,45.545101,-133.372932,21.5752667,-158.2733528,361.20252774224053
2855,583,2010-05-18T08:47:50Z,midnight,42.335949,-131.037488,42.835643,-130.872932,21.5752667,-158.2733528,57.17330540100274
2855,584,2010-05-18T20:50:43Z,noon,43.158631,-131.758321,42.335949,-131.037488,21.5752667,-158.2733528,108.77768980062694
2855,585,2010-05-19T08:58:13Z,midnight,40.647192,-133.643936,43.158631,-131.758321,21.5752667,-158.2733528,319.8813445228672
2855,586,2010-05-19T20:49:30Z,noon,37.818422,-131.464769,40.647192,-133.643936,21.5752667,-158.2733528,366.2556063190236
2855,587,2010-05-20T08:50:27.5Z,midnight,37.19264,-131.717241,37.818422,-131.464769,21.5752667,-158.2733528,73.06073056991744
2855,588,2010-05-20T20:25:27.5Z,noon,32.19264,-125.467241,37.19264,-131.717241,21.5752667,-158.2733528,796.8766461254415
2855,589,2010-05-21T08:43:20Z,midnight,27.19264,-129.951117,32.19264,-125.467241,21.5752667,-158.2733528,704.584964884387
2855,590,2010-05-21T21:00:32Z,noon,26.534519,-134.251117,27.19264,-129.951117,21.5752667,-158.2733528,432.74767721696475
2855,591,2010-05-22T09:10:23Z,midnight,21.534519,-136.730941,26.534519,-134.251117,21.5752667,-158.2733528,610.298043372881
2855,592,2010-05-22T21:26:52Z,noon,26.534519,-140.851775,21.534519,-136.730941,21.5752667,-158.2733528,695.737359730849
2855,593,2010-05-23T09:32:26.5Z,midnight,26.547353,-142.265004,26.534519,-140.851775,21.5752667,-158.2733528,140.5898698658605
2855,594,2010-05-23T21:27:06.5Z,noon,24.034128,-140.93167,26.547353,-142.265004,21.5752667,-158.2733528,309.9371043794429
2855,595,2010-05-24T09:12:01Z,midnight,29.034128,-137.180341,24.034128,-140.93167,21.5752667,-158.2733528,669.4889938548267
2855,596,2010-05-24T21:25:36.5Z,noon,34.034128,-140.578258,29.034128,-137.180341,21.5752667,-158.2733528,642.3913655312056
2855,597,2010-05-25T09:14:43.5Z,midnight,38.982768,-137.881073,34.034128,-140.578258,21.5752667,-158.2733528,600.6672829853476
2855,598,2010-05-25T21:12:59.5Z,noon,38.44609,-137.44774,38.982768,-137.881073,21.5752667,-158.2733528,70.53163551701338
2855,599,2010-05-26T09:09:40Z,midnight,39.22498,-136.642147,38.44609,-137.44774,21.5752667,-158.2733528,111.21858522090771
2855,600,2010-05-26T21:09:52Z,noon,39.285045,-136.692147,39.22498,-136.642147,21.5752667,-158.2733528,7.94619778467764
2855,601,2010-05-27T09:12:57.5Z,midnight,38.109968,-137.492676,39.285045,-136.692147,21.5752667,-158.2733528,147.98169896753703
2855,602,2010-05-27T21:13:31.5Z,noon,38.285406,-137.634343,38.109968,-137.492676,21.5752667,-158.2733528,23.104372758283183
2855,603,2010-05-28T09:14:29.5Z,midnight,37.763982,-137.90552,38.285406,-137.634343,21.5752667,-158.2733528,62.65662839973762
2855,604,2010-05-28T21:13:27Z,noon,37.437322,-137.645103,37.763982,-137.90552,21.5752667,-158.2733528,42.961545746124614
2855,605,2010-05-29T09:18:07Z,midnight,35.715203,-138.84312,37.437322,-137.645103,21.5752667,-158.2733528,219.34180273341488
2855,606,2010-05-29T21:27:06.5Z,noon,38.555338,-141.091036,35.715203,-138.84312,21.5752667,-158.2733528,373.3886942329516
2855,607,2010-05-30T09:17:39.5Z,midnight,41.037254,-138.761663,38.555338,-141.091036,21.5752667,-158.2733528,340.21401643544823
2855,608,2010-05-30T21:20:40.5Z,noon,41.835754,-139.51583,41.037254,-138.761663,21.5752667,-158.2733528,108.79218127502912
2855,609,2010-05-31T09:24:43.5Z,midnight,40.561326,-140.56317,41.835754,-139.51583,21.5752667,-158.2733528,166.61068781760054
2855,610,2010-05-31T21:25:32Z,noon,40.780473,-140.765253,40.561326,-140.56317,21.5752667,-158.2733528,29.73667296082577
2855,611,2010-06-01T09:23:00Z,midnight,41.26725,-140.168406,40.780473,-140.765253,21.5752667,-158.2733528,73.73337869802164
2855,612,2010-06-01T21:30:00Z,noon,43.032761,-141.918406,41.26725,-140.168406,21.5752667,-158.2733528,243.61188482606588
2855,613,2010-06-02T09:31:30Z,midnight,42.487738,-142.331471,43.032761,-141.918406,21.5752667,-158.2733528,69.35406691820651
2855,614,2010-06-02T21:23:30Z,noon,40.424256,-140.331471,42.487738,-142.331471,21.5752667,-158.2733528,283.5761474214622
2855,615,2010-06-03T09:31:00Z,midnight,38.146851,-142.246042,40.424256,-140.331471,21.5752667,-158.2733528,302.1062725357174
2855,616,2010-06-03T21:32:00Z,noon,38.438213,-142.496042,38.146851,-142.246042,21.5752667,-158.2733528,39.05959807652487
2855,617,2010-06-04T09:28:30Z,midnight,39.272895,-141.662047,38.438213,-142.496042,21.5752667,-158.2733528,117.59690049538416
2855,618,2010-06-04T21:27:00Z,noon,38.85159,-141.287047,39.272895,-141.662047,21.5752667,-158.2733528,56.9464030032237
2855,619,2010-06-05T09:37:30Z,midnight,35.55038,-143.954412,38.85159,-141.287047,21.5752667,-158.2733528,436.47715265161264
2855,620,2010-06-05T21:46:30Z,noon,38.272638,-146.204412,35.55038,-143.954412,21.5752667,-158.2733528,362.7983682988288
2855,621,2010-06-06T09:56:00Z,midnight,35.251808,-148.623059,38.272638,-146.204412,21.5752667,-158.2733528,399.02314436292585
2855,622,2010-06-06T22:06:30Z,noon,38.416917,-151.248059,35.251808,-148.623059,21.5752667,-158.2733528,422.3757534317893
2855,623,2010-06-07T10:14:30Z,midnight,35.907247,-153.29291,38.416917,-151.248059,21.5752667,-158.2733528,332.70870023152565
2855,624,2010-06-07T22:16:00Z,noon,36.36874,-153.66791,35.907247,-153.29291,21.5752667,-158.2733528,61.378419279579504
2855,625,2010-06-08T10:21:30Z,midnight,34.517813,-155.088885,36.36874,-153.66791,21.5752667,-158.2733528,242.74586164398264
2855,626,2010-06-08T22:28:00Z,noon,36.548951,-156.713885,34.517813,-155.088885,21.5752667,-158.2733528,269.4895206699618
2855,627,2010-06-09T10:43:00Z,midnight,31.548951,-160.510903,36.548951,-156.713885,21.5752667,-158.2733528,656.7247646761485
2855,628,2010-06-09T22:51:00Z,noon,34.242873,-162.510903,31.548951,-160.510903,21.5752667,-158.2733528,352.9640480579559
2855,629,2010-06-10T10:42:30Z,midnight,36.776526,-160.433879,34.242873,-162.510903,21.5752667,-158.2733528,338.67377905617946
2855,630,2010-06-10T22:51:00Z,noon,39.183707,-162.558879,36.776526,-160.433879,21.5752667,-158.2733528,326.064373055319
2855,631,2010-06-11T10:47:30Z,midnight,40.013332,-161.732729,39.183707,-162.558879,21.5752667,-158.2733528,116.27600437028237
2855,632,2010-06-11T22:46:30Z,noon,39.751661,-161.482729,40.013332,-161.732729,21.5752667,-158.2733528,36.07828659906239
2855,633,2010-06-12T11:07:30Z,midnight,34.751661,-166.782369,39.751661,-161.482729,21.5752667,-158.2733528,727.1128702522477
2855,634,2010-06-12T23:08:15Z,noon,33.711686,-166.969869,34.751661,-166.782369,21.5752667,-158.2733528,116.91750808842151
2855,635,2010-06-13T10:50:12Z,midnight,38.711686,-162.50771,33.711686,-166.969869,21.5752667,-158.2733528,684.8924158414571
2855,636,2010-06-13T22:50:25.5Z,noon,39.054832,-162.56396,38.711686,-162.50771,21.5752667,-158.2733528,38.46547657836384
2855,637,2010-06-14T10:51:55Z,midnight,38.578153,-162.987831,39.054832,-162.56396,21.5752667,-158.2733528,64.48289644762296
2855,638,2010-06-14T23:05:59.5Z,noon,42.142971,-166.506581,38.578153,-162.987831,21.5752667,-158.2733528,495.8924582872977
2855,639,2010-06-15T11:12:39.5Z,midnight,40.457017,-168.224728,42.142971,-166.506581,21.5752667,-158.2733528,236.09243850683544
2855,640,2010-06-15T22:59:40Z,noon,36.944437,-164.976812,40.457017,-168.224728,21.5752667,-158.2733528,481.5728569788788
2855,641,2010-06-16T10:54:49.5Z,midnight,38.255332,-163.818311,36.944437,-164.976812,21.5752667,-158.2733528,177.94029717196474
2855,642,2010-06-16T22:54:39Z,noon,38.207183,-163.774561,38.255332,-163.818311,21.5752667,-158.2733528,6.577798377345003
2855,643,2010-06-17T10:59:43.5Z,midnight,36.724222,-165.095572,38.207183,-163.774561,21.5752667,-158.2733528,201.94536589829423
2855,644,2010-06-17T22:50:05.5Z,noon,33.776708,-162.687239,36.724222,-165.095572,21.5752667,-158.2733528,393.9747530089503
2855,645,2010-06-18T10:45:38.5Z,midnight,35.13782,-161.627255,33.776708,-162.687239,21.5752667,-158.2733528,179.8617885053575
2855,646,2010-06-18T23:05:27Z,noon,40.13782,-166.579338,35.13782,-161.627255,21.5752667,-158.2733528,706.3050566697945
2855,647,2010-06-19T11:09:18.5Z,midnight,39.612272,-167.596601,40.13782,-166.579338,21.5752667,-158.2733528,104.64513218077578
2855,648,2010-06-19T23:19:30Z,noon,42.114382,-170.144518,39.612272,-167.596601,21.5752667,-158.2733528,351.12595876669
2855,649,2010-06-20T11:21:57.5Z,midnight,41.513984,-170.811852,42.114382,-170.144518,21.5752667,-158.2733528,86.69262283632546
2855,650,2010-06-20T23:13:16Z,noon,39.341238,-168.638935,41.513984,-170.811852,21.5752667,-158.2733528,303.61770820558814
2855,651,2010-06-21T11:11:50.5Z,midnight,39.698472,-168.335417,39.341238,-168.638935,21.5752667,-158.2733528,47.49400120011128
2855,652,2010-06-21T23:08:46.5Z,noon,38.894866,-167.56875,39.698472,-168.335417,21.5752667,-158.2733528,111.07116002898803
2855,653,2010-06-22T11:07:02Z,midnight,39.350133,-167.185953,38.894866,-167.56875,21.5752667,-158.2733528,60.44134532526623
2855,654,2010-06-22T22:27:35.5Z,noon,34.350133,-157.325536,39.350133,-167.185953,21.5752667,-158.2733528,1037.7322250514242
2855,655,2010-06-23T10:30:09Z,midnight,29.350133,-158.017536,34.350133,-157.325536,21.5752667,-158.2733528,559.7981766884241
2855,656,2010-06-23T23:10:12Z,noon,34.350133,-168.030036,29.350133,-158.017536,21.5752667,-158.2733528,1096.17757079806
2855,657,2010-06-24T11:13:08Z,midnight,38.056453,-168.81549,34.350133,-168.030036,21.5752667,-158.2733528,418.10101759240655
2855,658,2010-06-24T23:08:45.5Z,noon,36.823089,-167.72174,38.056453,-168.81549,21.5752667,-158.2733528,167.72633365026968
2855,659,2010-06-25T11:14:53.5Z,midnight,35.015771,-169.306807,36.823089,-167.72174,21.5752667,-158.2733528,246.48633920215633
2855,660,2010-06-25T23:03:55Z,noon,31.435883,-166.563057,35.015771,-169.306807,21.5752667,-158.2733528,472.7980765433531
2855,661,2010-06-26T11:00:20Z,midnight,32.678368,-165.718481,31.435883,-166.563057,21.5752667,-158.2733528,159.44299442981261
2855,662,2010-06-26T22:35:30Z,noon,27.678368,-159.510147,32.678368,-165.718481,21.5752667,-158.2733528,815.2907784262193
2855,663,2010-06-27T10:39:01.5Z,midnight,22.678368,-160.442086,27.678368,-159.510147,21.5752667,-158.2733528,563.8203266123284
2855,664,2010-06-27T22:56:21.5Z,noon,27.678368,-164.775419,22.678368,-160.442086,21.5752667,-158.2733528,706.4290371096776
2855,665,2010-06-28T10:51:55Z,midnight,30.491385,-163.715034,27.678368,-164.775419,21.5752667,-158.2733528,329.321857063544
2855,666,2010-06-28T22:29:25Z,noon,25.491385,-158.090034,30.491385,-163.715034,21.5752667,-158.2733528,783.4118842923028
2855,667,2010-06-29T10:33:21.5Z,midnight,20.491385,-159.124734,25.491385,-158.090034,21.5752667,-158.2733528,565.9633790783707
2855,668,2010-06-29T23:03:21.5Z,noon,25.491385,-166.624734,20.491385,-159.124734,21.5752667,-158.2733528,947.5173488294072
2855,669,2010-06-30T10:57:00Z,midnight,30.491385,-165.083599,25.491385,-166.624734,21.5752667,-158.2733528,576.1755504562949
2855,670,2010-06-30T23:12:15Z,noon,35.491385,-168.896099,30.491385,-165.083599,21.5752667,-158.2733528,659.8062294564477
2855,671,2010-07-01T11:19:00Z,midnight,36.654844,-170.631125,35.491385,-168.896099,21.5752667,-158.2733528,202.60776080402357
2855,672,2010-07-01T23:22:00Z,noon,37.523789,-171.381125,36.654844,-170.631125,21.5752667,-158.2733528,117.30799507064428
2855,673,2010-07-02T11:22:30Z,midnight,37.461438,-171.552642,37.523789,-171.381125,21.5752667,-158.2733528,16.644851993081293
2855,674,2010-07-02T23:24:00Z,noon,37.888,-171.927642,37.461438,-171.552642,21.5752667,-158.2733528,57.78393400972606
2855,675,2010-07-03T11:28:00Z,midnight,36.823773,-172.973065,37.888,-171.927642,21.5752667,-158.2733528,150.13614845508266
2855,676,2010-07-03T23:29:00Z,noon,37.116821,-173.223065,36.823773,-172.973065,21.5752667,-158.2733528,39.43450608216009
2855,677,2010-07-04T11:33:30Z,midnight,35.869613,-174.39231,37.116821,-173.223065,21.5752667,-158.2733528,173.65650683352823
2855,678,2010-07-04T23:04:30Z,noon,30.869613,-167.14231,35.869613,-174.39231,21.5752667,-158.2733528,872.6624690420924
2855,679,2010-07-05T10:57:00Z,midnight,28.57532,-165.310296,30.869613,-167.14231,21.5752667,-158.2733528,310.4371283233022
2855,680,2010-07-05T23:21:00Z,noon,33.57532,-171.310296,28.57532,-165.310296,21.5752667,-158.2733528,796.944205150249
2855,681,2010-07-06T11:15:30Z,midnight,38.437662,-169.976941,33.57532,-171.310296,21.5752667,-158.2733528,553.7905141017378
2855,682,2010-07-06T23:16:00Z,noon,38.577819,-170.101941,38.437662,-169.976941,21.5752667,-158.2733528,19.004850107072688
2855,683,2010-07-07T11:27:00Z,midnight,35.433221,-172.892165,38.577819,-170.101941,21.5752667,-158.2733528,428.4929473994505
2855,684,2010-07-07T23:31:30Z,noon,36.817782,-174.017165,35.433221,-172.892165,21.5752667,-158.2733528,184.14831377306945
2855,685,2010-07-08T11:28:00Z,midnight,37.980943,-173.180892,36.817782,-174.017165,21.5752667,-158.2733528,148.9457593920034
2855,686,2010-07-08T23:28:30Z,noon,38.125122,-173.305892,37.980943,-173.180892,21.5752667,-158.2733528,19.411732103814504
2855,687,2010-07-09T11:25:00Z,midnight,39.254103,-172.468046,38.125122,-173.305892,21.5752667,-158.2733528,145.0758701586628
2855,688,2010-07-09T23:24:30Z,noon,39.115281,-172.343046,39.254103,-172.468046,21.5752667,-158.2733528,18.82416900946712
2855,689,2010-07-10T11:25:00Z,midnight,39.125779,-172.503553,39.115281,-172.343046,21.5752667,-158.2733528,13.895620330891068
2855,690,2010-07-10T23:22:30Z,noon,38.415766,-171.878553,39.125779,-172.503553,21.5752667,-158.2733528,95.75401856136592
2855,691,2010-07-11T11:34:30Z,midnight,34.876499,-174.912342,38.415766,-171.878553,21.5752667,-158.2733528,477.56703425914014
2855,692,2010-07-11T23:38:00Z,noon,36.006114,-175.787342,34.876499,-174.912342,21.5752667,-158.2733528,148.52623224524908
2855,693,2010-07-12T11:29:30Z,midnight,38.741574,-173.694343,36.006114,-175.787342,21.5752667,-158.2733528,355.9577541289202
2855,694,2010-07-12T23:29:27.5Z,noon,38.729558,-173.683926,38.741574,-173.694343,21.5752667,-158.2733528,1.6129445588286664
2855,695,2010-07-13T11:37:02.5Z,midnight,36.621366,-175.609904,38.729558,-173.683926,21.5752667,-158.2733528,289.2651171912681
2855,696,2010-07-13T23:34:01Z,noon,35.654705,-174.853654,36.621366,-175.609904,21.5752667,-158.2733528,127.14301334458646
2855,697,2010-07-14T11:37:52.5Z,midnight,34.553661,-175.846462,35.654705,-174.853654,21.5752667,-158.2733528,152.1360236156621
2855,698,2010-07-14T23:40:30Z,noon,35.432553,-176.502712,34.553661,-175.846462,21.5752667,-158.2733528,114.56125275388433
2855,699,2010-07-15T11:35:13.5Z,midnight,37.314889,-175.210203,35.432553,-176.502712,21.5752667,-158.2733528,239.15803705810356
2855,700,2010-07-15T23:35:37.5Z,noon,37.439125,-175.310203,37.314889,-175.210203,21.5752667,-158.2733528,16.39866738762001
2855,701,2010-07-16T11:37:49.5Z,midnight,36.949644,-175.8844,37.439125,-175.310203,21.5752667,-158.2733528,74.492425592652
2855,702,2010-07-16T23:41:07Z,noon,37.977238,-176.707317,36.949644,-175.8844,21.5752667,-158.2733528,135.39158256175406
2855,703,2010-07-17T11:39:52Z,midnight,38.568807,-176.416913,37.977238,-176.707317,21.5752667,-158.2733528,70.49535163523822
2855,704,2010-07-17T23:20:04.5Z,noon,33.568807,-171.468996,38.568807,-176.416913,21.5752667,-158.2733528,711.6984313995064
2855,705,2010-07-18T11:19:14.5Z,midnight,32.380247,-171.280603,33.568807,-171.468996,21.5752667,-158.2733528,133.32504230040462
2855,706,2010-07-18T23:35:58.5Z,noon,37.380247,-175.463936,32.380247,-171.280603,21.5752667,-158.2733528,674.1486719018918
2855,707,2010-07-19T11:41:20.5Z,midnight,36.616008,-176.823334,37.380247,-175.463936,21.5752667,-158.2733528,147.63057331817447
2855,708,2010-07-19T23:44:31Z,noon,37.646806,-177.617084,36.616008,-176.823334,21.5752667,-158.2733528,134.4940936544617
2855,709,2010-07-20T11:43:42.5Z,midnight,38.14116,-177.430473,37.646806,-177.617084,21.5752667,-158.2733528,57.35676621388327
2855,710,2010-07-20T23:45:05.5Z,noon,38.574848,-177.776307,38.14116,-177.430473,21.5752667,-158.2733528,56.87548315679441
2855,711,2010-07-21T11:45:38.5Z,midnight,38.650818,-177.926975,38.574848,-177.776307,21.5752667,-158.2733528,15.579820239825224
2855,712,2010-07-21T23:38:25.5Z,noon,36.290901,-176.122808,38.650818,-177.926975,21.5752667,-158.2733528,306.9198170330921
2855,713,2010-07-22T11:38:37Z,midnight,36.479406,-176.181543,36.290901,-176.122808,21.5752667,-158.2733528,21.610169853546516
2855,714,2010-07-22T23:34:27Z,noon,35.016823,-175.139877,36.479406,-176.181543,21.5752667,-158.2733528,187.8424169363525
2855,715,2010-07-23T11:36:14Z,midnight,34.627979,-175.594139,35.016823,-175.139877,21.5752667,-158.2733528,59.907557978335554
2855,716,2010-07-23T23:46:34.5Z,noon,38.210254,-178.179556,34.627979,-175.594139,21.5752667,-158.2733528,460.5818749101607
2855,717,2010-07-24T11:51:22.5Z,midnight,36.875594,-179.385557,38.210254,-178.179556,21.5752667,-158.2733528,182.56212030232024
2855,718,2010-07-24T23:52:03Z,noon,37.107658,-179.554307,36.875594,-179.385557,21.5752667,-158.2733528,29.840979589898552
2855,719,2010-07-25T11:54:52Z,midnight,36.408226,179.737988,37.107658,-179.554307,21.5752667,-158.2733528,100.11703857153458
2855,720,2010-07-25T23:58:56.5Z,noon,37.819057,178.719238,36.408226,179.737988,21.5752667,-158.2733528,181.0234414957517
2855,721,2010-07-26T11:59:32.5Z,midnight,37.909129,178.568194,37.819057,178.719238,21.5752667,-158.2733528,16.61693288429457
2855,722,2010-07-26T23:56:16.5Z,noon,36.773739,179.38486,37.909129,178.568194,21.5752667,-158.2733528,145.43310156555995
2855,723,2010-07-27T12:00:07.5Z,midnight,35.674765,178.423839,36.773739,179.38486,21.5752667,-158.2733528,149.5448749994724
2855,724,2010-07-27T23:18:11Z,noon,30.674765,-171.090744,35.674765,178.423839,21.5752667,-158.2733528,1122.1776620312885
2855,725,2010-07-28T11:20:20Z,midnight,25.674765,-171.624218,30.674765,-171.090744,21.5752667,-158.2733528,558.4253735379
2855,726,2010-07-28T23:50:20Z,noon,30.232952,-179.124218,25.674765,-171.624218,21.5752667,-158.2733528,893.7913234376987
2855,727,2010-07-29T11:59:45.5Z,midnight,26.074562,178.526129,30.232952,-179.124218,21.5752667,-158.2733528,516.5517819624799
2855,728,2010-07-29T23:56:15.5Z,noon,24.28617,179.401129,26.074562,178.526129,21.5752667,-158.2733528,217.47884380337078
2855,729,2010-07-30T11:46:00Z,midnight,29.28617,-178.025102,24.28617,179.401129,21.5752667,-158.2733528,611.8027782333576
2855,730,2010-07-30T23:49:30Z,noon,31.218438,-178.900102,29.28617,-178.025102,21.5752667,-158.2733528,230.70841162867887
2855,731,2010-07-31T11:44:22.5Z,midnight,33.753459,-177.607062,31.218438,-178.900102,21.5752667,-158.2733528,306.8563644553106
2855,732,2010-07-31T23:49:07.5Z,noon,35.675967,-178.794562,33.753459,-177.607062,21.5752667,-158.2733528,239.74365730559265
2855,733,2010-08-01T11:52:00Z,midnight,34.872594,-179.498905,35.675967,-178.794562,21.5752667,-158.2733528,109.85502761587435
2855,734,2010-08-01T23:08:00Z,noon,29.872594,-168.498905,34.872594,-179.498905,21.5752667,-158.2733528,1172.1174352935286
2855,735,2010-08-02T11:05:00Z,midnight,24.872594,-167.731872,29.872594,-168.498905,21.5752667,-158.2733528,561.1041413370535
2855,736,2010-08-02T23:49:30Z,noon,29.872594,-178.856872,24.872594,-167.731872,21.5752667,-158.2733528,1230.3282999014841
2855,737,2010-08-03T11:49:00Z,midnight,34.872594,-178.712209,29.872594,-178.856872,21.5752667,-158.2733528,556.1403675099145
2855,738,2010-08-03T23:52:30Z,noon,38.528819,-179.587209,34.872594,-178.712209,21.5752667,-158.2733528,413.96335783269654
2855,739,2010-08-04T11:49:30Z,midnight,40.007842,-178.814913,38.528819,-179.587209,21.5752667,-158.2733528,177.38767338541697
2855,740,2010-08-04T23:42:00Z,noon,37.189536,-176.939913,40.007842,-178.814913,21.5752667,-158.2733528,353.1878028198854
2855,741,2010-08-05T11:42:00Z,midnight,37.584422,-176.914986,37.189536,-176.939913,21.5752667,-158.2733528,43.96451369342705
2855,742,2010-08-05T23:46:00Z,noon,39.125628,-177.914986,37.584422,-176.914986,21.5752667,-158.2733528,192.27859067605036
2855,743,2010-08-06T11:51:00Z,midnight,37.591698,-179.137432,39.125628,-177.914986,21.5752667,-158.2733528,201.12538074735724
2855,744,2010-08-06T23:51:00Z,noon,37.591698,-179.137432,37.591698,-179.137432,21.5752667,-158.2733528,0.0
2855,745,2010-08-07T11:51:00Z,midnight,38.009882,-179.107259,37.591698,-179.137432,21.5752667,-158.2733528,46.575445295240925
2855,746,2010-08-07T23:55:30Z,noon,39.766898,179.767741,38.009882,-179.107259,21.5752667,-158.2733528,218.2853063929637
2855,747,2010-08-08T12:01:30Z,midnight,37.828336,178.30052,39.766898,179.767741,21.5752667,-158.2733528,250.2557501275795
2855,748,2010-08-08T23:57:30Z,noon,36.129932,179.30052,37.828336,178.30052,21.5752667,-158.2733528,208.6975860772881
2855,749,2010-08-09T12:03:30Z,midnight,33.821068,177.835891,36.129932,179.30052,21.5752667,-158.2733528,289.3337544358965
2855,750,2010-08-10T00:02:30Z,noon,33.339298,178.123836,33.821068,177.835891,21.5752667,-158.2733528,59.84405284475471
2855,751,2010-08-10T11:58:30Z,midnight,35.672829,179.123836,33.339298,178.123836,21.5752667,-158.2733528,275.1758711834373
2855,752,2010-08-10T23:54:00Z,noon,33.535848,-179.751164,35.672829,179.123836,21.5752667,-158.2733528,258.96428438149434
2855,753,2010-08-11T11:48:00Z,midnight,36.817565,-178.210668,33.535848,-179.751164,21.5752667,-158.2733528,390.8317807301599
2855,754,2010-08-11T23:23:00Z,noon,31.817565,-171.960668,36.817565,-178.210668,21.5752667,-158.2733528,798.7296783925302
2855,755,2010-08-12T11:23:30Z,midnight,26.817565,-172.042646,31.817565,-171.960668,21.5752667,-158.2733528,556.031371091197
2855,756,2010-08-12T23:49:13.5Z,noon,31.817565,-178.473896,26.817565,-172.042646,21.5752667,-158.2733528,835.0555140063756
2855,757,2010-08-13T11:50:03.5Z,midnight,36.817565,-178.636708,31.817565,-178.473896,21.5752667,-158.2733528,556.1753572687873
2855,758,2010-08-13T23:48:43.5Z,noon,36.89517,-178.303375,36.817565,-178.636708,21.5752667,-158.2733528,30.887098687774646
2855,759,2010-08-14T11:45:54Z,midnight,38.690271,-177.549138,36.89517,-178.303375,21.5752667,-158.2733528,210.31859608537832
2855,760,2010-08-14T23:41:28Z,noon,36.638155,-176.440805,38.690271,-177.549138,21.5752667,-158.2733528,248.1592352656018
2855,761,2010-08-15T11:48:48Z,midnight,33.412147,-178.22372,36.638155,-176.440805,21.5752667,-158.2733528,393.72054962380196
2855,762,2010-08-15T23:54:25.5Z,noon,36.323028,-179.62997,33.412147,-178.22372,21.5752667,-158.2733528,348.161639448622
2855,763,2010-08-16T11:44:41.5Z,midnight,41.310258,-177.143826,36.323028,-179.62997,21.5752667,-158.2733528,594.841847732699
2855,764,2010-08-16T23:36:03.5Z,noon,37.394147,-174.985493,41.310258,-177.143826,21.5752667,-158.2733528,473.30317587237704
2855,765,2010-08-17T11:36:00Z,midnight,37.970929,-174.915748,37.394147,-174.985493,21.5752667,-158.2733528,64.42823459567208
2855,766,2010-08-17T23:30:18Z,noon,35.055776,-173.490748,37.970929,-174.915748,21.5752667,-158.2733528,348.2559296883451
2855,767,2010-08-18T11:30:28.5Z,midnight,35.518103,-173.477029,35.055776,-173.490748,21.5752667,-158.2733528,51.423494997540224
2855,768,2010-08-18T23:34:14Z,noon,37.483568,-174.416612,35.518103,-173.477029,21.5752667,-158.2733528,234.12675590740403
2855,769,2010-08-19T11:33:37Z,midnight,38.37431,-174.202718,37.483568,-174.416612,21.5752667,-158.2733528,100.80689950942606
2855,770,2010-08-19T23:30:51.5Z,noon,36.956053,-173.513135,38.37431,-174.202718,21.5752667,-158.2733528,168.97911175528975
2855,771,2010-08-20T11:31:44Z,midnight,37.085061,-173.669949,36.956053,-173.513135,21.5752667,-158.2733528,19.990028836805667
2855,772,2010-08-20T23:34:38.5Z,noon,38.605189,-174.397032,37.085061,-173.669949,21.5752667,-158.2733528,180.68369890747556
2855,773,2010-08-21T11:38:46Z,midnight,37.035427,-175.364192,38.605189,-174.397032,21.5752667,-158.2733528,194.12147605311986
2855,774,2010-08-21T23:37:13Z,noon,36.170654,-174.976692,37.035427,-175.364192,21.5752667,-158.2733528,102.19036357572517
2855,775,2010-08-22T11:39:28Z,midnight,35.492802,-175.473005,36.170654,-174.976692,21.5752667,-158.2733528,87.65294862133543
2855,776,2010-08-22T23:36:44.5Z,noon,33.835821,-174.791755,35.492802,-175.473005,21.5752667,-158.2733528,194.4957249314398
2855,777,2010-08-23T11:30:19.5Z,midnight,38.25448,-173.119363,33.835821,-174.791755,21.5752667,-158.2733528,513.7957722117925
2855,778,2010-08-23T23:33:55.5Z,noon,40.180225,-174.019363,38.25448,-173.119363,21.5752667,-158.2733528,227.73385582892075
2855,779,2010-08-24T11:42:01.5Z,midnight,36.314416,-175.974162,40.180225,-174.019363,21.5752667,-158.2733528,462.47798394939156
2855,780,2010-08-24T23:38:16Z,noon,33.94824,-175.034579,36.314416,-175.974162,21.5752667,-158.2733528,276.62856110635875
2855,781,2010-08-25T11:33:58.5Z,midnight,37.322049,-173.889552,33.94824,-175.034579,21.5752667,-158.2733528,389.1501915794101
2855,782,2010-08-25T23:33:24.5Z,noon,36.979218,-173.747885,37.322049,-173.889552,21.5752667,-158.2733528,40.135509187870596
2855,783,2010-08-26T11:30:44.5Z,midnight,39.269557,-173.007266,36.979218,-173.747885,21.5752667,-158.2733528,262.7819492396022
2855,784,2010-08-26T23:26:28Z,noon,36.689157,-171.938516,39.269557,-173.007266,21.5752667,-158.2733528,301.8239662218792
2855,785,2010-08-27T11:26:05Z,midnight,37.659774,-171.766958,36.689157,-171.938516,21.5752667,-158.2733528,108.99271391736956
2855,786,2010-08-27T23:26:27Z,noon,37.888985,-171.858624,37.659774,-171.766958,21.5752667,-158.2733528,26.730172649742077
2855,787,2010-08-28T11:28:09Z,midnight,37.563243,-172.206201,37.888985,-171.858624,21.5752667,-158.2733528,47.396308956643246
2855,788,2010-08-28T23:26:39Z,noon,36.57547,-171.831201,37.563243,-172.206201,21.5752667,-158.2733528,114.76366549030143
2855,789,2010-08-29T11:29:10.5Z,midnight,35.605655,-172.383405,36.57547,-171.831201,21.5752667,-158.2733528,118.70538532365566
2855,790,2010-08-29T23:14:10.5Z,noon,30.605655,-168.633405,35.605655,-172.383405,21.5752667,-158.2733528,656.4466800021664
2855,791,2010-08-30T11:18:26.5Z,midnight,25.605655,-169.619481,30.605655,-168.633405,21.5752667,-158.2733528,564.3145662629378
2855,792,2010-08-30T23:32:48Z,noon,30.605655,-173.209064,25.605655,-169.619481,21.5752667,-158.2733528,657.9594682888851
2855,793,2010-08-31T11:30:25Z,midnight,35.365329,-172.531174,30.605655,-173.209064,21.5752667,-158.2733528,533.010105091829
2855,794,2010-08-31T23:26:18.5Z,noon,32.066822,-171.504091,35.365329,-172.531174,21.5752667,-158.2733528,378.87204351106527
2855,795,2010-09-01T11:28:00Z,midnight,31.429157,-171.843568,32.066822,-171.504091,21.5752667,-158.2733528,77.83260629051614
2855,796,2010-09-01T23:32:00Z,noon,34.808006,-172.843568,31.429157,-171.843568,21.5752667,-158.2733528,387.0738072413683
2855,797,2010-09-02T11:32:30Z,midnight,35.283484,-172.88383,34.808006,-172.843568,21.5752667,-158.2733528,52.99763245969825
2855,798,2010-09-02T23:26:30Z,noon,30.283484,-171.38383,35.283484,-172.88383,21.5752667,-158.2733528,573.3609842014886
2855,799,2010-09-03T11:31:30Z,midnight,25.636034,-172.54788,30.283484,-171.38383,21.5752667,-158.2733528,529.255905632016
2855,800,2010-09-03T23:31:30Z,noon,25.636034,-172.54788,25.636034,-172.54788,21.5752667,-158.2733528,0.0
2855,801,2010-09-04T11:32:00Z,midnight,25.921488,-172.585807,25.636034,-172.54788,21.5752667,-158.2733528,31.967405407313155
2855,802,2010-09-04T18:08:30Z,noon,20.921488,-157.585807,25.921488,-172.585807,21.5752667,-158.2733528,1626.9830988923786
2855,803,2010-09-04T22:24:00Z,midnight,25.921488,-172.585807,20.921488,-157.585807,21.5752667,-158.2733528,1626.9830988923786
2855,804,2010-09-05T03:29:00Z,noon,20.921488,172.414193,25.921488,-172.585807,21.5752667,-158.2733528,1626.9830988923775
2855,805,2010-09-05T23:39:00Z,noon,15.921488,-174.247699,20.921488,172.414193,21.5752667,-158.2733528,1512.1344016143244
2855,806,2010-09-06T11:18:30Z,midnight,20.921488,-169.03365,15.921488,-174.247699,21.5752667,-158.2733528,781.9234197501887
2855,807,2010-09-06T23:29:00Z,noon,25.921488,-171.65865,20.921488,-169.03365,21.5752667,-158.2733528,617.0666204009593
2855,808,2010-09-07T11:29:00Z,midnight,30.921488,-171.568752,25.921488,-171.65865,21.5752667,-158.2733528,556.0440527769092
2855,809,2010-09-07T23:10:00Z,noon,25.921488,-166.818752,30.921488,-171.568752,21.5752667,-158.2733528,724.290362462551
2855,810,2010-09-08T11:00:30Z,midnight,26.646605,-164.3531,25.921488,-166.818752,21.5752667,-158.2733528,258.7009307434078
2855,811,2010-09-08T23:12:30Z,noon,31.646605,-167.3531,26.646605,-164.3531,21.5752667,-158.2733528,627.5993671820753
2855,812,2010-09-09T11:17:30Z,midnight,36.061373,-168.51179,31.646605,-167.3531,21.5752667,-158.2733528,502.4116866745232
2855,813,2010-09-09T23:19:30Z,noon,38.07023,-169.01179,36.061373,-168.51179,21.5752667,-158.2733528,227.7363431638547
2855,814,2010-09-10T11:23:00Z,midnight,35.670376,-169.79492,38.07023,-169.01179,21.5752667,-158.2733528,275.7913472453036
2855,815,2010-09-10T23:19:00Z,noon,30.88769,-168.79492,35.670376,-169.79492,21.5752667,-158.2733528,539.8632108537054
2855,816,2010-09-11T11:27:00Z,midnight,25.88769,-170.702588,30.88769,-168.79492,21.5752667,-158.2733528,586.4221013075183
2855,817,2010-09-11T23:28:30Z,noon,22.299175,-171.077588,25.88769,-170.702588,21.5752667,-158.2733528,400.8352490814251
2855,818,2010-09-12T11:25:30Z,midnight,27.299175,-170.234894,22.299175,-171.077588,21.5752667,-158.2733528,562.4374018651661
2855,819,2010-09-12T23:19:45Z,noon,22.299175,-168.797394,27.299175,-170.234894,21.5752667,-158.2733528,574.5784792678813
2855,848,2010-10-07T10:30:00Z,midnight,27.299175,-154.223062,22.299175,-168.797394,21.5752667,-158.2733528,1571.3241804891977
2855,849,2010-10-10T10:27:30Z,midnight,32.299175,-153.405136,27.299175,-154.223062,21.5752667,-158.2733528,561.5414496440794
2855,850,2010-10-10T22:22:00Z,noon,37.299175,-152.030136,32.299175,-153.405136,21.5752667,-158.2733528,569.9523220313278
2855,851,2010-10-11T10:21:30Z,midnight,42.299175,-151.8456,37.299175,-152.030136,21.5752667,-158.2733528,556.197662875517
2855,852,2010-10-13T22:05:51.5Z,noon,47.299175,-147.823725,42.299175,-151.8456,21.5752667,-158.2733528,639.9488382620367
2855,853,2010-10-14T10:40:24Z,midnight,52.299175,-156.407364,47.299175,-147.823725,21.5752667,-158.2733528,828.8459483588506
2855,854,2010-10-14T22:45:20Z,noon,57.299175,-157.640698,52.299175,-156.407364,21.5752667,-158.2733528,561.541848962805
2855,855,2010-10-15T10:14:45Z,midnight,62.299175,-149.945812,57.299175,-157.640698,21.5752667,-158.2733528,702.1358458814196
2855,856,2010-10-15T22:15:25Z,noon,63.793216,-150.112479,62.299175,-149.945812,21.5752667,-158.2733528,166.341870186675
2855,857,2010-10-16T10:12:56.5Z,midnight,59.160433,-149.447467,63.793216,-150.112479,21.5752667,-158.2733528,516.3433596912657
2855,858,2010-10-16T22:07:56.5Z,noon,63.40045,-148.197467,59.160433,-149.447467,21.5752667,-158.2733528,476.1520395664334
2855,859,2010-10-17T10:09:30Z,midnight,62.386775,-148.543642,63.40045,-148.197467,21.5752667,-158.2733528,114.07149529407152
2855,860,2010-10-17T22:13:12.5Z,noon,59.460573,-149.470725,62.386775,-148.543642,21.5752667,-158.2733528,329.20398255249216
2855,861,2010-10-18T10:09:21Z,midnight,54.460573,-148.465645,59.460573,-149.470725,21.5752667,-158.2733528,559.2866051892474
2855,862,2010-10-18T22:05:16.5Z,noon,57.573214,-147.446895,54.460573,-148.465645,21.5752667,-158.2733528,351.8431479341729
2855,863,2010-10-19T10:01:20Z,midnight,52.573214,-146.423951,57.573214,-147.446895,21.5752667,-158.2733528,559.7583977571732
2855,864,2010-10-19T22:00:54Z,noon,52.422562,-146.315617,52.573214,-146.423951,21.5752667,-158.2733528,18.28667133728162
2855,865,2010-10-20T10:05:07Z,midnight,54.450812,-147.335278,52.422562,-146.315617,21.5752667,-158.2733528,235.42110879445684
2855,866,2010-10-20T22:05:15Z,noon,54.337759,-147.368611,54.450812,-147.335278,21.5752667,-158.2733528,12.754788248810586
2855,867,2010-10-21T10:00:41Z,midnight,49.337759,-146.195511,54.337759,-147.368611,21.5752667,-158.2733528,561.7648458468834
2855,868,2010-10-21T21:54:21Z,noon,54.118094,-144.612177,49.337759,-146.195511,21.5752667,-158.2733528,542.5823814911411
2855,869,2010-10-22T10:03:38.5Z,midnight,59.063201,-146.906779,54.118094,-144.612177,21.5752667,-158.2733528,567.4472802341681
2855,870,2010-10-22T22:04:08.5Z,noon,58.75792,-147.031779,59.063201,-146.906779,21.5752667,-158.2733528,34.69614988826549
2855,871,2010-10-23T10:09:22.5Z,midnight,60.334458,-148.314961,58.75792,-147.031779,21.5752667,-158.2733528,189.62517606395895
2855,872,2010-10-23T22:16:52.5Z,noon,55.851245,-150.189961,60.334458,-148.314961,21.5752667,-158.2733528,510.4910083772534
2855,873,2010-10-24T10:12:47.5Z,midnight,51.561861,-149.14718,55.851245,-150.189961,21.5752667,-158.2733528,481.855618785534
2855,874,2010-10-24T22:08:34.5Z,noon,54.552884,-148.093013,51.561861,-149.14718,21.5752667,-158.2733528,339.9556012678363
2855,875,2010-10-25T10:03:22Z,midnight,49.552884,-146.772223,54.552884,-148.093013,21.5752667,-158.2733528,563.2345518486692
2855,876,2010-10-25T21:54:27.5Z,noon,54.552884,-144.545139,49.552884,-146.772223,21.5752667,-158.2733528,576.3753719622779
2855,877,2010-10-26T10:02:22.5Z,midnight,58.729498,-146.508873,54.552884,-144.545139,21.5752667,-158.2733528,479.6349307662792
2855,878,2010-10-26T22:15:12Z,noon,53.729498,-149.715123,58.729498,-146.508873,21.5752667,-158.2733528,590.0700838746989
2855,879,2010-10-27T10:17:09Z,midnight,51.286654,-150.190496,53.729498,-149.715123,21.5752667,-158.2733528,273.52876694958525
2855,880,2010-10-27T22:20:09.5Z,noon,49.224157,-150.942579,51.286654,-150.190496,21.5752667,-158.2733528,235.4861184067965
2855,881,2010-10-28T10:14:55.5Z,midnight,44.224157,-149.62545,49.224157,-150.942579,21.5752667,-158.2733528,564.9419385004062
2855,882,2010-10-28T22:05:28.5Z,noon,49.224157,-147.26295,44.224157,-149.62545,21.5752667,-158.2733528,584.3327758514349
2855,883,2010-10-29T10:12:11Z,midnight,53.84656,-148.934592,49.224157,-147.26295,21.5752667,-158.2733528,526.791761980089
2855,884,2010-10-29T22:26:35.5Z,noon,48.84656,-152.536676,53.84656,-148.934592,21.5752667,-158.2733528,609.4730603700967
2855,885,2010-10-30T10:35:10Z,midnight,49.384441,-154.67836,48.84656,-152.536676,21.5752667,-158.2733528,166.94740065037837
2855,886,2010-10-30T22:36:30Z,noon,48.534656,-155.011693,49.384441,-154.67836,21.5752667,-158.2733528,97.57514323624464
2855,887,2010-10-31T10:35:10Z,midnight,46.681175,-154.679685,48.534656,-155.011693,21.5752667,-158.2733528,207.5945834404285
2855,888,2010-10-31T22:34:25Z,noon,47.174344,-154.492185,46.681175,-154.679685,21.5752667,-158.2733528,56.65611919498136
2855,889,2010-11-01T10:30:00Z,midnight,43.241978,-153.392748,47.174344,-154.492185,21.5752667,-158.2733528,445.64798257750806
2855,890,2010-11-01T22:29:30Z,noon,43.594322,-153.267748,43.241978,-153.392748,21.5752667,-158.2733528,40.45873827631736
2855,891,2010-11-02T10:30:00Z,midnight,43.066139,-153.400891,43.594322,-153.267748,21.5752667,-158.2733528,59.71042198350602
2855,892,2010-11-02T22:35:00Z,noon,39.459882,-154.650891,43.066139,-153.400891,21.5752667,-158.2733528,414.3705657597474
2855,893,2010-11-03T10:44:30Z,midnight,44.459882,-157.037452,39.459882,-154.650891,21.5752667,-158.2733528,589.8828439984824
2855,894,2010-11-03T22:48:00Z,noon,42.908192,-157.912452,44.459882,-157.037452,21.5752667,-158.2733528,186.3315719333856
2855,895,2010-11-04T10:54:00Z,midnight,45.895977,-159.427434,42.908192,-157.912452,21.5752667,-158.2733528,353.33631384156973
2855,896,2010-11-04T22:52:00Z,noon,47.069135,-158.927434,45.895977,-159.427434,21.5752667,-158.2733528,135.94985644275312
2855,897,2010-11-05T10:55:30Z,midnight,48.219728,-159.820833,47.069135,-158.927434,21.5752667,-158.2733528,144.38646946050423
2855,898,2010-11-05T22:54:00Z,noon,49.014907,-159.445833,48.219728,-159.820833,21.5752667,-158.2733528,92.61693444980958
2855,899,2010-11-06T10:55:00Z,midnight,48.764768,-159.717646,49.014907,-159.445833,21.5752667,-158.2733528,34.18405534816188
2855,900,2010-11-06T23:01:30Z,noon,45.228105,-161.342646,48.764768,-159.717646,21.5752667,-158.2733528,412.09058015441985
2855,901,2010-11-07T11:10:30Z,midnight,49.278398,-163.617863,45.228105,-161.342646,21.5752667,-158.2733528,481.9393788761319
2855,902,2010-11-07T23:14:00Z,noon,47.510533,-164.492863,49.278398,-163.617863,21.5752667,-158.2733528,206.91740828071843
2855,903,2010-11-08T11:14:30Z,midnight,47.061691,-164.646471,47.510533,-164.492863,21.5752667,-158.2733528,51.23614785626516
2855,904,2010-11-08T23:15:00Z,noon,46.802874,-164.771471,47.061691,-164.646471,21.5752667,-158.2733528,30.303858143096836
2855,905,2010-11-09T11:15:00Z,midnight,46.123385,-164.803453,46.802874,-164.771471,21.5752667,-158.2733528,75.59542678933624
2855,906,2010-11-09T22:29:30Z,noon,51.123385,-153.428453,46.123385,-164.803453,21.5752667,-158.2733528,1002.3297549200801
2855,907,2010-11-10T10:34:30Z,midnight,56.123385,-154.713791,51.123385,-153.428453,21.5752667,-158.2733528,562.372771742712
2855,908,2010-11-10T23:10:00Z,noon,52.321758,-163.588791,56.123385,-154.713791,21.5752667,-158.2733528,714.3548699139252
2855,909,2010-11-11T11:05:00Z,midnight,49.596212,-162.377459,52.321758,-163.588791,21.5752667,-158.2733528,314.70581444198314
2855,910,2010-11-11T23:05:30Z,noon,49.376864,-162.502459,49.596212,-162.377459,21.5752667,-158.2733528,26.008083148445433
2855,911,2010-11-12T11:29:00Z,midnight,54.376864,-168.419431,49.376864,-162.502459,21.5752667,-158.2733528,688.0292506613309
2855,912,2010-11-12T23:47:33Z,noon,50.860109,-173.056931,54.376864,-168.419431,21.5752667,-158.2733528,500.70677892513237
2855,913,2010-11-13T11:47:05.5Z,midnight,50.085993,-172.987593,50.860109,-173.056931,21.5752667,-158.2733528,86.21751154482679
2855,914,2010-11-13T23:47:17.5Z,noon,50.003982,-173.037593,50.085993,-172.987593,21.5752667,-158.2733528,9.793243467722938
2855,915,2010-11-14T12:14:30Z,midnight,55.003982,-179.888161,50.003982,-173.037593,21.5752667,-158.2733528,723.2666442619324
2855,916,2010-11-14T23:09:30Z,noon,60.003982,-164.888161,55.003982,-179.888161,21.5752667,-158.2733528,1050.9660550552062
2855,917,2010-11-15T10:55:48.5Z,midnight,65.003982,-160.26693,60.003982,-164.888161,21.5752667,-158.2733528,604.0991791157255
2855,918,2010-11-15T23:56:56.5Z,noon,60.003982,-175.26693,65.003982,-160.26693,21.5752667,-158.2733528,945.9931150712099
2855,919,2010-11-16T11:50:19.5Z,midnight,55.003982,-173.950942,60.003982,-175.26693,21.5752667,-158.2733528,561.4757293211553
2855,920,2010-11-17T00:13:36.5Z,noon,50.003982,-179.829737,55.003982,-173.950942,21.5752667,-158.2733528,683.1816734403299
2855,921,2010-11-17T12:14:51.5Z,midnight,45.003982,179.857763,50.003982,-179.829737,21.5752667,-158.2733528,556.4685221369563
2855,922,2010-11-18T00:12:56.5Z,noon,43.744359,-179.724099,45.003982,179.857763,21.5752667,-158.2733528,143.9519253024182
2855,923,2010-11-18T12:17:00Z,midnight,45.11909,179.261318,43.744359,-179.724099,21.5752667,-158.2733528,172.78844149922276
2855,924,2010-11-19T00:09:00Z,noon,48.464444,-178.802727,45.11909,179.261318,21.5752667,-158.2733528,400.0845294981844
2855,925,2010-11-19T12:05:18.5Z,midnight,46.5027,-177.87981,48.464444,-178.802727,21.5752667,-158.2733528,228.89075051104467
2855,926,2010-11-20T00:16:58.5Z,noon,41.5027,179.136516,46.5027,-177.87981,21.5752667,-158.2733528,604.9092801688531
2855,927,2010-11-20T12:15:40Z,midnight,40.154123,179.463599,41.5027,179.136516,21.5752667,-158.2733528,152.45891232180892
2855,928,2010-11-21T00:09:55Z,noon,42.898796,-179.168812,40.154123,179.463599,21.5752667,-158.2733528,325.7232221208564
2855,929,2010-11-21T12:11:51.5Z,midnight,43.353028,-179.654229,42.898796,-179.168812,21.5752667,-158.2733528,64.05450507814987
2855,930,2010-11-22T00:16:36.5Z,noon,41.167264,179.085517,43.353028,-179.654229,21.5752667,-158.2733528,264.24029483782397
2855,931,2010-11-22T12:18:50Z,midnight,41.804762,178.529267,41.167264,179.085517,21.5752667,-158.2733528,84.68595335727291
2855,932,2010-11-23T00:19:22Z,noon,41.558895,178.320399,41.804762,178.529267,21.5752667,-158.2733528,32.37743910424102
2855,933,2010-11-23T12:25:12Z,midnight,43.761683,176.862066,41.558895,178.320399,21.5752667,-158.2733528,272.4130817569151
2855,934,2010-11-24T00:24:32Z,noon,44.044933,176.950485,43.761683,176.862066,21.5752667,-158.2733528,32.28276098898277
2855,935,2010-11-24T12:42:35Z,midnight,49.044933,172.437985,44.044933,176.950485,21.5752667,-158.2733528,654.0998863365886
2855,936,2010-11-25T00:46:57Z,noon,48.937869,171.265428,49.044933,172.437985,21.5752667,-158.2733528,86.37674096309175
2855,937,2010-11-25T12:48:54Z,midnight,49.243534,170.777928,48.937869,171.265428,21.5752667,-158.2733528,49.14608274505889
2855,938,2010-11-26T00:54:48Z,noon,47.148926,169.219468,49.243534,170.777928,21.5752667,-158.2733528,259.9670895535203
2855,939,2010-11-26T12:56:51.5Z,midnight,47.546716,168.704885,47.148926,169.219468,21.5752667,-158.2733528,58.817135896627775
2855,940,2010-11-27T00:48:07Z,noon,50.50673,170.804345,47.546716,168.704885,21.5752667,-158.2733528,362.95521706889224
2855,941,2010-11-27T12:57:46Z,midnight,53.055353,168.391845,50.50673,170.804345,21.5752667,-158.2733528,328.369738325906
2855,942,2010-11-28T01:05:54.5Z,noon,50.646336,166.268056,53.055353,168.391845,21.5752667,-158.2733528,304.98242787851035
2855,943,2010-11-28T12:43:59Z,midnight,45.646336,171.749306,50.646336,166.268056,21.5752667,-158.2733528,688.4180792584689
2855,944,2010-11-29T00:42:47Z,noon,42.861962,171.958597,45.646336,171.749306,21.5752667,-158.2733528,310.0563019627428
2855,945,2010-11-29T12:44:56.5Z,midnight,43.433871,171.419013,42.861962,171.958597,21.5752667,-158.2733528,77.2028402728914
2855,946,2010-11-30T00:48:03.5Z,noon,42.166102,170.546884,43.433871,171.419013,21.5752667,-158.2733528,157.90682530023264
2855,947,2010-11-30T12:51:07Z,midnight,43.122649,169.782301,42.166102,170.546884,21.5752667,-158.2733528,123.38402926279542
2855,948,2010-12-01T00:49:15Z,noon,43.857613,170.153837,43.122649,169.782301,21.5752667,-158.2733528,87.0467891224705
2855,949,2010-12-01T12:53:30Z,midnight,45.190353,169.091337,43.857613,170.153837,21.5752667,-158.2733528,170.45564186808411
2855,950,2010-12-02T00:50:00Z,noon,46.450796,169.869127,45.190353,169.091337,21.5752667,-158.2733528,152.56335115593558
2855,951,2010-12-02T12:46:00Z,midnight,44.742746,170.869127,46.450796,169.869127,21.5752667,-158.2733528,205.24017036752437
2855,952,2010-12-03T00:51:00Z,noon,42.833524,169.519927,44.742746,170.869127,21.5752667,-158.2733528,238.31640564245782
2855,953,2010-12-03T12:55:30Z,midnight,44.308424,168.394927,42.833524,169.519927,21.5752667,-158.2733528,187.37414826476163
2855,954,2010-12-04T00:49:30Z,noon,46.458306,169.793829,44.308424,168.394927,21.5752667,-158.2733528,262.8267046990936
2855,955,2010-12-04T12:50:30Z,midnight,46.563733,169.543829,46.458306,169.793829,21.5752667,-158.2733528,22.437496579982405
2855,956,2010-12-05T00:55:00Z,noon,44.987845,168.315928,46.563733,169.543829,21.5752667,-158.2733528,199.42908199628693
2855,957,2010-12-05T12:53:30Z,midnight,44.220772,168.690928,44.987845,168.315928,21.5752667,-158.2733528,90.3133060864793
2855,958,2010-12-06T00:52:30Z,noon,44.584949,168.836319,44.220772,168.690928,21.5752667,-158.2733528,42.1096091694359
2855,959,2010-12-06T13:02:00Z,midnight,47.617462,166.461319,44.584949,168.836319,21.5752667,-158.2733528,383.66563782665435
2855,960,2010-12-07T01:05:00Z,noon,46.634812,165.605102,47.617462,166.461319,21.5752667,-158.2733528,127.02213037411525
2855,961,2010-12-07T13:05:30Z,midnight,46.60362,165.480102,46.634812,165.605102,21.5752667,-158.2733528,10.157217381348154
2855,962,2010-12-08T01:08:30Z,noon,45.590513,164.622375,46.60362,165.480102,21.5752667,-158.2733528,130.62956719157563
2855,963,2010-12-08T13:08:30Z,midnight,45.406713,164.622375,45.590513,164.622375,21.5752667,-158.2733528,20.437627517269387
2855,964,2010-12-09T01:04:00Z,noon,46.911654,165.638239,45.406713,164.622375,21.5752667,-158.2733528,184.72541651884774
2855,965,2010-12-09T13:19:30Z,midnight,51.325841,161.763239,46.911654,165.638239,21.5752667,-158.2733528,565.8919472015629
2855,966,2010-12-10T01:16:00Z,noon,52.244353,162.527798,51.325841,161.763239,21.5752667,-158.2733528,114.87738742239617
2855,967,2010-12-10T13:26:00Z,midnight,54.502633,160.027798,52.244353,162.527798,21.5752667,-158.2733528,300.89055052243543
2855,968,2010-12-11T01:25:00Z,noon,54.72813,160.166155,54.502633,160.027798,21.5752667,-158.2733528,26.60967390717528
2855,969,2010-12-11T13:10:30Z,midnight,51.021945,163.791155,54.72813,160.166155,21.5752667,-158.2733528,478.4127082236782
2855,970,2010-12-12T01:20:00Z,noon,48.315141,161.303416,51.021945,163.791155,21.5752667,-158.2733528,350.15700272589646
2855,971,2010-12-12T13:19:30Z,midnight,48.030071,161.428416,48.315141,161.303416,21.5752667,-158.2733528,33.025812094448796
2855,972,2010-12-13T01:19:57Z,noon,47.892985,161.202188,48.030071,161.428416,21.5752667,-158.2733528,22.717915380422784
2855,973,2010-12-13T14:00:12Z,midnight,52.892985,151.139688,47.892985,161.202188,21.5752667,-158.2733528,903.0043679414877
2855,974,2010-12-14T01:14:30Z,noon,57.892985,162.450077,52.892985,151.139688,21.5752667,-158.2733528,903.2268136095526
2855,975,2010-12-14T12:50:12Z,midnight,60.90212,168.525077,57.892985,162.450077,21.5752667,-158.2733528,479.45122771101774
2855,976,2010-12-15T01:30:12Z,noon,55.90212,158.409692,60.90212,168.525077,21.5752667,-158.2733528,808.5792101696461
2855,977,2010-12-15T13:24:17Z,midnight,51.940207,159.888859,55.90212,158.409692,21.5752667,-158.2733528,451.0389310930728
2855,978,2010-12-16T01:19:59Z,noon,52.996073,160.847809,51.940207,159.888859,21.5752667,-158.2733528,134.17651429533754
2855,979,2010-12-16T13:19:22Z,midnight,52.765527,161.001976,52.996073,160.847809,21.5752667,-158.2733528,27.64420217528444
2855,980,2010-12-17T01:08:40Z,noon,55.183898,163.560371,52.765527,161.001976,21.5752667,-158.2733528,316.66456198575474
2855,981,2010-12-17T12:56:21Z,midnight,52.301431,166.639538,55.183898,163.560371,21.5752667,-158.2733528,379.038573333952
2855,982,2010-12-18T01:05:56.5Z,noon,49.798687,164.124572,52.301431,166.639538,21.5752667,-158.2733528,329.12305716949595
2855,983,2010-12-18T13:15:13.5Z,midnight,52.167149,161.803739,49.798687,164.124572,21.5752667,-158.2733528,309.4040109048633
2855,984,2010-12-19T01:23:41Z,noon,49.966865,159.571773,52.167149,161.803739,21.5752667,-158.2733528,290.1103294142826
2855,985,2010-12-19T13:07:33Z,midnight,45.045774,163.605106,49.966865,159.571773,21.5752667,-158.2733528,625.2455307714624
2855,986,2010-12-20T00:56:26.5Z,noon,48.502061,166.264583,45.045774,163.605106,21.5752667,-158.2733528,434.35462238800307
2855,987,2010-12-20T13:04:29.5Z,midnight,50.699408,164.252083,48.502061,166.264583,21.5752667,-158.2733528,284.1115257369838
2855,988,2010-12-21T00:57:40.5Z,noon,52.426066,165.838532,50.699408,164.252083,21.5752667,-158.2733528,221.0942859453156
2855,989,2010-12-21T13:04:30Z,midnight,53.996004,164.132282,52.426066,165.838532,21.5752667,-158.2733528,208.27489214861959
2855,990,2010-12-22T01:19:40.5Z,noon,50.269041,160.220814,53.996004,164.132282,21.5752667,-158.2733528,492.8025645632868
2855,991,2010-12-22T13:26:38Z,midnight,52.053761,158.481231,50.269041,160.220814,21.5752667,-158.2733528,232.57512743995085
2855,992,2010-12-23T01:28:50Z,noon,51.502731,157.813623,52.053761,158.481231,21.5752667,-158.2733528,76.5743550216466
2855,993,2010-12-23T13:25:30Z,midnight,50.641913,158.646957,51.502731,157.813623,21.5752667,-158.2733528,112.03404816265555
2855,994,2010-12-24T01:24:56.5Z,noon,50.78898,158.669154,50.641913,158.646957,21.5752667,-158.2733528,16.427608779206324
2855,995,2010-12-24T13:28:56.5Z,midnight,51.828756,157.669154,50.78898,158.669154,21.5752667,-158.2733528,134.90124039843712
2855,996,2010-12-25T01:27:19Z,noon,52.231119,157.95835,51.828756,157.669154,21.5752667,-158.2733528,48.919885523111724
2855,997,2010-12-25T13:25:34.5Z,midnight,51.826553,158.393767,52.231119,157.95835,21.5752667,-158.2733528,53.95421888755156
2855,998,2010-12-26T01:21:14Z,noon,52.885473,159.362571,51.826553,158.393767,21.5752667,-158.2733528,134.87881453789905
2855,999,2010-12-26T13:35:28.5Z,midnight,56.030513,155.802155,52.885473,159.362571,21.5752667,-158.2733528,418.5199467586764
2855,1000,2010-12-27T01:33:52.5Z,noon,56.347251,156.086094,56.030513,155.802155,21.5752667,-158.2733528,39.35835088021271
2855,1001,2010-12-27T13:23:39.5Z,midnight,54.266262,158.640261,56.347251,156.086094,21.5752667,-158.2733528,282.2268610466399
2855,1002,2010-12-29T04:34:32Z,noon,59.266262,143.640261,54.266262,158.640261,21.5752667,-158.2733528,1066.3706574349626
2855,1003,2010-12-29T13:03:46Z,midnight,58.12583,158.640261,59.266262,143.640261,21.5752667,-158.2733528,873.9267247136152
2855,1004,2010-12-30T01:30:14Z,noon,53.12583,156.652723,58.12583,158.640261,21.5752667,-158.2733528,569.7393862787966
2855,1005,2010-12-30T14:00:30Z,midnight,58.12583,149.086056,53.12583,156.652723,21.5752667,-158.2733528,730.3987110609014
2855,1006,2010-12-31T02:04:00Z,noon,58.262023,148.098282,58.12583,149.086056,21.5752667,-158.2733528,59.835810945170955
2855,1007,2010-12-31T13:14:17Z,midnight,53.262023,160.527448,58.262023,148.098282,21.5752667,-158.2733528,953.5551618294788
2855,1008,2011-01-01T01:28:02Z,noon,48.262023,157.089948,53.262023,160.527448,21.5752667,-158.2733528,606.09408567132
2855,1009,2011-01-01T13:38:00Z,midnight,45.240538,154.598282,48.262023,157.089948,21.5752667,-158.2733528,385.8434524771024
2855,1010,2011-01-02T01:39:30Z,noon,44.731064,154.111593,45.240538,154.598282,21.5752667,-158.2733528,68.3692449366188
2855,1011,2011-01-02T13:40:00Z,midnight,45.027716,153.986593,44.731064,154.111593,21.5752667,-158.2733528,34.42515358066944
2855,1012,2011-01-03T01:46:30Z,noon,42.724509,152.251094,45.027716,153.986593,21.5752667,-158.2733528,291.42733018387054
2855,1013,2011-01-03T13:41:30Z,midnight,40.964472,153.501094,42.724509,152.251094,21.5752667,-158.2733528,221.40392524320401
2855,1014,2011-01-04T01:05:00Z,noon,45.964472,162.516887,40.964472,153.501094,21.5752667,-158.2733528,914.7589322378759
2855,1015,2011-01-04T13:19:00Z,midnight,50.964472,159.016887,45.964472,162.516887,21.5752667,-158.2733528,612.7703912379484
2855,1016,2011-01-05T01:55:30Z,noon,46.157932,149.784072,50.964472,159.016887,21.5752667,-158.2733528,863.383331079897
2855,1017,2011-01-05T13:40:00Z,midnight,41.157932,153.659072,46.157932,149.784072,21.5752667,-158.2733528,637.209543918466
2855,1018,2011-01-06T01:20:00Z,noon,46.157932,158.552748,41.157932,153.659072,21.5752667,-158.2733528,680.9401956822019
2855,1019,2011-01-06T13:25:00Z,midnight,49.470158,157.302748,46.157932,158.552748,21.5752667,-158.2733528,379.93119148979446
2855,1020,2011-01-07T01:46:00Z,noon,44.470158,151.948013,49.470158,157.302748,21.5752667,-158.2733528,688.2289455656148
2855,1021,2011-01-07T13:47:30Z,midnight,43.163338,151.573013,44.470158,151.948013,21.5752667,-158.2733528,148.39346274068194
2855,1022,2011-01-08T01:50:00Z,noon,42.212665,150.844962,43.163338,151.573013,21.5752667,-158.2733528,121.30693102789816
2855,1023,2011-01-08T13:54:30Z,midnight,44.105549,149.719962,42.212665,150.844962,21.5752667,-158.2733528,229.40204523091705
2855,1024,2011-01-09T01:26:00Z,noon,49.105549,156.743687,44.105549,149.719962,21.5752667,-158.2733528,772.0234152091452
2855,1025,2011-01-09T13:19:00Z,midnight,51.230278,158.493687,49.105549,156.743687,21.5752667,-158.2733528,267.10326507760806
2855,1026,2011-01-10T01:31:30Z,noon,47.442825,155.269281,51.230278,158.493687,21.5752667,-158.2733528,481.4943279111338
2855,1027,2011-01-10T13:21:00Z,midnight,43.994031,157.894281,47.442825,155.269281,21.5752667,-158.2733528,434.20992781215165
2855,1028,2011-01-11T01:28:30Z,noon,41.057715,155.921832,43.994031,157.894281,21.5752667,-158.2733528,364.2935844473606
2855,1029,2011-01-11T13:24:30Z,midnight,39.613523,156.921832,41.057715,155.921832,21.5752667,-158.2733528,181.57953251327464
2855,1030,2011-01-12T00:57:30Z,noon,44.613523,163.576428,39.613523,156.921832,21.5752667,-158.2733528,780.7694605975641
2855,1031,2011-01-12T12:59:00Z,midnight,49.613523,163.201428,44.613523,163.576428,21.5752667,-158.2733528,556.6963153085545
2855,1032,2011-01-13T01:22:33.5Z,noon,44.613523,157.218569,49.613523,163.201428,21.5752667,-158.2733528,716.5207799199343
2855,1033,2011-01-13T13:42:48.5Z,midnight,49.476433,152.156069,44.613523,157.218569,21.5752667,-158.2733528,662.6355527825305
2855,1034,2011-01-14T01:47:17.5Z,noon,48.023996,150.944172,49.476433,152.156069,21.5752667,-158.2733528,184.32491527914064
2855,1035,2011-01-14T13:27:17.5Z,midnight,43.023996,155.944172,48.023996,150.944172,21.5752667,-158.2733528,678.5202907460302
2855,1036,2011-01-15T00:14:30Z,noon,48.023996,170.944172,43.023996,155.944172,21.5752667,-158.2733528,1291.1659089943753
2855,1037,2011-01-15T12:04:30Z,midnight,53.023996,176.553314,48.023996,170.944172,21.5752667,-158.2733528,682.4399163950715
2855,1038,2011-01-16T00:54:30Z,noon,48.023996,163.966908,53.023996,176.553314,21.5752667,-158.2733528,1046.9823687097498
2855,1039,2011-01-16T13:19:30Z,midnight,53.023996,157.716908,48.023996,163.966908,21.5752667,-158.2733528,709.601188736205
2855,1040,2011-01-17T00:24:30Z,noon,58.023996,171.382943,53.023996,157.716908,21.5752667,-158.2733528,1021.3640482978552
2855,1041,2011-01-17T11:39:30Z,midnight,56.976137,-177.367057,58.023996,171.382943,21.5752667,-158.2733528,681.3197754646308
2855,1042,2011-01-17T23:39:00Z,noon,57.089992,-177.242057,56.976137,-177.367057,21.5752667,-158.2733528,14.747307397020217
2855,1043,2011-01-18T11:14:42Z,midnight,52.089992,-171.248508,57.089992,-177.242057,21.5752667,-158.2733528,676.37197722756
2855,1044,2011-01-18T23:35:27.5Z,noon,47.089992,-176.438091,52.089992,-171.248508,21.5752667,-158.2733528,669.7237988901935
2855,1045,2011-01-19T11:26:42Z,midnight,42.089992,-174.327378,47.089992,-176.438091,21.5752667,-158.2733528,580.4938728809145
2855,1046,2011-01-19T23:10:09Z,noon,46.784949,-170.189878,42.089992,-174.327378,21.5752667,-158.2733528,616.5986793906739
2855,1047,2011-01-20T11:07:13.5Z,midnight,46.03555,-169.53485,46.784949,-170.189878,21.5752667,-158.2733528,97.29140253696009
2855,1048,2011-01-20T22:59:39Z,noon,48.862133,-167.6411,46.03555,-169.53485,21.5752667,-158.2733528,345.02739874783737
2855,1049,2011-01-21T11:02:34.5Z,midnight,50.270109,-168.445862,48.862133,-167.6411,21.5752667,-158.2733528,166.96834048521072
2855,1050,2011-01-21T22:56:51Z,noon,52.136006,-167.014612,50.270109,-168.445862,21.5752667,-158.2733528,230.1852239608789
2855,1051,2011-01-22T10:55:15.5Z,midnight,52.040844,-166.687438,52.136006,-167.014612,21.5752667,-158.2733528,24.731527330991366
2855,1052,2011-01-22T22:55:57.5Z,noon,51.816106,-166.862438,52.040844,-166.687438,21.5752667,-158.2733528,27.72128829183494
2855,1053,2011-01-23T10:55:36.5Z,midnight,52.128096,-166.842854,51.816106,-166.862438,21.5752667,-158.2733528,34.71763343305045
2855,1054,2011-01-23T23:02:34Z,noon,49.75678,-168.582438,52.128096,-166.842854,21.5752667,-158.2733528,290.46352613476154
2855,1055,2011-01-24T11:06:04Z,midnight,51.42344,-169.522475,49.75678,-168.582438,21.5752667,-158.2733528,196.8426284619741
2855,1056,2011-01-24T23:03:27Z,noon,52.296257,-168.868308,51.42344,-169.522475,21.5752667,-158.2733528,106.94443825905311
2855,1057,2011-01-25T10:51:35.5Z,midnight,48.519268,-165.965832,52.296257,-168.868308,21.5752667,-158.2733528,467.55203886358396
2855,1058,2011-01-25T23:00:56Z,noon,44.616008,-168.301249,48.519268,-165.965832,21.5752667,-158.2733528,469.2484810723796
2855,1059,2011-01-26T10:49:12.5Z,midnight,39.616008,-165.42913,44.616008,-168.301249,21.5752667,-158.2733528,604.2364917102899
2855,1060,2011-01-26T22:38:29.5Z,noon,44.616008,-162.749964,39.616008,-165.42913,21.5752667,-158.2733528,598.1902295587939
2855,1061,2011-01-27T10:47:44.5Z,midnight,49.069381,-165.118575,44.616008,-162.749964,21.5752667,-158.2733528,526.8733011814116
2855,1062,2011-01-27T22:54:24Z,noon,46.29138,-166.783159,49.069381,-165.118575,21.5752667,-158.2733528,333.06713258297503
2855,1063,2011-01-28T10:49:46Z,midnight,44.700873,-165.677878,46.29138,-166.783159,21.5752667,-158.2733528,196.7173100083229
2855,1064,2011-01-28T22:44:12Z,noon,47.216702,-164.286211,44.700873,-165.677878,21.5752667,-158.2733528,299.70496593207895
2855,1065,2011-01-29T10:50:25Z,midnight,50.324283,-165.890334,47.216702,-164.286211,21.5752667,-158.2733528,364.9740511456021
2855,1066,2011-01-29T22:51:45Z,noon,49.794598,-166.223667,50.324283,-165.890334,21.5752667,-158.2733528,63.52328275275405
2855,1067,2011-01-30T10:42:56.5Z,midnight,46.560128,-164.068411,49.794598,-166.223667,21.5752667,-158.2733528,393.51931656929
2855,1068,2011-01-30T22:39:39Z,noon,48.041437,-163.245494,46.560128,-164.068411,21.5752667,-158.2733528,176.01236385290773
2855,1069,2011-01-31T10:42:07.5Z,midnight,49.688687,-163.907913,48.041437,-163.245494,21.5752667,-158.2733528,189.46439254945994
2855,1070,2011-01-31T22:52:40Z,noon,44.84592,-166.543329,49.688687,-163.907913,21.5752667,-158.2733528,573.9386169024502
2855,1071,2011-02-01T11:01:00Z,midnight,49.347408,-168.667146,44.84592,-166.543329,21.5752667,-158.2733528,525.6691325221636
2855,1072,2011-02-01T23:12:00Z,noon,44.347408,-171.417146,49.347408,-168.667146,21.5752667,-158.2733528,593.9027561207035
2855,1073,2011-02-02T11:09:30Z,midnight,43.362391,-170.829422,44.347408,-171.417146,21.5752667,-158.2733528,119.23562417944979
2855,1074,2011-02-02T23:01:00Z,noon,47.698188,-168.704422,43.362391,-170.829422,21.5752667,-158.2733528,509.68868134799175
2855,1075,2011-02-03T11:00:00Z,midnight,47.87169,-168.488471,47.698188,-168.704422,21.5752667,-158.2733528,25.14999467793752
2855,1076,2011-02-03T22:40:30Z,noon,52.87169,-163.613471,47.87169,-168.488471,21.5752667,-158.2733528,654.3637894760212
2855,1077,2011-02-04T10:40:00Z,midnight,56.365259,-163.519279,52.87169,-163.613471,21.5752667,-158.2733528,388.51438060755135
2855,1078,2011-02-04T23:08:30Z,noon,51.365259,-170.644279,56.365259,-163.519279,21.5752667,-158.2733528,725.4446419145505
2855,1079,2011-02-05T11:13:00Z,midnight,46.72153,-171.796833,51.365259,-170.644279,21.5752667,-158.2733528,523.1293809893164
2855,1080,2011-02-05T23:07:30Z,noon,49.498763,-170.421833,46.72153,-171.796833,21.5752667,-158.2733528,325.2353078199403
2855,1081,2011-02-06T10:54:00Z,midnight,44.498763,-167.071125,49.498763,-170.421833,21.5752667,-158.2733528,611.1345136933031
2855,1082,2011-02-06T22:24:30Z,noon,49.498763,-159.696125,44.498763,-167.071125,21.5752667,-158.2733528,787.9106476296116
2855,1083,2011-02-07T10:24:30Z,midnight,54.498763,-159.717151,49.498763,-159.696125,21.5752667,-158.2733528,555.9764896225535
2855,1084,2011-02-07T22:47:30Z,noon,49.498763,-165.467151,54.498763,-159.717151,21.5752667,-158.2733528,680.7371683609351
2855,1085,2011-02-08T10:48:30Z,midnight,48.743472,-165.73491,49.498763,-165.467151,21.5752667,-158.2733528,86.21520297285733
2855,1086,2011-02-08T22:30:30Z,noon,53.743472,-161.23491,48.743472,-165.73491,21.5752667,-158.2733528,637.8444585533398
2855,1087,2011-02-09T10:29:30Z,midnight,57.335525,-160.999403,53.743472,-161.23491,21.5752667,-158.2733528,399.69216711329716
2855,1088,2011-02-09T22:44:30Z,noon,52.335525,-164.749403,57.335525,-160.999403,21.5752667,-158.2733528,605.3991362983137
2855,1089,2011-02-10T10:34:00Z,midnight,47.335525,-162.135638,52.335525,-164.749403,21.5752667,-158.2733528,586.6241450079735
2855,1090,2011-02-10T22:23:30Z,noon,51.492066,-159.510638,47.335525,-162.135638,21.5752667,-158.2733528,499.59347055035124
2855,1091,2011-02-11T10:29:00Z,midnight,55.070302,-160.893624,51.492066,-159.510638,21.5752667,-158.2733528,408.34505827508127
2855,1092,2011-02-11T21:59:00Z,noon,60.070302,-153.393624,55.070302,-160.893624,21.5752667,-158.2733528,712.6313939767739
2855,1093,2011-02-12T09:54:00Z,midnight,64.810028,-152.148374,60.070302,-153.393624,21.5752667,-158.2733528,530.8863248202582
2855,1094,2011-02-12T22:09:17Z,noon,59.986136,-155.969207,64.810028,-152.148374,21.5752667,-158.2733528,571.1217974756021
2855,1095,2011-02-13T10:04:24.5Z,midnight,59.026318,-154.751988,59.986136,-155.969207,21.5752667,-158.2733528,126.91193550163001
2855,1096,2011-02-13T21:14:22.5Z,noon,64.026318,-142.243655,59.026318,-154.751988,21.5752667,-158.2733528,862.7524425838542
2855,1097,2011-02-14T09:28:48Z,midnight,69.026318,-145.848238,64.026318,-142.243655,21.5752667,-158.2733528,578.2011837166136
2855,1098,2011-02-14T22:54:06Z,noon,64.026318,-160.848238,69.026318,-145.848238,21.5752667,-158.2733528,862.3627358437773
2855,1099,2011-02-15T11:11:33.5Z,midnight,59.614265,-171.532979,64.026318,-160.848238,21.5752667,-158.2733528,743.6318177378305
2855,1100,2011-02-15T23:30:04Z,noon,54.614265,-176.160062,59.614265,-171.532979,21.5752667,-158.2733528,621.8640455076752
2855,1101,2011-02-16T11:36:48.5Z,midnight,54.929161,-177.837489,54.614265,-176.160062,21.5752667,-158.2733528,113.14309568994209
2855,1102,2011-02-16T23:55:12Z,noon,49.929161,177.564594,54.929161,-177.837489,21.5752667,-158.2733528,637.0888552429822
2855,1103,2011-02-17T12:11:42Z,midnight,54.929161,173.450701,49.929161,177.564594,21.5752667,-158.2733528,621.7595438772639
2855,1104,2011-02-18T00:04:30Z,noon,58.876948,175.264891,54.929161,173.450701,21.5752667,-158.2733528,452.5404647914918
2855,1105,2011-02-18T12:13:40Z,midnight,63.876948,172.973224,58.876948,175.264891,21.5752667,-158.2733528,569.1246341022545
2855,1106,2011-02-18T23:23:40Z,noon,68.876948,-174.526776,63.876948,172.973224,21.5752667,-158.2733528,784.2296430766829
2855,1107,2011-02-19T11:19:30Z,midnight,70.0,-173.467873,68.876948,-174.526776,21.5752667,-158.2733528,131.54192926098474
2855,1108,2011-02-20T00:19:30Z,noon,65.0,171.552368,70.0,-173.467873,21.5752667,-158.2733528,841.8405741047696
2855,1109,2011-02-20T12:49:30Z,midnight,70.0,164.052368,65.0,171.552368,21.5752667,-158.2733528,640.0327021337059
2855,1110,2011-02-21T01:04:40Z,noon,66.568079,160.283904,70.0,164.052368,21.5752667,-158.2733528,411.7234563608732
2855,1111,2011-02-21T12:34:01.5Z,midnight,61.568079,167.94432,66.568079,160.283904,21.5752667,-158.2733528,668.197453189998
2855,1112,2011-02-21T22:53:51.5Z,noon,66.568079,-177.05568,61.568079,167.94432,21.5752667,-158.2733528,913.2639508418754
2855,1113,2011-02-22T10:57:17.5Z,midnight,70.0,-167.846229,66.568079,-177.05568,21.5752667,-158.2733528,536.7255528356058
2855,1114,2011-02-23T00:32:13Z,noon,65.0,177.153771,70.0,-167.846229,21.5752667,-158.2733528,842.4789923884357
2855,1115,2011-02-23T12:24:04Z,midnight,60.0,170.489003,65.0,177.153771,21.5752667,-158.2733528,652.0777961741354
2855,1116,2011-02-24T00:10:02.5Z,noon,63.870687,174.027047,60.0,170.489003,21.5752667,-158.2733528,468.34100512986885
2855,1117,2011-02-24T11:54:15.5Z,midnight,58.870687,177.97288,63.870687,174.027047,21.5752667,-158.2733528,594.1202691442318
2855,1118,2011-02-24T23:38:35Z,noon,63.870687,-178.10837,58.870687,177.97288,21.5752667,-158.2733528,593.615115872232
2855,1119,2011-02-25T11:39:38.5Z,midnight,67.63329,-178.338404,63.870687,-178.10837,21.5752667,-158.2733528,418.5134736265369
2855,1120,2011-02-26T00:01:37Z,noon,62.63329,176.205093,67.63329,-178.338404,21.5752667,-158.2733528,611.182593780963
2855,1121,2011-02-26T23:37:38Z,noon,65.141745,-177.799074,62.63329,176.205093,21.5752667,-158.2733528,404.5480914690355
2855,1122,2011-02-27T11:32:48Z,midnight,64.059277,-176.550858,65.141745,-177.799074,21.5752667,-158.2733528,134.27689090460024
2855,1123,2011-02-27T23:39:32Z,noon,59.059277,-178.234191,64.059277,-176.550858,21.5752667,-158.2733528,563.0250924485438
2855,1124,2011-03-03T23:09:30Z,noon,64.059277,-170.541298,59.059277,-178.234191,21.5752667,-158.2733528,688.2575511730604
2855,1152,2011-03-31T10:49:50Z,midnight,25.0,-163.621792,64.059277,-170.541298,21.5752667,-158.2733528,4372.307595444689
2855,1153,2011-03-31T22:49:37.5Z,noon,30.0,-163.569709,25.0,-163.621792,21.5752667,-158.2733528,555.9983374280241
2855,1154,2011-04-01T10:58:00Z,midnight,33.01651,-165.5839,30.0,-163.569709,21.5752667,-158.2733528,385.9388989884991
2855,1155,2011-04-01T23:01:00Z,noon,36.885691,-166.3339,33.01651,-165.5839,21.5752667,-158.2733528,435.6244831598709
2855,1156,2011-04-02T11:02:00Z,midnight,34.252586,-166.504763,36.885691,-166.3339,21.5752667,-158.2733528,293.19530738868906
2855,1157,2011-04-02T23:00:00Z,noon,31.628428,-166.004763,34.252586,-166.504763,21.5752667,-158.2733528,295.4985968238361
2855,1158,2011-04-03T11:09:00Z,midnight,26.628428,-168.176145,31.628428,-166.004763,21.5752667,-158.2733528,594.5884906958538
2855,1159,2011-04-04T10:38:30Z,midnight,21.628428,-160.473139,26.628428,-168.176145,21.5752667,-158.2733528,958.8475095654535
2855,1160,2011-04-04T23:02:00Z,noon,26.628428,-166.348139,21.628428,-160.473139,21.5752667,-158.2733528,814.9494278788719
2855,1161,2011-04-05T11:07:00Z,midnight,23.735523,-167.520837,26.628428,-166.348139,21.5752667,-158.2733528,342.63083483678264
2855,1162,2011-04-05T22:48:30Z,noon,18.735523,-162.895837,23.735523,-167.520837,21.5752667,-158.2733528,733.9362640511854
2855,1163,2011-04-06T23:06:30Z,noon,13.735523,-167.31933,18.735523,-162.895837,21.5752667,-158.2733528,729.3461482150718
2855,1164,2011-04-07T10:47:30Z,midnight,18.735523,-162.493708,13.735523,-167.31933,21.5752667,-158.2733528,757.8263236088065
2855,1165,2011-04-07T22:39:30Z,noon,22.499647,-160.493708,18.735523,-162.493708,21.5752667,-158.2733528,467.42636735651627
2855,1166,2011-04-08T10:53:30Z,midnight,17.499647,-163.919059,22.499647,-160.493708,21.5752667,-158.2733528,661.1286032578192
2855,1167,2011-04-08T23:07:30Z,noon,21.60984,-167.419059,17.499647,-163.919059,21.5752667,-158.2733528,585.9088488328534
2855,1168,2011-04-09T11:02:00Z,midnight,26.60984,-165.970469,21.60984,-167.419059,21.5752667,-158.2733528,575.066746903749
2855,1169,2011-04-10T22:54:00Z,noon,24.347553,-163.898022,26.60984,-165.970469,21.5752667,-158.2733528,326.4161737165845
2855,1170,2011-04-11T10:46:30Z,midnight,29.347553,-161.951802,24.347553,-163.898022,21.5752667,-158.2733528,588.5119765782024
2855,1171,2011-04-11T22:42:30Z,noon,27.39048,-160.951802,29.347553,-161.951802,21.5752667,-158.2733528,238.59599652400757
2855,1172,2011-04-12T10:44:30Z,midnight,24.429932,-161.38189,27.39048,-160.951802,21.5752667,-158.2733528,331.99544036662763
2855,1173,2011-04-12T22:45:53Z,noon,25.913477,-161.727723,24.429932,-161.38189,21.5752667,-158.2733528,168.59367440905362
2855,1174,2011-04-13T10:54:08Z,midnight,20.913477,-163.721696,25.913477,-161.727723,21.5752667,-158.2733528,591.9995640105553
2855,1175,2011-04-13T22:48:50Z,noon,15.913477,-162.396696,20.913477,-163.721696,21.5752667,-158.2733528,573.2647211604419
2855,1176,2011-04-14T10:48:50Z,midnight,10.913477,-162.329632,15.913477,-162.396696,21.5752667,-158.2733528,556.0219156187106
2855,1177,2011-04-14T23:23:00Z,noon,15.913477,-170.871299,10.913477,-162.329632,21.5752667,-158.2733528,1077.9351523095222
2855,1178,2011-04-15T11:23:58.5Z,midnight,20.913477,-171.049521,15.913477,-170.871299,21.5752667,-158.2733528,556.2922233420891
2855,1179,2011-04-15T23:24:36.5Z,noon,25.913477,-171.207854,20.913477,-171.049521,21.5752667,-158.2733528,556.2090938788058
2855,1180,2011-04-16T11:33:11Z,midnight,30.913477,-173.287685,25.913477,-171.207854,21.5752667,-158.2733528,591.9730109308697
2855,1181,2011-04-16T23:40:20.5Z,noon,35.913477,-175.077269,30.913477,-173.287685,21.5752667,-158.2733528,580.221400848822
2855,1182,2011-04-17T11:36:59Z,midnight,39.460282,-174.175444,35.913477,-175.077269,21.5752667,-158.2733528,402.2843542960464
2855,1183,2011-04-17T23:18:16Z,noon,34.460282,-169.496278,39.460282,-174.175444,21.5752667,-158.2733528,693.9900241399916
2855,1184,2011-04-18T11:18:24.5Z,midnight,29.460282,-169.471199,34.460282,-169.496278,21.5752667,-158.2733528,555.9796603774057
2855,1185,2011-04-18T23:15:50Z,noon,24.460282,-168.827449,29.460282,-169.471199,21.5752667,-158.2733528,559.6194491499552
2855,1186,2011-04-19T11:15:28.5Z,midnight,22.261324,-168.679179,24.460282,-168.827449,21.5752667,-158.2733528,244.9808768487812
2855,1187,2011-04-19T23:43:47.5Z,noon,27.261324,-175.758346,22.261324,-168.679179,21.5752667,-158.2733528,905.2043160993129
2855,1188,2011-04-20T11:38:47.5Z,midnight,32.261324,-174.451532,27.261324,-175.758346,21.5752667,-158.2733528,570.087788349992
2855,1189,2011-04-20T23:37:18.5Z,noon,37.261324,-174.080698,32.261324,-174.451532,21.5752667,-158.2733528,557.0041142807084
2855,1190,2011-04-21T11:39:55Z,midnight,41.051323,-174.677898,37.261324,-174.080698,21.5752667,-158.2733528,424.5594277870182
2855,1191,2011-04-21T23:33:31.5Z,noon,37.616816,-173.079981,41.051323,-174.677898,21.5752667,-158.2733528,405.85300238592873
2855,1192,2011-04-22T11:45:49Z,midnight,32.616816,-176.100001,37.616816,-173.079981,21.5752667,-158.2733528,620.0289731286347
2855,1193,2011-04-22T23:43:52.5Z,noon,27.628736,-175.614584,32.616816,-176.100001,21.5752667,-158.2733528,556.6081099253634
2855,1194,2011-04-23T11:39:56.5Z,midnight,29.859495,-174.580394,27.628736,-175.614584,21.5752667,-158.2733528,267.75323136461094
2855,1195,2011-04-23T23:55:06.5Z,noon,34.859495,-178.37206,29.859495,-174.580394,21.5752667,-158.2733528,660.1157348863081
2855,1196,2011-04-24T11:55:12.5Z,midnight,38.276477,-178.348294,34.859495,-178.37206,21.5752667,-158.2733528,379.9569862694324
2855,1197,2011-04-24T23:50:37Z,noon,35.790505,-177.200378,38.276477,-178.348294,21.5752667,-158.2733528,294.60172211054027
2855,1198,2011-04-25T11:40:04.5Z,midnight,40.593953,-174.518333,35.790505,-177.200378,21.5752667,-158.2733528,583.2036330006459
2855,1199,2011-04-25T23:30:20Z,noon,35.635462,-172.082917,40.593953,-174.518333,21.5752667,-158.2733528,591.0242532423474
2855,1200,2011-04-26T11:26:07.5Z,midnight,37.291708,-170.986389,35.635462,-172.082917,21.5752667,-158.2733528,208.6405330787414
2855,1201,2011-04-26T23:16:36Z,noon,32.291708,-168.605139,37.291708,-170.986389,21.5752667,-158.2733528,596.9219191435733
2855,1202,2011-04-27T11:15:06.5Z,midnight,32.312756,-168.190002,32.291708,-168.605139,21.5752667,-158.2733528,39.08738588686537
2855,1203,2011-04-27T23:00:21.5Z,noon,27.312756,-164.502502,32.312756,-168.190002,21.5752667,-158.2733528,659.9292769960111
2855,1204,2011-04-28T10:43:51Z,midnight,32.312756,-160.335461,27.312756,-164.502502,21.5752667,-158.2733528,685.9413444718869
2855,1205,2011-04-28T22:52:38.5Z,noon,37.312756,-162.533378,32.312756,-160.335461,21.5752667,-158.2733528,591.0213033267099
2855,1206,2011-04-29T10:49:26Z,midnight,38.403482,-161.693635,37.312756,-162.533378,21.5752667,-158.2733528,141.93012794872874
2855,1207,2011-04-29T22:49:09.5Z,noon,38.275826,-161.624885,38.403482,-161.693635,21.5752667,-158.2733528,15.409159589815882
2855,1208,2011-04-30T10:49:16Z,midnight,37.69604,-161.616638,38.275826,-161.624885,21.5752667,-158.2733528,64.47331296084408
2855,1209,2011-04-30T22:42:26.5Z,noon,34.341273,-159.910388,37.69604,-161.616638,21.5752667,-158.2733528,403.3413758902728
2855,1210,2011-05-01T10:55:30Z,midnight,29.341273,-163.142001,34.341273,-159.910388,21.5752667,-158.2733528,634.1599554009555
2855,1211,2011-05-01T22:52:00Z,noon,24.341273,-162.267001,29.341273,-163.142001,21.5752667,-158.2733528,562.7040095328874
2855,1212,2011-05-02T10:44:00Z,midnight,28.646417,-160.236414,24.341273,-162.267001,21.5752667,-158.2733528,519.5814906803085
2855,1213,2011-05-02T23:05:30Z,noon,33.646417,-165.611414,28.646417,-160.236414,21.5752667,-158.2733528,755.2205785350762
2855,1214,2011-05-03T11:00:30Z,midnight,38.646417,-164.333233,33.646417,-165.611414,21.5752667,-158.2733528,567.6776289496942
2855,1215,2011-05-03T22:51:00Z,noon,36.93686,-161.958233,38.646417,-164.333233,21.5752667,-158.2733528,282.27212430472827
2855,1216,2011-05-04T10:50:30Z,midnight,36.689258,-161.807478,36.93686,-161.958233,21.5752667,-158.2733528,30.628833601693678
2855,1217,2011-05-04T22:13:30Z,noon,31.689258,-152.557478,36.689258,-161.807478,21.5752667,-158.2733528,1015.5702651960498
2855,1218,2011-05-05T10:34:00Z,midnight,26.689258,-157.659163,31.689258,-152.557478,21.5752667,-158.2733528,744.3350927033663
2855,1219,2011-05-05T23:09:00Z,noon,24.390845,-166.409163,26.689258,-157.659163,21.5752667,-158.2733528,914.0795037692085
2855,1220,2011-05-06T10:54:30Z,midnight,29.390845,-162.763302,24.390845,-166.409163,21.5752667,-158.2733528,663.0845167244621
2855,1221,2011-05-06T22:49:30Z,noon,29.445467,-161.513302,29.390845,-162.763302,21.5752667,-158.2733528,121.22323047080029
2855,1222,2011-05-07T10:48:00Z,midnight,29.832191,-161.119902,29.445467,-161.513302,21.5752667,-158.2733528,57.39951767648189
2855,1223,2011-05-07T22:37:30Z,noon,24.832191,-158.494902,29.832191,-161.119902,21.5752667,-158.2733528,613.4044771224942
2855,1224,2011-05-08T10:24:30Z,midnight,29.832191,-155.228969,24.832191,-158.494902,21.5752667,-158.2733528,642.6986282874457
2855,1225,2011-05-08T22:13:00Z,noon,24.832191,-152.353969,29.832191,-155.228969,21.5752667,-158.2733528,624.2318906386042
2855,1226,2011-05-09T10:01:30Z,midnight,29.832191,-149.465506,24.832191,-152.353969,21.5752667,-158.2733528,624.8373019905498
2855,1227,2011-05-10T08:59:00Z,midnight,24.832191,-134.465506,29.832191,-149.465506,21.5752667,-158.2733528,1580.9551076125251
2855,1228,2011-05-10T22:14:30Z,noon,25.777359,-149.465506,24.832191,-134.465506,21.5752667,-158.2733528,1510.7219791208763
2855,1229,2011-05-11T09:58:30Z,midnight,30.777359,-148.695979,25.777359,-149.465506,21.5752667,-158.2733528,561.052231268531
2855,1230,2011-05-11T21:43:00Z,noon,25.777359,-144.820979,30.777359,-148.695979,21.5752667,-158.2733528,672.9898912573261
2855,1231,2011-05-12T22:44:15Z,noon,20.777359,-159.820979,25.777359,-144.820979,21.5752667,-158.2733528,1628.5556286027377
2855,1232,2011-05-13T23:15:10Z,noon,15.777359,-167.852938,20.777359,-159.820979,21.5752667,-158.2733528,1013.6976705190857
2855,1233,2011-05-14T11:00:38Z,midnight,10.777359,-164.218403,15.777359,-167.852938,21.5752667,-158.2733528,680.9596324737339
2855,1234,2011-05-14T23:08:13Z,noon,14.642725,-166.114237,10.777359,-164.218403,21.5752667,-158.2733528,476.45105215886434
2855,1235,2011-05-15T10:47:38Z,midnight,19.642725,-160.969613,14.642725,-166.114237,21.5752667,-158.2733528,779.5277707233885
2855,1236,2011-05-15T22:39:33Z,noon,21.888552,-158.94878,19.642725,-160.969613,21.5752667,-158.2733528,326.34265921964527
2855,1237,2011-05-16T10:48:11Z,midnight,16.888552,-161.110714,21.888552,-158.94878,21.5752667,-158.2733528,600.4030337526976
2855,1238,2011-05-16T22:56:43Z,noon,21.570954,-163.244048,16.888552,-161.110714,21.5752667,-158.2733528,566.7580594356464
2855,1239,2011-05-17T11:00:10Z,midnight,19.389229,-164.112515,21.570954,-163.244048,21.5752667,-158.2733528,258.91261642835764
2855,1240,2011-05-17T23:06:02Z,noon,22.628422,-165.579182,19.389229,-164.112515,21.5752667,-158.2733528,391.02476616577417
2855,1241,2011-05-18T10:49:29.5Z,midnight,27.628422,-161.452071,22.628422,-165.579182,21.5752667,-158.2733528,693.928809011015
2855,1242,2011-05-18T22:43:37.5Z,noon,27.716489,-159.985404,27.628422,-161.452071,21.5752667,-158.2733528,144.76238914292458
2855,1243,2011-05-19T10:43:35Z,midnight,27.462478,-159.985602,27.716489,-159.985404,21.5752667,-158.2733528,28.244741252251004
2855,1244,2011-05-19T22:58:57Z,noon,32.462478,-163.827269,27.462478,-159.985602,21.5752667,-158.2733528,667.7446605890619
2855,1245,2011-05-20T10:44:52Z,midnight,37.462478,-160.319324,32.462478,-163.827269,21.5752667,-158.2733528,641.1909895798268
2855,1246,2011-05-20T22:07:16.5Z,noon,32.462478,-150.921408,37.462478,-160.319324,21.5752667,-158.2733528,1020.2207996769952
2855,1247,2011-05-21T10:15:58.5Z,midnight,27.462478,-153.111534,32.462478,-150.921408,21.5752667,-158.2733528,594.6125643393806
2855,1248,2011-05-21T22:51:59Z,noon,32.462478,-162.113617,27.462478,-153.111534,21.5752667,-158.2733528,1029.4732365097673
2855,1249,2011-05-22T10:49:09.5Z,midnight,35.649681,-161.424691,32.462478,-162.113617,21.5752667,-158.2733528,360.0353481570808
2855,1250,2011-05-22T22:21:12.5Z,noon,30.649681,-154.437191,35.649681,-161.424691,21.5752667,-158.2733528,855.2846530566416
2855,1251,2011-05-23T10:23:21.5Z,midnight,25.649681,-154.99417,30.649681,-154.437191,21.5752667,-158.2733528,558.6468158949903
2855,1252,2011-05-23T22:33:21.5Z,noon,27.325492,-157.49417,25.649681,-154.99417,21.5752667,-158.2733528,310.83536508823016
2855,1253,2011-05-24T10:35:25Z,midnight,26.166019,-158.030341,27.325492,-157.49417,21.5752667,-158.2733528,139.4873735712237
2855,1254,2011-05-25T10:04:30Z,midnight,21.166019,-150.324823,26.166019,-158.030341,21.5752667,-158.2733528,961.3455614727462
2855,1255,2011-05-25T23:15:38Z,noon,16.97659,-165.324823,21.166019,-150.324823,21.5752667,-158.2733528,1642.8452158911664
2855,1256,2011-05-26T10:49:14.5Z,midnight,21.97659,-161.535897,16.97659,-165.324823,21.5752667,-158.2733528,683.1781406102454
2855,1257,2011-05-26T22:59:14.5Z,noon,26.97659,-164.035897,21.97659,-161.535897,21.5752667,-158.2733528,610.7794703232902
2855,1258,2011-05-27T10:55:38Z,midnight,31.97659,-163.161426,26.97659,-164.035897,21.5752667,-158.2733528,562.3739770913191
2855,1259,2011-05-27T22:56:00Z,noon,34.517195,-163.253093,31.97659,-163.161426,21.5752667,-158.2733528,282.6309220213015
2855,1260,2011-05-28T10:52:42Z,midnight,35.438528,-162.457603,34.517195,-163.253093,21.5752667,-158.2733528,125.49161442788638
2855,1261,2011-05-28T22:46:12Z,noon,33.156099,-160.832603,35.438528,-162.457603,21.5752667,-158.2733528,294.4262750388478
2855,1262,2011-05-29T10:48:35.5Z,midnight,32.070327,-161.46187,33.156099,-160.832603,21.5752667,-158.2733528,134.34968134020764
2855,1263,2011-05-29T22:57:16.5Z,noon,35.158949,-163.632703,32.070327,-161.46187,21.5752667,-158.2733528,397.91411200596906
2855,1264,2011-05-30T10:51:14Z,midnight,36.933539,-162.155413,35.158949,-163.632703,21.5752667,-158.2733528,237.85219552802198
2855,1265,2011-05-30T22:58:36Z,noon,39.165366,-163.99708,36.933539,-162.155413,21.5752667,-158.2733528,295.944070858336
2855,1266,2011-05-31T11:06:23Z,midnight,36.608431,-165.977753,39.165366,-163.99708,21.5752667,-158.2733528,333.2188100098848
2855,1267,2011-05-31T22:55:35Z,noon,32.970564,-163.277753,36.608431,-165.977753,21.5752667,-158.2733528,473.67646178400753
2855,1268,2011-06-01T10:40:30Z,midnight,37.74816,-159.543406,32.970564,-163.277753,21.5752667,-158.2733528,629.8573545343841
2855,1269,2011-06-01T22:36:00Z,noon,36.355605,-158.418406,37.74816,-159.543406,21.5752667,-158.2733528,184.23592767615403
2855,1270,2011-06-02T10:33:30Z,midnight,36.961994,-157.831471,36.355605,-158.418406,21.5752667,-158.2733528,85.36656116235223
2855,1271,2011-06-02T22:38:30Z,noon,38.461127,-159.081471,36.961994,-157.831471,21.5752667,-158.2733528,199.69022169912023
2855,1272,2011-06-03T10:40:00Z,midnight,37.852252,-159.496042,38.461127,-159.081471,21.5752667,-158.2733528,76.79645055440407
2855,1273,2011-06-03T22:39:30Z,noon,37.703733,-159.371042,37.852252,-159.496042,21.5752667,-158.2733528,19.83484330572179
2855,1274,2011-06-04T10:44:30Z,midnight,36.01486,-160.662047,37.703733,-159.371042,21.5752667,-158.2733528,220.12799821808215
2855,1275,2011-06-04T22:56:30Z,noon,39.549921,-163.662047,36.01486,-160.662047,21.5752667,-158.2733528,473.23805760011777
2855,1276,2011-06-05T11:05:00Z,midnight,36.945088,-165.829412,39.549921,-163.662047,21.5752667,-158.2733528,345.9722351316365
2855,1277,2011-06-05T23:06:00Z,noon,37.245796,-166.079412,36.945088,-165.829412,21.5752667,-158.2733528,40.12096818875718
2855,1278,2011-06-06T11:12:30Z,midnight,35.091875,-167.748059,37.245796,-166.079412,21.5752667,-158.2733528,282.47376941405435
2855,1279,2011-06-06T23:12:00Z,noon,34.931056,-167.623059,35.091875,-167.748059,21.5752667,-158.2733528,21.198409850760576
2855,1280,2011-06-07T11:04:30Z,midnight,37.121394,-165.79291,34.931056,-167.623059,21.5752667,-158.2733528,293.9336059695904
2855,1281,2011-06-07T23:02:00Z,noon,36.36874,-165.16791,37.121394,-165.79291,21.5752667,-158.2733528,100.5250112003594
2855,1282,2011-06-08T11:06:00Z,midnight,34.999249,-166.213885,36.36874,-165.16791,21.5752667,-158.2733528,179.20033166592583
2855,1283,2011-06-08T23:24:30Z,noon,39.999249,-170.838885,34.999249,-166.213885,21.5752667,-158.2733528,689.3850155189916
2855,1284,2011-06-09T11:39:30Z,midnight,35.97851,-174.635903,39.999249,-170.838885,21.5752667,-158.2733528,557.1966669719255
2855,1285,2011-06-09T23:30:30Z,noon,33.084035,-172.385903,35.97851,-174.635903,21.5752667,-158.2733528,382.1590794822954
2855,1286,2011-06-10T11:08:30Z,midnight,38.084035,-166.933879,33.084035,-172.385903,21.5752667,-158.2733528,742.7874888369333
2855,1287,2011-06-10T23:12:30Z,noon,40.627382,-167.933879,38.084035,-166.933879,21.5752667,-158.2733528,295.5816939161571
2855,1288,2011-06-11T11:15:00Z,midnight,39.882855,-168.607729,40.627382,-167.933879,21.5752667,-158.2733528,100.6161262209783
2855,1289,2011-06-11T23:14:30Z,noon,39.751661,-168.482729,39.882855,-168.607729,21.5752667,-158.2733528,18.07730918314936
2855,1290,2011-06-12T11:12:00Z,midnight,40.310185,-167.907369,39.751661,-168.482729,21.5752667,-158.2733528,79.09933481166571
2855,1291,2011-06-12T23:04:19.5Z,noon,38.261523,-165.988619,40.310185,-167.907369,21.5752667,-158.2733528,281.3421962317185
2855,1292,2011-06-13T11:07:34.5Z,midnight,37.260849,-166.85146,38.261523,-165.988619,21.5752667,-158.2733528,134.66168782359762
2855,1293,2011-06-13T23:02:54Z,noon,35.880878,-165.68271,37.260849,-166.85146,21.5752667,-158.2733528,185.5741287050344
2855,1294,2011-06-14T11:07:16.5Z,midnight,34.454827,-166.827415,35.880878,-165.68271,21.5752667,-158.2733528,189.6564968753457
2855,1295,2011-06-14T22:26:22.5Z,noon,29.454827,-156.602415,34.454827,-166.827415,21.5752667,-158.2733528,1112.5367027268312
2855,1296,2011-06-15T10:37:33Z,midnight,24.454827,-159.447645,29.454827,-156.602415,21.5752667,-158.2733528,623.3312591233503
2855,1297,2011-06-15T22:47:33Z,noon,19.454827,-161.947645,24.454827,-159.447645,21.5752667,-158.2733528,612.7956432942157
2855,1298,2011-06-16T10:42:47Z,midnight,19.999824,-160.807894,19.454827,-161.947645,21.5752667,-158.2733528,133.8054823130035
2855,1299,2011-06-16T23:11:37Z,noon,24.999824,-168.016228,19.999824,-160.807894,21.5752667,-158.2733528,925.6573709994718
2855,1300,2011-06-17T11:17:30Z,midnight,29.394364,-169.539322,24.999824,-168.016228,21.5752667,-158.2733528,511.32208845343786
2855,1301,2011-06-17T22:28:40Z,noon,24.394364,-157.330989,29.394364,-169.539322,21.5752667,-158.2733528,1331.1891855617723
2855,1302,2011-06-18T10:17:00Z,midnight,19.394364,-154.466838,24.394364,-157.330989,21.5752667,-158.2733528,629.5617550203162
2855,1303,2011-06-18T23:12:27.5Z,noon,24.394364,-168.331422,19.394364,-154.466838,21.5752667,-158.2733528,1533.6365711117999
2855,1304,2011-06-19T11:13:58.5Z,midnight,29.394364,-168.763268,24.394364,-168.331422,21.5752667,-158.2733528,557.6197147020565
2855,1305,2011-06-19T23:08:37Z,noon,33.281503,-167.423684,29.394364,-168.763268,21.5752667,-158.2733528,450.5504122751975
2855,1306,2011-06-20T11:13:54Z,midnight,31.490858,-168.797269,33.281503,-167.423684,21.5752667,-158.2733528,237.22846507176376
2855,1307,2011-06-20T23:31:35.5Z,noon,36.490858,-173.220185,31.490858,-168.797269,21.5752667,-158.2733528,689.2809823518174
2855,1308,2011-06-21T11:37:07.5Z,midnight,35.41044,-174.65625,36.490858,-173.220185,21.5752667,-158.2733528,176.46904190688963
2855,1309,2011-06-21T22:29:20Z,noon,30.41044,-159.65625,35.41044,-174.65625,21.5752667,-158.2733528,1504.558408816814
2855,1310,2011-06-22T10:27:47Z,midnight,25.41044,-157.373453,30.41044,-159.65625,21.5752667,-158.2733528,599.4682706271797
2855,1311,2011-06-22T23:39:17Z,noon,30.41044,-172.373453,25.41044,-157.373453,21.5752667,-158.2733528,1573.609833205817
2855,1312,2011-06-23T11:32:56.5Z,midnight,35.41044,-173.715452,30.41044,-172.373453,21.5752667,-158.2733528,569.8940514211068
2855,1313,2011-06-23T23:30:11.5Z,noon,37.972531,-173.027952,35.41044,-173.715452,21.5752667,-158.2733528,291.4089074001949
2855,1314,2011-06-24T12:13:15Z,midnight,32.972531,176.155344,37.972531,-173.027952,21.5752667,-158.2733528,1125.199036029787
2855,1315,2011-06-25T00:09:43.5Z,noon,27.972531,176.984859,32.972531,176.155344,21.5752667,-158.2733528,561.6221148646832
2855,1316,2011-06-25T11:33:13.5Z,midnight,32.972531,-173.890141,27.972531,176.984859,21.5752667,-158.2733528,1035.5940135446945
2855,1317,2011-06-25T22:23:00Z,noon,27.972531,-158.890141,32.972531,-173.890141,21.5752667,-158.2733528,1539.4464150424583
2855,1318,2011-06-26T10:23:35.5Z,midnight,22.972531,-156.533064,27.972531,-158.890141,21.5752667,-158.2733528,604.1806602189421
2855,1319,2011-06-26T23:29:54Z,noon,27.972531,-171.533064,22.972531,-156.533064,21.5752667,-158.2733528,1603.643866060905
2855,1320,2011-06-27T11:26:46Z,midnight,32.972531,-172.377503,27.972531,-171.533064,21.5752667,-158.2733528,561.8260843269027
2855,1321,2011-06-27T23:35:48.5Z,noon,37.397902,-174.637919,32.972531,-172.377503,21.5752667,-158.2733528,533.1852602097432
2855,1322,2011-06-28T11:34:16Z,midnight,37.878036,-174.302534,37.397902,-174.637919,21.5752667,-158.2733528,61.011833232562445
2855,1323,2011-06-28T22:33:55Z,noon,32.878036,-159.302534,37.878036,-174.302534,21.5752667,-158.2733528,1466.9839195256234
2855,1324,2011-06-29T10:30:04.5Z,midnight,27.878036,-158.303901,32.878036,-159.302534,21.5752667,-158.2733528,564.1569605573869
2855,1325,2011-06-29T23:00:04.5Z,noon,29.398236,-165.803901,27.878036,-158.303901,21.5752667,-158.2733528,751.0476182579301
2855,1326,2011-06-30T11:00:48.5Z,midnight,29.185431,-166.035682,29.398236,-165.803901,21.5752667,-158.2733528,32.636907537505415
2855,1327,2011-06-30T23:29:33.5Z,noon,34.185431,-173.223182,29.185431,-166.035682,21.5752667,-158.2733528,877.9684133495241
2855,1328,2011-07-01T11:32:30Z,midnight,37.665915,-174.006125,34.185431,-173.223182,21.5752667,-158.2733528,393.3758099668634
2855,1329,2011-07-01T23:03:30Z,noon,32.665915,-166.756125,37.665915,-174.006125,21.5752667,-158.2733528,861.7119441707022
2855,1330,2011-07-02T11:00:00Z,midnight,29.440176,-165.927642,32.665915,-166.756125,21.5752667,-158.2733528,367.2608939255933
2855,1331,2011-07-02T23:22:00Z,noon,34.440176,-171.427642,29.440176,-165.927642,21.5752667,-158.2733528,760.276509723487
2855,1332,2011-07-03T11:34:30Z,midnight,32.88373,-174.598065,34.440176,-171.427642,21.5752667,-158.2733528,340.63272346332684
2855,1333,2011-07-03T23:34:00Z,noon,32.715001,-174.473065,32.88373,-174.598065,21.5752667,-158.2733528,22.10220977151187
2855,1334,2011-07-04T11:40:00Z,midnight,30.71135,-176.01731,32.715001,-174.473065,21.5752667,-158.2733528,266.4029699097894
2855,1335,2011-07-04T22:58:30Z,noon,25.71135,-165.64231,30.71135,-176.01731,21.5752667,-158.2733528,1157.902635406372
2855,1336,2011-07-05T11:00:00Z,midnight,20.71135,-166.060296,25.71135,-165.64231,21.5752667,-158.2733528,557.6115493850089
2855,1337,2011-07-05T23:42:00Z,noon,25.71135,-176.560296,20.71135,-166.060296,21.5752667,-158.2733528,1207.8454920821832
2855,1338,2011-07-06T11:37:00Z,midnight,30.71135,-175.351941,25.71135,-176.560296,21.5752667,-158.2733528,568.4277562882394
2855,1339,2011-07-06T23:41:00Z,noon,33.693745,-176.351941,30.71135,-175.351941,21.5752667,-158.2733528,344.71007371644004
2855,1340,2011-07-07T11:31:00Z,midnight,36.967485,-173.892165,33.693745,-176.351941,21.5752667,-158.2733528,426.9289816165649
2855,1341,2011-07-07T23:35:00Z,noon,38.13622,-174.892165,36.967485,-173.892165,21.5752667,-158.2733528,157.0334693177496
2855,1342,2011-07-08T11:38:30Z,midnight,37.248032,-175.805892,38.13622,-174.892165,21.5752667,-158.2733528,127.34756854725543
2855,1343,2011-07-08T23:36:00Z,noon,36.494827,-175.180892,37.248032,-175.805892,21.5752667,-158.2733528,100.52520609741124
2855,1344,2011-07-09T11:36:30Z,midnight,36.481309,-175.343046,36.494827,-175.180892,21.5752667,-158.2733528,14.574057019547364
2855,1345,2011-07-09T23:39:30Z,noon,37.388389,-176.093046,36.481309,-175.343046,21.5752667,-158.2733528,120.89909366492722
2855,1346,2011-07-10T11:38:00Z,midnight,37.980258,-175.753553,37.388389,-176.093046,21.5752667,-158.2733528,72.27597489589594
2855,1347,2011-07-10T23:34:30Z,noon,36.935575,-174.878553,37.980258,-175.753553,21.5752667,-158.2733528,139.49344581615608
2855,1348,2011-07-11T11:39:00Z,midnight,35.687799,-176.037342,36.935575,-174.878553,21.5752667,-158.2733528,173.29127687090192
2855,1349,2011-07-11T23:35:30Z,noon,34.545684,-175.162342,35.687799,-176.037342,21.5752667,-158.2733528,149.87229691779
2855,1350,2011-07-12T11:42:00Z,midnight,32.464561,-176.819343,34.545684,-175.162342,21.5752667,-158.2733528,277.75488039778935
2855,1351,2011-07-12T23:50:15Z,noon,35.286238,-178.881843,32.464561,-176.819343,21.5752667,-158.2733528,366.9881047266948
2855,1352,2011-07-13T11:42:42.5Z,midnight,37.825415,-177.026571,35.286238,-178.881843,21.5752667,-158.2733528,327.3623484749155
2855,1353,2011-07-13T23:42:31Z,noon,37.76772,-176.978654,37.825415,-177.026571,21.5752667,-158.2733528,7.673550651464683
2855,1354,2011-07-14T11:46:05Z,midnight,36.854248,-177.898545,37.76772,-176.978654,21.5752667,-158.2733528,130.13587517352838
2855,1355,2011-07-15T23:55:17Z,noon,39.545999,179.775214,36.854248,-177.898545,21.5752667,-158.2733528,361.7767908388278
2855,1356,2011-07-16T11:53:55Z,midnight,40.137234,-179.907317,39.545999,179.775214,21.5752667,-158.2733528,71.11046896009742
2855,1357,2011-07-16T22:23:55Z,noon,35.137234,-164.907317,40.137234,-179.907317,21.5752667,-158.2733528,1430.6825245728917
2855,1358,2011-07-17T10:24:38.5Z,midnight,30.137234,-157.610663,35.137234,-164.907317,21.5752667,-158.2733528,880.3863939897287
2855,1359,2011-07-17T23:46:16.5Z,noon,35.137234,-172.610663,30.137234,-157.610663,21.5752667,-158.2733528,1508.5805740210915
2855,1360,2011-07-18T11:51:38Z,midnight,36.137459,-179.37852,35.137234,-172.610663,21.5752667,-158.2733528,621.5063477372631
2855,1361,2011-07-18T23:49:29Z,noon,35.412359,-178.84102,36.137459,-179.37852,21.5752667,-158.2733528,94.08514723827308
2855,1362,2011-07-19T11:45:28.5Z,midnight,36.977448,-177.856667,35.412359,-178.84102,21.5752667,-158.2733528,195.16037690860676
2855,1363,2011-07-19T22:27:37.5Z,noon,31.977448,-162.856667,36.977448,-177.856667,21.5752667,-158.2733528,1480.954186537543
2855,1364,2011-07-20T10:29:57.5Z,midnight,26.977448,-158.992973,31.977448,-162.856667,21.5752667,-158.2733528,669.9277247805594
2855,1365,2011-07-20T23:49:05Z,noon,31.977448,-173.992973,26.977448,-158.992973,21.5752667,-158.2733528,1553.0252706551053
2855,1366,2011-07-21T11:49:38Z,midnight,36.929033,-178.924891,31.977448,-173.992973,21.5752667,-158.2733528,712.2462929829896
2855,1367,2011-07-22T23:50:04Z,noon,39.39708,-179.044043,36.929033,-178.924891,21.5752667,-158.2733528,274.63185810700236
2855,1368,2011-07-23T11:51:30Z,midnight,39.218738,-179.410806,39.39708,-179.044043,21.5752667,-158.2733528,37.26919177050408
2855,1369,2011-07-23T23:43:56.5Z,noon,36.740093,-177.521222,39.218738,-179.410806,21.5752667,-158.2733528,321.5250671727745
2855,1370,2011-07-24T11:42:56.5Z,midnight,37.35481,-177.277223,36.740093,-177.521222,21.5752667,-158.2733528,71.70145454691475
2855,1371,2011-07-24T23:46:07Z,noon,38.412044,-178.070973,37.35481,-177.277223,21.5752667,-158.2733528,136.64688454149567
2855,1372,2011-07-25T11:48:58.5Z,midnight,37.74579,-178.789095,38.412044,-178.070973,21.5752667,-158.2733528,97.15549397682922
2855,1373,2011-07-25T23:52:28Z,noon,38.903193,-179.662012,37.74579,-178.789095,21.5752667,-158.2733528,149.53554124769838
2855,1374,2011-07-26T11:52:07.5Z,midnight,39.30881,-179.57764,38.903193,-179.662012,21.5752667,-158.2733528,45.68630683276044
2855,1375,2011-07-26T23:33:31Z,noon,34.30881,-174.925556,39.30881,-179.57764,21.5752667,-158.2733528,693.0451384490764
2855,1376,2011-07-27T11:32:17.5Z,midnight,33.334241,-174.617828,34.30881,-174.925556,21.5752667,-158.2733528,112.03347549885594
2855,1377,2011-07-27T23:26:22.5Z,noon,30.870783,-173.138661,33.334241,-174.617828,21.5752667,-158.2733528,307.31033065902994
2855,1378,2011-07-28T11:23:13.5Z,midnight,32.504148,-172.347135,30.870783,-173.138661,21.5752667,-158.2733528,196.4552290714431
2855,1379,2011-07-28T23:45:38.5Z,noon,37.504148,-177.951301,32.504148,-172.347135,21.5752667,-158.2733528,754.434942265807
2855,1380,2011-07-29T11:45:53Z,midnight,40.901554,-178.005121,37.504148,-177.951301,21.5752667,-158.2733528,377.80274921151556
2855,1381,2011-07-29T23:45:29.5Z,noon,40.777535,-177.907204,40.901554,-178.005121,21.5752667,-158.2733528,16.063080049924267
2855,1382,2011-07-30T11:49:50.5Z,midnight,39.692497,-178.985519,40.777535,-177.907204,21.5752667,-158.2733528,151.44049063826603
2855,1383,2011-07-30T23:53:51Z,noon,41.00421,-179.987602,39.692497,-178.985519,21.5752667,-158.2733528,168.77311829262254
2855,1384,2011-07-31T11:54:59.5Z,midnight,40.982947,179.738772,41.00421,-179.987602,21.5752667,-158.2733528,23.086276052076606
2855,1385,2011-07-31T23:04:37.5Z,noon,35.982947,-167.669562,40.982947,179.738772,21.5752667,-158.2733528,1227.2996965089135
2855,1386,2011-08-01T11:06:30Z,midnight,30.982947,-168.123905,35.982947,-167.669562,21.5752667,-158.2733528,557.5667565184855
2855,1387,2011-08-01T23:57:00Z,noon,35.982947,179.251095,30.982947,-168.123905,21.5752667,-158.2733528,1294.7339014391077
2855,1388,2011-08-02T11:49:30Z,midnight,40.982947,-178.856872,35.982947,179.251095,21.5752667,-158.2733528,579.8094248224616
2855,1389,2011-08-02T23:46:30Z,noon,42.582483,-178.106872,40.982947,-178.856872,21.5752667,-158.2733528,188.4159799620666
2855,1390,2011-08-03T11:51:00Z,midnight,41.511865,-179.212209,42.582483,-178.106872,21.5752667,-158.2733528,150.00543374757217
2855,1391,2011-08-03T23:54:00Z,noon,42.486386,-179.962209,41.511865,-179.212209,21.5752667,-158.2733528,124.83187683995155
2855,1392,2011-08-04T11:57:30Z,midnight,41.733482,179.185087,42.486386,-179.962209,21.5752667,-158.2733528,109.34522019925308
2855,1393,2011-08-04T23:57:30Z,noon,41.733482,179.185087,41.733482,179.185087,21.5752667,-158.2733528,0.0
2855,1394,2011-08-05T11:53:30Z,midnight,43.4308,-179.789986,41.733482,179.185087,21.5752667,-158.2733528,206.54286182381458
2855,1395,2011-08-05T23:53:00Z,noon,43.272319,-179.664986,43.4308,-179.789986,21.5752667,-158.2733528,20.3149207906541
2855,1396,2011-08-06T11:58:30Z,midnight,41.866078,178.987568,43.272319,-179.664986,21.5752667,-158.2733528,191.37352907371894
2855,1397,2011-08-06T23:59:30Z,noon,42.20649,178.737568,41.866078,178.987568,21.5752667,-158.2733528,43.11684265234813
2855,1398,2011-08-07T11:59:00Z,midnight,42.79614,178.892741,42.20649,178.737568,21.5752667,-158.2733528,66.78871119213716
2855,1399,2011-08-07T23:58:30Z,noon,42.627761,179.017741,42.79614,178.892741,21.5752667,-158.2733528,21.3271956423408
2855,1400,2011-08-08T11:58:30Z,midnight,43.060448,179.05052,42.627761,179.017741,21.5752667,-158.2733528,48.1867615469158
2855,1401,2011-08-08T23:58:30Z,noon,43.060448,179.05052,43.060448,179.05052,21.5752667,-158.2733528,0.0
2855,1402,2011-08-09T12:01:30Z,midnight,42.470448,178.335891,43.060448,179.05052,21.5752667,-158.2733528,87.79006934327293
2855,1403,2011-08-10T00:00:00Z,noon,41.936374,178.748836,42.470448,178.335891,21.5752667,-158.2733528,68.43722823832887
2855,1404,2011-08-10T11:53:00Z,midnight,44.787874,-179.501164,41.936374,178.748836,21.5752667,-158.2733528,347.1795617214418
2855,1405,2011-08-10T23:55:00Z,noon,45.428677,179.998836,44.787874,-179.501164,21.5752667,-158.2733528,81.34351041434455
2855,1406,2011-08-11T12:00:30Z,midnight,44.08916,178.664332,45.428677,179.998836,21.5752667,-158.2733528,182.4433252603967
2855,1407,2011-08-11T23:55:00Z,noon,42.132924,-179.960668,44.08916,178.664332,21.5752667,-158.2733528,244.479183457082
2855,1408,2011-08-12T11:58:30Z,midnight,41.284757,179.207354,42.132924,-179.960668,21.5752667,-158.2733528,116.89369246382468
2855,1409,2011-08-13T00:00:45Z,noon,42.148061,178.690375,41.284757,179.207354,21.5752667,-158.2733528,105.14836436955588
2855,1410,2011-08-13T12:03:23Z,midnight,41.630342,178.032042,42.148061,178.690375,21.5752667,-158.2733528,79.26975237962489
2855,1411,2011-08-14T00:06:14Z,noon,42.724893,177.367528,41.630342,178.032042,21.5752667,-158.2733528,133.4580715496393
2855,1412,2011-08-14T12:04:48.5Z,midnight,43.762183,177.723778,42.724893,177.367528,21.5752667,-158.2733528,118.89587396360555
2855,1413,2011-08-14T23:41:39.5Z,noon,38.762183,-176.488722,43.762183,177.723778,21.5752667,-158.2733528,736.575079025391
2855,1414,2011-08-15T11:43:12Z,midnight,33.762183,-176.82372,38.762183,-176.488722,21.5752667,-158.2733528,556.7839995718756
2855,1415,2011-08-16T00:02:30Z,noon,38.762183,178.40409,33.762183,-176.82372,21.5752667,-158.2733528,701.3113767087011
2855,1416,2011-08-16T12:02:56.5Z,midnight,42.58018,178.293674,38.762183,178.40409,21.5752667,-158.2733528,424.6438920749275
2855,1417,2011-08-16T23:56:17.5Z,noon,39.759421,179.956174,42.58018,178.293674,21.5752667,-158.2733528,343.1180795207184
2855,1418,2011-08-17T11:56:51Z,midnight,40.059862,179.871752,39.759421,179.956174,21.5752667,-158.2733528,34.174701843541065
2855,1419,2011-08-17T23:58:56.5Z,noon,40.989256,179.348836,40.059862,179.871752,21.5752667,-158.2733528,112.39790299617884
2855,1420,2011-08-18T12:01:19Z,midnight,40.498524,178.812554,40.989256,179.348836,21.5752667,-158.2733528,70.84247224898365
2855,1421,2011-08-19T00:04:38Z,noon,41.964378,178.043115,40.498524,178.812554,21.5752667,-158.2733528,175.23388183463052
2855,1422,2011-08-19T12:05:41.5Z,midnight,42.08838,177.778532,41.964378,178.043115,21.5752667,-158.2733528,25.84059909132178
2855,1423,2011-08-20T00:05:26Z,noon,41.975193,177.905051,42.08838,177.778532,21.5752667,-158.2733528,16.358349137693242
2855,1424,2011-08-20T12:04:14Z,midnight,43.094978,178.205051,41.975193,177.905051,21.5752667,-158.2733528,126.91721000158059
2855,1425,2011-08-20T23:59:16Z,noon,40.865355,179.446718,43.094978,178.205051,21.5752667,-158.2733528,268.3189576858109
2855,1426,2011-08-21T11:57:35Z,midnight,42.258844,179.931641,40.865355,179.446718,21.5752667,-158.2733528,160.11453288603983
2855,1427,2011-08-21T23:52:35.5Z,noon,39.88344,-178.820442,42.258844,179.931641,21.5752667,-158.2733528,284.08538022915616
2855,1428,2011-08-22T11:50:20Z,midnight,41.618509,-178.189671,39.88344,-178.820442,21.5752667,-158.2733528,200.11197940061413
2855,1429,2011-08-22T23:45:48.5Z,noon,39.364352,-177.058421,41.618509,-178.189671,21.5752667,-158.2733528,268.27854902445546
2855,1430,2011-08-23T11:55:01Z,midnight,34.778666,-179.29228,39.364352,-177.058421,21.5752667,-158.2733528,547.0132120364455
2855,1431,2011-08-23T23:59:30Z,noon,37.445149,179.586887,34.778666,-179.29228,21.5752667,-158.2733528,313.1206548424885
2855,1432,2011-08-24T12:09:16Z,midnight,32.445149,177.215421,37.445149,179.586887,21.5752667,-158.2733528,596.4509496880262
2855,1433,2011-08-25T00:06:12.5Z,noon,29.77478,178.052115,32.445149,177.215421,21.5752667,-158.2733528,307.4261834016038
2855,1434,2011-08-25T12:00:27.5Z,midnight,34.453626,179.489615,29.77478,178.052115,21.5752667,-158.2733528,537.5697298639814
2855,1435,2011-08-25T23:48:31Z,noon,29.453626,-177.524968,34.453626,179.489615,21.5752667,-158.2733528,623.1594423044364
2855,1436,2011-08-26T11:53:47Z,midnight,24.453626,-178.767682,29.453626,-177.524968,21.5752667,-158.2733528,569.4402399045963
2855,1437,2011-08-26T23:55:55.5Z,noon,23.373199,-179.303099,24.453626,-178.767682,21.5752667,-158.2733528,131.89042146748992
2855,1438,2011-08-27T11:52:57Z,midnight,26.655216,-178.483624,23.373199,-179.303099,21.5752667,-158.2733528,374.16481815017397
2855,1439,2011-08-27T23:56:38.5Z,noon,29.733992,-179.406541,26.655216,-178.483624,21.5752667,-158.2733528,354.0855639996523
2855,1440,2011-08-28T12:04:30Z,midnight,24.733992,178.706299,29.733992,-179.406541,21.5752667,-158.2733528,586.4126197206729
2855,1441,2011-08-29T00:06:29Z,noon,25.367804,178.289511,24.733992,178.706299,21.5752667,-158.2733528,82.03465432263467
2855,1442,2011-08-29T12:07:57.5Z,midnight,24.649162,177.920761,25.367804,178.289511,21.5752667,-158.2733528,88.12636162860122
2855,1443,2011-08-29T23:10:08.5Z,noon,19.649162,-167.625072,24.649162,177.920761,21.5752667,-158.2733528,1587.8680294083451
2855,1444,2011-08-30T11:08:58.5Z,midnight,14.649162,-167.252814,19.649162,-167.625072,21.5752667,-158.2733528,557.3786374125174
2855,1445,2011-08-30T19:13:58.5Z,noon,9.649162,-152.252814,14.649162,-167.252814,21.5752667,-158.2733528,1721.9918942605902
2855,1446,2011-08-30T23:09:30Z,midnight,14.649162,-137.252814,9.649162,-152.252814,21.5752667,-158.2733528,1721.9918942605902
2855,1447,2011-08-31T04:02:36Z,noon,9.649162,-152.252814,14.649162,-137.252814,21.5752667,-158.2733528,1721.9918942605902
2855,1448,2011-08-31T12:05:52Z,midnight,14.649162,-167.252814,9.649162,-152.252814,21.5752667,-158.2733528,1721.9918942605902
2855,1449,2011-08-31T22:47:31Z,noon,9.649162,-161.806174,14.649162,-167.252814,21.5752667,-158.2733528,812.0311084367679
2855,1450,2011-09-01T10:44:00Z,midnight,4.649162,-160.843568,9.649162,-161.806174,21.5752667,-158.2733528,566.020971177346
2855,1451,2011-09-02T00:00:00Z,noon,9.649162,-175.843568,4.649162,-160.843568,21.5752667,-158.2733528,1745.2571954801876
2855,1452,2011-09-02T11:59:30Z,midnight,14.649162,-179.63383,9.649162,-175.843568,21.5752667,-158.2733528,691.911529442975
2855,1453,2011-09-02T23:53:30Z,noon,19.649162,-178.13383,14.649162,-179.63383,21.5752667,-158.2733528,578.3493065520793
2855,1454,2011-09-03T11:54:00Z,midnight,24.649162,-178.17288,19.649162,-178.13383,21.5752667,-158.2733528,555.9891651470388
2855,1455,2011-09-03T23:53:00Z,noon,25.07247,-177.92288,24.649162,-178.17288,21.5752667,-158.2733528,53.40163928233736
2855,1456,2011-09-04T11:53:00Z,midnight,25.921488,-177.835807,25.07247,-177.92288,21.5752667,-158.2733528,94.81010494132241
2855,1457,2011-09-04T23:54:00Z,noon,27.057695,-178.085807,25.921488,-177.835807,21.5752667,-158.2733528,128.7668579535822
2855,1458,2011-09-05T11:59:30Z,midnight,22.057695,-179.372699,27.057695,-178.085807,21.5752667,-158.2733528,570.9900959868595
2855,1459,2011-09-06T00:04:00Z,noon,26.819305,179.59135,22.057695,-179.372699,21.5752667,-158.2733528,539.7434445866493
2855,1460,2011-09-06T12:04:30Z,midnight,27.170115,179.46635,26.819305,179.59135,21.5752667,-158.2733528,40.92718442203045
2855,1461,2011-09-06T23:59:30Z,noon,22.170115,-179.28365,27.170115,179.46635,21.5752667,-158.2733528,570.1268643959077
2855,1462,2011-09-07T11:58:30Z,midnight,22.902393,-178.943752,22.170115,-179.28365,21.5752667,-158.2733528,88.59304246162264
2855,1463,2011-09-07T23:58:00Z,noon,22.189827,-178.818752,22.902393,-178.943752,21.5752667,-158.2733528,80.26686601158231
2855,1464,2011-09-08T12:08:00Z,midnight,17.189827,178.7719,22.189827,-178.818752,21.5752667,-158.2733528,610.4729884162194
2855,1465,2011-09-09T00:08:00Z,noon,12.189827,178.86321,17.189827,178.7719,21.5752667,-158.2733528,556.0613072606353
2855,1466,2011-09-09T12:07:00Z,midnight,7.766933,179.11321,12.189827,178.86321,21.5752667,-158.2733528,492.5644312705911
2855,1467,2011-09-10T00:04:00Z,noon,2.766933,179.95508,7.766933,179.11321,21.5752667,-158.2733528,563.729933942456
2855,1468,2011-09-11T00:33:30Z,noon,-2.233067,172.672412,2.766933,179.95508,21.5752667,-158.2733528,982.0622811997688
2855,1469,2011-09-11T12:12:30Z,midnight,2.766933,177.922412,-2.233067,172.672412,21.5752667,-158.2733528,806.0244365728822
2855,1470,2011-09-12T00:13:30Z,noon,7.766933,177.765106,2.766933,177.922412,21.5752667,-158.2733528,556.2472240513755
2855,1471,2011-09-12T12:13:00Z,midnight,12.766933,177.890106,7.766933,177.765106,21.5752667,-158.2733528,556.1427132522579
2855,1499,2011-10-07T12:18:30Z,midnight,-37.233067,178.651938,12.766933,177.890106,21.5752667,-158.2733528,5560.317171459073
2855,1500,2011-10-12T13:03:00Z,midnight,-32.233067,167.836423,-37.233067,178.651938,21.5752667,-158.2733528,1132.9013734322812
2855,1501,2011-10-13T01:04:57.5Z,noon,-27.233067,167.401275,-32.233067,167.836423,21.5752667,-158.2733528,557.5579930465165
2855,1502,2011-10-15T13:13:08Z,midnight,-22.233067,165.458354,-27.233067,167.401275,21.5752667,-158.2733528,589.5517443199873
2855,1503,2011-10-16T01:12:34.5Z,noon,-17.233067,165.644199,-22.233067,165.458354,21.5752667,-158.2733528,556.3144975052878
2855,1504,2011-10-16T13:13:21.5Z,midnight,-12.233067,165.448366,-17.233067,165.644199,21.5752667,-158.2733528,556.3730429087567
2855,1505,2011-10-17T01:15:35.5Z,noon,-7.233067,164.933442,-12.233067,165.448366,21.5752667,-158.2733528,558.8293580807054
2855,1506,2011-10-17T13:10:48.5Z,midnight,-2.233067,166.129275,-7.233067,164.933442,21.5752667,-158.2733528,571.5393261625338
2855,1507,2011-10-18T01:08:21Z,noon,2.766933,166.784355,-2.233067,166.129275,21.5752667,-158.2733528,560.7229302494437
2855,1508,2011-10-18T13:01:47.5Z,midnight,7.766933,168.423938,2.766933,166.784355,21.5752667,-158.2733528,584.8456070802591
2855,1509,2011-10-19T00:57:33Z,noon,12.766933,169.521883,7.766933,168.423938,21.5752667,-158.2733528,568.7962674632242
2855,1510,2011-10-19T12:59:42Z,midnight,17.766933,168.984383,12.766933,169.521883,21.5752667,-158.2733528,558.9540777012305
2855,1511,2011-10-20T00:57:49.5Z,noon,22.766933,169.487639,17.766933,168.984383,21.5752667,-158.2733528,558.4452088725163
2855,1512,2011-10-20T12:58:09Z,midnight,27.766933,169.406389,22.766933,169.487639,21.5752667,-158.2733528,556.0345986628922
2855,1513,2011-10-21T01:09:10.5Z,noon,32.766933,166.681573,27.766933,169.406389,21.5752667,-158.2733528,614.4066231157601
2855,1514,2011-10-21T13:09:24Z,midnight,37.766933,166.625323,32.766933,166.681573,21.5752667,-158.2733528,555.9980492057219
2855,1515,2011-10-22T01:04:29.5Z,noon,42.766933,167.880721,37.766933,166.625323,21.5752667,-158.2733528,566.0658408022779
2855,1516,2011-10-22T13:12:21Z,midnight,47.766933,165.916137,42.766933,167.880721,21.5752667,-158.2733528,576.7876624002988
2855,1517,2011-10-23T01:12:00Z,noon,52.766933,166.028789,47.766933,165.916137,21.5752667,-158.2733528,556.0320916940132
2855,1518,2011-10-23T13:25:20Z,midnight,57.766933,162.695455,52.766933,166.028789,21.5752667,-158.2733528,594.5510098451384
2855,1519,2011-10-24T01:25:20Z,noon,62.766933,162.717403,57.766933,162.695455,21.5752667,-158.2733528,555.9759422433767
2855,1520,2011-10-24T13:14:05Z,midnight,57.766933,165.529903,62.766933,162.717403,21.5752667,-158.2733528,577.0665256981595
2855,1521,2011-10-25T01:18:32Z,noon,52.911391,164.436111,57.766933,165.529903,21.5752667,-158.2733528,544.3051439294304
2855,1522,2011-10-25T13:34:18Z,midnight,57.911391,160.494444,52.911391,164.436111,21.5752667,-158.2733528,608.8600761649811
2855,1523,2011-10-26T01:40:03.5Z,noon,57.86521,159.070293,57.911391,160.494444,21.5752667,-158.2733528,84.33371063714104
2855,1524,2011-10-26T13:31:39Z,midnight,52.86521,161.172377,57.86521,159.070293,21.5752667,-158.2733528,571.5528339106573
2855,1525,2011-10-27T01:37:08.5Z,noon,47.86521,159.811588,52.86521,161.172377,21.5752667,-158.2733528,564.2624335377061
2855,1526,2011-10-27T13:40:12Z,midnight,48.547106,159.047004,47.86521,159.811588,21.5752667,-158.2733528,94.65396610202077
2855,1527,2011-10-28T01:43:11Z,noon,46.300092,158.309967,48.547106,159.047004,21.5752667,-158.2733528,255.9316366881408
2855,1528,2011-10-28T13:42:39.5Z,midnight,44.779596,158.441217,46.300092,158.309967,21.5752667,-158.2733528,169.38009779746614
2855,1529,2011-10-29T01:32:06Z,noon,49.779596,161.086241,44.779596,158.441217,21.5752667,-158.2733528,590.5955166646017
2855,1530,2011-10-29T13:32:27.5Z,midnight,51.266527,160.996658,49.779596,161.086241,21.5752667,-158.2733528,165.46038852771994
2855,1531,2011-10-30T01:39:22Z,noon,46.709714,159.27164,51.266527,160.996658,21.5752667,-158.2733528,522.0542035741651
2855,1532,2011-10-30T13:48:23.5Z,midnight,51.494637,157.01539,46.709714,159.27164,21.5752667,-158.2733528,556.7645259985386
2855,1533,2011-10-31T01:43:49Z,noon,54.020696,158.157815,51.494637,157.01539,21.5752667,-158.2733528,291.205325780735
2855,1534,2011-10-31T13:40:38Z,midnight,51.305914,158.953648,54.020696,158.157815,21.5752667,-158.2733528,306.59854782950066
2855,1535,2011-11-01T01:44:55.5Z,noon,48.768573,157.876002,51.305914,158.953648,21.5752667,-158.2733528,292.4397968828597
2855,1536,2011-11-01T13:43:00Z,midnight,46.615753,158.357252,48.768573,157.876002,21.5752667,-158.2733528,242.0760048345179
2855,1537,2011-11-02T01:41:00Z,noon,47.873826,158.849109,46.615753,158.357252,21.5752667,-158.2733528,144.73377635341146
2855,1538,2011-11-02T13:42:00Z,midnight,47.582598,158.599109,47.873826,158.849109,21.5752667,-158.2733528,37.393899949177595
2855,1539,2011-11-03T01:30:00Z,noon,52.582598,161.587548,47.582598,158.599109,21.5752667,-158.2733528,595.3288551255578
2855,1540,2011-11-03T13:30:00Z,midnight,53.132958,161.587548,52.582598,161.587548,21.5752667,-158.2733528,61.197239828099626
2855,1541,2011-11-04T01:44:00Z,noon,48.132958,158.072566,53.132958,161.587548,21.5752667,-158.2733528,608.557683665008
2855,1542,2011-11-04T13:47:00Z,midnight,46.48808,157.322566,48.132958,158.072566,21.5752667,-158.2733528,191.44047798731594
2855,1543,2011-11-05T01:37:00Z,noon,51.48808,159.804167,46.48808,157.322566,21.5752667,-158.2733528,584.6284491965921
2855,1544,2011-11-05T13:29:30Z,midnight,47.124143,161.679167,51.48808,159.804167,21.5752667,-158.2733528,503.8835991449296
2855,1545,2011-11-06T01:25:00Z,noon,49.532676,162.782354,47.124143,161.679167,21.5752667,-158.2733528,279.9510561515316
2855,1546,2011-11-06T13:31:30Z,midnight,51.903157,161.157354,49.532676,162.782354,21.5752667,-158.2733528,287.3231122444065
2855,1547,2011-11-07T01:26:00Z,noon,54.275692,162.507137,51.903157,161.157354,21.5752667,-158.2733528,278.77436833745065
2855,1548,2011-11-07T13:24:00Z,midnight,52.708483,163.007137,54.275692,162.507137,21.5752667,-158.2733528,177.37575856497608
2855,1549,2011-11-08T01:33:30Z,noon,48.281813,160.603529,52.708483,163.007137,21.5752667,-158.2733528,520.6828486468115
2855,1550,2011-11-08T13:37:00Z,midnight,49.292016,159.728529,48.281813,160.603529,21.5752667,-158.2733528,129.33172645838218
2855,1551,2011-11-09T01:36:30Z,noon,49.529071,159.821547,49.292016,159.728529,21.5752667,-158.2733528,27.204788901627428
2855,1552,2011-11-09T13:37:30Z,midnight,49.313111,159.571547,49.529071,159.821547,21.5752667,-158.2733528,30.06069980433229
2855,1553,2011-11-10T01:30:00Z,noon,52.572432,161.411209,49.313111,159.571547,21.5752667,-158.2733528,384.62438960730873
2855,1554,2011-11-10T13:26:00Z,midnight,50.229905,162.411209,52.572432,161.411209,21.5752667,-158.2733528,269.54904983068656
2855,1555,2011-11-11T01:29:00Z,noon,48.885765,161.622541,50.229905,162.411209,21.5752667,-158.2733528,159.91887409762035
2855,1556,2011-11-11T13:23:00Z,midnight,45.355544,163.122541,48.885765,161.622541,21.5752667,-158.2733528,408.59785644020127
2855,1557,2011-11-12T01:15:00Z,noon,49.155698,165.080569,45.355544,163.122541,21.5752667,-158.2733528,447.6105632808871
2855,1558,2011-11-12T13:05:30Z,midnight,44.155698,167.455569,49.155698,165.080569,21.5752667,-158.2733528,584.6974886856342
2855,1559,2011-11-13T01:04:15Z,noon,44.625988,167.722823,44.155698,167.455569,21.5752667,-158.2733528,56.44098548162919
2855,1560,2011-11-13T13:09:05Z,midnight,46.399794,166.51449,44.625988,167.722823,21.5752667,-158.2733528,218.55118519581913
2855,1561,2011-11-14T01:09:47Z,noon,46.070013,166.291006,46.399794,166.51449,21.5752667,-158.2733528,40.498715708571545
2855,1562,2011-11-14T13:10:46.5Z,midnight,45.973148,166.043089,46.070013,166.291006,21.5752667,-158.2733528,21.964459487181706
2855,1563,2011-11-15T01:10:11.5Z,noon,46.243382,166.137237,45.973148,166.043089,21.5752667,-158.2733528,30.912768420628158
2855,1564,2011-11-15T13:12:07Z,midnight,46.574447,165.655987,46.243382,166.137237,21.5752667,-158.2733528,52.12069569118891
2855,1565,2011-11-16T01:12:00Z,noon,46.626534,165.630308,46.574447,165.655987,21.5752667,-158.2733528,6.115064575604687
2855,1566,2011-11-16T13:13:00Z,midnight,46.545691,165.380308,46.626534,165.630308,21.5752667,-158.2733528,21.11422957416733
2855,1567,2011-11-17T01:08:04.5Z,noon,48.626246,166.553597,46.545691,165.380308,21.5752667,-158.2733528,247.5089553834658
2855,1568,2011-11-17T13:08:44.5Z,midnight,48.390393,166.38693,48.626246,166.553597,21.5752667,-158.2733528,28.957442096514054
2855,1569,2011-11-18T01:18:47Z,noon,44.029779,163.815485,48.390393,166.38693,21.5752667,-158.2733528,523.6172611104525
2855,1570,2011-11-18T13:13:18Z,midnight,40.898032,165.186318,44.029779,163.815485,21.5752667,-158.2733528,365.9239726808069
2855,1571,2011-11-19T01:04:05Z,noon,45.244393,167.42644,40.898032,165.186318,21.5752667,-158.2733528,516.355492599907
2855,1572,2011-11-19T13:03:27Z,midnight,44.500651,167.584773,45.244393,167.42644,21.5752667,-158.2733528,83.6361717776962
2855,1573,2011-11-20T00:47:48.5Z,noon,49.500651,171.428183,44.500651,167.584773,21.5752667,-158.2733528,627.5348330285749
2855,1574,2011-11-20T12:52:15.5Z,midnight,51.792207,170.315683,49.500651,171.428183,21.5752667,-158.2733528,266.60137973878795
2855,1575,2011-11-21T00:41:57Z,noon,54.961822,172.822855,51.792207,170.315683,21.5752667,-158.2733528,389.65082905193657
2855,1576,2011-11-21T12:29:08.5Z,midnight,50.516026,176.024938,54.961822,172.822855,21.5752667,-158.2733528,539.1675852346749
2855,1577,2011-11-22T00:20:14.5Z,noon,53.389606,178.177183,50.516026,176.024938,21.5752667,-158.2733528,351.8863411755004
2855,1578,2011-11-22T12:15:27Z,midnight,51.474676,179.3751,53.389606,178.177183,21.5752667,-158.2733528,227.88408470032144
2855,1579,2011-11-23T00:09:45Z,noon,53.252203,-179.275434,51.474676,179.3751,21.5752667,-158.2733528,217.84886372737256
2855,1580,2011-11-23T12:03:32Z,midnight,50.907841,-177.721268,53.252203,-179.275434,21.5752667,-158.2733528,281.46844424599607
2855,1581,2011-11-23T23:53:29Z,noon,53.976336,-175.208768,50.907841,-177.721268,21.5752667,-158.2733528,381.2801664221424
2855,1582,2011-11-24T11:33:53.5Z,midnight,48.976336,-170.389098,53.976336,-175.208768,21.5752667,-158.2733528,648.135634081159
2855,1583,2011-11-24T23:43:35.5Z,noon,43.976336,-172.814098,48.976336,-170.389098,21.5752667,-158.2733528,586.0824478355278
2855,1584,2011-11-25T11:34:05Z,midnight,38.976336,-170.517905,43.976336,-172.814098,21.5752667,-158.2733528,587.8966552214365
2855,1585,2011-11-25T23:34:20.5Z,noon,38.509026,-170.582488,38.976336,-170.517905,21.5752667,-158.2733528,52.26350553875295
2855,1586,2011-11-26T11:54:14Z,midnight,43.509026,-175.638865,38.509026,-170.582488,21.5752667,-158.2733528,699.0643815188702
2855,1587,2011-11-27T00:13:16.5Z,noon,38.585896,179.514762,43.509026,-175.638865,21.5752667,-158.2733528,681.5228229133594
2855,1588,2011-11-27T12:14:30Z,midnight,38.845499,179.208512,38.585896,179.514762,21.5752667,-158.2733528,39.23346495859019
2855,1589,2011-11-28T00:15:12Z,noon,38.518405,178.945139,38.845499,179.208512,21.5752667,-158.2733528,42.95923576708455
2855,1590,2011-11-28T12:19:27.5Z,midnight,40.158529,177.880556,38.518405,178.945139,21.5752667,-158.2733528,204.0597472902059
2855,1591,2011-11-29T00:24:55Z,noon,37.653165,176.425263,40.158529,177.880556,21.5752667,-158.2733528,305.70972836654164
2855,1592,2011-11-29T12:35:08Z,midnight,41.912842,173.871097,37.653165,176.425263,21.5752667,-158.2733528,521.4524814634109
2855,1593,2011-11-30T00:44:00.5Z,noon,37.997832,171.559384,41.912842,173.871097,21.5752667,-158.2733528,477.7945469770378
2855,1594,2011-11-30T13:08:25Z,midnight,42.997832,165.457301,37.997832,171.559384,21.5752667,-158.2733528,758.0801712870448
2855,1595,2011-12-01T00:55:50Z,noon,47.997832,168.508004,42.997832,165.457301,21.5752667,-158.2733528,604.5575521400095
2855,1596,2011-12-01T12:45:30Z,midnight,47.990284,171.091337,47.997832,168.508004,21.5752667,-158.2733528,192.2251020047942
2855,1597,2011-12-02T01:02:00Z,noon,42.990284,166.869127,47.990284,171.091337,21.5752667,-158.2733528,645.8515044051331
2855,1598,2011-12-02T13:02:00Z,midnight,41.630392,166.869127,42.990284,166.869127,21.5752667,-158.2733528,151.21309118452197
2855,1599,2011-12-03T01:08:00Z,noon,39.090748,165.269927,41.630392,166.869127,21.5752667,-158.2733528,313.2043901838068
2855,1600,2011-12-03T13:16:30Z,midnight,42.390523,163.144927,39.090748,165.269927,21.5752667,-158.2733528,408.22843927232253
2855,1601,2011-12-04T01:20:30Z,noon,40.770359,162.043829,42.390523,163.144927,21.5752667,-158.2733528,202.09252144966536
2855,1602,2011-12-04T13:21:00Z,midnight,40.748329,161.918829,40.770359,162.043829,21.5752667,-158.2733528,10.809416499296919
2855,1603,2011-12-05T01:15:30Z,noon,42.9386,163.190928,40.748329,161.918829,21.5752667,-158.2733528,265.35749684745264
2855,1604,2011-12-05T13:16:30Z,midnight,43.10122,162.940928,42.9386,163.190928,21.5752667,-158.2733528,27.203784252923832
2855,1605,2011-12-06T01:13:30Z,noon,44.220772,163.586319,43.10122,162.940928,21.5752667,-158.2733528,134.8792732151119
2855,1606,2011-12-06T13:13:30Z,midnight,44.012322,163.586319,44.220772,163.586319,21.5752667,-158.2733528,23.1785824590579
2855,1607,2011-12-07T01:17:30Z,noon,42.512589,162.480102,44.012322,163.586319,21.5752667,-158.2733528,189.29281748451785
2855,1608,2011-12-07T13:13:00Z,midnight,40.547874,163.605102,42.512589,162.480102,21.5752667,-158.2733528,237.6850283862781
2855,1609,2011-12-08T01:14:30Z,noon,39.936578,163.122375,40.547874,163.605102,21.5752667,-158.2733528,79.366418493676
2855,1610,2011-12-08T13:26:00Z,midnight,44.177747,160.247375,39.936578,163.122375,21.5752667,-158.2733528,527.8718259815029
2855,1611,2011-12-09T01:26:00Z,noon,44.177747,160.138239,44.177747,160.247375,21.5752667,-158.2733528,8.703259739112035
2855,1612,2011-12-09T13:24:30Z,midnight,43.465765,160.513239,44.177747,160.138239,21.5752667,-158.2733528,84.69216381605679
2855,1613,2011-12-10T01:27:00Z,noon,42.540359,159.777798,43.465765,160.513239,21.5752667,-158.2733528,119.01620191620282
2855,1614,2011-12-10T13:35:00Z,midnight,45.249066,157.777798,42.540359,159.777798,21.5752667,-158.2733528,341.146963309294
2855,1615,2011-12-11T01:27:30Z,noon,47.694867,159.541155,45.249066,157.777798,21.5752667,-158.2733528,303.6207653316033
2855,1616,2011-12-11T13:14:30Z,midnight,43.165624,162.791155,47.694867,159.541155,21.5752667,-158.2733528,563.7504222605407
2855,1617,2011-12-12T01:21:00Z,noon,40.708275,161.053416,43.165624,162.791155,21.5752667,-158.2733528,308.726210929641
2855,1618,2011-12-12T13:33:30Z,midnight,45.141003,157.928416,40.708275,161.053416,21.5752667,-158.2733528,554.5864661867628
2855,1619,2011-12-13T01:38:41.5Z,noon,43.327026,156.516771,45.141003,157.928416,21.5752667,-158.2733528,230.9314758905577
2855,1620,2011-12-13T13:35:40.5Z,midnight,42.103083,157.270938,43.327026,156.516771,21.5752667,-158.2733528,149.39215897655453
2855,1621,2011-12-14T01:38:56.5Z,noon,40.862534,156.33966,42.103083,157.270938,21.5752667,-158.2733528,158.25809803149212
2855,1622,2011-12-14T13:42:59.5Z,midnight,42.287834,155.32716,40.862534,156.33966,21.5752667,-158.2733528,179.47165545041943
2855,1623,2011-12-15T01:47:47Z,noon,40.470302,154.013859,42.287834,155.32716,21.5752667,-158.2733528,229.88653995048304
2855,1624,2011-12-15T13:51:00Z,midnight,41.608129,153.209692,40.470302,154.013859,21.5752667,-158.2733528,143.37302311563806
2855,1625,2011-12-16T01:53:12Z,noon,40.771778,152.543642,41.608129,153.209692,21.5752667,-158.2733528,108.41884107417398
2855,1626,2011-12-16T14:10:12Z,midnight,45.771778,148.293642,40.771778,152.543642,21.5752667,-158.2733528,653.6089751734594
2855,1627,2011-12-17T02:17:47.5Z,noon,44.122872,146.279121,45.771778,148.293642,21.5752667,-158.2733528,242.37191594388625
2855,1628,2011-12-17T14:03:56Z,midnight,39.122872,149.743705,44.122872,146.279121,21.5752667,-158.2733528,625.9818784687785
2855,1629,2011-12-18T02:04:15.5Z,noon,38.738821,149.545405,39.122872,149.743705,21.5752667,-158.2733528,46.02054278435354
2855,1630,2011-12-18T14:09:34.5Z,midnight,40.773797,148.216239,38.738821,149.545405,21.5752667,-158.2733528,253.1949376499372
2855,1631,2011-12-19T02:10:46Z,noon,40.315843,147.800939,40.773797,148.216239,21.5752667,-158.2733528,61.842196263171545
2855,1632,2011-12-19T14:09:58.5Z,midnight,39.963832,147.998856,40.315843,147.800939,21.5752667,-158.2733528,42.60433101308438
2855,1633,2011-12-20T02:09:30Z,noon,40.148633,148.0,39.963832,147.998856,21.5752667,-158.2733528,20.54916430878488
2855,1634,2011-12-20T14:05:20Z,midnight,38.462563,149.041667,40.148633,148.0,21.5752667,-158.2733528,207.79921814319286
2855,1635,2011-12-21T02:05:20Z,noon,38.462563,148.923949,38.462563,149.041667,21.5752667,-158.2733528,10.249383791301579
2855,1636,2011-12-21T14:18:50Z,midnight,43.462563,145.548949,38.462563,148.923949,21.5752667,-158.2733528,623.892335186902
2855,1637,2011-12-22T02:13:54Z,noon,45.205023,146.664564,43.462563,145.548949,21.5752667,-158.2733528,213.09822507371484
2855,1638,2011-12-22T14:06:22.5Z,midnight,42.604063,148.545814,45.205023,146.664564,21.5752667,-158.2733528,326.104989131627
2855,1639,2011-12-23T02:20:11.5Z,noon,37.604063,144.97404,42.604063,148.545814,21.5752667,-158.2733528,633.3993051149781
2855,1640,2011-12-23T14:24:13Z,midnight,38.88567,143.96779,37.604063,144.97404,21.5752667,-158.2733528,167.42056269750168
2855,1641,2011-12-24T02:13:37.5Z,noon,42.892938,146.498321,38.88567,143.96779,21.5752667,-158.2733528,493.6946825013526
2855,1642,2011-12-24T14:11:40.5Z,midnight,42.204971,146.985821,42.892938,146.498321,21.5752667,-158.2733528,86.29436644252037
2855,1643,2011-12-25T02:13:41Z,noon,41.464918,146.366683,42.204971,146.985821,21.5752667,-158.2733528,96.96719306790793
2855,1644,2011-12-25T14:16:08Z,midnight,42.392025,145.754183,41.464918,146.366683,21.5752667,-158.2733528,114.868294039414
2855,1645,2011-12-26T02:20:31Z,noon,40.762732,144.541738,42.392025,145.754183,21.5752667,-158.2733528,207.34236934727082
2855,1646,2011-12-26T14:14:39.5Z,midnight,38.494956,146.006321,40.762732,144.541738,21.5752667,-158.2733528,281.62581063747564
2855,1647,2011-12-27T02:19:13Z,noon,36.598001,144.750677,38.494956,146.006321,21.5752667,-158.2733528,238.20876430259878
2855,1648,2011-12-27T14:19:13Z,midnight,36.645298,144.750677,36.598001,144.750677,21.5752667,-158.2733528,5.259186445507944
2855,1649,2011-12-28T02:14:21Z,noon,38.668692,145.851944,36.645298,144.750677,21.5752667,-158.2733528,244.98296808008757
2855,1650,2011-12-28T14:13:48Z,midnight,38.505354,145.989444,38.668692,145.851944,21.5752667,-158.2733528,21.741637636394252
2855,1651,2011-12-29T01:59:54Z,noon,43.505354,149.349813,38.505354,145.989444,21.5752667,-158.2733528,623.2536188626627
2855,1652,2011-12-29T14:13:18.5Z,midnight,48.16402,145.997729,43.505354,149.349813,21.5752667,-158.2733528,579.3283976504316
2855,1653,2011-12-30T02:28:18.5Z,noon,43.274939,142.133973,48.16402,145.997729,21.5752667,-158.2733528,620.7048732071075
2855,1654,2011-12-30T14:20:20.5Z,midnight,40.393882,144.12564,43.274939,142.133973,21.5752667,-158.2733528,360.3281188210752
2855,1655,2011-12-31T02:19:29.5Z,noon,40.723546,144.225365,40.393882,144.12564,21.5752667,-158.2733528,37.61260206181932
2855,1656,2011-12-31T14:11:54Z,midnight,37.761362,146.123282,40.723546,144.225365,21.5752667,-158.2733528,367.6769182313069
2855,1657,2012-01-01T02:11:41.5Z,noon,37.84873,146.175365,37.761362,146.123282,21.5752667,-158.2733528,10.738550335376557
2855,1658,2012-01-01T14:19:30Z,midnight,41.095266,144.223282,37.84873,146.175365,21.5752667,-158.2733528,397.9591130510883
2855,1659,2012-01-02T02:19:00Z,noon,41.287193,144.236593,41.095266,144.223282,21.5752667,-158.2733528,21.3703539053011
2855,1660,2012-01-02T14:13:30Z,midnight,39.235311,145.611593,41.287193,144.236593,21.5752667,-158.2733528,256.2505033010446
2855,1661,2012-01-03T02:13:30Z,noon,39.235311,145.501094,39.235311,145.611593,21.5752667,-158.2733528,9.516898945780474
2855,1662,2012-01-03T14:14:00Z,midnight,39.570899,145.376094,39.235311,145.501094,21.5752667,-158.2733528,38.83049571475605
2855,1663,2012-01-04T02:19:30Z,noon,37.269111,143.891887,39.570899,145.376094,21.5752667,-158.2733528,286.74223769225773
2855,1664,2012-01-04T14:19:30Z,midnight,37.409434,143.891887,37.269111,143.891887,21.5752667,-158.2733528,15.603205691543288
2855,1665,2012-01-05T02:15:00Z,noon,39.306607,144.909072,37.409434,143.891887,21.5752667,-158.2733528,228.83730977239017
2855,1666,2012-01-05T14:17:00Z,midnight,40.277975,144.409072,39.306607,144.909072,21.5752667,-158.2733528,116.15173643401032
2855,1667,2012-01-06T02:18:30Z,noon,39.668515,143.927748,40.277975,144.409072,21.5752667,-158.2733528,79.21379226292784
2855,1668,2012-01-06T14:29:00Z,midnight,43.8972,141.302748,39.668515,143.927748,21.5752667,-158.2733528,518.0654880211438
2855,1669,2012-01-07T02:30:00Z,noon,43.531888,140.948013,43.8972,141.302748,21.5752667,-158.2733528,49.62741106711171
2855,1670,2012-01-07T14:12:00Z,midnight,38.531888,145.448013,43.531888,140.948013,21.5752667,-158.2733528,671.7542536796016
2855,1671,2012-01-08T02:10:00Z,noon,37.246246,145.844962,38.531888,145.448013,21.5752667,-158.2733528,147.13922462790924
2855,1672,2012-01-08T14:10:30Z,midnight,37.655702,145.719962,37.246246,145.844962,21.5752667,-158.2733528,46.8474577079625
2855,1673,2012-01-09T02:09:00Z,noon,38.311858,145.993687,37.655702,145.719962,21.5752667,-158.2733528,76.80386884641952
2855,1674,2012-01-09T14:14:30Z,midnight,40.83488,144.618687,38.311858,145.993687,21.5752667,-158.2733528,304.28373519589024
2855,1675,2012-01-10T02:09:30Z,noon,42.818003,145.769281,40.83488,144.618687,21.5752667,-158.2733528,240.23321522527075
2855,1676,2012-01-10T13:54:00Z,midnight,37.818003,149.644281,42.818003,145.769281,21.5752667,-158.2733528,645.6057168357505
2855,1677,2012-01-11T01:48:30Z,noon,38.949957,150.921832,37.818003,149.644281,21.5752667,-158.2733528,168.05053208986132
2855,1678,2012-01-11T13:48:00Z,midnight,38.962774,151.046832,38.949957,150.921832,21.5752667,-158.2733528,10.902049589649
2855,1679,2012-01-12T01:39:00Z,noon,42.700577,153.201428,38.962774,151.046832,21.5752667,-158.2733528,453.3926566574648
2855,1680,2012-01-12T13:14:00Z,midnight,37.700577,159.451428,42.700577,153.201428,21.5752667,-158.2733528,768.2368615490166
2855,1681,2012-01-13T00:58:57.5Z,noon,38.783832,163.118569,37.700577,159.451428,21.5752667,-158.2733528,342.131211653829
2855,1682,2012-01-13T12:45:32.5Z,midnight,33.783832,166.472736,38.783832,163.118569,21.5752667,-158.2733528,631.931044299562
2855,1683,2012-01-14T00:35:47.5Z,noon,37.372885,168.819172,33.783832,166.472736,21.5752667,-158.2733528,451.95119684415766
2855,1684,2012-01-14T12:39:07.5Z,midnight,39.162111,167.985838,37.372885,168.819172,21.5752667,-158.2733528,211.83439423058456
2855,1685,2012-01-15T00:19:58.5Z,noon,44.162111,172.684564,39.162111,167.985838,21.5752667,-158.2733528,679.043749384265
2855,1686,2012-01-15T12:20:32.5Z,midnight,47.31864,172.542898,44.162111,172.684564,21.5752667,-158.2733528,351.1619647259202
2855,1687,2012-01-16T00:14:35Z,noon,49.328265,173.946075,47.31864,172.542898,21.5752667,-158.2733528,246.357457267806
2855,1688,2012-01-16T12:20:00.5Z,midnight,51.339343,172.589825,49.328265,173.946075,21.5752667,-158.2733528,243.4498682248969
2855,1689,2012-01-17T00:11:09.5Z,noon,53.850465,174.71836,51.339343,172.589825,21.5752667,-158.2733528,314.0296331050204
2855,1690,2012-01-17T12:22:53.5Z,midnight,57.065392,171.785027,53.850465,174.71836,21.5752667,-158.2733528,402.4022409754553
2855,1691,2012-01-18T00:28:35.5Z,noon,55.718849,170.278575,57.065392,171.785027,21.5752667,-158.2733528,176.1018022996661
2855,1692,2012-01-18T12:28:54Z,midnight,56.128654,170.201492,55.718849,170.278575,21.5752667,-158.2733528,45.82059344961021
2855,1693,2012-01-19T00:45:12Z,noon,51.678035,166.047622,56.128654,170.201492,21.5752667,-158.2733528,564.5299085846593
2855,1694,2012-01-19T12:42:05.5Z,midnight,51.070812,166.824706,51.678035,166.047622,21.5752667,-158.2733528,86.41824688732143
2855,1695,2012-01-20T00:38:48Z,noon,52.093616,167.5714,51.070812,166.824706,21.5752667,-158.2733528,124.88427477314158
2855,1696,2012-01-20T12:29:52.5Z,midnight,49.585798,169.80265,52.093616,167.5714,21.5752667,-158.2733528,319.81984036080786
2855,1697,2012-01-21T00:34:40Z,noon,47.882404,168.531221,49.585798,169.80265,21.5752667,-158.2733528,211.10912296354988
2855,1698,2012-01-21T12:28:44Z,midnight,46.001971,170.014555,47.882404,168.531221,21.5752667,-158.2733528,237.47868352817733
2855,1699,2012-01-22T00:14:29Z,noon,51.001971,173.506312,46.001971,170.014555,21.5752667,-158.2733528,612.4355082792206
2855,1700,2012-01-22T12:02:27Z,midnight,47.283993,176.514645,51.001971,173.506312,21.5752667,-158.2733528,467.6662794444837
2855,1701,2012-01-23T00:10:23Z,noon,44.030814,174.463396,47.283993,176.514645,21.5752667,-158.2733528,395.2711725015943
2855,1702,2012-01-23T12:04:23.5Z,midnight,41.741309,175.961312,44.030814,174.463396,21.5752667,-158.2733528,282.308369627234
2855,1703,2012-01-24T00:02:39Z,noon,42.552443,176.331692,41.741309,175.961312,21.5752667,-158.2733528,95.22236584161107
2855,1704,2012-01-24T11:56:37Z,midnight,40.082626,177.840025,42.552443,176.331692,21.5752667,-158.2733528,302.12824552628683
2855,1705,2012-01-24T23:55:01.5Z,noon,40.87183,178.237942,40.082626,177.840025,21.5752667,-158.2733528,93.98793926304677
2855,1706,2012-01-25T11:59:41Z,midnight,43.540583,177.011251,40.87183,178.237942,21.5752667,-158.2733528,313.4701888864754
2855,1707,2012-01-25T23:54:24.5Z,noon,45.888634,178.330001,43.540583,177.011251,21.5752667,-158.2733528,281.10669111163304
2855,1708,2012-01-26T11:46:15.5Z,midnight,42.653313,-179.69163,45.888634,178.330001,21.5752667,-158.2733528,392.6915887340865
2855,1709,2012-01-26T23:41:22.5Z,noon,44.931469,-178.470797,42.653313,-179.69163,21.5752667,-158.2733528,271.60295790343093
2855,1710,2012-01-27T11:42:58.5Z,midnight,46.141143,-178.926909,44.931469,-178.470797,21.5752667,-158.2733528,139.12112720003788
2855,1711,2012-01-27T23:53:05Z,noon,41.337996,178.546008,46.141143,-178.926909,21.5752667,-158.2733528,571.2883222145698
2855,1712,2012-01-28T11:49:09.5Z,midnight,39.769235,179.474206,41.337996,178.546008,21.5752667,-158.2733528,191.25122302648307
2855,1713,2012-01-28T23:43:51.5Z,noon,42.537923,-179.200794,39.769235,179.474206,21.5752667,-158.2733528,327.22864588261456
2855,1714,2012-01-29T11:40:07.5Z,midnight,41.126075,-178.317417,42.537923,-179.200794,21.5752667,-158.2733528,173.20990938920443
2855,1715,2012-01-29T23:05:07.5Z,noon,46.126075,-169.567417,41.126075,-178.317417,21.5752667,-158.2733528,896.3749168062162
2855,1716,2012-01-30T10:48:00Z,midnight,50.053248,-165.332994,46.126075,-169.567417,21.5752667,-158.2733528,537.9585410970736
2855,1717,2012-01-30T22:53:45.5Z,noon,47.603259,-166.772578,50.053248,-165.332994,21.5752667,-158.2733528,292.08284008952916
2855,1718,2012-01-31T10:56:05.5Z,midnight,49.206767,-167.399579,47.603259,-166.772578,21.5752667,-158.2733528,184.20940504571004
2855,1719,2012-01-31T22:46:05Z,noon,53.167272,-164.897496,49.206767,-167.399579,21.5752667,-158.2733528,473.5816544768217
2855,1720,2012-02-01T10:39:30Z,midnight,51.241226,-163.292146,53.167272,-164.897496,21.5752667,-158.2733528,240.47433620546886
2855,1721,2012-02-01T22:38:00Z,noon,51.84139,-162.917146,51.241226,-163.292146,21.5752667,-158.2733528,71.59698804545619
2855,1722,2012-02-02T10:13:30Z,midnight,46.84139,-156.829422,51.84139,-162.917146,21.5752667,-158.2733528,709.1558717428579
2855,1723,2012-02-02T22:07:00Z,noon,44.171638,-155.204422,46.84139,-156.829422,21.5752667,-158.2733528,322.72470951873424
2855,1724,2012-02-03T10:13:00Z,midnight,47.87169,-156.738471,44.171638,-155.204422,21.5752667,-158.2733528,428.11322911239347
2855,1725,2012-02-03T21:35:00Z,noon,52.87169,-147.238471,47.87169,-156.738471,21.5752667,-158.2733528,872.2820728144582
2855,1726,2012-02-04T09:26:30Z,midnight,57.87169,-145.144279,52.87169,-147.238471,21.5752667,-158.2733528,571.4326444142744
2855,1727,2012-02-04T22:02:00Z,noon,52.87169,-154.019279,57.87169,-145.144279,21.5752667,-158.2733528,788.4810079903067
2855,1728,2012-02-05T10:09:30Z,midnight,49.975009,-155.921833,52.87169,-154.019279,21.5752667,-158.2733528,348.03150144367976
2855,1729,2012-02-05T21:34:30Z,noon,54.975009,-147.171833,49.975009,-155.921833,21.5752667,-158.2733528,811.5032184084936
2855,1730,2012-02-06T09:20:30Z,midnight,58.90517,-143.696125,54.975009,-147.171833,21.5752667,-158.2733528,485.0573955245794
2855,1731,2012-02-06T21:55:00Z,noon,53.90517,-152.321125,58.90517,-143.696125,21.5752667,-158.2733528,767.4288351779942
2855,1732,2012-02-07T10:04:00Z,midnight,49.261141,-154.592151,53.90517,-152.321125,21.5752667,-158.2733528,539.632787702305
2855,1733,2012-02-07T21:24:00Z,noon,54.261141,-144.592151,49.261141,-154.592151,21.5752667,-158.2733528,883.3319927831442
2855,1734,2012-02-08T09:03:30Z,midnight,58.374767,-139.48491,54.261141,-144.592151,21.5752667,-158.2733528,555.0171319413705
2855,1735,2012-02-08T20:39:00Z,noon,63.374767,-133.35991,58.374767,-139.48491,21.5752667,-158.2733528,646.6605297985539
2855,1736,2012-02-09T08:53:00Z,midnight,68.374767,-136.874403,63.374767,-133.35991,21.5752667,-158.2733528,578.2355563437791
2855,1737,2012-02-09T21:43:00Z,noon,63.374767,-149.374403,68.374767,-136.874403,21.5752667,-158.2733528,792.1690690180072
2855,1738,2012-02-10T09:22:30Z,midnight,58.374767,-144.260638,63.374767,-149.374403,21.5752667,-158.2733528,620.6023059447267
2855,1739,2012-02-10T21:16:00Z,noon,53.374767,-142.635638,58.374767,-144.260638,21.5752667,-158.2733528,565.096271017142
2855,1740,2012-02-11T09:09:30Z,midnight,48.374767,-141.018624,53.374767,-142.635638,21.5752667,-158.2733528,567.3932145386211
2855,1741,2012-02-11T21:01:00Z,noon,50.517378,-138.893624,48.374767,-141.018624,21.5752667,-158.2733528,283.4561946800761
2855,1742,2012-02-12T09:04:30Z,midnight,53.32859,-139.773374,50.517378,-138.893624,21.5752667,-158.2733528,318.354248901797
2855,1743,2012-02-12T19:49:00Z,noon,58.32859,-124.773374,53.32859,-139.773374,21.5752667,-158.2733528,1085.881250055069
2855,1744,2012-02-13T07:59:15Z,midnight,63.32859,-123.462405,58.32859,-124.773374,21.5752667,-158.2733528,560.4659935585971
2855,1745,2012-02-13T21:24:19.5Z,noon,58.32859,-138.462405,63.32859,-123.462405,21.5752667,-158.2733528,981.1881498790891
2855,1746,2012-02-14T09:19:19.5Z,midnight,53.32859,-143.479488,58.32859,-138.462405,21.5752667,-158.2733528,637.7928382027113
2855,1747,2012-02-14T21:24:45.5Z,noon,49.750571,-144.837821,53.32859,-143.479488,21.5752667,-158.2733528,408.7775908204884
2855,1748,2012-02-15T09:18:55.5Z,midnight,46.8468,-143.374645,49.750571,-144.837821,21.5752667,-158.2733528,340.5242785340531
2855,1749,2012-02-15T21:18:01.5Z,noon,47.496347,-143.149645,46.8468,-143.374645,21.5752667,-158.2733528,74.2017465172975
2855,1750,2012-02-16T09:16:39Z,midnight,47.618613,-142.797906,47.496347,-143.149645,21.5752667,-158.2733528,29.690053048016793
2855,1751,2012-02-16T21:19:29.5Z,noon,45.442095,-143.508322,47.618613,-142.797906,21.5752667,-158.2733528,248.04136576672335
2855,1752,2012-02-17T09:17:07Z,midnight,44.663105,-142.903465,45.442095,-143.508322,21.5752667,-158.2733528,98.79488805976672
2855,1753,2012-02-17T21:15:02Z,noon,46.376896,-142.382632,44.663105,-142.903465,21.5752667,-158.2733528,194.83591432054962
2855,1754,2012-02-18T09:09:32Z,midnight,42.856755,-140.993442,46.376896,-142.382632,21.5752667,-158.2733528,406.55384905597066
2855,1755,2012-02-18T21:02:45Z,noon,47.856755,-139.297609,42.856755,-140.993442,21.5752667,-158.2733528,571.5061342898861
2855,1756,2012-02-19T09:06:51Z,midnight,52.856755,-140.305373,47.856755,-139.297609,21.5752667,-158.2733528,560.5369246590445
2855,1757,2012-02-19T21:14:39Z,noon,47.856755,-142.255373,52.856755,-140.305373,21.5752667,-158.2733528,572.8691467191677
2855,1758,2012-02-20T09:12:48Z,midnight,46.619091,-141.772632,47.856755,-142.255373,21.5752667,-158.2733528,142.36509273429698
2855,1759,2012-02-21T21:14:44Z,noon,44.52632,-142.232763,46.619091,-141.772632,21.5752667,-158.2733528,235.44424267141972
2855,1760,2012-02-22T09:38:25.5Z,midnight,49.52632,-148.129562,44.52632,-142.232763,21.5752667,-158.2733528,712.897742910252
2855,1761,2012-02-22T21:49:40Z,noon,54.52632,-150.939979,49.52632,-148.129562,21.5752667,-158.2733528,588.1641773038052
2855,1762,2012-02-23T09:43:21Z,midnight,53.555298,-149.33183,54.52632,-150.939979,21.5752667,-158.2733528,150.6041358670839
2855,1763,2012-02-24T10:06:08Z,midnight,57.632427,-154.99587,53.555298,-149.33183,21.5752667,-158.2733528,575.9479600977944
2855,1764,2012-02-26T10:32:50Z,midnight,57.742476,-161.599074,57.632427,-154.99587,21.5752667,-158.2733528,392.5153686244068
2855,1765,2012-02-27T22:39:56Z,noon,56.612911,-163.334191,57.742476,-161.599074,21.5752667,-158.2733528,163.428730515341
2855,1766,2012-02-28T10:39:43.5Z,midnight,58.906755,-163.239654,56.612911,-163.334191,21.5752667,-158.2733528,255.1253847821859
2855,1767,2012-02-29T22:30:21Z,noon,63.906755,-160.850946,58.906755,-163.239654,21.5752667,-158.2733528,570.2204312374179
2855,1768,2012-03-01T10:44:00Z,midnight,68.906755,-164.216054,63.906755,-160.850946,21.5752667,-158.2733528,575.5807900755632
2855,1769,2012-03-01T22:53:00Z,noon,70.0,-166.466054,68.906755,-164.216054,21.5752667,-158.2733528,149.93958446584844
2855,1770,2012-03-02T10:50:30Z,midnight,70.0,-165.791298,70.0,-166.466054,21.5752667,-158.2733528,25.661450218226506
2855,1771,2012-03-02T22:36:30Z,noon,70.0,-162.291298,70.0,-165.791298,21.5752667,-158.2733528,133.08989163513172
2855,1772,2012-03-03T10:24:30Z,midnight,70.0,-159.239254,70.0,-162.291298,21.5752667,-158.2733528,116.05987681779267
2855,1773,2012-03-03T22:14:30Z,noon,70.0,-156.739254,70.0,-159.239254,21.5752667,-158.2733528,95.0706018988941
2855,1774,2012-03-04T10:10:30Z,midnight,70.0,-155.684999,70.0,-156.739254,21.5752667,-158.2733528,40.0937720387627
2855,1800,2012-04-01T08:45:00Z,midnight,7.245407,-132.254763,70.0,-155.684999,21.5752667,-158.2733528,7176.903963946539
2855,1801,2012-04-01T20:55:30Z,noon,12.245407,-134.879763,7.245407,-132.254763,21.5752667,-158.2733528,625.9448088402115
2855,1802,2012-04-03T22:09:00Z,noon,17.245407,-149.879763,12.245407,-134.879763,21.5752667,-158.2733528,1705.2531082999199
2855,1803,2012-04-04T10:19:00Z,midnight,12.245407,-155.520837,17.245407,-149.879763,21.5752667,-158.2733528,822.6609207503398
2855,1804,2012-04-04T22:16:30Z,noon,7.245407,-154.895837,12.245407,-155.520837,21.5752667,-158.2733528,560.1749488416078
2855,1805,2012-04-05T10:21:00Z,midnight,2.245407,-155.94433,7.245407,-154.895837,21.5752667,-158.2733528,567.9776140849028
2855,1806,2012-04-05T22:18:30Z,noon,-2.754593,-155.31933,2.245407,-155.94433,21.5752667,-158.2733528,560.2985285351326
2855,1807,2012-04-06T09:55:30Z,midnight,2.245407,-149.493708,-2.754593,-155.31933,21.5752667,-158.2733528,853.4937238023294
2855,1808,2012-04-06T21:33:30Z,noon,-2.754593,-143.993708,2.245407,-149.493708,21.5752667,-158.2733528,826.3675906571307
2855,1809,2012-04-07T09:17:00Z,midnight,2.245407,-139.794059,-2.754593,-143.993708,21.5752667,-158.2733528,725.9718062239094
2855,1810,2012-04-07T21:08:30Z,noon,7.245407,-137.669059,2.245407,-139.794059,21.5752667,-158.2733528,603.7568254119433
2855,1811,2012-04-08T09:18:30Z,midnight,2.245407,-140.095469,7.245407,-137.669059,21.5752667,-158.2733528,617.5412025565746
2855,1812,2012-04-08T21:24:30Z,noon,-0.539799,-141.595469,2.245407,-140.095469,21.5752667,-158.2733528,351.7422756932019
2855,1813,2012-04-09T09:18:00Z,midnight,4.460201,-139.898022,-0.539799,-141.595469,21.5752667,-158.2733528,587.0852234335553
2855,1814,2012-04-09T21:13:30Z,noon,3.093929,-138.773022,4.460201,-139.898022,21.5752667,-158.2733528,196.62242032840618
2855,1815,2012-04-10T09:10:30Z,midnight,7.847977,-137.951802,3.093929,-138.773022,21.5752667,-158.2733528,536.3798264886361
2855,1816,2012-04-10T21:19:00Z,noon,12.847977,-140.076802,7.847977,-137.951802,21.5752667,-158.2733528,602.5786211121941
2855,1817,2012-04-11T09:31:00Z,midnight,7.847977,-143.00689,12.847977,-140.076802,21.5752667,-158.2733528,641.6876372316767
2855,1818,2012-04-11T21:45:30Z,noon,12.847977,-146.63189,7.847977,-143.00689,21.5752667,-158.2733528,682.8094620902451
2855,1819,2012-04-12T09:50:00Z,midnight,16.077137,-147.688363,12.847977,-146.63189,21.5752667,-158.2733528,376.6482206950613
2855,1820,2012-04-12T21:45:45Z,noon,11.077137,-146.625863,16.077137,-147.688363,21.5752667,-158.2733528,567.7031414554326
2855,1821,2012-04-13T09:53:31Z,midnight,6.077137,-148.500465,11.077137,-146.625863,21.5752667,-158.2733528,592.9268763362373
2855,1822,2012-04-13T21:53:03.5Z,noon,1.077137,-148.385882,6.077137,-148.500465,21.5752667,-158.2733528,556.1199432925092
2855,1823,2012-04-14T09:28:44Z,midnight,6.077137,-142.239104,1.077137,-148.385882,21.5752667,-158.2733528,879.856764482708
2855,1824,2012-04-14T21:34:24Z,noon,11.077137,-143.655771,6.077137,-142.239104,21.5752667,-158.2733528,577.3680492645815
2855,1825,2012-04-16T10:05:38Z,midnight,11.849937,-151.337944,11.077137,-143.655771,21.5752667,-158.2733528,841.5450302232679
2855,1826,2012-04-16T22:14:40Z,noon,16.849937,-153.596278,11.849937,-151.337944,21.5752667,-158.2733528,606.8342296294775
2855,1827,2012-04-17T10:11:17.5Z,midnight,21.849937,-152.692032,16.849937,-153.596278,21.5752667,-158.2733528,564.003423807598
2855,1828,2012-04-17T22:01:23Z,noon,16.849937,-150.214949,21.849937,-152.692032,21.5752667,-158.2733528,613.6657261872008
2855,1829,2012-04-18T09:54:17.5Z,midnight,21.04928,-148.383346,16.849937,-150.214949,21.5752667,-158.2733528,505.094705545876
2855,1830,2012-04-18T22:13:06.5Z,noon,26.04928,-153.087513,21.04928,-148.383346,21.5752667,-158.2733528,734.0254372129444
2855,1831,2012-04-19T10:15:08Z,midnight,31.04928,-153.536948,26.04928,-153.087513,21.5752667,-158.2733528,557.7029122204009
2855,1832,2012-04-19T22:16:19Z,noon,34.547887,-153.832782,31.04928,-153.536948,21.5752667,-158.2733528,390.00811039111596
2855,1833,2012-04-20T10:08:15.5Z,midnight,38.682528,-151.763314,34.547887,-153.832782,21.5752667,-158.2733528,495.4248273668679
2855,1834,2012-04-20T19:28:00Z,noon,33.682528,-136.763314,38.682528,-151.763314,21.5752667,-158.2733528,1454.2603598218163
2855,1835,2012-04-21T07:32:00Z,midnight,28.682528,-121.763314,33.682528,-136.763314,21.5752667,-158.2733528,1529.5211350376576
2855,1836,2012-04-21T22:10:07.5Z,noon,33.682528,-136.763314,28.682528,-121.763314,21.5752667,-158.2733528,1529.5211350376576
2855,1837,2012-04-22T10:09:05Z,midnight,34.444313,-151.763314,33.682528,-136.763314,21.5752667,-158.2733528,1383.0671043793425
2855,1838,2012-04-22T22:10:36Z,noon,35.346069,-152.244977,34.444313,-151.763314,21.5752667,-158.2733528,109.47071443912499
2855,1839,2012-04-23T10:03:33.5Z,midnight,38.586297,-150.435794,35.346069,-152.244977,21.5752667,-158.2733528,394.4997875217831
2855,1840,2012-04-23T21:50:25Z,noon,33.586297,-147.150378,38.586297,-150.435794,21.5752667,-158.2733528,629.3769332821148
2855,1841,2012-04-24T09:35:25Z,midnight,38.586297,-143.35375,33.586297,-147.150378,21.5752667,-158.2733528,652.1464574055245
2855,1842,2012-04-24T21:03:21Z,noon,33.586297,-135.337083,38.586297,-143.35375,21.5752667,-158.2733528,909.3423967111694
2855,1843,2012-04-25T08:53:00.5Z,midnight,28.586297,-132.707222,33.586297,-135.337083,21.5752667,-158.2733528,609.7030067149987
2855,1844,2012-04-25T21:06:59Z,noon,33.586297,-136.200972,28.586297,-132.707222,21.5752667,-158.2733528,647.7954368541706
2855,1845,2012-04-26T08:46:46Z,midnight,38.586297,-131.104585,33.586297,-136.200972,21.5752667,-158.2733528,720.0299972658369
2855,1846,2012-04-26T20:34:11.5Z,noon,37.691851,-127.960835,38.586297,-131.104585,21.5752667,-158.2733528,292.35730048572935
2855,1847,2012-04-27T08:34:11.5Z,midnight,37.133527,-127.920878,37.691851,-127.960835,21.5752667,-158.2733528,62.183013343192684
2855,1848,2012-04-27T20:18:21.5Z,noon,32.133527,-123.962544,37.133527,-127.920878,21.5752667,-158.2733528,663.3583449471143
2855,1849,2012-04-28T08:24:25Z,midnight,27.133527,-125.439468,32.133527,-123.962544,21.5752667,-158.2733528,573.9848499619116
2855,1850,2012-04-28T20:39:25Z,noon,32.133527,-129.189468,27.133527,-125.439468,21.5752667,-158.2733528,663.5482993927162
2855,1851,2012-04-29T09:03:48Z,midnight,27.133527,-135.249972,32.133527,-129.189468,21.5752667,-158.2733528,807.2852944756387
2855,1852,2012-04-29T21:19:38Z,noon,27.462177,-139.208305,27.133527,-135.249972,21.5752667,-158.2733528,392.81561891702245
2855,1853,2012-04-30T09:46:00.5Z,midnight,22.462177,-145.769084,27.462177,-139.208305,21.5752667,-158.2733528,863.7042054333864
2855,1854,2012-04-30T22:04:55.5Z,noon,22.086887,-150.498251,22.462177,-145.769084,21.5752667,-158.2733528,488.38379609309777
2855,1855,2012-05-01T10:13:30Z,midnight,17.086887,-152.611414,22.086887,-150.498251,21.5752667,-158.2733528,598.3908595702876
2855,1856,2012-05-01T22:24:30Z,noon,22.086887,-155.361414,17.086887,-152.611414,21.5752667,-158.2733528,626.1229991484958
2855,1857,2012-05-02T10:21:00Z,midnight,25.183086,-154.458233,22.086887,-155.361414,21.5752667,-158.2733528,356.3586317697238
2855,1858,2012-05-02T22:06:30Z,noon,20.183086,-150.833233,25.183086,-154.458233,21.5752667,-158.2733528,668.7897397681165
2855,1859,2012-05-03T09:53:30Z,midnight,23.838997,-147.557478,20.183086,-150.833233,21.5752667,-158.2733528,528.4272554100111
2855,1860,2012-05-03T21:58:30Z,noon,26.898546,-148.807478,23.838997,-147.557478,21.5752667,-158.2733528,362.63878690335247
2855,1861,2012-05-04T10:11:30Z,midnight,21.898546,-152.034163,26.898546,-148.807478,21.5752667,-158.2733528,644.793128966666
2855,1862,2012-05-04T22:09:00Z,noon,16.898546,-151.409163,21.898546,-152.034163,21.5752667,-158.2733528,559.8223414916077
2855,1863,2012-05-05T10:08:00Z,midnight,16.810799,-151.138302,16.898546,-151.409163,21.5752667,-158.2733528,30.431162706250454
2855,1864,2012-05-05T22:19:30Z,noon,21.810799,-154.013302,16.810799,-151.138302,21.5752667,-158.2733528,632.4944355620809
2855,1865,2012-05-06T10:29:00Z,midnight,17.894468,-156.369902,21.810799,-154.013302,21.5752667,-158.2733528,500.3522180733041
2855,1866,2012-05-06T22:43:30Z,noon,22.894468,-159.994902,17.894468,-156.369902,21.5752667,-158.2733528,672.0995120123033
2855,1867,2012-05-07T10:48:30Z,midnight,23.605914,-161.228969,22.894468,-159.994902,21.5752667,-158.2733528,148.84070999368882
2855,1868,2012-05-07T23:03:30Z,noon,28.605914,-164.978969,23.605914,-161.228969,21.5752667,-158.2733528,670.1875699244697
2855,1869,2012-05-08T11:09:30Z,midnight,28.280253,-166.465506,28.605914,-164.978969,21.5752667,-158.2733528,149.78456919731542
2855,1870,2012-05-08T23:15:30Z,noon,31.304221,-167.965506,28.280253,-166.465506,21.5752667,-158.2733528,366.06831024812834
2855,1871,2012-05-09T11:04:30Z,midnight,35.846214,-165.204511,31.304221,-167.965506,21.5752667,-158.2733528,566.0528471329533
2855,1872,2012-05-09T23:09:30Z,noon,37.8509,-166.454511,35.846214,-165.204511,21.5752667,-158.2733528,249.11228124028767
2855,1873,2012-05-10T11:09:30Z,midnight,37.461288,-166.445979,37.8509,-166.454511,21.5752667,-158.2733528,43.32938803693188
2855,1874,2012-05-10T23:04:30Z,noon,35.461059,-165.195979,37.461288,-166.445979,21.5752667,-158.2733528,248.9204382877833
2855,1875,2012-05-11T10:59:00Z,midnight,37.275786,-163.814903,35.461059,-165.195979,21.5752667,-158.2733528,236.65570499717853
2855,1876,2012-05-11T22:58:00Z,noon,36.88978,-163.564903,37.275786,-163.814903,21.5752667,-158.2733528,48.31250377599673
2855,1877,2012-05-12T10:54:00Z,midnight,38.034832,-162.561272,36.88978,-163.564903,21.5752667,-158.2733528,155.1043008256063
2855,1878,2012-05-12T22:53:29.5Z,noon,37.847195,-162.434188,38.034832,-162.561272,21.5752667,-158.2733528,23.654085156314977
2855,1879,2012-05-13T10:53:23Z,midnight,37.530131,-162.405903,37.847195,-162.434188,21.5752667,-158.2733528,35.343650402945116
2855,1880,2012-05-13T22:54:21Z,noon,37.884846,-162.64757,37.530131,-162.405903,21.5752667,-158.2733528,44.80717681758426
2855,1881,2012-05-14T11:03:34Z,midnight,33.976378,-164.952947,37.884846,-162.64757,21.5752667,-158.2733528,481.58002228586435
2855,1882,2012-05-14T23:08:37Z,noon,35.979946,-166.215447,33.976378,-164.952947,21.5752667,-158.2733528,250.7217338890475
2855,1883,2012-05-15T10:39:17.5Z,midnight,40.979946,-158.887798,35.979946,-166.215447,21.5752667,-158.2733528,845.5711939763555
2855,1884,2012-05-15T22:51:14Z,noon,45.979946,-161.873214,40.979946,-158.887798,21.5752667,-158.2733528,605.7947836853358
2855,1885,2012-05-16T10:49:59Z,midnight,47.931838,-161.566682,45.979946,-161.873214,21.5752667,-158.2733528,218.28329930902746
2855,1886,2012-05-16T23:02:51.5Z,noon,50.621294,-164.785432,47.931838,-161.566682,21.5752667,-158.2733528,379.3387817479534
2855,1887,2012-05-17T11:01:43.5Z,midnight,50.533917,-164.510404,50.621294,-164.785432,21.5752667,-158.2733528,21.715174963751984
2855,1888,2012-05-17T22:57:13.5Z,noon,49.649885,-163.385404,50.533917,-164.510404,21.5752667,-158.2733528,126.89749058862424
2855,1889,2012-05-18T10:53:21.5Z,midnight,50.115616,-162.429352,49.649885,-163.385404,21.5752667,-158.2733528,85.87167655223293
2855,1890,2012-05-18T22:34:34Z,noon,46.049018,-157.731436,50.115616,-162.429352,21.5752667,-158.2733528,570.9490521021942
2855,1891,2012-05-19T10:32:07Z,midnight,46.336758,-157.131824,46.049018,-157.731436,21.5752667,-158.2733528,56.159045683355984
2855,1892,2012-05-19T22:30:24.5Z,noon,45.931317,-156.704741,46.336758,-157.131824,21.5752667,-158.2733528,55.816236388998696
2855,1893,2012-05-20T10:39:34.5Z,midnight,43.319182,-159.011534,45.931317,-156.704741,21.5752667,-158.2733528,343.0266822228971
2855,1894,2012-05-20T22:39:09.5Z,noon,43.207314,-158.907367,43.319182,-159.011534,21.5752667,-158.2733528,15.029232033260897
2855,1895,2012-05-21T10:23:53.5Z,midnight,46.688193,-155.108025,43.207314,-158.907367,21.5752667,-158.2733528,488.96678208032137
2855,1896,2012-05-21T22:39:14Z,noon,49.84691,-158.943441,46.688193,-155.108025,21.5752667,-158.2733528,451.4891726569631
2855,1897,2012-05-22T11:03:21.5Z,midnight,44.84691,-164.99417,49.84691,-158.943441,21.5752667,-158.2733528,718.4848827602962
2855,1898,2012-05-22T22:48:21.5Z,noon,40.243878,-161.24417,44.84691,-164.99417,21.5752667,-158.2733528,596.7878025345407
2855,1899,2012-05-23T10:52:33Z,midnight,38.703673,-162.313675,40.243878,-161.24417,21.5752667,-158.2733528,194.3100975425826
2855,1900,2012-05-23T22:58:07.5Z,noon,40.39233,-163.707425,38.703673,-162.313675,21.5752667,-158.2733528,222.56445636874187
2855,1901,2012-05-24T11:01:25Z,midnight,39.158406,-164.55399,40.39233,-163.707425,21.5752667,-158.2733528,155.10957376312587
2855,1902,2012-05-24T23:16:36Z,noon,43.393099,-168.349823,39.158406,-164.55399,21.5752667,-158.2733528,567.6078310601582
2855,1903,2012-05-25T11:20:12Z,midnight,42.214017,-169.27548,43.393099,-168.349823,21.5752667,-158.2733528,151.29895147163606
2855,1904,2012-05-25T23:07:20.5Z,noon,38.5268,-166.060897,42.214017,-169.27548,21.5752667,-158.2733528,492.1108317302628
2855,1905,2012-05-26T10:58:28Z,midnight,40.897532,-163.869759,38.5268,-166.060897,21.5752667,-158.2733528,323.42451481935626
2855,1906,2012-05-26T22:46:14Z,noon,37.239437,-160.811426,40.897532,-163.869759,21.5752667,-158.2733528,484.85995399957346
2855,1907,2012-05-27T10:45:52Z,midnight,37.13598,-160.74927,37.239437,-160.811426,21.5752667,-158.2733528,12.753674904408081
2855,1908,2012-05-27T22:46:02Z,noon,37.189085,-160.790937,37.13598,-160.74927,21.5752667,-158.2733528,6.964340393448354
2855,1909,2012-05-28T10:45:47.5Z,midnight,37.054269,-160.76187,37.189085,-160.790937,21.5752667,-158.2733528,15.210764604114804
2855,1910,2012-05-28T22:46:05.5Z,noon,37.149231,-160.83687,37.054269,-160.76187,21.5752667,-158.2733528,12.479569605058478
2855,1911,2012-05-29T10:49:19Z,midnight,35.910017,-161.676246,37.149231,-160.83687,21.5752667,-158.2733528,156.88042493324775
2855,1912,2012-05-29T22:54:53.5Z,noon,37.678649,-163.069996,35.910017,-161.676246,21.5752667,-158.2733528,232.53982299175723
2855,1913,2012-05-30T10:54:00Z,midnight,37.756906,-162.88192,37.678649,-163.069996,21.5752667,-158.2733528,18.69199025685236
2855,1914,2012-05-30T22:53:47.5Z,noon,37.693503,-162.829836,37.756906,-162.88192,21.5752667,-158.2733528,8.407583753931533
2855,1915,2012-05-31T10:49:56.5Z,midnight,38.655307,-161.903823,37.693503,-162.829836,21.5752667,-158.2733528,134.12553637537846
2855,1916,2012-05-31T22:49:41.5Z,noon,38.582308,-161.841323,38.655307,-161.903823,21.5752667,-158.2733528,9.76582660390718
2855,1917,2012-06-01T11:04:30Z,midnight,33.70209,-165.581471,38.582308,-161.841323,21.5752667,-158.2733528,638.0276877434335
2855,1918,2012-06-01T23:08:00Z,noon,34.884276,-166.456471,33.70209,-165.581471,21.5752667,-158.2733528,154.07993382409694
