Tag,Point number,datetime,type,latitude,longitude
5,1,2014-06-25T22:24:23Z,noon,21.214705,-156.679724
5,2,2014-06-26T10:24:02Z,midnight,21.402426,-156.643481
5,3,2014-06-26T22:37:03Z,noon,26.402426,-159.897647
5,4,2014-06-27T10:46:24.5Z,midnight,23.132138,-162.287919
5,5,2014-06-27T22:51:53Z,noon,25.578923,-163.656669
5,6,2014-06-28T10:47:26.5Z,midnight,27.518704,-162.596284
5,7,2014-06-28T22:49:10.5Z,noon,28.238697,-163.029617
5,8,2014-06-29T10:49:43Z,midnight,28.065329,-163.214317
5,9,2014-06-29T22:45:46Z,noon,26.396832,-162.226817
5,10,2014-06-30T10:50:05.5Z,midnight,24.551847,-163.356516
5,11,2014-06-30T22:55:17Z,noon,26.82483,-164.654432
5,12,2014-07-01T10:52:00Z,midnight,28.272676,-163.881125
5,13,2014-07-01T22:56:30Z,noon,30.098753,-165.006125
5,14,2014-07-02T11:04:00Z,midnight,27.082345,-166.927642
5,15,2014-07-02T23:11:00Z,noon,29.976337,-168.677642
5,16,2014-07-03T11:03:00Z,midnight,33.134053,-166.723065
5,17,2014-07-03T23:01:00Z,noon,32.389343,-166.223065
5,18,2014-07-04T11:05:00Z,midnight,30.947287,-167.26731
5,19,2014-07-04T23:12:00Z,noon,33.598599,-169.01731
5,20,2014-07-05T11:16:30Z,midnight,32.020593,-170.185296
5,21,2014-07-05T23:14:00Z,noon,31.05001,-169.560296
5,22,2014-07-06T11:09:30Z,midnight,32.893293,-168.476941
5,23,2014-07-06T23:05:30Z,noon,31.357727,-167.476941
5,24,2014-07-07T11:11:30Z,midnight,29.047928,-169.017165
5,25,2014-07-07T23:20:00Z,noon,32.446887,-171.142165
5,26,2014-07-08T11:18:30Z,midnight,33.147955,-170.805892
5,27,2014-07-08T23:18:30Z,noon,33.147955,-170.805892
5,28,2014-07-09T11:13:30Z,midnight,35.128107,-169.593046
5,29,2014-07-09T23:17:00Z,noon,36.357524,-170.468046
5,30,2014-07-10T11:22:00Z,midnight,34.738696,-171.753553
5,31,2014-07-10T23:15:00Z,noon,32.087951,-170.003553
5,32,2014-07-11T11:10:00Z,midnight,34.161496,-168.787342
5,33,2014-07-11T23:21:30Z,noon,38.19258,-171.662342
5,34,2014-07-12T11:28:30Z,midnight,35.972385,-173.444343
5,35,2014-07-12T23:30:34.5Z,noon,36.702209,-173.963093
5,36,2014-07-13T11:28:54.5Z,midnight,37.459702,-173.576571
5,37,2014-07-13T23:14:58Z,noon,32.459702,-170.091154
5,38,2014-07-14T11:10:58Z,midnight,34.052331,-169.119378
5,39,2014-07-14T23:20:48.5Z,noon,37.618468,-171.579795
5,40,2014-07-15T11:24:23.5Z,midnight,36.566191,-172.501869
5,41,2014-07-15T23:30:07.5Z,noon,38.549614,-173.935203
5,42,2014-07-16T11:34:34Z,midnight,37.235532,-175.069817
5,43,2014-07-16T23:43:59.5Z,noon,40.38542,-177.426067
5,44,2014-07-17T11:43:25Z,midnight,40.791655,-177.304413
5,45,2014-07-17T23:32:35Z,noon,37.160547,-174.59608
5,46,2014-07-18T11:39:18Z,midnight,34.89399,-176.295186
5,47,2014-07-18T23:46:52Z,noon,37.693186,-178.186853
5,48,2014-07-19T11:50:22Z,midnight,36.667428,-179.079584
5,49,2014-07-19T23:53:20Z,noon,37.744405,-179.821251
5,50,2014-07-20T11:48:41.5Z,midnight,39.6087,-178.676307
5,51,2014-07-20T23:57:09.5Z,noon,42.330225,179.207027
5,52,2014-07-21T11:53:43Z,midnight,43.625314,-179.945725
5,53,2014-07-21T23:35:55Z,noon,38.625314,-175.495725
5,54,2014-07-22T11:38:47Z,midnight,37.014081,-176.22321
5,55,2014-07-22T23:56:03.5Z,noon,42.014081,179.45804
5,56,2014-07-23T11:52:25Z,midnight,44.260292,-179.639972
5,57,2014-07-23T23:53:08.5Z,noon,44.471028,-179.821222
5,58,2014-07-24T11:56:47Z,midnight,43.689585,179.26236
5,59,2014-07-24T23:56:47Z,noon,43.689585,179.26236
5,60,2014-07-25T11:56:33Z,midnight,44.066963,179.317155
5,61,2014-07-26T00:02:41Z,noon,45.848396,177.782777
5,62,2014-07-26T12:07:08Z,midnight,44.886842,176.670277
5,63,2014-07-27T00:09:37.5Z,noon,45.611224,176.048839
5,64,2014-07-27T12:09:37.5Z,midnight,45.938518,176.048839
5,65,2014-07-28T00:12:08Z,noon,46.644375,175.425782
5,66,2014-07-28T12:13:31Z,midnight,46.595376,175.079949
5,67,2014-07-29T00:12:14Z,noon,46.231065,175.407379
5,68,2014-07-29T12:23:11Z,midnight,43.214891,172.669879
5,69,2014-07-30T00:29:44Z,noon,45.285032,171.041565
5,70,2014-07-30T12:31:37.5Z,midnight,45.066319,170.568648
5,71,2014-07-31T00:37:40Z,noon,46.867344,169.070022
5,72,2014-07-31T12:30:59.5Z,midnight,49.064908,170.738772
5,73,2014-08-01T00:17:03Z,noon,45.055821,174.238595
5,74,2014-08-01T12:11:30Z,midnight,47.122841,175.626095
5,75,2014-08-02T00:17:00Z,noon,48.671908,174.268128
5,76,2014-08-02T12:17:30Z,midnight,48.925803,174.143128
5,77,2014-08-03T00:18:00Z,noon,49.061654,174.037791
5,78,2014-08-03T12:18:30Z,midnight,49.32673,173.912791
5,79,2014-08-04T00:14:30Z,noon,48.209131,174.935087
5,80,2014-08-04T12:18:00Z,midnight,47.597084,174.060087
5,81,2014-08-05T00:09:30Z,noon,44.884939,176.210014
5,82,2014-08-05T12:06:00Z,midnight,46.472325,177.085014
5,83,2014-08-05T23:59:30Z,noon,44.281437,178.710014
5,84,2014-08-06T11:48:00Z,midnight,48.466229,-178.387432
5,85,2014-08-06T23:28:00Z,noon,43.466229,-173.387432
5,86,2014-08-07T11:17:30Z,midnight,45.881207,-170.732259
5,87,2014-08-07T23:21:30Z,noon,47.211111,-171.732259
5,88,2014-08-08T11:16:30Z,midnight,49.233453,-170.44948
5,89,2014-08-08T23:07:30Z,noon,46.352446,-168.19948
5,90,2014-08-09T11:03:00Z,midnight,48.321366,-167.039109
5,91,2014-08-09T22:58:00Z,noon,46.665554,-165.789109
5,92,2014-08-10T11:04:00Z,midnight,45.008707,-167.251164
5,93,2014-08-10T23:03:30Z,noon,44.820068,-167.126164
5,94,2014-08-11T11:06:30Z,midnight,44.173491,-167.835668
5,95,2014-08-11T23:02:30Z,noon,42.536922,-166.835668
5,96,2014-08-12T10:57:00Z,midnight,45.291891,-165.417646
5,97,2014-08-12T23:01:27Z,noon,46.954379,-166.530146
5,98,2014-08-13T11:02:14Z,midnight,47.21313,-166.680458
5,99,2014-08-13T22:52:48Z,noon,43.502698,-164.322125
5,100,2014-08-14T10:49:23.5Z,midnight,45.471084,-163.422055
5,101,2014-08-14T22:54:13.5Z,noon,47.333627,-164.630388
5,102,2014-08-15T11:04:16Z,midnight,43.871632,-167.090387
5,103,2014-08-15T22:50:47.5Z,noon,38.871632,-163.721637
5,104,2014-08-16T10:45:17.5Z,midnight,40.738916,-162.293826
5,105,2014-08-16T23:01:20Z,noon,45.738916,-166.304243
5,106,2014-08-17T11:11:00Z,midnight,44.376383,-168.665748
5,107,2014-08-17T23:10:35Z,noon,44.188962,-168.561581
5,108,2014-08-18T11:21:44.5Z,midnight,39.24993,-171.293696
5,109,2014-08-18T23:29:27Z,noon,43.217411,-173.220779
5,110,2014-08-19T11:22:53.5Z,midnight,46.836219,-171.521468
5,111,2014-08-19T23:22:45.5Z,noon,46.779392,-171.488135
5,112,2014-08-20T11:24:04.5Z,midnight,46.880412,-171.755366
5,113,2014-08-20T23:25:18.5Z,noon,47.4119,-172.063699
5,114,2014-08-21T11:21:28.5Z,midnight,49.668944,-171.041276
5,115,2014-08-21T23:19:07.5Z,noon,48.719573,-170.453776
5,116,2014-08-22T11:35:45Z,midnight,43.719573,-174.543838
5,117,2014-08-22T23:47:29.5Z,noon,47.319574,-177.479255
5,118,2014-08-23T11:53:18.5Z,midnight,45.281277,-178.865196
5,119,2014-08-23T23:53:01Z,noon,45.133743,-178.79228
5,120,2014-08-24T12:19:24.5Z,midnight,40.133743,174.680004
5,121,2014-08-25T00:14:54Z,noon,35.133743,175.879198
5,122,2014-08-25T11:58:14Z,midnight,38.293834,-179.954135
5,123,2014-08-26T00:02:47.5Z,noon,41.263294,178.980234
5,124,2014-08-26T11:59:25Z,midnight,44.099874,179.823984
5,125,2014-08-27T00:00:16Z,noon,44.585166,179.687209
5,126,2014-08-27T11:58:06Z,midnight,46.623597,-179.771124
5,127,2014-08-28T00:04:17.5Z,noon,49.735985,178.758382
5,128,2014-08-28T12:21:30Z,midnight,44.735985,174.456299
5,129,2014-08-29T00:19:00Z,noon,39.735985,175.160345
5,130,2014-08-29T12:17:03Z,midnight,41.298308,175.647845
5,131,2014-08-30T00:12:43.5Z,noon,38.095531,176.809686
5,132,2014-08-30T12:18:50.5Z,midnight,33.845367,175.280519
5,133,2014-08-31T00:23:22.5Z,noon,37.763748,174.229243
5,134,2014-08-31T12:28:42.5Z,midnight,34.039798,172.895909
5,135,2014-09-01T00:23:30Z,noon,29.039798,174.281432
5,136,2014-09-01T12:24:00Z,midnight,29.147997,174.156432
5,137,2014-09-02T00:24:00Z,noon,29.147997,174.24117
5,138,2014-09-02T12:14:00Z,midnight,34.147997,176.74117
5,139,2014-09-03T00:28:00Z,noon,39.147997,173.32712
5,140,2014-09-03T12:40:30Z,midnight,42.286749,170.20212
5,141,2014-09-04T00:31:30Z,noon,37.286749,172.539193
5,142,2014-09-04T12:38:30Z,midnight,32.286749,170.789193
5,143,2014-09-05T00:53:00Z,noon,37.286749,167.252301
5,144,2014-09-05T13:03:30Z,midnight,32.755222,164.627301
5,145,2014-09-07T01:06:30Z,noon,37.755222,164.056248
5,146,2014-09-07T13:21:30Z,midnight,32.755222,160.306248
5,147,2014-09-08T01:16:30Z,noon,27.755222,161.6469
5,148,2014-09-08T13:07:00Z,midnight,32.755222,164.0219
5,149,2014-09-09T01:02:30Z,noon,27.755222,165.23821
5,150,2014-09-09T13:04:00Z,midnight,25.445709,164.86321
5,151,2014-09-10T01:04:00Z,noon,25.445709,164.95508
5,152,2014-09-10T12:55:30Z,midnight,30.445709,167.08008
5,153,2014-09-11T00:55:00Z,noon,35.445709,167.297412
5,154,2014-09-12T01:39:00Z,noon,31.796122,156.390106
5,155,2014-09-12T13:34:00Z,midnight,36.796122,157.640106
5,156,2014-09-13T01:35:24.5Z,noon,41.796122,157.380978
5,157,2014-09-14T13:39:02Z,midnight,36.796122,156.567845
5,158,2014-09-15T13:24:05Z,midnight,34.93351,160.398519
5,159,2014-09-16T01:38:44Z,noon,39.93351,156.829149
5,160,2014-09-16T13:55:56.5Z,midnight,34.93351,152.527066
5,161,2014-09-17T13:35:16.5Z,midnight,36.59977,157.786716
5,162,2014-09-19T01:38:44Z,noon,31.59977,157.107245
5,163,2014-09-19T13:19:00Z,midnight,36.59977,162.040578
5,164,2014-09-20T01:10:42.5Z,noon,41.59977,164.205417
5,165,2014-09-20T13:25:17.5Z,midnight,36.59977,160.559583
5,166,2014-09-21T00:57:08Z,noon,31.59977,167.690528
5,167,2014-09-23T12:49:00Z,midnight,26.59977,169.904487
5,168,2014-09-24T00:57:41Z,noon,21.59977,167.822713
5,169,2014-09-25T01:12:33Z,noon,26.59977,164.194134
5,170,2014-09-25T13:09:45.5Z,midnight,31.59977,164.89205
5,171,2014-09-26T01:14:04.5Z,noon,36.59977,163.899897
5,172,2014-10-03T00:50:00Z,noon,41.59977,170.489355
5,173,2014-10-09T00:41:00Z,noon,46.59977,173.157889
5,174,2014-10-11T00:05:30Z,noon,51.59977,-177.8456
5,175,2014-10-12T11:59:00Z,midnight,46.59977,-176.163577
5,176,2014-10-13T12:20:50.5Z,midnight,44.239798,178.430441
5,177,2014-10-14T00:20:56Z,noon,44.125576,178.459302
5,178,2014-10-15T12:34:04.5Z,midnight,44.939346,175.222938
5,179,2014-10-16T00:27:10Z,noon,49.939346,176.996283
5,180,2014-10-16T12:12:46Z,midnight,44.939346,-179.403717
5,181,2014-10-17T00:10:20Z,noon,39.939346,-178.751975
5,182,2014-10-17T12:11:40.5Z,midnight,37.744122,-179.087392
5,183,2014-10-19T00:27:54.5Z,noon,32.744122,176.932299
5,184,2014-10-19T12:46:29.5Z,midnight,37.744122,172.286466
5,185,2014-10-20T00:45:00.5Z,noon,42.744122,172.691805
5,186,2014-10-20T12:42:55.5Z,midnight,47.744122,173.212639
5,187,2014-10-21T00:39:00Z,noon,50.67359,174.225323
5,188,2014-10-21T12:42:30Z,midnight,51.740937,173.350323
5,189,2014-10-22T00:52:32Z,noon,46.740937,170.870304
5,190,2014-10-22T13:09:02Z,midnight,51.740937,166.745304
5,191,2014-10-23T01:09:00Z,noon,54.335623,166.778789
5,192,2014-10-23T12:47:30Z,midnight,49.335623,172.153789
5,193,2014-10-24T00:42:34.5Z,noon,44.335623,173.406987
5,194,2014-10-24T12:34:02Z,midnight,39.335623,175.542403
5,195,2014-10-25T00:33:57.5Z,noon,34.335623,175.579861
5,196,2014-10-25T12:49:00Z,midnight,39.335623,171.819444
5,197,2014-10-26T00:49:12.5Z,noon,44.335623,171.782793
5,198,2014-10-26T12:56:42.5Z,midnight,48.705287,169.907793
5,199,2014-10-27T01:02:28.5Z,noon,45.144858,168.478254
5,200,2014-10-27T12:54:27Z,midnight,40.144858,170.484504
5,201,2014-10-28T00:53:38.5Z,noon,39.10243,170.695384
5,202,2014-10-28T13:04:07.5Z,midnight,44.10243,168.07455
5,203,2014-10-29T00:55:40Z,noon,49.10243,170.194574
5,204,2014-10-29T12:45:49.5Z,midnight,44.10243,172.654991
5,205,2014-10-30T00:54:28Z,noon,39.10243,170.49664
5,206,2014-10-30T13:04:21Z,midnight,43.591585,168.025807
5,207,2014-10-31T00:24:00Z,noon,48.591585,178.111981
5,208,2014-10-31T12:18:57.5Z,midnight,53.591585,179.372398
5,209,2014-11-01T00:49:27.5Z,noon,48.591585,171.742668
5,210,2014-11-01T12:35:00Z,midnight,43.591585,175.357252
5,211,2014-11-02T00:31:00Z,noon,38.591585,176.349109
5,212,2014-11-02T12:20:00Z,midnight,33.591585,179.099109
5,213,2014-11-03T00:15:30Z,noon,33.177462,-179.787452
5,214,2014-11-03T12:05:30Z,midnight,28.177462,-177.287452
5,215,2014-11-03T23:46:30Z,noon,33.177462,-172.537452
5,216,2014-11-04T11:40:00Z,midnight,33.698902,-170.927434
5,217,2014-11-04T23:30:00Z,noon,38.698902,-168.427434
5,218,2014-11-05T11:35:00Z,midnight,42.275767,-169.695833
5,219,2014-11-05T23:32:00Z,noon,43.856111,-168.945833
5,220,2014-11-06T11:18:30Z,midnight,38.856111,-165.592646
5,221,2014-11-06T23:19:00Z,noon,35.16202,-165.717646
5,222,2014-11-07T11:14:00Z,midnight,31.301718,-164.492863
5,223,2014-11-07T23:15:00Z,noon,30.617056,-164.742863
5,224,2014-11-08T11:39:00Z,midnight,35.617056,-170.771471
5,225,2014-11-08T23:46:00Z,noon,40.422354,-172.521471
139,1,2013-07-16T10:58:17Z,midnight,24.567869,-165.998984
139,2,2013-07-16T23:09:01Z,noon,29.103971,-168.682317
139,3,2013-07-17T11:35:59Z,midnight,24.103971,-175.44608
139,4,2013-07-17T23:26:19.5Z,noon,19.103971,-173.031496
139,5,2013-07-18T10:36:57Z,midnight,24.103971,-160.707686
139,6,2013-07-18T22:53:46.5Z,noon,29.103971,-164.913936
139,7,2013-07-19T10:58:09Z,midnight,34.103971,-166.025417
139,8,2013-07-19T22:58:10Z,noon,38.526483,-166.029584
139,9,2013-07-20T10:58:39Z,midnight,38.616471,-166.16589
139,10,2013-07-20T22:58:14Z,noon,38.489766,-166.061723
139,11,2013-07-21T11:02:20Z,midnight,37.453594,-167.099891
139,12,2013-07-21T22:55:21Z,noon,35.124002,-165.354058
139,13,2013-07-22T10:57:41.5Z,midnight,34.547369,-165.950293
139,14,2013-07-22T22:58:42.5Z,noon,34.90896,-166.20446
139,15,2013-07-23T10:48:02Z,midnight,38.718076,-163.544139
139,16,2013-07-23T22:51:30Z,noon,39.777229,-164.410806
139,17,2013-07-24T11:02:45Z,midnight,36.443958,-167.229307
139,18,2013-07-24T23:03:21Z,noon,36.648886,-167.379307
139,19,2013-07-25T11:00:51Z,midnight,37.767854,-166.757845
139,20,2013-07-25T22:54:47.5Z,noon,35.689185,-165.243262
139,21,2013-07-26T11:07:15Z,midnight,31.179569,-168.35889
139,22,2013-07-26T23:15:45.5Z,noon,34.533668,-170.485973
139,23,2013-07-27T11:03:34.5Z,midnight,39.06987,-167.438661
139,24,2013-07-27T22:55:31.5Z,noon,36.33925,-165.426161
139,25,2013-07-28T10:51:46.5Z,midnight,37.95454,-164.484635
139,26,2013-07-28T22:45:26.5Z,noon,35.709395,-162.901301
139,27,2013-07-29T10:46:35.5Z,midnight,35.597293,-163.182204
139,28,2013-07-29T22:48:34.5Z,noon,36.331506,-163.678038
139,29,2013-07-30T10:53:21.5Z,midnight,34.851832,-164.864685
139,30,2013-07-30T23:04:01Z,noon,38.731327,-167.529269
139,31,2013-07-31T11:06:33.5Z,midnight,38.192546,-168.152895
139,32,2013-07-31T22:38:45Z,noon,33.192546,-161.200812
139,33,2013-08-01T10:47:30Z,midnight,28.192546,-163.373905
139,34,2013-08-01T23:32:30Z,noon,33.192546,-174.623905
139,35,2013-08-02T11:18:30Z,midnight,38.192546,-171.106872
139,36,2013-08-02T23:05:00Z,noon,41.873655,-167.731872
139,37,2013-08-03T11:01:30Z,midnight,43.316462,-166.837209
139,38,2013-08-03T22:50:00Z,noon,39.602942,-163.962209
139,39,2013-08-04T11:01:00Z,midnight,35.853374,-166.689913
139,40,2013-08-04T22:52:30Z,noon,32.211852,-164.564913
139,41,2013-08-05T10:52:30Z,midnight,32.587595,-164.539986
139,42,2013-08-05T22:54:00Z,noon,33.263545,-164.914986
139,43,2013-08-06T10:39:00Z,midnight,38.263545,-161.137432
139,44,2013-08-06T22:30:30Z,noon,36.43573,-159.012432
139,45,2013-08-07T10:35:00Z,midnight,34.942272,-160.107259
139,46,2013-08-07T22:03:00Z,noon,29.942272,-152.107259
139,47,2013-08-08T09:53:30Z,midnight,24.942272,-149.69948
139,48,2013-08-08T21:43:30Z,noon,19.942272,-147.19948
139,49,2013-08-09T09:53:30Z,midnight,14.942272,-149.664109
139,50,2013-08-09T22:34:30Z,noon,19.942272,-159.914109
139,51,2013-08-10T10:32:00Z,midnight,24.942272,-159.251164
139,52,2013-08-10T22:38:00Z,noon,29.942272,-160.751164
139,53,2013-08-11T10:41:30Z,midnight,34.942272,-161.585668
139,54,2013-08-11T22:44:30Z,noon,39.424267,-162.335668
139,55,2013-08-12T10:38:00Z,midnight,42.379274,-160.667646
139,56,2013-08-12T22:17:26Z,noon,37.379274,-155.525979
139,57,2013-08-13T10:27:12.5Z,midnight,32.379274,-157.924208
139,58,2013-08-13T22:34:35Z,noon,32.867241,-159.767958
139,59,2013-08-14T10:34:48.5Z,midnight,33.233171,-159.776222
139,60,2013-08-14T22:30:53.5Z,noon,31.124945,-158.797055
139,61,2013-08-15T10:40:06.5Z,midnight,26.124945,-161.050804
139,62,2013-08-15T22:46:23Z,noon,29.930592,-162.619554
139,63,2013-08-16T10:37:42.5Z,midnight,34.930592,-160.397993
139,64,2013-08-16T22:36:56.5Z,noon,34.792485,-160.206326
139,65,2013-08-17T11:07:01Z,midnight,29.792485,-167.669914
139,66,2013-08-17T23:06:13.5Z,noon,24.792485,-167.471998
139,67,2013-08-18T10:37:20.5Z,midnight,29.792485,-160.193696
139,68,2013-08-18T22:30:44Z,noon,31.052513,-158.541612
139,69,2013-08-19T10:36:50Z,midnight,27.685547,-160.006885
139,70,2013-08-19T22:37:54Z,noon,28.399849,-160.273551
139,71,2013-08-20T10:25:46.5Z,midnight,33.399849,-157.180366
139,72,2013-08-20T22:30:36Z,noon,38.399849,-158.386616
139,73,2013-08-21T10:32:43.5Z,midnight,38.243499,-158.853776
139,74,2013-08-21T22:24:50Z,noon,33.886523,-156.880859
139,75,2013-08-22T10:25:10Z,midnight,34.294243,-156.898005
139,76,2013-08-22T22:22:40Z,noon,32.759495,-156.273005
139,77,2013-08-23T10:24:54Z,midnight,31.936111,-156.763113
139,78,2013-08-23T22:32:57Z,noon,36.854582,-158.775613
139,79,2013-08-24T10:33:16.5Z,midnight,37.322884,-158.786662
139,80,2013-08-24T22:26:44Z,noon,33.344955,-157.151246
139,81,2013-08-25T10:46:45.5Z,midnight,28.344955,-162.085385
139,82,2013-08-25T22:44:28.5Z,noon,23.344955,-161.514552
139,83,2013-08-26T10:34:05.5Z,midnight,25.806298,-158.844766
139,84,2013-08-26T22:35:42Z,noon,27.138972,-159.246849
139,85,2013-08-27T10:21:05Z,midnight,32.138972,-155.516958
139,86,2013-08-27T22:03:15Z,noon,27.138972,-151.058624
139,87,2013-08-28T10:30:45Z,midnight,22.138972,-157.856201
139,88,2013-08-28T21:54:03.5Z,noon,17.138972,-148.683285
139,89,2013-08-30T00:51:33.5Z,midnight,12.138972,-133.683285
19839,1,2013-07-08T10:38:30Z,midnight,20.892384,-160.805892
19839,2,2013-07-08T22:40:30Z,noon,21.844726,-161.305892
19839,3,2013-07-09T10:54:00Z,midnight,16.844726,-164.718046
19839,4,2013-07-09T22:57:00Z,noon,16.749949,-165.468046
19839,5,2013-07-10T10:48:00Z,midnight,21.353376,-163.253553
19839,6,2013-07-10T22:50:30Z,noon,22.544241,-163.878553
19839,7,2013-07-11T11:18:00Z,midnight,17.544241,-170.787342
19839,8,2013-07-11T23:08:30Z,noon,12.544241,-168.412342
19839,9,2013-07-12T11:08:30Z,midnight,7.544241,-168.444343
19839,10,2013-07-12T23:33:21Z,noon,12.544241,-174.656843
19839,11,2013-07-13T11:20:26.5Z,midnight,17.544241,-171.459904
19839,12,2013-07-13T23:14:05.5Z,noon,20.210042,-169.872404
19839,13,2013-07-14T11:20:35Z,midnight,16.982164,-171.523545
19839,14,2013-07-14T23:25:35Z,noon,19.589801,-172.773545
19839,15,2013-07-15T11:29:00Z,midnight,17.950144,-173.653953
19839,16,2013-07-15T23:40:32.5Z,noon,22.950144,-176.539369
19839,17,2013-07-16T11:43:02.5Z,midnight,22.704725,-177.188567
19839,18,2013-07-16T23:22:52.5Z,noon,17.704725,-172.1469
19839,19,2013-07-17T11:18:32.5Z,midnight,14.497294,-171.085663
19839,20,2013-07-17T23:39:40Z,noon,19.497294,-176.366913
19839,21,2013-07-18T11:28:30Z,midnight,24.497294,-173.595186
19839,22,2013-07-18T23:39:21Z,noon,29.497294,-176.307686
19839,23,2013-07-19T11:53:43.5Z,midnight,29.256744,-179.919167
19839,24,2013-07-19T23:29:07.5Z,noon,24.256744,-173.769167
19839,25,2013-07-20T11:21:45Z,midnight,21.239204,-171.94089
19839,26,2013-07-20T23:37:10Z,noon,26.239204,-175.795057
19839,27,2013-07-21T11:40:26.5Z,midnight,27.42229,-176.626975
19839,28,2013-07-21T23:41:40Z,noon,27.985387,-176.933225
19839,29,2013-07-22T11:30:00.5Z,midnight,32.985387,-174.02946
19839,30,2013-07-22T23:28:08Z,noon,32.467399,-173.56071
19839,31,2013-07-23T11:24:31Z,midnight,34.184995,-172.664972
19839,32,2013-07-23T23:35:07.5Z,noon,38.11394,-175.317056
19839,33,2013-07-24T11:43:52.5Z,midnight,35.18657,-177.510557
19839,34,2013-07-24T23:41:35Z,noon,34.287918,-176.93764
19839,35,2013-07-25T11:48:57Z,midnight,31.501055,-178.782845
19839,36,2013-07-25T23:38:28Z,noon,26.643867,-176.162012
19839,37,2013-07-26T11:41:01Z,midnight,25.626621,-176.800556
19839,38,2013-07-26T23:43:38Z,noon,26.938467,-177.454723
19839,39,2013-07-27T11:38:38Z,midnight,29.623742,-176.203244
19839,40,2013-07-27T23:31:46Z,noon,26.273232,-174.486578
19839,41,2013-07-28T11:39:21Z,midnight,22.508059,-176.378385
19839,42,2013-07-28T23:26:00Z,noon,17.508059,-173.040885
19839,43,2013-07-29T11:16:00Z,midnight,20.858288,-170.534288
19839,44,2013-07-29T23:23:45.5Z,noon,25.176511,-172.473871
19839,45,2013-07-30T11:41:15.5Z,midnight,20.176511,-176.839685
19839,46,2013-07-30T23:53:30Z,noon,22.556157,-179.900102
19839,47,2013-07-31T11:41:00Z,midnight,27.556157,-176.763312
19839,48,2013-07-31T23:40:45Z,noon,29.387054,-176.700812
19839,49,2013-08-01T11:39:30Z,midnight,30.339479,-176.373905
19839,50,2013-08-01T23:42:00Z,noon,31.548653,-176.998905
19839,51,2013-08-02T11:31:30Z,midnight,36.548653,-174.356872
19839,52,2013-08-02T23:18:30Z,noon,31.548653,-171.106872
19839,53,2013-08-03T11:24:00Z,midnight,28.217468,-172.462209
19839,54,2013-08-03T23:27:00Z,noon,29.787097,-173.212209
19839,55,2013-08-04T12:10:00Z,midnight,24.787097,176.060087
19839,56,2013-08-05T00:11:30Z,noon,19.787097,175.710014
19839,57,2013-08-05T11:08:00Z,midnight,24.787097,-169.289986
19839,58,2013-08-05T22:56:30Z,noon,29.787097,-165.539986
19839,59,2013-08-06T11:20:30Z,midnight,24.787097,-171.512432
19839,60,2013-08-06T23:21:00Z,noon,23.512487,-171.637432
19839,61,2013-08-07T11:08:30Z,midnight,28.512487,-168.482259
19839,62,2013-08-07T23:06:30Z,noon,29.997315,-167.982259
19839,63,2013-08-08T10:56:30Z,midnight,34.997315,-165.44948
19839,64,2013-08-08T22:13:00Z,noon,29.997315,-154.57448
19839,65,2013-08-09T10:13:00Z,midnight,24.997315,-154.539109
19839,66,2013-08-09T22:55:30Z,noon,29.997315,-165.164109
19839,67,2013-08-10T11:02:30Z,midnight,32.373254,-166.876164
19839,68,2013-08-10T23:07:30Z,noon,34.966955,-168.126164
19839,69,2013-08-11T10:56:00Z,midnight,39.966955,-165.210668
19839,70,2013-08-11T22:53:30Z,noon,39.661422,-164.585668
19839,71,2013-08-12T11:10:00Z,midnight,34.661422,-168.667646
19839,72,2013-08-12T23:09:34.5Z,noon,31.690478,-168.561396
19839,73,2013-08-13T11:47:33.5Z,midnight,26.690478,-178.011708
19839,74,2013-08-13T23:48:36.5Z,noon,21.690478,-178.274208
19839,75,2013-08-14T11:01:34Z,midnight,26.690478,-166.465805
19839,76,2013-08-14T22:48:24Z,noon,30.876741,-163.174138
19839,77,2013-08-15T11:13:12.5Z,midnight,25.876741,-169.325804
19839,78,2013-08-15T23:08:30Z,noon,20.876741,-168.14872
19839,79,2013-08-16T10:56:32Z,midnight,19.485359,-165.104243
19839,80,2013-08-16T23:06:04.5Z,noon,24.485359,-167.48966
19839,81,2013-08-17T10:53:01Z,midnight,29.485359,-164.169914
19839,82,2013-08-17T22:51:19.5Z,noon,34.482398,-163.746998
19839,83,2013-08-18T10:55:49Z,midnight,32.322435,-164.812446
19839,84,2013-08-18T22:53:37Z,noon,30.899973,-164.262446
19839,85,2013-08-19T11:11:39Z,midnight,25.899973,-168.711051
19839,86,2013-08-19T23:13:07.5Z,noon,20.899973,-169.079801
19839,87,2013-08-20T11:25:37.5Z,midnight,15.899973,-172.142866
19839,88,2013-08-20T23:29:07.5Z,noon,10.899973,-173.017866
19839,89,2013-08-21T11:31:35Z,midnight,8.378296,-173.568359
19839,90,2013-08-21T23:31:14.5Z,noon,8.015003,-173.482942
19839,91,2013-08-22T11:33:47Z,midnight,5.436907,-174.052171
19839,92,2013-08-22T23:51:05.5Z,noon,10.436907,-178.379255
19839,93,2013-08-23T11:57:20.5Z,midnight,15.436907,-179.87353
19839,94,2013-08-23T23:51:00Z,noon,10.903654,-178.288113
19839,95,2013-08-24T11:27:43Z,midnight,15.903654,-172.397079
19839,96,2013-08-24T23:26:53Z,noon,20.903654,-172.188746
19839,97,2013-08-25T11:26:11Z,midnight,25.903654,-171.941635
19839,98,2013-08-25T23:27:43.5Z,noon,30.903654,-172.327052
19839,99,2013-08-26T11:27:55Z,midnight,34.965153,-172.301016
19839,100,2013-08-26T23:28:52.5Z,noon,35.64908,-172.540599
19839,101,2013-08-27T11:31:14Z,midnight,34.702964,-173.054458
19839,102,2013-08-27T23:28:21Z,noon,32.474775,-172.333624
19839,103,2013-08-28T11:29:47Z,midnight,32.080374,-172.614535
19839,104,2013-08-28T23:23:13Z,noon,27.080374,-170.972868
19839,105,2013-08-29T11:23:43Z,midnight,26.431413,-171.018822
19839,106,2013-08-29T23:27:55.5Z,noon,30.401497,-172.070905
19839,107,2013-08-30T11:24:09.5Z,midnight,34.479227,-171.048647
19839,108,2013-08-30T23:30:29.5Z,noon,39.328871,-172.631981
19839,109,2013-08-31T11:35:00.5Z,midnight,36.837425,-173.679091
19839,110,2013-08-31T23:28:15Z,noon,31.837425,-171.989507
19839,111,2013-09-01T11:33:30Z,midnight,26.837425,-173.218568
19839,112,2013-09-01T23:38:30Z,noon,31.618814,-174.468568
19839,113,2013-09-02T11:40:00Z,midnight,31.056685,-174.75883
19839,114,2013-09-02T23:37:30Z,noon,28.4375,-174.13383
19839,115,2013-09-03T11:30:00Z,midnight,33.4375,-172.17288
19839,116,2013-09-03T23:26:30Z,noon,33.514786,-171.29788
19839,117,2013-09-04T11:35:30Z,midnight,28.514786,-173.460807
19839,118,2013-09-04T23:29:00Z,noon,23.514786,-171.835807
19839,119,2013-09-05T11:37:00Z,midnight,18.514786,-173.747699
19839,120,2013-09-05T23:41:30Z,noon,13.514786,-174.872699
19839,121,2013-09-06T11:27:30Z,midnight,18.514786,-171.28365
19839,122,2013-09-06T23:22:30Z,noon,23.514786,-170.03365
19839,123,2013-09-07T11:32:30Z,midnight,18.514786,-172.443752
19839,124,2013-09-07T23:34:00Z,noon,13.514786,-172.818752
19839,125,2013-09-08T11:24:30Z,midnight,18.514786,-170.3531
19839,126,2013-09-08T23:08:30Z,noon,13.514786,-166.3531
19839,127,2013-09-09T10:57:30Z,midnight,18.514786,-163.51179
19839,128,2013-09-09T23:05:00Z,noon,23.514786,-165.38679
19839,129,2013-09-10T11:07:30Z,midnight,28.514786,-165.91992
19839,130,2013-09-10T23:05:00Z,noon,27.145748,-165.29492
19839,131,2013-09-11T11:07:30Z,midnight,24.130592,-165.827588
19839,132,2013-09-11T23:03:00Z,noon,19.130592,-164.702588
19839,133,2013-09-12T11:04:30Z,midnight,14.130592,-164.984894
19839,134,2013-09-12T23:08:54Z,noon,19.130592,-166.084894
19839,135,2013-09-14T22:48:10Z,noon,14.130592,-160.715489
19839,136,2013-09-15T23:14:37Z,noon,9.130592,-167.234814
19839,137,2013-09-16T11:09:38Z,midnight,14.130592,-165.895851
19839,138,2013-09-17T10:55:48Z,midnight,9.130592,-162.344534
19839,139,2013-09-18T11:09:34Z,midnight,14.130592,-165.693468
19839,140,2013-09-18T23:11:06Z,noon,19.130592,-166.076801
19839,141,2013-09-23T22:55:59.5Z,noon,14.130592,-161.84343
19839,142,2013-09-24T11:06:28Z,midnight,19.130592,-164.37312
19839,143,2013-09-24T23:16:42Z,noon,24.130592,-166.931454
19839,144,2013-09-28T11:42:28.5Z,midnight,29.130592,-173.029697
19839,145,2013-09-28T23:51:34.5Z,noon,34.130592,-175.304697
19839,146,2013-09-29T11:51:18.5Z,midnight,39.130592,-175.154838
19839,147,2013-09-29T23:52:21.5Z,noon,44.130592,-175.417338
19839,148,2013-09-30T11:53:20.5Z,midnight,49.130592,-175.581449
19839,149,2013-10-02T23:39:30Z,noon,54.130592,-171.962383
19839,150,2013-10-03T11:56:30Z,midnight,59.130592,-176.135645
19839,151,2013-10-03T23:55:00Z,noon,64.130592,-175.760645
19839,152,2013-10-04T11:39:00Z,midnight,69.130592,-171.685754
19839,153,2013-10-05T23:46:00Z,noon,70,-173.362802
19839,154,2013-10-06T23:18:30Z,noon,70,-166.416875
19839,155,2013-10-07T11:26:30Z,midnight,70,-168.348062
19839,156,2013-10-07T23:45:00Z,noon,70,-172.973062
19839,157,2013-10-08T11:53:00Z,midnight,70,-174.906447
19839,158,2013-10-08T23:53:30Z,noon,70,-175.031447
19839,159,2013-10-09T11:44:00Z,midnight,65.870066,-172.592111
19839,160,2013-10-09T23:42:30Z,noon,67.241726,-172.217111
19839,161,2013-10-10T11:40:30Z,midnight,62.241726,-171.655136
19839,162,2013-10-10T23:41:00Z,noon,61.679916,-171.780136
19839,163,2013-10-11T11:53:30Z,midnight,66.679916,-174.8456
19839,164,2013-10-11T23:42:30Z,noon,70,-172.0956
19839,165,2013-10-12T11:32:30Z,midnight,67.255545,-169.538577
19839,166,2013-10-12T23:33:30Z,noon,66.651592,-169.788577
19839,167,2013-10-13T11:30:14.5Z,midnight,62.241411,-168.919559
19839,168,2013-10-13T23:30:46.5Z,noon,61.836896,-169.052892
19839,169,2013-10-14T11:20:08.5Z,midnight,56.836896,-166.342781
19839,170,2013-10-14T23:13:23.5Z,noon,56.384268,-164.655281
19839,171,2013-10-15T11:18:25Z,midnight,58.625541,-165.862479
19839,172,2013-10-15T23:13:23Z,noon,62.153492,-164.604146
19839,173,2013-10-16T11:28:12.5Z,midnight,67.153492,-168.264134
19839,174,2013-10-16T23:35:39Z,noon,64.605584,-170.124551
19839,175,2013-10-17T11:34:08Z,midnight,62.225156,-169.701975
19839,176,2013-10-17T23:18:26.5Z,noon,67.225156,-165.779058
19839,177,2013-10-18T11:00:32Z,midnight,62.225156,-161.261478
19839,178,2013-10-18T23:08:29Z,noon,57.225156,-163.248978
19839,179,2013-10-19T11:15:37Z,midnight,57.400479,-164.994784
19839,180,2013-10-19T22:56:42.5Z,noon,62.400479,-160.267701
19839,181,2013-10-20T10:43:50Z,midnight,59.483171,-157.014445
19839,182,2013-10-20T22:41:47.5Z,noon,60.538235,-156.504028
19839,183,2013-10-21T10:36:15Z,midnight,56.165137,-155.087177
19839,184,2013-10-21T22:43:45Z,noon,51.165137,-156.962177
19839,185,2013-10-22T11:02:15Z,midnight,56.165137,-161.558863
19839,186,2013-10-22T23:02:15Z,noon,60.616875,-161.558863
19839,187,2013-10-23T11:01:00Z,midnight,58.872108,-161.221211
19839,188,2013-10-23T23:06:25Z,noon,56.126351,-162.575378
19839,189,2013-10-24T10:58:26Z,midnight,51.126351,-160.557597
19839,190,2013-10-24T22:56:31Z,noon,51.351743,-160.07843
19839,191,2013-10-25T11:08:00Z,midnight,56.351743,-162.930556
19839,192,2013-10-25T23:05:35Z,noon,57.782164,-162.326389
19839,193,2013-10-26T10:51:08.5Z,midnight,52.782164,-158.70054
19839,194,2013-10-26T22:45:44Z,noon,52.079563,-157.348457
19839,195,2013-10-27T11:06:27Z,midnight,57.079563,-162.515496
19839,196,2013-10-27T22:59:21.5Z,noon,62.079563,-160.742579
19839,197,2013-10-28T10:42:57Z,midnight,57.079563,-156.6317
19839,198,2013-10-28T22:57:22.5Z,noon,52.079563,-160.23795
19839,199,2013-10-29T11:00:35Z,midnight,49.193416,-161.034592
19839,200,2013-10-29T22:58:16Z,noon,50.493078,-160.455426
19839,201,2013-10-30T10:50:26.5Z,midnight,45.493078,-158.49711
19839,202,2013-10-30T22:45:35Z,noon,47.898827,-157.282527
19839,203,2013-10-31T10:37:55.5Z,midnight,42.898827,-155.369269
19839,204,2013-10-31T22:24:05.5Z,noon,47.898827,-151.910935
19839,205,2013-11-01T10:25:30Z,midnight,50.265069,-152.267748
19839,206,2013-11-01T22:12:00Z,noon,55.265069,-148.892748
19839,207,2013-11-02T10:02:30Z,midnight,51.378329,-146.525891
19839,208,2013-11-02T21:55:00Z,noon,54.610729,-144.650891
19839,209,2013-11-03T09:57:30Z,midnight,54.827456,-145.287452
19839,210,2013-11-03T21:32:00Z,noon,59.827456,-138.912452
19839,211,2013-11-04T09:35:00Z,midnight,62.694976,-139.677434
19839,212,2013-11-04T21:00:30Z,noon,67.694976,-131.052434
19839,213,2013-11-05T08:57:30Z,midnight,67.899485,-130.320833
19839,214,2013-11-05T22:08:30Z,noon,62.899485,-145.320833
19839,215,2013-11-06T10:03:30Z,midnight,57.899485,-146.842646
19839,216,2013-11-06T22:08:00Z,noon,52.899485,-147.967646
19839,217,2013-11-07T10:21:30Z,midnight,49.101608,-151.367863
19839,218,2013-11-07T22:19:00Z,noon,50.184393,-150.742863
19839,219,2013-11-08T10:27:30Z,midnight,52.891097,-152.896471
19839,220,2013-11-08T22:28:30Z,noon,52.520895,-153.146471
19839,221,2013-11-09T10:30:30Z,midnight,52.635634,-153.678453
19839,222,2013-11-09T22:43:30Z,noon,47.635634,-156.928453
19839,223,2013-11-10T10:47:30Z,midnight,48.508887,-157.963791
19839,224,2013-11-10T22:53:30Z,noon,45.85155,-159.463791
19839,225,2013-11-11T11:06:00Z,midnight,50.525055,-162.627459
19839,226,2013-11-11T23:24:30Z,noon,45.525055,-167.252459
19839,227,2013-11-12T11:28:30Z,midnight,43.764753,-168.294431
19839,228,2013-11-12T23:25:43Z,noon,45.065651,-167.598598
19839,229,2013-11-13T11:36:28Z,midnight,49.045982,-170.331343
19839,230,2013-11-13T23:33:19Z,noon,50.234478,-169.543843
19839,231,2013-11-14T11:48:49Z,midnight,54.794111,-173.467328
19839,232,2013-11-14T23:41:07Z,noon,56.906826,-171.542328
19839,233,2013-11-15T11:19:20.5Z,midnight,51.906826,-166.150263
19839,234,2013-11-15T23:45:37.5Z,noon,46.906826,-172.721097
19839,235,2013-11-16T11:54:54Z,midnight,42.242889,-175.094692
19839,236,2013-11-16T23:53:57Z,noon,42.680583,-174.857192
19839,237,2013-11-17T11:59:47Z,midnight,44.770684,-176.373487
19839,238,2013-11-17T23:42:09Z,noon,49.770684,-171.965153
19839,239,2013-11-18T11:24:17.5Z,midnight,44.770684,-167.561599
19839,240,2013-11-18T23:18:58.5Z,noon,46.376796,-166.232432
19839,241,2013-11-19T11:35:20.5Z,midnight,51.376796,-170.388144
19839,242,2013-11-19T23:37:58.5Z,noon,50.797207,-171.046477
19839,243,2013-11-20T11:19:21Z,midnight,45.797207,-166.457234
19839,244,2013-11-20T23:07:47Z,noon,47.996125,-163.565567
19839,245,2013-11-21T11:03:42.5Z,midnight,46.103292,-162.616729
19839,246,2013-11-21T23:02:55.5Z,noon,46.395421,-162.420895
19839,247,2013-11-22T11:03:14.5Z,midnight,46.121316,-162.572817
19839,248,2013-11-22T22:42:09.5Z,noon,51.121316,-157.301983
19839,249,2013-11-23T10:39:17Z,midnight,51.693923,-156.658768
19839,250,2013-11-23T22:50:34Z,noon,48.183129,-159.479601
19839,251,2013-11-24T10:50:49.5Z,midnight,47.907939,-159.622431
19839,252,2013-11-24T22:41:35.5Z,noon,50.812912,-157.314098
19839,253,2013-11-25T10:28:46.5Z,midnight,46.332436,-154.190822
19839,254,2013-11-25T22:18:22.5Z,noon,49.741225,-151.590822
19839,255,2013-11-26T10:07:25Z,midnight,45.803235,-148.934699
19839,256,2013-11-26T22:13:18Z,noon,43.642755,-150.405532
19839,257,2013-11-27T10:29:54.5Z,midnight,48.642755,-154.643571
19839,258,2013-11-27T22:31:12Z,noon,48.619337,-154.966488
19839,259,2013-11-28T10:32:46.5Z,midnight,48.80125,-155.448611
19839,260,2013-11-28T22:37:12.5Z,noon,47.40484,-156.556944
19839,261,2013-11-29T10:30:51Z,midnight,44.966483,-155.05807
19839,262,2013-11-29T22:26:11Z,noon,46.55901,-153.891403
19839,263,2013-11-30T10:39:14.5Z,midnight,50.2637,-157.248949
19839,264,2013-11-30T22:36:42Z,noon,50.964484,-156.613533
19839,265,2013-12-01T10:31:30Z,midnight,49.241631,-155.408663
19839,266,2013-12-01T22:23:30Z,noon,51.448557,-153.408663
19839,267,2013-12-02T10:30:30Z,midnight,52.957354,-155.255873
19839,268,2013-12-02T22:22:30Z,noon,54.786259,-153.255873
19839,269,2013-12-03T10:11:30Z,midnight,51.987271,-150.605073
19839,270,2013-12-03T22:26:00Z,noon,48.014133,-154.230073
19839,271,2013-12-04T10:28:30Z,midnight,48.52576,-154.956171
19839,272,2013-12-04T22:22:30Z,noon,50.205405,-153.456171
19839,273,2013-12-05T10:25:00Z,midnight,50.657151,-154.184072
19839,274,2013-12-05T22:40:00Z,noon,46.34577,-157.934072
19839,275,2013-12-06T10:36:30Z,midnight,45.019755,-157.163681
19839,276,2013-12-06T22:27:30Z,noon,47.819185,-154.913681
19839,277,2013-12-07T10:18:00Z,midnight,44.667461,-152.644898
19839,278,2013-12-07T22:00:30Z,noon,49.667461,-148.269898
19839,279,2013-12-08T10:01:30Z,midnight,49.96351,-148.627625
19839,280,2013-12-08T21:30:30Z,noon,54.96351,-140.877625
19839,281,2013-12-09T09:35:30Z,midnight,57.505989,-142.236761
19839,282,2013-12-09T22:25:30Z,noon,52.505989,-154.736761
19839,283,2013-12-10T10:31:00Z,midnight,47.505989,-156.222202
19839,284,2013-12-10T22:27:30Z,noon,48.288438,-155.347202
19839,285,2013-12-11T10:18:00Z,midnight,45.326939,-153.083845
19839,286,2013-12-11T22:22:30Z,noon,43.874886,-154.208845
19839,287,2013-12-12T10:29:00Z,midnight,45.820591,-155.946584
19839,288,2013-12-12T22:33:43Z,noon,44.33279,-157.12575
19839,289,2013-12-13T10:28:46Z,midnight,42.566512,-156.001979
19839,290,2013-12-13T22:15:18Z,noon,46.84478,-152.635312
19839,291,2013-12-14T10:07:06Z,midnight,44.217484,-150.699923
19839,292,2013-12-14T22:07:24.5Z,noon,44.117782,-150.777007
19839,293,2013-12-15T10:18:47Z,midnight,47.47582,-153.736141
19839,294,2013-12-15T22:36:30Z,noon,42.47582,-158.165308
19839,295,2013-12-16T10:35:52Z,midnight,41.59663,-158.123024
19839,296,2013-12-16T22:32:01.5Z,noon,42.9146,-157.162608
19839,297,2013-12-17T10:34:19.5Z,midnight,43.608975,-157.854212
19839,298,2013-12-17T22:35:35.5Z,noon,43.192077,-158.170879
19839,299,2013-12-18T10:28:34Z,midnight,40.712781,-156.531678
19839,300,2013-12-18T22:11:28Z,noon,45.712781,-152.256678
19839,301,2013-12-19T10:12:42Z,midnight,46.605439,-152.682394
19839,302,2013-12-19T22:26:01Z,noon,42.419362,-156.011561
19839,303,2013-12-20T10:44:50.5Z,midnight,47.419362,-160.835417
19839,304,2013-12-20T22:32:42Z,noon,51.205411,-157.8
19839,305,2013-12-21T10:21:55Z,midnight,48.46935,-155.221884
19839,306,2013-12-21T22:48:38.5Z,noon,43.46935,-161.903134
19839,307,2013-12-22T10:49:40Z,midnight,40.428729,-162.277102
19839,308,2013-12-22T22:45:17.5Z,noon,41.96805,-161.183352
19839,309,2013-12-23T10:55:22.5Z,midnight,45.240488,-163.821793
19839,310,2013-12-23T22:57:42Z,noon,44.519744,-164.403043
19839,311,2013-12-24T10:52:42Z,midnight,42.91687,-163.270429
19839,312,2013-12-24T22:53:47Z,noon,42.554145,-163.541263
19839,313,2013-12-25T10:53:44.5Z,midnight,42.565727,-163.6479
19839,314,2013-12-25T22:46:31.5Z,noon,44.900644,-161.843733
19839,315,2013-12-26T10:54:49Z,midnight,47.390821,-164.033262
19839,316,2013-12-26T23:02:07.5Z,noon,45.241673,-165.860345
19839,317,2013-12-27T11:05:24Z,midnight,46.27701,-166.795156
19839,318,2013-12-27T23:09:36.5Z,noon,45.003133,-167.847239
19839,319,2013-12-28T10:55:53Z,midnight,40.45156,-164.531389
19839,320,2013-12-28T22:55:03Z,noon,40.752568,-164.323056
19839,321,2013-12-29T10:55:01.5Z,midnight,40.814769,-164.431437
19839,322,2013-12-29T22:39:13.5Z,noon,45.814769,-160.481437
19839,323,2013-12-30T10:46:23Z,midnight,48.161566,-162.384777
19839,324,2013-12-30T22:49:28.5Z,noon,47.293406,-163.157694
19839,325,2013-12-31T10:45:30.5Z,midnight,46.228929,-162.278802
19839,326,2013-12-31T22:52:43Z,noon,43.974087,-164.080885
19839,327,2014-01-01T10:52:30Z,midnight,44.011488,-164.026718
19839,328,2014-01-01T22:58:30Z,noon,41.978531,-165.526718
19839,329,2014-01-02T10:58:00Z,midnight,41.921353,-165.513407
19839,330,2014-01-02T22:46:30Z,noon,45.721073,-162.638407
19839,331,2014-01-03T10:50:30Z,midnight,47.059639,-163.748906
19839,332,2014-01-03T22:59:00Z,noon,44.427135,-165.873906
19839,333,2014-01-04T11:01:30Z,midnight,45.374036,-166.608113
19839,334,2014-01-04T23:05:30Z,noon,44.078612,-167.608113
19839,335,2014-01-05T10:58:30Z,midnight,41.813841,-165.965928
19839,336,2014-01-05T22:45:30Z,noon,46.156297,-162.715928
19839,337,2014-01-06T10:56:00Z,midnight,49.371257,-165.447252
19839,338,2014-01-06T22:58:00Z,noon,48.82081,-165.947252
19839,339,2014-01-07T10:45:30Z,midnight,45.241623,-162.926987
19839,340,2014-01-07T22:47:00Z,noon,44.750674,-163.301987
19839,341,2014-01-08T10:56:00Z,midnight,47.761474,-165.655038
19839,342,2014-01-08T22:49:00Z,noon,49.747033,-163.905038
19839,343,2014-01-09T10:44:30Z,midnight,48.69751,-162.881313
19839,344,2014-01-09T22:55:30Z,noon,45.316024,-165.631313
19839,345,2014-01-10T10:57:30Z,midnight,46.185203,-166.230719
19839,346,2014-01-10T23:05:00Z,noon,43.664484,-168.105719
19839,347,2014-01-11T11:00:00Z,midnight,42.080135,-166.953168
19839,348,2014-01-11T22:59:30Z,noon,42.266655,-166.828168
19839,349,2014-01-12T11:40:00Z,midnight,47.266655,-177.048572
19839,350,2014-01-12T23:40:50Z,noon,52.266655,-177.256905
19839,351,2014-01-13T11:05:25.5Z,midnight,47.266655,-168.498097
19839,352,2014-01-13T23:06:20.5Z,noon,43.985286,-168.727264
19839,353,2014-01-14T11:10:28Z,midnight,45.696507,-169.849578
19839,354,2014-01-14T23:17:29.5Z,noon,43.197317,-171.605828
19839,355,2014-01-15T11:33:27Z,midnight,48.197317,-175.684186
19839,356,2014-01-15T23:38:11Z,noon,47.373965,-176.867519
19839,357,2014-01-16T11:20:09Z,midnight,42.373965,-172.445592
19839,358,2014-01-16T22:39:53.5Z,noon,47.373965,-162.381009
19839,359,2014-01-17T10:51:43.5Z,midnight,52.373965,-165.423307
19839,360,2014-01-17T23:34:26Z,noon,47.373965,-176.10039
19839,361,2014-01-18T11:26:54Z,midnight,42.499237,-174.298508
19839,362,2014-01-18T23:14:36.5Z,noon,47.027094,-171.225591
19839,363,2014-01-19T11:08:25Z,midnight,45.177636,-169.756544
19839,364,2014-01-19T23:10:51Z,noon,44.265933,-170.364878
19839,365,2014-01-20T11:11:52Z,midnight,45.005403,-170.695267
19839,366,2014-01-20T23:06:38.5Z,noon,46.903427,-169.389017
19839,367,2014-01-21T11:03:12.5Z,midnight,46.042175,-168.604195
19839,368,2014-01-21T22:48:44Z,noon,50.868888,-164.985445
19839,369,2014-01-22T10:45:14Z,midnight,50.173495,-164.181188
19839,370,2014-01-22T22:39:41Z,noon,51.860833,-162.793688
19839,371,2014-01-23T10:37:42Z,midnight,51.671209,-162.365771
19839,372,2014-01-23T22:53:51Z,noon,46.671209,-166.403271
19839,373,2014-01-24T10:57:44.5Z,midnight,48.07585,-167.441225
19839,374,2014-01-24T22:57:35.5Z,noon,48.129256,-167.403725
19839,375,2014-01-25T10:54:51Z,midnight,47.569647,-166.780416
19839,376,2014-01-25T22:57:05Z,noon,46.730525,-167.338749
19839,377,2014-01-26T10:58:13.5Z,midnight,47.61404,-167.683297
19839,378,2014-01-26T22:55:25Z,noon,48.647692,-166.981214
19839,379,2014-01-27T10:43:03Z,midnight,44.228215,-163.945659
19839,380,2014-01-27T22:40:53Z,noon,45.149565,-163.403992
19839,381,2014-01-28T10:38:30Z,midnight,44.616909,-162.861211
19839,382,2014-01-28T22:37:29Z,noon,45.055053,-162.607044
19839,383,2014-01-29T10:45:29.5Z,midnight,48.789001,-164.659084
19839,384,2014-01-29T22:46:54Z,noon,48.248701,-165.011167
19839,385,2014-01-30T10:41:00Z,midnight,46.37733,-163.582994
19839,386,2014-01-30T22:42:25.5Z,noon,45.765851,-163.939244
19839,387,2014-01-31T10:50:36Z,midnight,49.639888,-166.026663
19839,388,2014-01-31T22:50:10.5Z,noon,49.801724,-165.920413
19839,389,2014-02-01T10:55:30Z,midnight,52.295957,-167.292146
19839,390,2014-02-01T22:48:00Z,noon,54.754725,-165.417146
19839,391,2014-02-02T10:44:30Z,midnight,54.212756,-164.579422
19839,392,2014-02-02T23:07:30Z,noon,49.212756,-170.329422
19839,393,2014-02-03T11:05:30Z,midnight,44.790645,-169.863471
19839,394,2014-02-03T23:09:00Z,noon,43.031859,-170.738471
19839,395,2014-02-04T11:09:00Z,midnight,43.649497,-170.769279
19839,396,2014-02-04T23:01:00Z,noon,47.536602,-168.769279
19839,397,2014-02-05T11:00:00Z,midnight,47.727995,-168.546833
19839,398,2014-02-05T22:47:00Z,noon,52.727995,-165.296833
19839,399,2014-02-06T10:41:30Z,midnight,51.649013,-163.946125
19839,400,2014-02-06T22:51:00Z,noon,47.461083,-166.321125
19839,401,2014-02-07T10:41:00Z,midnight,42.922077,-163.842151
19839,402,2014-02-07T21:57:30Z,noon,47.922077,-152.967151
19839,403,2014-02-08T09:57:00Z,midnight,52.922077,-152.85991
19839,404,2014-02-08T22:30:30Z,noon,48.645372,-161.23491
19839,405,2014-02-09T10:13:00Z,midnight,43.645372,-156.874403
19839,406,2014-02-09T22:02:00Z,noon,46.061802,-154.124403
19839,407,2014-02-10T10:05:00Z,midnight,48.43492,-154.885638
19839,408,2014-02-10T21:59:00Z,noon,51.356649,-153.385638
19839,409,2014-02-11T09:53:00Z,midnight,49.248457,-151.893624
19839,410,2014-02-11T21:51:30Z,noon,50.010223,-151.518624
19839,411,2014-02-12T09:37:30Z,midnight,45.010223,-148.023374
19839,412,2014-02-12T21:20:16.5Z,noon,50.010223,-143.717124
19839,413,2014-02-13T09:14:36.5Z,midnight,50.484066,-142.301988
19839,414,2014-02-13T21:15:31Z,noon,50.003748,-142.529072
19839,415,2014-02-14T09:15:42Z,midnight,51.016788,-142.573238
19839,416,2014-02-14T21:11:08.5Z,noon,53.320179,-141.433654
19839,417,2014-02-15T09:13:17.5Z,midnight,55.263815,-141.966312
19839,418,2014-02-15T21:25:17Z,noon,50.263815,-144.964229
19839,419,2014-02-16T09:21:32.5Z,midnight,47.684669,-144.020822
19839,420,2014-02-16T21:06:23.5Z,noon,52.684669,-140.233322
19839,421,2014-02-17T09:02:21.5Z,midnight,55.054765,-139.213882
19839,422,2014-02-17T21:06:23.5Z,noon,52.948909,-140.222215
19839,423,2014-02-18T09:00:00Z,midnight,50.262899,-138.610109
19839,424,2014-02-18T20:57:13Z,noon,51.974354,-137.914276
19839,425,2014-02-19T08:53:43Z,midnight,50.945926,-137.02204
19839,426,2014-02-19T21:00:32Z,noon,46.144047,-138.726207
19839,427,2014-02-20T09:08:33Z,midnight,51.144047,-140.710132
19839,428,2014-02-20T21:17:01Z,noon,46.990995,-142.826799
19839,429,2014-02-21T09:16:00Z,midnight,47.446113,-142.54943
19839,430,2014-02-21T21:15:12Z,noon,48.080406,-142.34943
19839,431,2014-02-22T09:26:11Z,midnight,53.080406,-145.069146
19839,432,2014-02-22T21:22:19Z,noon,58.080406,-144.102479
19839,433,2014-02-23T09:30:37Z,midnight,63.080406,-146.148497
19839,434,2014-02-23T21:39:11Z,noon,60.104513,-148.290164
19839,435,2014-02-24T09:43:01.5Z,midnight,63.278184,-149.218787
19839,436,2014-02-24T21:52:44Z,noon,58.278184,-151.64587
19839,437,2014-02-25T09:45:12Z,midnight,54.768744,-149.727987
19839,438,2014-02-25T21:35:31Z,noon,59.768744,-147.307154
19839,439,2014-02-26T09:40:19Z,midnight,64.768744,-148.469907
19839,440,2014-02-26T21:54:55Z,noon,59.768744,-152.119907
19839,441,2014-02-27T09:43:11.5Z,midnight,54.768744,-149.148774
19839,442,2014-02-27T21:40:49Z,noon,49.925342,-148.555024
19839,443,2014-02-28T09:54:39Z,midnight,54.925342,-151.970904
19839,444,2014-02-28T22:00:00Z,noon,59.291077,-153.308404
19839,445,2014-03-01T10:03:00Z,midnight,63.290768,-154.013446
19839,446,2014-03-01T22:13:30Z,noon,58.290768,-156.638446
19839,447,2014-03-02T10:09:00Z,midnight,53.290768,-155.466054
19839,448,2014-03-02T22:04:00Z,noon,57.628989,-154.216054
19839,449,2014-03-03T10:01:30Z,midnight,57.55846,-153.541298
19839,450,2014-03-04T10:10:30Z,midnight,58.054934,-155.739254
19839,451,2014-03-04T22:07:30Z,noon,61.209412,-154.989254
19839,452,2014-03-05T10:02:30Z,midnight,58.666296,-153.684999
19839,453,2014-03-05T21:59:00Z,noon,62.604036,-152.809999
19839,454,2014-03-06T09:58:00Z,midnight,64.793205,-152.50361
19839,455,2014-03-06T21:57:00Z,noon,65.785785,-152.25361
19839,456,2014-03-07T09:56:00Z,midnight,68.355169,-151.945169
19839,457,2014-03-08T10:13:00Z,midnight,70,-156.134759
19839,458,2014-03-08T22:14:00Z,noon,70,-156.384759
19839,459,2014-03-10T10:09:00Z,midnight,70,-155.008372
19839,460,2014-03-10T22:06:30Z,noon,70,-154.383372
19839,461,2014-03-12T09:54:30Z,midnight,70,-151.250149
19839,462,2014-03-12T21:52:21Z,noon,70,-150.712649
19839,463,2014-03-13T09:38:51Z,midnight,70,-147.268699
19839,464,2014-03-14T21:46:53.5Z,noon,70,-149.208729
19839,465,2014-03-19T09:27:43.5Z,midnight,70,-144.046916
19839,466,2014-03-21T09:16:29Z,midnight,70,-141.081749
19839,467,2014-03-22T09:08:55Z,midnight,65,-139.111667
19839,468,2014-03-22T21:18:30Z,noon,60,-141.5075
19839,469,2014-03-24T09:34:13Z,midnight,55,-145.278253
19839,470,2014-03-26T09:18:20.5Z,midnight,50,-141.149643
19839,471,2014-03-29T21:57:23Z,noon,45,-150.669298
19839,472,2014-03-30T09:47:38Z,midnight,40,-148.15168
19839,473,2014-03-30T21:39:49.5Z,noon,35,-146.199596
19839,474,2014-03-31T09:35:06Z,midnight,30,-144.938459
19839,475,2014-04-02T09:29:30Z,midnight,25,-143.379763
19839,476,2014-04-02T21:31:30Z,noon,20,-143.879763
19839,477,2014-04-03T09:28:00Z,midnight,15,-142.926145
19839,478,2014-04-03T21:19:00Z,noon,10,-140.676145
19839,479,2014-04-04T09:08:00Z,midnight,15,-137.848139
19839,480,2014-04-04T21:19:30Z,noon,20,-140.723139
19839,481,2014-04-05T09:21:00Z,midnight,25,-141.020837
19839,482,2014-04-05T21:26:00Z,noon,30,-142.270837
19839,483,2014-04-06T09:29:30Z,midnight,33.123856,-143.06933
19839,484,2014-04-06T21:28:30Z,noon,31.900263,-142.81933
19839,485,2014-04-07T09:25:00Z,midnight,34.776163,-141.868708
19839,486,2014-04-07T21:38:30Z,noon,39.776163,-145.243708
19839,487,2014-04-08T09:38:00Z,midnight,44.776163,-145.044059
19839,488,2014-04-08T21:29:00Z,noon,39.776163,-142.794059
19839,489,2014-04-09T09:32:30Z,midnight,34.776163,-143.595469
19839,490,2014-04-09T21:19:30Z,noon,29.776163,-140.345469
19839,491,2014-04-10T09:21:00Z,midnight,24.776163,-140.648022
19839,492,2014-04-10T21:24:00Z,noon,19.776163,-141.398022
19839,493,2014-04-11T09:08:30Z,midnight,24.776163,-137.451802
19839,494,2014-04-11T21:19:00Z,noon,29.776163,-140.076802
19839,495,2014-04-12T09:28:00Z,midnight,34.776163,-142.25689
19839,496,2014-04-12T21:36:24Z,noon,39.776163,-144.35689
19839,497,2014-04-13T09:43:16Z,midnight,36.492624,-146.00503
19839,498,2014-04-13T21:55:41Z,noon,41.492624,-149.109196
19839,499,2014-04-14T10:12:54.5Z,midnight,36.492624,-153.348382
19839,500,2014-04-14T22:02:46.5Z,noon,31.492624,-150.815049
19839,501,2014-04-15T09:45:56Z,midnight,36.200628,-146.539104
19839,502,2014-04-15T22:03:35Z,noon,41.200628,-150.951604
19839,503,2014-04-16T10:07:20Z,midnight,44.461532,-151.825185
19839,504,2014-04-16T21:52:34Z,noon,39.461532,-148.133519
19839,505,2014-04-17T09:42:23Z,midnight,40.937018,-145.525444
19839,506,2014-04-17T21:37:41.5Z,noon,37.881641,-144.352528
19839,507,2014-04-18T09:52:26.5Z,midnight,32.881641,-147.979532
19839,508,2014-04-18T22:11:49Z,noon,37.881641,-152.823282
19839,509,2014-04-19T10:05:44Z,midnight,42.831388,-151.243763
19839,510,2014-04-19T21:56:59Z,noon,37.831388,-149.056263
19839,511,2014-04-20T09:52:22.5Z,midnight,39.726577,-147.847365
19839,512,2014-04-20T21:41:36.5Z,noon,34.726577,-145.155698
19839,513,2014-04-21T09:36:16.5Z,midnight,35.608492,-143.767481
19839,514,2014-04-21T21:06:38.5Z,noon,30.608492,-136.359148
19839,515,2014-04-22T09:04:07Z,midnight,25.608492,-135.675001
19839,516,2014-04-22T21:30:46Z,noon,30.608492,-142.337501
19839,517,2014-04-23T09:31:50Z,midnight,33.241649,-142.55331
19839,518,2014-04-23T21:40:58Z,noon,38.241649,-144.836644
19839,519,2014-04-24T09:39:40.5Z,midnight,38.909802,-144.464961
19839,520,2014-04-24T21:28:41.5Z,noon,33.909802,-141.719128
19839,521,2014-04-25T09:26:55Z,midnight,32.786632,-141.22875
19839,522,2014-04-25T21:26:07.5Z,noon,32.271667,-141.030833
19839,523,2014-04-26T09:22:15Z,midnight,34.115567,-140.017639
19839,524,2014-04-26T21:25:09Z,noon,35.83303,-140.742639
19839,525,2014-04-27T09:29:19.5Z,midnight,32.750082,-141.744169
19839,526,2014-04-27T21:33:42.5Z,noon,35.35645,-142.840002
19839,527,2014-04-28T09:38:08.5Z,midnight,32.158012,-143.908378
19839,528,2014-04-28T21:43:40.5Z,noon,35.400677,-145.291711
19839,529,2014-04-29T09:56:10.5Z,midnight,30.400677,-148.379051
19839,530,2014-04-29T21:57:15Z,noon,27.849803,-148.647801
19839,531,2014-04-30T09:52:06Z,midnight,30.643392,-147.324972
19839,532,2014-04-30T21:52:36Z,noon,30.948305,-147.449972
19839,533,2014-05-01T10:03:00Z,midnight,25.948305,-150.017001
19839,534,2014-05-01T22:07:30Z,noon,26.722474,-151.142001
19839,535,2014-05-02T10:11:00Z,midnight,23.924813,-151.986414
19839,536,2014-05-02T22:25:00Z,noon,28.924813,-155.486414
19839,537,2014-05-03T10:30:00Z,midnight,29.256377,-156.708233
19839,538,2014-05-03T22:34:30Z,noon,31.857271,-157.833233
19839,539,2014-05-04T10:33:30Z,midnight,31.941786,-157.557478
19839,540,2014-05-04T22:41:00Z,noon,35.82335,-159.432478
19839,541,2014-05-05T10:30:00Z,midnight,40.291643,-156.659163
19839,542,2014-05-05T22:35:30Z,noon,42.474437,-158.034163
19839,543,2014-05-06T10:33:00Z,midnight,42.936697,-157.388302
19839,544,2014-05-06T22:34:00Z,noon,43.301175,-157.638302
19839,545,2014-05-07T10:23:30Z,midnight,46.370654,-154.994902
19839,546,2014-05-07T22:15:00Z,noon,43.555553,-152.869902
19839,547,2014-05-08T09:48:00Z,midnight,48.555553,-146.103969
19839,548,2014-05-08T21:36:00Z,noon,47.867785,-143.103969
19839,549,2014-05-09T09:42:00Z,midnight,45.652363,-144.590506
19839,550,2014-05-09T21:45:30Z,noon,46.713369,-145.465506
19839,551,2014-05-10T09:33:30Z,midnight,49.580808,-142.454511
19839,552,2014-05-10T21:16:30Z,noon,44.761806,-138.204511
19839,553,2014-05-11T09:17:30Z,midnight,44.033635,-138.445979
19839,554,2014-05-11T21:30:00Z,noon,47.738192,-141.570979
19839,555,2014-05-12T09:56:00Z,midnight,42.738192,-148.064903
19839,556,2014-05-12T22:21:47Z,noon,47.287197,-154.510737
19839,557,2014-05-13T10:37:47Z,midnight,42.287197,-158.507105
19839,558,2014-05-13T22:32:15Z,noon,40.07792,-157.123772
19839,559,2014-05-14T10:50:20.5Z,midnight,35.07792,-161.645487
19839,560,2014-05-14T22:54:49.5Z,noon,34.278188,-162.76632
19839,561,2014-05-15T10:52:44Z,midnight,34.82553,-162.244613
19839,562,2014-05-15T22:48:32Z,noon,33.003392,-161.194613
19839,563,2014-05-16T10:57:08.5Z,midnight,28.639641,-163.350298
19839,564,2014-05-16T22:57:30.5Z,noon,28.820119,-163.441964
19839,565,2014-05-17T10:59:06Z,midnight,27.732644,-163.845848
19839,566,2014-05-17T23:08:35Z,noon,32.194862,-166.216682
19839,567,2014-05-18T11:18:41.5Z,midnight,27.194862,-168.752071
19839,568,2014-05-18T23:13:10.5Z,noon,24.297385,-167.372904
19839,569,2014-05-19T11:11:52Z,midnight,24.724865,-167.056436
19839,570,2014-05-19T23:12:49Z,noon,25.215731,-167.293936
19839,571,2014-05-20T10:47:30Z,midnight,30.215731,-160.977658
19839,572,2014-05-20T22:36:45Z,noon,31.823659,-158.290158
19839,573,2014-05-21T10:47:25Z,midnight,26.823659,-160.971951
19839,574,2014-05-21T22:55:25Z,noon,30.378666,-162.971951
19839,575,2014-05-22T10:35:54Z,midnight,35.378666,-158.110108
19839,576,2014-05-22T22:30:50.5Z,noon,36.001391,-156.845525
19839,577,2014-05-23T10:18:15.5Z,midnight,40.078521,-153.71917
19839,578,2014-05-23T22:03:12.5Z,noon,35.078521,-149.95667
19839,579,2014-05-24T10:28:33Z,midnight,30.078521,-156.313675
19839,580,2014-05-24T22:25:50.5Z,noon,25.078521,-155.636591
19839,581,2014-05-25T10:13:26Z,midnight,27.758195,-152.558156
19839,582,2014-05-25T22:16:57Z,noon,29.328074,-153.437323
19839,583,2014-05-26T10:07:01Z,midnight,33.206251,-150.979647
19839,584,2014-05-26T22:13:17.5Z,noon,35.568371,-152.548397
19839,585,2014-05-27T10:13:49.5Z,midnight,35.142009,-152.709343
19839,586,2014-05-27T22:21:44Z,noon,37.896361,-154.686426
19839,587,2014-05-28T10:24:57Z,midnight,36.580877,-155.520103
19839,588,2014-05-28T22:26:37.5Z,noon,37.152636,-155.938853
19839,589,2014-05-29T10:40:22.5Z,midnight,32.152636,-159.407703
19839,590,2014-05-29T22:41:22Z,noon,32.301474,-159.65562
19839,591,2014-05-30T10:42:45.5Z,midnight,31.558316,-160.036663
19839,592,2014-05-30T22:46:08.5Z,noon,32.869811,-160.882496
19839,593,2014-05-31T10:49:30Z,midnight,31.381059,-161.75692
19839,594,2014-05-31T22:57:30Z,noon,34.396765,-163.75692
19839,595,2014-06-01T10:59:30Z,midnight,33.484311,-164.293406
19839,596,2014-06-01T23:01:30Z,noon,34.212015,-164.793406
19839,597,2014-06-02T10:55:00Z,midnight,36.289382,-163.206471
19839,598,2014-06-02T22:47:00Z,noon,33.49324,-161.206471
19839,599,2014-06-03T10:59:00Z,midnight,28.660903,-164.246042
19839,600,2014-06-03T23:03:00Z,noon,30.282919,-165.246042
19839,601,2014-06-04T11:05:30Z,midnight,29.129622,-165.912047
19839,602,2014-06-04T23:10:00Z,noon,30.916929,-167.037047
19839,603,2014-06-05T11:09:00Z,midnight,31.158891,-166.829412
19839,604,2014-06-05T23:07:30Z,noon,30.579839,-166.454412
19839,605,2014-06-06T11:04:00Z,midnight,31.780167,-165.623059
19839,606,2014-06-06T23:05:30Z,noon,32.337155,-165.998059
19839,607,2014-06-07T11:06:30Z,midnight,31.838479,-166.29291
19839,608,2014-06-07T22:57:30Z,noon,28.332174,-164.04291
19839,609,2014-06-08T10:53:30Z,midnight,29.814434,-163.088885
19839,610,2014-06-08T22:59:30Z,noon,32.087884,-164.588885
19839,611,2014-06-09T10:57:00Z,midnight,32.880809,-164.010903
19839,612,2014-06-09T23:00:30Z,noon,34.107873,-164.885903
19839,613,2014-06-10T11:01:00Z,midnight,33.829646,-165.058879
19839,614,2014-06-10T22:43:30Z,noon,28.829646,-160.683879
19839,615,2014-06-11T10:38:30Z,midnight,29.124398,-159.482729
19839,616,2014-06-11T22:48:30Z,noon,32.858162,-161.982729
19839,617,2014-06-12T10:50:30Z,midnight,32.055173,-162.532369
19839,618,2014-06-12T23:03:12Z,noon,36.352434,-165.707369
19839,619,2014-06-13T11:00:50.5Z,midnight,37.006004,-165.168126
19839,620,2014-06-13T22:59:21.5Z,noon,36.545529,-164.797293
19839,621,2014-06-14T11:01:53Z,midnight,35.671711,-165.479498
19839,622,2014-06-14T22:54:16Z,noon,33.123555,-163.575331
19839,623,2014-06-15T10:59:12.5Z,midnight,31.297228,-164.862228
19839,624,2014-06-15T23:03:59Z,noon,33.002875,-166.055978
19839,625,2014-06-16T11:02:52.5Z,midnight,33.332405,-165.830811
19839,626,2014-06-16T23:00:30Z,noon,32.504683,-165.237061
19839,627,2014-06-17T10:50:30Z,midnight,35.807862,-162.789322
19839,628,2014-06-17T22:49:02Z,noon,35.338426,-162.422656
19839,629,2014-06-18T11:11:50.5Z,midnight,30.338426,-168.177255
19839,630,2014-06-18T23:17:44Z,noon,29.33732,-169.650172
19839,631,2014-06-19T11:03:13Z,midnight,34.33732,-166.073684
19839,632,2014-06-19T22:53:41.5Z,noon,31.176915,-163.692434
19839,633,2014-06-20T10:57:20.5Z,midnight,29.800816,-164.657685
19839,634,2014-06-20T22:58:21.5Z,noon,30.183434,-164.911852
19839,635,2014-06-21T10:54:25Z,midnight,31.618114,-163.979167
19839,636,2014-06-21T22:46:21Z,noon,28.594947,-161.9625
19839,637,2014-06-22T10:36:37Z,midnight,32.208447,-159.581786
19839,638,2014-06-22T22:49:16Z,noon,36.400833,-162.744286
19839,639,2014-06-23T10:57:02.5Z,midnight,33.894033,-164.740452
19839,640,2014-06-23T22:46:12.5Z,noon,30.039973,-162.032119
19839,641,2014-06-24T10:45:50.5Z,midnight,30.189376,-161.992573
19839,642,2014-06-24T22:54:10.5Z,noon,33.181,-164.075906
19839,643,2014-06-25T10:50:03.5Z,midnight,34.587841,-163.098474
19839,644,2014-06-25T22:50:32.5Z,noon,34.74669,-163.219307
19839,645,2014-06-26T10:45:11.5Z,midnight,36.482177,-161.933064
19839,646,2014-06-26T22:44:25.5Z,noon,36.243603,-161.741397
19839,647,2014-06-27T10:48:43Z,midnight,34.909861,-162.865003
19839,648,2014-06-27T22:53:49Z,noon,36.533713,-164.140003
19839,649,2014-06-28T10:52:43Z,midnight,36.919954,-163.915034
19839,650,2014-06-28T22:11:39Z,noon,31.919954,-153.648367
19839,651,2014-06-29T10:20:37.5Z,midnight,26.919954,-155.941401
19839,652,2014-06-29T22:49:49.5Z,noon,29.833343,-163.241401
19839,653,2014-06-30T10:43:07Z,midnight,32.365026,-161.612766
19839,654,2014-06-30T22:56:10Z,noon,36.706581,-164.875266
19839,655,2014-07-01T11:10:30Z,midnight,31.974847,-168.506125
19839,656,2014-07-01T23:01:00Z,noon,28.373079,-166.131125
19839,657,2014-07-02T10:51:00Z,midnight,32.233114,-163.677642
19839,658,2014-07-02T23:03:00Z,noon,36.286745,-166.677642
19839,659,2014-07-03T10:54:00Z,midnight,39.095221,-164.473065
19839,660,2014-07-03T22:46:00Z,noon,36.692262,-162.473065
19839,661,2014-07-04T10:49:30Z,midnight,35.672295,-163.39231
19839,662,2014-07-04T22:43:00Z,noon,33.479037,-161.76731
19839,663,2014-07-05T10:54:00Z,midnight,29.507368,-164.560296
19839,664,2014-07-05T22:55:30Z,noon,30.090959,-164.935296
19839,665,2014-07-06T10:50:30Z,midnight,32.083645,-163.726941
19839,666,2014-07-06T22:59:30Z,noon,35.235202,-165.976941
19839,667,2014-07-07T11:01:30Z,midnight,34.683955,-166.517165
19839,668,2014-07-07T22:53:00Z,noon,31.64732,-164.392165
19839,669,2014-07-08T10:59:30Z,midnight,29.257345,-166.055892
19839,670,2014-07-08T23:09:30Z,noon,33.060503,-168.555892
19839,671,2014-07-09T11:02:30Z,midnight,35.633526,-166.843046
19839,672,2014-07-09T22:57:30Z,noon,33.91326,-165.593046
19855,1,2013-07-10T12:22:00Z,midnight,35.951223,173.246447
19855,2,2013-07-11T00:35:30Z,noon,40.130825,169.837658
19855,3,2013-07-11T12:39:00Z,midnight,39.269674,168.962658
19855,4,2013-07-12T00:34:00Z,noon,37.734375,170.180657
19855,5,2013-07-12T12:31:00Z,midnight,38.837421,170.930657
19855,6,2013-07-13T00:34:23.5Z,noon,39.854217,170.052596
19855,7,2013-07-13T12:47:08.5Z,midnight,35.999689,166.865096
19855,8,2013-07-14T00:53:26Z,noon,38.063889,165.263955
19855,9,2013-07-14T12:52:11Z,midnight,38.646362,165.576455
19855,10,2013-07-15T00:47:00Z,noon,36.978199,166.846047
19855,11,2013-07-15T12:46:10Z,midnight,37.450306,167.054381
19855,12,2013-07-16T00:56:23Z,noon,40.619638,164.476016
19855,13,2013-07-16T13:10:49.5Z,midnight,36.232305,160.8656
19855,14,2013-07-17T01:01:06.5Z,noon,32.684476,163.27267
19855,15,2013-07-17T12:58:34Z,midnight,33.859253,163.908087
19855,16,2013-07-18T00:57:58Z,noon,33.63318,164.038147
19855,17,2013-07-18T13:00:31Z,midnight,32.870579,163.400647
19855,18,2013-07-19T00:51:55Z,noon,29.34937,165.532916
19855,19,2013-07-19T12:53:50Z,midnight,28.728695,165.053749
19855,20,2013-07-20T00:36:02Z,noon,23.728695,169.488277
19855,21,2013-07-20T12:31:15Z,midnight,22.780828,170.68411
19855,22,2013-07-21T00:55:23.5Z,noon,27.780828,164.635525
19855,23,2013-07-21T13:02:08.5Z,midnight,31.071072,162.948025
19855,24,2013-07-22T00:48:53Z,noon,26.071072,166.25179
19855,25,2013-07-22T12:50:27Z,midnight,24.485307,165.860123
19855,26,2013-07-23T01:05:48Z,noon,29.485307,162.014194
19855,27,2013-07-23T13:02:38Z,midnight,33.109636,162.805861
19855,28,2013-07-24T01:04:03Z,noon,33.681629,162.445693
19855,29,2013-07-24T13:13:46.5Z,midnight,29.815769,160.014443
19855,30,2013-07-25T01:07:26.5Z,noon,26.858375,161.594238
19855,31,2013-07-25T12:57:32Z,midnight,31.667647,164.071321
19855,32,2013-07-26T01:02:35.5Z,noon,33.796051,162.805694
19855,33,2013-07-26T12:58:32.5Z,midnight,35.706408,163.818194
19855,34,2013-07-27T00:55:10Z,noon,34.364138,164.663422
19855,35,2013-07-27T13:12:15Z,midnight,29.364138,160.392589
19855,36,2013-07-28T01:13:36Z,noon,27.606206,160.059115
19855,37,2013-07-28T13:01:01Z,midnight,32.606206,163.204949
19855,38,2013-07-29T00:53:23Z,noon,30.270803,165.119879
19855,39,2013-07-29T13:03:23Z,midnight,25.596514,162.619879
19855,40,2013-07-30T01:20:46Z,noon,30.596514,158.283231
19855,41,2013-07-30T13:25:42.5Z,midnight,32.031474,157.047815
19855,42,2013-07-31T01:27:10.5Z,noon,32.695475,156.692938
19855,43,2013-07-31T13:29:58.5Z,midnight,31.750593,155.992938
19855,44,2013-08-01T01:33:54.5Z,noon,33.541255,155.024012
19855,45,2013-08-01T13:32:30Z,midnight,34.51586,155.376095
19855,46,2013-08-02T01:38:00Z,noon,36.836624,154.018128
19855,47,2013-08-02T13:41:00Z,midnight,35.962338,153.268128
19855,48,2013-08-03T01:39:30Z,noon,35.319099,153.662791
19855,49,2013-08-03T13:34:30Z,midnight,37.800632,154.912791
19855,50,2013-08-04T01:34:00Z,noon,37.596955,155.060087
19855,51,2013-08-04T13:38:30Z,midnight,36.093483,153.935087
19855,52,2013-08-05T01:32:30Z,noon,33.367653,155.460014
19855,53,2013-08-05T13:28:30Z,midnight,35.612998,156.460014
19855,54,2013-08-06T01:14:30Z,noon,30.612998,159.987568
19855,55,2013-08-06T13:11:00Z,midnight,30.926743,160.862568
19855,56,2013-08-07T01:17:30Z,noon,34.173412,159.267741
19855,57,2013-08-07T13:15:30Z,midnight,35.541368,159.767741
19855,58,2013-08-08T00:57:00Z,noon,30.541368,164.42552
19855,59,2013-08-08T12:49:30Z,midnight,30.410309,166.30052
19855,60,2013-08-09T00:52:30Z,noon,32.018089,165.585891
19855,61,2013-08-09T12:53:30Z,midnight,31.923962,165.335891
19855,62,2013-08-10T00:52:30Z,noon,31.384864,165.623836
19855,63,2013-08-10T12:47:30Z,midnight,34.463573,166.873836
19855,64,2013-08-11T00:42:00Z,noon,31.55683,168.289332
19855,65,2013-08-11T12:28:30Z,midnight,36.55683,171.664332
19855,66,2013-08-12T00:19:30Z,noon,34.425588,173.957354
19855,67,2013-08-12T12:16:00Z,midnight,36.684084,174.832354
19855,68,2013-08-12T23:28:15Z,noon,31.684084,-173.230146
19855,69,2013-08-14T00:11:11Z,noon,26.684084,176.130028
19855,70,2013-08-14T11:58:37.5Z,midnight,31.684084,179.269612
19855,71,2013-08-14T23:35:02Z,noon,26.684084,-174.832472
19855,72,2013-08-15T11:39:48.5Z,midnight,21.684084,-175.975804
19855,73,2013-08-15T23:57:29.5Z,noon,26.434617,179.603363
19855,74,2013-08-16T11:49:11Z,midnight,31.434617,-178.266743
19855,75,2013-08-16T23:49:38.5Z,noon,32.60098,-178.381326
19855,76,2013-08-17T11:53:28.5Z,midnight,30.753274,-179.284498
19855,77,2013-08-17T23:54:00Z,noon,31.091366,-179.415748
19855,78,2013-08-19T00:39:41Z,noon,26.091366,169.280615
19855,79,2013-08-19T11:59:28.5Z,midnight,31.091366,179.332699
19855,80,2013-08-19T23:54:28Z,noon,28.864079,-179.415218
19855,81,2013-08-20T12:01:37Z,midnight,23.97645,178.859218
19855,82,2013-08-21T00:01:56.5Z,noon,24.239573,178.842058
19855,83,2013-08-21T12:04:56Z,midnight,22.264528,178.094141
19855,84,2013-08-22T00:12:24.5Z,noon,27.264528,176.291579
19855,85,2013-08-22T11:59:47.5Z,midnight,32.264528,179.445745
19855,86,2013-08-22T23:50:36.5Z,noon,31.444144,-178.258421
19855,87,2013-08-23T11:48:05Z,midnight,33.873072,-177.558946
19855,88,2013-08-23T23:49:34.5Z,noon,34.881272,-177.931863
19855,89,2013-08-24T12:09:47Z,midnight,29.881272,177.086254
19855,90,2013-08-25T00:09:09Z,noon,24.881272,177.316698
19855,91,2013-08-25T11:51:39Z,midnight,29.881272,-178.308302
19855,92,2013-08-25T23:37:30Z,noon,24.881272,-174.770802
19855,93,2013-08-26T11:34:22.5Z,midnight,25.675688,-173.915599
19855,94,2013-08-26T23:51:26Z,noon,30.675688,-178.180182
19855,95,2013-08-27T12:34:33.5Z,midnight,25.675688,171.114292
19855,96,2013-08-28T00:35:34Z,noon,20.675688,170.939632
19855,97,2013-08-28T12:03:23Z,midnight,25.675688,178.985465
19855,98,2013-08-29T00:09:32.5Z,noon,30.675688,177.524928
19855,99,2013-08-29T12:16:32.5Z,midnight,33.4024,175.774928
19855,100,2013-08-30T00:27:58.5Z,noon,38.4024,172.997186
19855,101,2013-08-30T12:28:51Z,midnight,41.990013,172.778436
19855,102,2013-08-31T00:32:52Z,noon,44.455156,171.856326
19855,103,2013-08-31T12:37:50Z,midnight,42.27273,170.614659
19855,104,2013-09-01T00:23:54.5Z,noon,37.27273,174.179349
19855,105,2013-09-01T13:27:30Z,midnight,32.27273,159.179349
19855,106,2013-09-02T01:35:00Z,noon,27.27273,156.49117
19855,107,2013-09-02T12:34:30Z,midnight,32.27273,171.49117
19855,108,2013-09-03T00:27:00Z,noon,30.030661,173.57712
19855,109,2013-09-03T12:30:30Z,midnight,27.095947,172.70212
19855,110,2013-09-04T00:27:30Z,noon,23.447599,173.539193
19855,111,2013-09-04T12:30:30Z,midnight,20.256071,172.789193
19855,112,2013-09-06T23:33:00Z,noon,15.256071,-172.65865
19855,113,2013-09-07T11:24:30Z,midnight,10.256071,-170.443752
19855,114,2013-09-07T23:56:00Z,noon,5.256071,-178.318752
19855,115,2013-09-08T11:48:00Z,midnight,10.256071,-176.2281
19855,116,2013-09-08T23:43:30Z,noon,9.421043,-175.1031
19855,117,2013-09-09T11:36:00Z,midnight,14.421043,-173.13679
19855,118,2013-09-10T12:04:00Z,midnight,9.421043,179.95508
19855,119,2013-09-11T00:20:00Z,noon,4.421043,176.047412
19855,120,2013-09-12T11:41:00Z,midnight,9.421043,-174.109894
19855,121,2013-09-12T23:34:16.5Z,noon,4.421043,-172.428644
19855,122,2013-09-15T23:45:34Z,noon,-0.578957,-174.972314
19855,123,2013-09-16T23:57:32.5Z,noon,2.064934,-177.872934
19855,124,2013-09-19T00:13:01.5Z,noon,-2.935066,178.534328
19855,125,2013-09-21T00:11:03Z,noon,-7.935066,179.211361
19855,126,2013-09-21T12:10:22Z,midnight,-12.935066,179.382194
19855,127,2013-09-23T12:03:20Z,midnight,-17.935066,-178.678846
19855,128,2013-09-24T00:00:52Z,noon,-22.935066,-177.97312
19855,129,2013-09-24T11:54:34.5Z,midnight,-17.935066,-176.400204
19855,130,2013-09-24T23:47:28.5Z,noon,-12.935066,-174.625204
19855,131,2013-09-25T12:02:31Z,midnight,-7.935066,-178.297533
19855,132,2013-09-26T00:24:09Z,noon,-2.935066,176.381147
19855,133,2013-09-27T11:57:19Z,midnight,2.064934,-176.82468
19855,134,2013-09-27T23:54:45.5Z,noon,7.064934,-176.185096
19855,135,2013-09-29T11:38:11.5Z,midnight,12.064934,-171.875671
19855,136,2013-09-29T23:28:36.5Z,noon,17.064934,-169.479838
19855,137,2013-09-30T11:22:42.5Z,midnight,22.064934,-167.923115
19855,138,2013-09-30T23:21:46Z,noon,27.064934,-167.687699
19855,139,2013-10-01T11:20:00Z,midnight,32.064934,-167.165876
19855,140,2013-10-01T23:26:00Z,noon,37.064934,-168.665876
19855,141,2013-10-02T23:02:30Z,noon,42.064934,-162.712383
19855,142,2013-10-03T12:38:00Z,midnight,47.064934,-177.712383
19855,143,2013-10-04T00:21:30Z,noon,52.064934,177.689246
19855,144,2013-10-04T11:01:30Z,midnight,57.064934,-167.310754
19855,145,2013-10-04T23:23:30Z,noon,62.064934,-167.810754
19855,146,2013-10-05T11:18:30Z,midnight,67.064934,-166.487802
19855,147,2013-10-06T11:35:30Z,midnight,70,-170.666875
19855,148,2013-10-06T23:03:00Z,noon,70,-162.541875
19855,149,2013-10-07T11:08:30Z,midnight,70,-163.848062
19855,150,2013-10-08T23:41:30Z,noon,70,-172.031447
19855,151,2013-10-09T11:51:00Z,midnight,70,-174.342111
19855,152,2013-10-09T23:53:30Z,noon,70,-174.967111
19855,153,2013-10-10T11:50:00Z,midnight,67.857294,-174.030136
19855,154,2013-10-10T23:44:30Z,noon,70,-172.655136
19855,155,2013-10-11T11:34:30Z,midnight,65,-170.0956
19855,156,2013-10-11T23:19:30Z,noon,70,-166.3456
19855,157,2013-10-12T11:12:00Z,midnight,65.013905,-164.413577
19855,158,2013-10-12T22:50:14Z,noon,70,-158.971911
19855,159,2013-10-13T11:02:19.5Z,midnight,70,-161.940392
19855,160,2013-10-13T23:24:58Z,noon,69.249516,-167.600809
19855,161,2013-10-14T11:35:37.5Z,midnight,70,-170.213614
19855,162,2013-10-14T23:55:51Z,noon,65,-175.269864
19855,163,2013-10-15T11:51:02.5Z,midnight,60,-174.018729
19855,164,2013-10-15T23:48:56.5Z,noon,57.911539,-173.493729
19855,165,2013-10-16T11:53:00Z,midnight,59.100885,-174.462051
19855,166,2013-10-16T23:32:19Z,noon,64.100885,-169.291217
19855,167,2013-10-17T11:27:41.5Z,midnight,66.187463,-168.091558
19855,168,2013-10-17T23:40:43.5Z,noon,61.187463,-171.349892
19855,169,2013-10-18T11:38:01.5Z,midnight,56.187463,-170.634395
19855,170,2013-10-18T23:32:53.5Z,noon,59.358768,-169.351062
19855,171,2013-10-19T11:28:10.5Z,midnight,54.735532,-168.134367
19855,172,2013-10-19T23:07:17.5Z,noon,59.735532,-162.913534
19855,173,2013-10-20T11:01:20Z,midnight,61.92091,-161.389445
19855,174,2013-10-20T22:57:19Z,noon,63.670733,-160.385278
19855,175,2013-10-21T10:40:12.5Z,midnight,58.670733,-156.076761
19855,176,2013-10-21T22:42:29.5Z,noon,53.670733,-156.647594
19855,177,2013-10-22T10:49:16Z,midnight,54.757662,-158.313029
19855,178,2013-10-22T22:41:29Z,noon,59.020576,-156.367196
19855,179,2013-10-23T10:45:40.5Z,midnight,59.810114,-157.389961
19855,180,2013-10-23T22:36:00Z,noon,63.647518,-154.971211
19855,181,2013-10-24T10:37:08.5Z,midnight,63.007817,-155.23468
19855,182,2013-10-24T22:44:00Z,noon,60.405054,-156.949263
19855,183,2013-10-25T10:45:27.5Z,midnight,59.950938,-157.295139
19855,184,2013-10-25T23:05:12.5Z,noon,54.950938,-162.232639
19855,185,2013-10-26T11:22:20.5Z,midnight,57.830346,-166.50054
19855,186,2013-10-26T23:14:50.5Z,noon,60.83674,-164.62554
19855,187,2013-10-27T10:52:46Z,midnight,55.83674,-159.094662
19855,188,2013-10-27T22:50:26.5Z,noon,50.83674,-158.513412
19855,189,2013-10-28T10:57:50.5Z,midnight,53.588276,-160.354616
19855,190,2013-10-28T23:00:10Z,noon,52.400765,-160.935866
19855,191,2013-10-29T10:52:22.5Z,midnight,47.400765,-158.982509
19855,192,2013-10-29T22:48:12.5Z,noon,49.465218,-157.940842
19855,193,2013-10-30T10:42:05Z,midnight,44.827995,-156.407527
19855,194,2013-10-30T22:32:13Z,noon,49.827995,-153.94086
19855,195,2013-10-31T10:28:18.5Z,midnight,47.570448,-152.965102
19855,196,2013-10-31T22:16:35.5Z,noon,52.570448,-150.035935
19855,197,2013-11-01T10:12:00Z,midnight,50.51384,-148.892748
19855,198,2013-11-01T21:32:30Z,noon,55.51384,-139.017748
19855,199,2013-11-02T09:27:00Z,midnight,60.51384,-137.650891
19855,200,2013-11-02T21:59:00Z,noon,55.51384,-145.650891
19855,201,2013-11-03T09:56:00Z,midnight,50.51384,-144.912452
19855,202,2013-11-03T21:33:30Z,noon,55.51384,-139.287452
19855,203,2013-11-04T09:40:00Z,midnight,59.011548,-140.927434
19855,204,2013-11-04T21:51:00Z,noon,55.400834,-143.677434
19855,205,2013-11-05T10:07:30Z,midnight,59.90818,-147.820833
19855,206,2013-11-05T22:27:30Z,noon,54.90818,-152.820833
19855,207,2013-11-06T10:11:00Z,midnight,49.90818,-148.717646
19855,208,2013-11-06T22:10:30Z,noon,45.464725,-148.592646
19855,209,2013-11-07T10:24:30Z,midnight,50.464725,-152.117863
19855,210,2013-11-07T21:49:30Z,noon,55.464725,-143.367863
19855,211,2013-11-08T09:53:00Z,midnight,60.464725,-144.271471
19855,212,2013-11-08T22:43:00Z,noon,55.464725,-156.771471
19855,213,2013-11-09T11:06:00Z,midnight,54.206314,-162.553453
19855,214,2013-11-09T23:03:00Z,noon,55.189881,-161.803453
19855,215,2013-11-10T11:09:30Z,midnight,56.585224,-163.463791
19855,216,2013-11-10T23:49:00Z,noon,51.585224,-173.338791
19855,217,2013-11-11T12:07:30Z,midnight,48.752751,-178.002459
19855,218,2013-11-11T23:53:30Z,noon,53.752751,-174.502459
19855,219,2013-11-12T11:54:00Z,midnight,53.478527,-174.669431
19855,220,2013-11-13T00:09:15Z,noon,48.478527,-178.527177
19855,221,2013-11-13T11:57:05Z,midnight,43.478527,-175.48551
19855,222,2013-11-13T23:59:02.5Z,noon,40.819092,-175.975093
19855,223,2013-11-14T12:14:12.5Z,midnight,45.819092,-179.815244
19855,224,2013-11-15T00:12:11Z,noon,48.044524,-179.36068
19855,225,2013-11-15T12:14:43.5Z,midnight,48.519385,-179.996097
19855,226,2013-11-16T00:15:45.5Z,noon,48.124299,179.690724
19855,227,2013-11-16T12:13:28Z,midnight,46.735933,-179.736359
19855,228,2013-11-17T00:11:55.5Z,noon,47.343574,-179.408903
19855,229,2013-11-17T12:07:10.5Z,midnight,44.955568,-178.221403
19855,230,2013-11-18T00:14:53.5Z,noon,41.552086,179.788401
19855,231,2013-11-18T12:23:58.5Z,midnight,45.066319,177.517568
19855,232,2013-11-19T00:24:59Z,noon,44.651423,177.20144
19855,233,2013-11-19T12:28:24Z,midnight,45.595469,176.347273
19855,234,2013-11-20T00:25:27.5Z,noon,46.731694,177.015683
19855,235,2013-11-20T12:26:44Z,midnight,46.786835,176.696933
19855,236,2013-11-21T00:32:10.5Z,noon,44.687355,175.266605
19855,237,2013-11-21T12:42:17.5Z,midnight,48.060045,172.737438
19855,238,2013-11-22T00:42:53.5Z,noon,47.850461,172.514683
19855,239,2013-11-22T12:21:44.5Z,midnight,42.850461,177.802183
19855,240,2013-11-23T00:10:52Z,noon,43.5899,-179.554601
19855,241,2013-11-23T12:02:57.5Z,midnight,39.864697,-177.577518
19855,242,2013-11-23T23:56:03Z,noon,42.812345,-175.850434
19855,243,2013-11-24T11:51:35.5Z,midnight,40.589046,-174.814098
19855,244,2013-11-24T23:53:52.5Z,noon,39.591093,-175.384931
19855,245,2013-11-25T12:02:52Z,midnight,43.01537,-177.713738
19855,246,2013-11-26T00:06:09.5Z,noon,41.689322,-178.620115
19855,247,2013-11-26T12:01:24.5Z,midnight,39.356108,-177.432615
19855,248,2013-11-26T23:57:18.5Z,noon,41.096134,-176.407615
19855,249,2013-11-27T11:52:01.5Z,midnight,38.534093,-175.172738
19855,250,2013-11-27T23:24:47.5Z,noon,43.534093,-168.364405
19855,251,2013-11-28T11:32:21Z,midnight,48.534093,-170.342361
19855,252,2013-11-29T00:03:52Z,noon,43.534093,-178.312237
19855,253,2013-11-29T11:59:07Z,midnight,38.534093,-177.124737
19855,254,2013-11-29T23:50:59.5Z,noon,40.76405,-175.093487
19855,255,2013-11-30T11:58:18.5Z,midnight,43.313775,-177.015616
19855,256,2013-12-01T00:00:57.5Z,noon,42.321596,-177.773246
19855,257,2013-12-01T11:59:00Z,midnight,41.308522,-177.283663
19855,258,2013-12-02T00:05:00Z,noon,38.889108,-178.880873
19855,259,2013-12-02T12:17:30Z,midnight,43.490164,177.994127
19855,260,2013-12-03T00:07:00Z,noon,47.024007,-179.480073
19855,261,2013-12-03T12:26:00Z,midnight,52.024007,175.769927
19855,262,2013-12-04T00:40:30Z,noon,48.163486,172.043829
19855,263,2013-12-04T12:20:30Z,midnight,43.163486,177.043829
19855,264,2013-12-05T00:24:00Z,noon,39.828281,176.065928
19855,265,2013-12-05T12:41:30Z,midnight,44.828281,171.690928
19855,266,2013-12-06T00:43:00Z,noon,45.383766,171.211319
19855,267,2013-12-06T12:43:00Z,midnight,45.183444,171.211319
19855,268,2013-12-07T01:01:30Z,noon,40.183444,166.480102
19855,269,2013-12-07T13:09:30Z,midnight,41.346824,164.480102
19855,270,2013-12-08T01:02:30Z,noon,43.829558,166.122375
19855,271,2013-12-08T13:02:30Z,midnight,43.654971,166.122375
19855,272,2013-12-09T01:04:30Z,noon,42.967038,165.513239
19855,273,2013-12-09T13:20:00Z,midnight,47.728295,161.638239
19855,274,2013-12-10T01:28:00Z,noon,45.30117,159.527798
19855,275,2013-12-10T13:43:30Z,midnight,49.649234,155.652798
19855,276,2013-12-11T01:59:30Z,noon,44.990466,151.541155
19855,277,2013-12-11T13:43:00Z,midnight,39.990466,155.666155
19855,278,2013-12-12T01:36:00Z,noon,41.637869,157.303416
19855,279,2013-12-12T13:34:00Z,midnight,40.791087,157.803416
19855,280,2013-12-13T01:37:26.5Z,noon,39.50985,156.829271
19855,281,2013-12-13T13:33:13.5Z,midnight,37.763081,157.883438
19855,282,2013-12-14T01:27:39Z,noon,39.909925,159.162577
19855,283,2013-12-14T13:32:03Z,midnight,41.411595,158.062577
19855,284,2013-12-15T01:38:11Z,noon,39.157271,156.413859
19855,285,2013-12-15T13:36:51Z,midnight,38.559327,156.747192
19855,286,2013-12-16T01:26:06Z,noon,42.465525,159.318642
19855,287,2013-12-16T13:22:43.5Z,midnight,41.211524,160.162392
19855,288,2013-12-17T01:20:11Z,noon,42.100863,160.681205
19855,289,2013-12-17T13:12:04.5Z,midnight,39.107871,162.708288
19855,290,2013-12-18T01:17:58Z,noon,36.812725,161.118322
19855,291,2013-12-18T13:43:17Z,midnight,41.812725,154.789155
19855,292,2013-12-19T01:45:47Z,noon,44.869168,154.046773
19855,293,2013-12-19T13:33:08.5Z,midnight,40.588779,157.207189
19855,294,2013-12-20T01:27:51.5Z,noon,42.433498,158.410417
19855,295,2013-12-20T13:31:57.5Z,midnight,43.758411,157.385417
19855,296,2013-12-21T01:33:38.5Z,noon,43.208899,156.846866
19855,297,2013-12-21T13:21:57.5Z,midnight,39.073091,159.767699
19855,298,2013-12-22T01:02:23Z,noon,44.073091,164.543731
19855,299,2013-12-22T12:39:45.5Z,midnight,39.073091,170.199981
19855,300,2013-12-23T00:28:20Z,noon,42.068002,172.938623
19855,301,2013-12-23T12:19:10Z,midnight,38.768127,175.23029
19855,302,2013-12-24T00:10:39Z,noon,41.847236,177.242071
19855,303,2013-12-24T11:55:39Z,midnight,36.847236,-179.007929
19855,304,2013-12-25T00:05:38.5Z,noon,31.975565,178.3771
19855,305,2013-12-25T12:15:45.5Z,midnight,36.313899,175.847933
19855,306,2013-12-26T00:10:40Z,noon,38.323307,177.004238
19855,307,2013-12-26T12:10:21Z,midnight,38.237257,177.083405
19855,308,2013-12-27T00:02:10.5Z,noon,41.25263,179.011094
19855,309,2013-12-27T11:54:24.5Z,midnight,38.441401,-179.047239
19855,310,2013-12-27T23:40:31Z,noon,43.387258,-175.574323
19855,311,2013-12-28T11:41:01Z,midnight,43.612013,-175.814723
19855,312,2013-12-28T23:46:33Z,noon,41.743646,-177.198056
19855,313,2013-12-29T12:00:55Z,midnight,46.431153,179.095646
19855,314,2013-12-29T23:59:26.5Z,noon,46.862721,179.464396
19855,315,2013-12-30T11:54:09Z,midnight,45.363939,-179.326444
19855,316,2013-12-30T23:59:33.5Z,noon,43.640435,179.321473
19855,317,2013-12-31T11:45:41.5Z,midnight,38.794012,-177.324635
19855,318,2013-12-31T23:32:54.5Z,noon,43.377979,-174.128802
19855,319,2014-01-01T11:44:30Z,midnight,47.098074,-177.026718
19855,320,2014-01-01T23:32:00Z,noon,50.474344,-173.901718
19855,321,2014-01-02T11:26:00Z,midnight,49.037387,-172.513407
19855,322,2014-01-02T23:40:00Z,noon,44.938078,-176.013407
19855,323,2014-01-03T11:26:00Z,midnight,40.233848,-172.623906
19855,324,2014-01-03T23:21:00Z,noon,42.051964,-171.373906
19855,325,2014-01-04T11:24:00Z,midnight,43.237305,-172.233113
19855,326,2014-01-04T23:23:00Z,noon,43.576798,-171.983113
19855,327,2014-01-05T11:22:00Z,midnight,43.393116,-171.840928
19855,328,2014-01-05T23:06:00Z,noon,48.37085,-167.840928
19855,329,2014-01-06T10:58:30Z,midnight,46.32596,-166.072252
19855,330,2014-01-06T22:39:00Z,noon,51.32596,-161.197252
19855,331,2014-01-07T10:36:30Z,midnight,51.250597,-160.676987
19855,332,2014-01-07T22:51:30Z,noon,47.118568,-164.426987
19855,333,2014-01-08T10:53:30Z,midnight,47.909057,-165.030038
19855,334,2014-01-08T23:05:00Z,noon,44.275579,-167.905038
19855,335,2014-01-09T10:58:30Z,midnight,42.190568,-166.381313
19855,336,2014-01-09T23:06:30Z,noon,39.117284,-168.381313
19855,337,2014-01-10T11:06:30Z,midnight,39.328003,-168.480719
19855,338,2014-01-10T22:59:30Z,noon,42.037845,-166.730719
19855,339,2014-01-11T11:00:30Z,midnight,42.63634,-167.078168
19855,340,2014-01-11T22:53:00Z,noon,45.269861,-165.203168
19855,341,2014-01-12T10:57:00Z,midnight,46.823819,-166.298572
19855,342,2014-01-12T22:53:06Z,noon,48.037982,-165.323572
19855,343,2014-01-13T10:48:21Z,midnight,46.810234,-164.229347
19855,344,2014-01-13T23:03:20Z,noon,41.810234,-167.975181
19855,345,2014-01-14T11:15:31Z,midnight,46.163056,-171.112078
19855,346,2014-01-14T23:08:09Z,noon,48.513594,-169.270412
19855,347,2014-01-15T10:55:51.5Z,midnight,44.748554,-166.286269
19855,348,2014-01-15T22:42:57.5Z,noon,48.983581,-163.061269
19855,349,2014-01-16T10:36:10.5Z,midnight,47.143903,-161.451842
19855,350,2014-01-16T22:51:01.5Z,noon,42.143903,-165.164342
19855,351,2014-01-17T10:54:45.5Z,midnight,43.516233,-166.18164
19855,352,2014-01-17T22:42:24.5Z,noon,47.860541,-163.09414
19855,353,2014-01-18T10:37:54.5Z,midnight,46.685348,-162.050591
19855,354,2014-01-18T22:44:50.5Z,noon,44.188228,-163.783925
19855,355,2014-01-19T10:49:47.5Z,midnight,46.335723,-165.100294
19855,356,2014-01-19T22:49:37.5Z,noon,46.394553,-165.058628
19855,357,2014-01-20T10:44:29.5Z,midnight,44.876595,-163.851517
19855,358,2014-01-20T22:36:20.5Z,noon,47.793651,-161.814017
19855,359,2014-01-21T10:30:06Z,midnight,45.959363,-160.327112
19855,360,2014-01-21T22:28:47Z,noon,46.440432,-159.997945
19855,361,2014-01-22T10:25:14Z,midnight,45.509036,-159.181188
19855,362,2014-01-22T22:26:07Z,noon,45.170994,-159.402021
19855,363,2014-01-23T10:29:00Z,midnight,46.661482,-160.190771
19855,364,2014-01-23T22:31:40Z,noon,45.655451,-160.857438
19855,365,2014-01-24T10:30:18.5Z,midnight,45.545385,-160.582891
19855,366,2014-01-24T22:34:49.5Z,noon,43.71769,-161.712058
19855,367,2014-01-25T10:40:28.5Z,midnight,46.420155,-163.186666
19855,368,2014-01-25T22:44:03Z,noon,45.003834,-164.080416
19855,369,2014-01-26T10:39:16.5Z,midnight,43.442717,-162.945797
19855,370,2014-01-26T22:42:29.5Z,noon,42.009757,-163.749964
19855,371,2014-01-27T10:43:21Z,midnight,42.859042,-164.020659
19855,372,2014-01-27T22:38:07.5Z,noon,45.132108,-162.714409
19855,373,2014-01-28T10:34:05Z,midnight,43.869529,-161.757044
19855,374,2014-01-28T22:32:28.5Z,noon,44.577088,-161.354961
19855,375,2014-01-29T10:35:24Z,midnight,46.324975,-162.136167
19855,376,2014-01-29T22:29:30.5Z,noon,48.674879,-160.663251
19855,377,2014-01-30T10:26:31.5Z,midnight,48.033993,-159.964244
19855,378,2014-01-30T22:31:32.5Z,noon,45.953205,-161.218411
19855,379,2014-01-31T10:39:50Z,midnight,49.849122,-163.334996
19855,380,2014-01-31T22:23:34Z,noon,54.849122,-159.268329
19855,381,2014-02-01T10:21:30Z,midnight,55.212212,-158.792146
19855,382,2014-02-01T22:13:00Z,noon,57.60983,-156.667146
19855,383,2014-02-02T10:16:30Z,midnight,59.045844,-157.579422
19855,384,2014-02-02T22:36:00Z,noon,54.045844,-162.454422
19855,385,2014-02-03T10:36:30Z,midnight,54.142845,-162.613471
19855,386,2014-02-03T22:39:30Z,noon,53.115635,-163.363471
19855,387,2014-02-04T10:20:00Z,midnight,48.115635,-158.519279
19855,388,2014-02-04T21:49:00Z,noon,53.115635,-150.769279
19855,389,2014-02-05T09:49:30Z,midnight,58.115635,-150.921833
19855,390,2014-02-05T22:17:30Z,noon,53.115635,-157.921833
19855,391,2014-02-06T10:22:30Z,midnight,50.824695,-159.196125
19855,392,2014-02-06T22:25:30Z,noon,49.532309,-159.946125
19855,393,2014-02-07T10:30:00Z,midnight,52.138743,-161.092151
19855,394,2014-02-07T22:36:00Z,noon,49.558678,-162.592151
19855,395,2014-02-08T10:34:00Z,midnight,49.360108,-162.10991
19855,396,2014-02-08T22:19:00Z,noon,54.360108,-158.35991
19855,397,2014-02-09T10:01:00Z,midnight,49.360108,-153.874403
19855,398,2014-02-09T22:00:00Z,noon,49.156065,-153.624403
19855,399,2014-02-10T09:55:30Z,midnight,47.650223,-152.510638
19855,400,2014-02-10T21:46:00Z,noon,52.257605,-150.135638
19855,401,2014-02-11T09:49:30Z,midnight,54.548578,-151.018624
19855,402,2014-02-11T21:55:00Z,noon,52.164245,-152.393624
19855,403,2014-02-12T09:48:30Z,midnight,49.835219,-150.773374
19855,404,2014-02-12T21:44:45Z,noon,51.712666,-149.835874
19855,405,2014-02-13T09:47:11Z,midnight,53.72416,-150.445738
19855,406,2014-02-13T21:47:28Z,noon,53.594584,-150.516572
19855,407,2014-02-14T09:29:47.5Z,midnight,48.594584,-146.096154
19855,408,2014-02-14T20:53:15.5Z,noon,53.594584,-136.962821
19855,409,2014-02-15T08:52:30Z,midnight,58.594584,-136.768395
19855,410,2014-02-15T21:20:10Z,noon,53.594584,-143.685062
19855,411,2014-02-16T09:18:55Z,midnight,50.898161,-143.364572
19855,412,2014-02-16T21:06:45Z,noon,55.898161,-140.322906
19855,413,2014-02-17T08:45:30Z,midnight,50.898161,-134.999299
19855,414,2014-02-17T20:37:11Z,noon,51.495337,-132.920132
19855,415,2014-02-18T08:41:54Z,midnight,55.161276,-134.085109
19855,416,2014-02-18T20:53:14Z,noon,50.161276,-136.918442
19855,417,2014-02-19T09:02:06.5Z,midnight,54.976559,-139.119957
19855,418,2014-02-19T20:47:42.5Z,noon,59.976559,-135.519957
19855,419,2014-02-20T08:47:24.5Z,midnight,62.503667,-135.424716
19855,420,2014-02-20T21:04:07.5Z,noon,57.503667,-139.603882
19855,421,2014-02-21T09:02:42.5Z,midnight,55.096354,-139.226513
19855,422,2014-02-21T21:02:52.5Z,noon,54.997187,-139.26818
19855,423,2014-02-22T09:05:51Z,midnight,57.976727,-139.985812
19855,424,2014-02-22T21:09:21Z,noon,55.982556,-140.860812
19855,425,2014-02-23T09:43:15Z,midnight,60.982556,-149.30683
19855,426,2014-02-23T21:43:45Z,noon,65.982556,-149.43183
19855,427,2014-02-24T09:16:15Z,midnight,61.897478,-142.525037
19855,428,2014-02-24T21:25:35Z,noon,56.897478,-144.85837
19855,429,2014-02-25T09:20:35Z,midnight,54.718742,-143.57382
19855,430,2014-02-25T21:25:41.5Z,noon,50.545149,-144.850904
19855,431,2014-02-26T09:38:00.5Z,midnight,55.545149,-147.892824
19855,432,2014-02-26T21:35:34Z,noon,60.545149,-147.282407
19855,433,2014-02-27T09:28:15Z,midnight,59.746161,-145.413358
19855,434,2014-02-27T21:35:09Z,noon,54.746161,-147.138358
19855,435,2014-02-28T09:37:52.5Z,midnight,58.594198,-147.777154
19855,436,2014-02-28T21:36:58.5Z,noon,59.272585,-147.552154
19855,437,2014-03-01T09:41:30Z,midnight,64.218192,-148.638446
19855,438,2014-03-01T21:41:30Z,noon,64.218192,-148.638446
19855,439,2014-03-02T09:36:30Z,midnight,62.987189,-147.341054
19855,440,2014-03-02T21:23:00Z,noon,67.987189,-143.966054
19855,441,2014-03-03T09:19:00Z,midnight,70,-142.916298
19855,442,2014-03-03T21:35:30Z,noon,65,-147.041298
19855,443,2014-03-04T09:46:30Z,midnight,69.889383,-149.739254
19855,444,2014-03-04T20:49:30Z,noon,70,-135.489254
19855,445,2014-03-05T08:45:00Z,midnight,70,-134.309999
19855,446,2014-03-05T21:45:00Z,noon,67.750349,-149.309999
19855,447,2014-03-06T09:47:00Z,midnight,70,-149.75361
19855,448,2014-03-06T21:33:00Z,noon,70,-146.25361
19855,449,2014-03-07T09:21:00Z,midnight,70,-143.195169
19855,450,2014-03-07T20:37:00Z,noon,70,-132.195169
19855,451,2014-03-08T08:28:30Z,midnight,70,-130.009759
19855,452,2014-03-09T21:17:30Z,noon,70,-142.197465
19855,453,2014-03-10T09:29:30Z,midnight,70,-145.133372
19855,454,2014-03-10T21:32:00Z,noon,70,-145.758372
19855,455,2014-03-11T09:34:30Z,midnight,70,-146.31757
19855,456,2014-03-11T21:43:00Z,noon,70,-148.44257
19855,457,2014-03-13T09:29:25.5Z,midnight,70,-144.912449
19855,458,2014-03-14T21:26:10.5Z,noon,70,-144.029563
19855,459,2014-03-24T09:37:55Z,midnight,65,-146.203253
19855,460,2014-03-24T21:44:16.5Z,noon,60,-147.792836
19855,461,2014-03-25T09:50:15Z,midnight,55,-149.206787
19855,462,2014-03-26T21:40:52Z,noon,50,-146.780893
19855,463,2014-03-27T09:43:09.5Z,midnight,45,-147.273586
19855,464,2014-03-27T21:35:23Z,noon,40,-145.329836
19855,465,2014-03-28T21:51:14.5Z,noon,35,-149.214133
19855,466,2014-03-29T09:53:44Z,midnight,30,-149.756798
19855,467,2014-03-29T21:58:35Z,noon,25,-150.969298
19855,468,2014-03-30T09:49:09.5Z,midnight,30,-148.53293
19855,469,2014-03-30T21:41:09.5Z,noon,26.216087,-146.53293
19855,470,2014-03-31T09:43:24Z,midnight,21.216087,-147.013459
19855,471,2014-03-31T21:47:24Z,noon,26.216087,-148.013459
19855,472,2014-04-01T09:49:00Z,midnight,23.408413,-148.3339
19855,473,2014-04-01T21:59:30Z,noon,28.408413,-150.9589
19855,474,2014-04-02T10:01:00Z,midnight,33.408413,-151.254763
19855,475,2014-04-02T21:45:30Z,noon,28.408413,-147.379763
19855,476,2014-04-03T09:48:00Z,midnight,23.408413,-147.926145
19855,477,2014-04-04T09:31:00Z,midnight,18.408413,-143.598139
19855,478,2014-04-04T20:55:30Z,noon,13.408413,-134.723139
19855,479,2014-04-05T08:55:30Z,midnight,8.408413,-134.645837
19855,480,2014-04-05T21:39:30Z,noon,13.408413,-145.645837
19855,481,2014-04-06T09:44:00Z,midnight,18.408413,-146.69433
19855,482,2014-04-06T21:32:30Z,noon,13.408413,-143.81933
19855,483,2014-04-07T09:20:30Z,midnight,18.408413,-140.743708
19855,484,2014-04-07T21:33:00Z,noon,23.408413,-143.868708
19855,485,2014-04-08T09:32:30Z,midnight,28.408413,-143.669059
19855,486,2014-04-08T21:34:00Z,noon,33.408413,-144.044059
19855,487,2014-04-09T09:38:00Z,midnight,32.524776,-144.970469
19855,488,2014-04-09T21:42:30Z,noon,37.026048,-146.095469
19855,489,2014-04-10T09:31:00Z,midnight,42.026048,-143.148022
19855,490,2014-04-10T21:25:00Z,noon,40.667887,-141.648022
19855,491,2014-04-11T09:29:30Z,midnight,35.836935,-142.701802
19855,492,2014-04-11T21:52:30Z,noon,40.836935,-148.451802
19855,493,2014-04-12T10:22:30Z,midnight,35.836935,-155.88189
19855,494,2014-04-12T22:29:46Z,noon,35.090322,-157.698556
19855,495,2014-04-13T10:26:42Z,midnight,36.736689,-156.863363
19855,496,2014-04-13T22:11:28.5Z,noon,31.736689,-153.057113
19855,497,2014-04-14T10:11:45.5Z,midnight,26.736689,-153.060882
19855,498,2014-04-14T22:41:58Z,noon,31.736689,-160.612965
19855,499,2014-04-15T10:50:05Z,midnight,36.736689,-162.576604
19855,500,2014-04-15T22:41:11Z,noon,33.034,-160.351604
19855,501,2014-04-16T10:29:11.5Z,midnight,38.034,-157.289769
19855,502,2014-04-16T22:34:20.5Z,noon,43.034,-158.577269
19855,503,2014-04-17T10:24:20Z,midnight,48.034,-156.012944
19855,504,2014-04-17T22:17:46Z,noon,45.128052,-154.371278
19855,505,2014-04-18T10:25:28.5Z,midnight,40.128052,-156.237865
19855,506,2014-04-18T22:28:03.5Z,noon,41.470175,-156.883699
19855,507,2014-04-19T10:25:26.5Z,midnight,42.185411,-156.170846
19855,508,2014-04-19T22:23:52Z,noon,41.29437,-155.777096
19855,509,2014-04-20T10:18:05.5Z,midnight,43.669357,-154.276532
19855,510,2014-04-20T22:17:24Z,noon,43.313324,-154.103615
19855,511,2014-04-21T10:32:22Z,midnight,38.313324,-157.790398
19855,512,2014-04-21T22:26:07Z,noon,33.313324,-156.227898
19855,513,2014-04-22T10:05:57.5Z,midnight,38.313324,-151.135417
19855,514,2014-04-22T22:07:28Z,noon,42.102933,-151.512501
19855,515,2014-04-23T10:12:59Z,midnight,38.422275,-152.84081
19855,516,2014-04-23T22:10:15Z,noon,36.819668,-152.157477
19855,517,2014-04-24T10:07:12.5Z,midnight,37.934813,-151.348294
19855,518,2014-04-24T22:04:03.5Z,noon,36.097956,-150.560794
19855,519,2014-04-25T10:02:34Z,midnight,36.343389,-150.14125
19855,520,2014-04-25T22:05:18.5Z,noon,37.898932,-150.826667
19855,521,2014-04-26T09:53:22Z,midnight,42.898932,-147.796805
19855,522,2014-04-26T21:54:10Z,noon,43.568821,-147.996805
19855,523,2014-04-27T09:51:16Z,midnight,44.205418,-147.229585
19855,524,2014-04-27T21:40:59Z,noon,39.486551,-144.658752
19855,525,2014-04-28T09:48:15.5Z,midnight,35.025835,-146.437544
19855,526,2014-04-28T21:33:00.5Z,noon,30.025835,-142.625044
19855,527,2014-04-29T09:27:48Z,midnight,28.327217,-141.285301
19855,528,2014-04-29T22:07:22.5Z,noon,33.327217,-151.179051
19855,529,2014-04-30T10:12:35Z,midnight,38.327217,-152.445805
19855,530,2014-04-30T22:06:52.5Z,noon,42.917004,-151.018722
19855,531,2014-05-01T10:12:30Z,midnight,39.938631,-152.392001
19855,532,2014-05-01T22:24:00Z,noon,44.692245,-155.267001
19855,533,2014-05-02T10:40:00Z,midnight,39.692245,-159.236414
19855,534,2014-05-02T22:54:30Z,noon,43.591485,-162.861414
19855,535,2014-05-03T10:58:00Z,midnight,41.68757,-163.708233
19855,536,2014-05-03T23:24:30Z,noon,46.68757,-170.333233
19855,537,2014-05-04T11:33:30Z,midnight,47.459664,-172.557478
19855,538,2014-05-04T23:29:30Z,noon,46.166677,-171.557478
19855,539,2014-05-05T12:04:00Z,midnight,41.166677,179.840837
19855,540,2014-05-06T00:17:30Z,noon,37.470117,176.486698
19855,541,2014-05-06T12:15:00Z,midnight,38.119764,177.111698
19855,542,2014-05-07T00:23:30Z,noon,41.618226,175.005098
19855,543,2014-05-07T12:31:00Z,midnight,38.09957,173.130098
19855,544,2014-05-08T00:42:00Z,noon,42.477374,170.396031
19855,545,2014-05-08T12:44:30Z,midnight,41.096601,169.771031
19855,546,2014-05-09T00:54:30Z,noon,44.643378,167.284494
19855,547,2014-05-09T12:54:30Z,midnight,44.210591,167.284494
19855,548,2014-05-10T00:55:30Z,noon,44.538803,167.045489
19855,549,2014-05-10T12:39:00Z,midnight,48.939254,171.170489
19855,550,2014-05-11T00:45:30Z,noon,50.564158,169.554021
19855,551,2014-05-11T12:43:00Z,midnight,50.760157,170.179021
19855,552,2014-05-12T00:38:30Z,noon,49.682212,171.310097
19855,553,2014-05-12T12:30:00Z,midnight,51.287439,173.435097
19855,554,2014-05-13T00:36:20Z,noon,52.637336,171.855395
19855,555,2014-05-13T12:32:45Z,midnight,52.993336,172.751228
19855,556,2014-05-14T00:14:43.5Z,noon,49.016125,177.25868
19855,557,2014-05-14T12:16:08.5Z,midnight,48.296216,176.904513
19855,558,2014-05-15T00:40:50Z,noon,53.296216,170.730387
19855,559,2014-05-15T12:35:28Z,midnight,54.272838,172.072053
19855,560,2014-05-16T00:41:32Z,noon,55.293522,170.551786
19855,561,2014-05-16T12:38:11.5Z,midnight,55.506386,171.387202
19855,562,2014-05-17T00:28:36Z,noon,53.914568,173.779152
19855,563,2014-05-17T12:34:57.5Z,midnight,52.43255,172.189568
19855,564,2014-05-18T00:51:27Z,noon,55.280913,168.058346
19855,565,2014-05-18T12:56:53.5Z,midnight,54.095848,166.697929
19855,566,2014-05-19T00:45:22.5Z,noon,52.029896,169.566481
19855,567,2014-05-19T13:13:03Z,midnight,47.029896,162.647731
19855,568,2014-05-20T01:16:36Z,noon,46.336541,161.747342
19855,569,2014-05-20T13:17:38.5Z,midnight,45.758491,161.486926
19855,570,2014-05-21T01:10:51Z,noon,43.90698,163.169716
19855,571,2014-05-21T13:17:49Z,midnight,41.540437,161.428049
19855,572,2014-05-22T01:01:41.5Z,noon,36.540437,165.441975
19855,573,2014-05-22T12:43:30Z,midnight,41.540437,169.989892
19855,574,2014-05-23T00:42:50.5Z,noon,41.683614,170.134996
19855,575,2014-05-23T12:38:44.5Z,midnight,42.621102,171.159996
19855,576,2014-05-24T00:48:11Z,noon,45.204239,168.777992
19855,577,2014-05-24T12:31:56Z,midnight,48.758292,172.840492
19855,578,2014-05-25T00:31:28Z,noon,48.658407,172.93351
19855,579,2014-05-25T12:54:05Z,midnight,43.658407,167.279344
19855,580,2014-05-26T00:57:26Z,noon,43.756993,166.416186
19855,581,2014-05-26T13:22:40.5Z,midnight,38.756993,160.10577
19855,582,2014-05-27T01:19:26Z,noon,34.381995,160.888574
19855,583,2014-05-27T13:21:40.5Z,midnight,33.298759,160.328157
19855,584,2014-05-28T01:05:29Z,noon,28.298759,164.346563
19855,585,2014-05-28T12:52:12Z,midnight,31.943805,167.667397
19855,586,2014-05-29T00:49:40Z,noon,30.923171,168.26938
19855,587,2014-05-29T12:25:22.5Z,midnight,35.923171,174.342297
19855,588,2014-05-30T00:26:14.5Z,noon,39.649205,174.092504
19855,589,2014-05-30T12:11:21.5Z,midnight,43.62695,177.813337
19855,590,2014-05-31T00:24:57.5Z,noon,46.876574,174.378497
19855,591,2014-05-31T12:35:34Z,midnight,44.183905,171.726414
19855,592,2014-06-01T00:37:19Z,noon,44.616041,171.252427
19855,593,2014-06-01T12:19:30Z,midnight,48.3708,175.706594
19855,594,2014-06-02T00:22:30Z,noon,48.961167,174.918529
19855,595,2014-06-02T12:28:30Z,midnight,47.579243,173.418529
19855,596,2014-06-03T00:32:00Z,noon,48.290299,172.503958
19855,597,2014-06-03T12:21:00Z,midnight,50.184476,175.253958
19855,598,2014-06-04T00:23:00Z,noon,50.533875,174.712953
19855,599,2014-06-04T12:35:00Z,midnight,48.154849,171.712953
19855,600,2014-06-05T00:14:30Z,noon,43.609543,176.795588
19855,601,2014-06-05T12:04:30Z,midnight,45.801182,179.295588
19855,602,2014-06-06T00:35:30Z,noon,50.801182,171.501941
140,1,2013-05-30T10:35:22.5Z,midnight,21.348085,-158.19083
140,2,2013-05-30T22:20:28.5Z,noon,16.348085,-154.46583
140,3,2013-05-31T10:25:23.5Z,midnight,11.348085,-155.729836
140,4,2013-05-31T22:20:47.5Z,noon,7.75238,-154.579836
140,5,2013-06-01T10:30:31.5Z,midnight,2.75238,-157.049656
140,6,2013-06-01T22:44:35Z,noon,7.75238,-160.564239
140,7,2013-06-02T10:30:16.5Z,midnight,12.75238,-157.025221
140,8,2013-06-02T22:06:06.5Z,noon,7.75238,-150.983554
140,9,2013-06-03T10:08:20Z,midnight,2.960048,-151.579375
140,10,2013-06-03T22:36:40Z,noon,7.960048,-158.662709
140,11,2013-06-04T10:33:45Z,midnight,12.960048,-157.974547
140,12,2013-06-04T22:35:00Z,noon,17.960048,-158.287047
140,13,2013-06-05T10:41:15Z,midnight,17.596514,-159.891912
140,14,2013-06-05T22:43:15.5Z,noon,18.619452,-160.393995
140,15,2013-06-06T10:46:15.5Z,midnight,16.993613,-161.187643
140,16,2013-06-07T10:34:42Z,noon,21.993613,-176.187643
140,17,2013-06-08T10:27:43Z,midnight,16.993613,-161.187643
140,18,2013-06-08T22:29:46Z,noon,15.524421,-157.155552
140,19,2013-06-09T10:32:30Z,midnight,14.02195,-157.885903
140,20,2013-06-09T22:35:00Z,noon,15.333662,-158.510903
140,21,2013-06-10T10:27:30Z,midnight,19.051938,-156.683879
140,22,2013-06-10T22:34:57Z,noon,22.589202,-158.546379
140,23,2013-06-11T10:42:27Z,midnight,18.958411,-160.470229
140,24,2013-06-11T22:18:28Z,noon,13.958411,-154.474396
140,25,2013-06-12T23:14:21Z,noon,8.958411,-168.494869
140,26,2013-06-13T10:34:31.5Z,midnight,13.958411,-158.58896
140,27,2013-06-13T22:14:59.5Z,noon,13.1007,-153.705626
140,28,2013-06-14T10:15:44.5Z,midnight,12.666879,-153.944081
140,29,2013-06-14T22:17:41.5Z,noon,13.691735,-154.431581
140,30,2013-06-15T10:17:47Z,midnight,13.609123,-154.505978
140,31,2013-06-15T22:17:47Z,noon,13.609123,-154.505978
140,32,2013-06-16T10:16:59Z,midnight,13.994479,-154.357894
140,33,2013-06-16T22:38:13Z,noon,18.994479,-159.666228
140,34,2013-06-17T10:38:34Z,midnight,23.966336,-159.805989
140,35,2013-06-17T22:37:53Z,noon,23.665812,-159.635156
140,36,2013-06-18T10:45:34Z,midnight,20.132136,-161.608505
140,37,2013-06-18T22:45:21Z,noon,20.030065,-161.554338
140,38,2013-06-19T10:36:36Z,midnight,23.983026,-159.419518
140,39,2013-06-19T22:26:15Z,noon,19.249406,-156.832018
140,40,2013-06-20T10:26:45Z,midnight,18.995278,-157.009769
140,41,2013-06-20T22:23:09Z,noon,17.24669,-156.109769
140,42,2013-06-21T10:28:41.5Z,midnight,14.455538,-157.547917
140,43,2013-06-21T22:42:03.5Z,noon,19.455538,-160.889583
140,44,2013-06-22T11:04:46Z,midnight,14.455538,-166.619286
140,45,2013-06-22T23:02:51Z,noon,9.455538,-166.14012
140,46,2013-06-23T10:37:59Z,midnight,14.455538,-159.975869
140,47,2013-06-23T22:39:34.5Z,noon,19.455538,-160.373786
140,48,2013-06-24T10:46:56.5Z,midnight,18.365173,-162.267573
140,49,2013-06-24T22:35:13.5Z,noon,13.365173,-159.338406
140,50,2013-06-25T10:25:33Z,midnight,17.383375,-156.971391
140,51,2013-06-25T22:36:17.5Z,noon,22.383375,-159.656807
140,52,2013-06-26T10:36:25Z,midnight,22.414415,-159.739314
140,53,2013-06-26T22:15:27Z,noon,17.414415,-154.497647
140,54,2013-06-27T10:35:00Z,midnight,12.414415,-159.435836
140,55,2013-06-27T22:50:19Z,noon,9.871955,-163.265003
140,56,2013-06-28T10:31:57.5Z,midnight,14.871955,-158.72545
140,57,2013-06-28T22:40:33.5Z,noon,19.871955,-160.87545
140,58,2013-06-29T10:39:59Z,midnight,23.571301,-160.780984
140,59,2013-06-29T22:31:04Z,noon,19.457388,-158.551817
140,60,2013-06-30T10:30:21Z,midnight,19.845681,-158.421099
140,61,2013-06-30T22:32:51Z,noon,21.025581,-159.046099
140,62,2013-07-01T10:33:53.5Z,midnight,20.590625,-159.354042
140,63,2013-07-01T22:20:49Z,noon,15.590625,-156.085292
140,64,2013-07-02T10:23:34Z,midnight,12.686939,-156.819309
140,65,2013-07-02T22:24:08.5Z,noon,12.992187,-156.963059
140,66,2013-07-03T10:19:55Z,midnight,15.253019,-155.952232
140,67,2013-07-03T22:34:55Z,noon,20.253019,-159.702232
140,68,2013-07-04T10:35:39.5Z,midnight,22.306218,-159.931894
140,69,2013-07-04T22:32:20Z,noon,20.747104,-159.100644
140,70,2013-07-05T10:31:29.5Z,midnight,21.226821,-158.933213
140,71,2013-07-05T22:29:54Z,noon,20.468009,-158.535296
140,72,2013-07-06T10:29:30Z,midnight,20.745635,-158.476941
140,73,2013-07-06T22:22:32.5Z,noon,17.309308,-156.737357
140,74,2013-07-07T10:25:05.5Z,midnight,16.078472,-157.415082
140,75,2013-07-07T22:39:30Z,noon,21.078472,-161.017165
140,76,2013-07-08T10:40:15.5Z,midnight,22.901809,-161.245476
140,77,2013-07-08T22:40:18.5Z,noon,22.925091,-161.257976
140,78,2013-07-09T10:43:14Z,midnight,21.654701,-162.02638
140,79,2013-07-09T22:46:45Z,noon,23.313718,-162.905546
140,80,2013-07-10T10:49:17.5Z,midnight,22.237325,-163.57647
140,81,2013-07-10T22:48:36.5Z,noon,21.910481,-163.405637
140,82,2013-07-11T10:55:38.5Z,midnight,18.539643,-165.197759
140,83,2013-07-11T22:53:10.5Z,noon,17.264414,-164.581092
140,84,2013-07-12T11:06:58.5Z,midnight,12.264414,-168.063093
140,85,2013-07-12T23:26:31.5Z,noon,17.264414,-172.950593
140,86,2013-07-13T11:21:58Z,midnight,22.264414,-171.841154
140,87,2013-07-13T23:27:01.5Z,noon,25.074773,-173.105737
140,88,2013-07-14T11:30:03.5Z,midnight,23.812695,-173.892295
140,89,2013-07-14T23:25:22.5Z,noon,21.538711,-172.721462
140,90,2013-07-15T11:30:18.5Z,midnight,19.173036,-173.981036
140,91,2013-07-15T23:36:56Z,noon,22.524865,-175.637286
140,92,2013-07-16T11:33:31.5Z,midnight,24.339509,-174.8094
140,93,2013-07-16T23:36:31.5Z,noon,25.749805,-175.5594
140,94,2013-07-17T11:46:15Z,midnight,21.185231,-178.012746
140,95,2013-07-17T23:53:04Z,noon,24.560509,-179.716913
140,96,2013-07-18T11:49:19Z,midnight,26.516695,-178.799353
140,97,2013-07-18T23:55:00Z,noon,29.071026,179.779814
140,98,2013-07-19T11:55:37.5Z,midnight,29.009876,179.605833
140,99,2013-07-19T23:58:07.5Z,noon,30.096383,178.980833
140,100,2013-07-20T11:56:45Z,midnight,30.909185,179.30911
140,101,2013-07-21T00:06:24Z,noon,34.780586,176.883442
140,102,2013-07-21T12:07:06.5Z,midnight,34.759307,176.706359
140,103,2013-07-22T00:12:46.5Z,noon,36.86079,175.278873
140,104,2013-07-22T12:14:04Z,midnight,36.656296,174.955957
140,105,2013-07-23T00:11:30.5Z,noon,35.708561,175.587111
140,106,2013-07-23T12:19:52.5Z,midnight,32.661762,173.495444
140,107,2013-07-24T00:27:07Z,noon,35.551915,171.679027
140,108,2013-07-24T12:39:20.5Z,midnight,30.788221,168.622777
140,109,2013-07-25T00:21:51.5Z,noon,25.788221,172.990071
140,110,2013-07-25T12:12:48Z,midnight,27.123852,175.254655
140,111,2013-07-26T00:51:08Z,noon,32.123852,165.670277
140,112,2013-07-26T12:55:48.5Z,midnight,37.123852,164.501527
140,113,2013-07-27T00:49:42.5Z,noon,38.970335,166.028006
140,114,2013-07-27T13:01:40.5Z,midnight,34.719753,163.036339
140,115,2013-07-28T01:11:47.5Z,noon,38.624732,160.511199
140,116,2013-07-28T13:07:31Z,midnight,40.45927,161.579949
140,117,2013-07-29T01:10:16.5Z,noon,41.389666,160.896962
140,118,2013-07-29T13:23:52.5Z,midnight,36.800158,157.496962
140,119,2013-07-30T01:28:58Z,noon,38.747416,156.233231
140,120,2013-07-30T13:27:27Z,midnight,39.651575,156.612398
140,121,2013-07-31T01:23:20Z,noon,38.114791,157.653355
140,122,2013-07-31T13:29:51Z,midnight,35.858431,156.024188
140,123,2013-08-01T01:46:52.5Z,noon,40.858431,151.782345
140,124,2013-08-01T14:04:55.5Z,midnight,35.858431,147.269845
140,125,2013-08-02T02:00:47Z,noon,33.97728,148.322294
140,126,2013-08-02T14:02:44Z,midnight,33.453803,147.834794
140,127,2013-08-03T02:01:04Z,noon,32.674046,148.271124
140,128,2013-08-03T13:56:34Z,midnight,35.121899,149.396124
140,129,2013-08-04T01:48:17.5Z,noon,31.207423,151.48717
140,130,2013-08-04T13:48:07.5Z,midnight,31.667614,151.528837
140,131,2013-08-05T01:36:37Z,noon,26.667614,154.430848
140,132,2013-08-05T13:27:50.5Z,midnight,30.655141,156.624598
140,133,2013-08-06T01:29:46Z,noon,31.648455,156.170902
140,134,2013-08-06T13:29:27.5Z,midnight,32.207646,156.247985
140,135,2013-08-07T01:32:30Z,noon,33.726339,155.517741
140,136,2013-08-07T13:24:32Z,midnight,37.846761,157.509408
140,137,2013-08-08T01:22:12.5Z,noon,36.81139,158.123437
140,138,2013-08-08T13:23:46.5Z,midnight,36.539688,157.73177
140,139,2013-08-09T01:35:21Z,noon,41.486797,154.873391
140,140,2013-08-09T13:43:55.5Z,midnight,38.367667,152.729641
140,141,2013-08-10T01:24:40.5Z,noon,33.367667,157.580086
140,142,2013-08-10T13:35:00Z,midnight,28.367667,154.998836
140,143,2013-08-11T01:37:31Z,noon,23.95946,154.410165
140,144,2013-08-11T13:37:17Z,midnight,24.51458,154.468499
140,145,2013-08-12T01:51:43.5Z,noon,29.51458,150.901104
140,146,2013-08-12T13:47:42.5Z,midnight,34.51458,151.905271
140,147,2013-08-13T01:18:15Z,noon,29.51458,159.315375
140,148,2013-08-13T13:25:00Z,midnight,24.51458,157.627875
140,149,2013-08-14T01:58:04Z,noon,29.51458,149.409195
140,150,2013-08-14T14:05:51Z,midnight,30.723033,147.463362
140,151,2013-08-15T02:19:48Z,noon,35.723033,144.02628
140,152,2013-08-15T14:17:09Z,midnight,40.227389,144.68878
140,153,2013-08-16T02:21:31.5Z,noon,42.213316,143.64784
140,154,2013-08-16T14:40:17Z,midnight,37.213316,138.958257
140,155,2013-08-17T02:29:05.5Z,noon,32.213316,141.811336
140,156,2013-08-17T14:16:50.5Z,midnight,34.320245,144.873836
140,157,2013-08-18T02:18:51.5Z,noon,35.49684,144.427138
140,158,2013-08-18T14:52:13Z,midnight,30.49684,136.087554
140,159,2013-08-19T02:54:39.5Z,noon,25.49684,135.536865
140,160,2013-08-19T14:24:05Z,midnight,30.49684,143.180615
140,161,2013-08-20T02:19:07.5Z,noon,33.481441,144.482134
140,162,2013-08-20T14:24:24.5Z,midnight,30.544391,143.161301
140,163,2013-08-21T02:25:21.5Z,noon,31.208625,142.987891
140,164,2013-08-21T14:17:51.5Z,midnight,36.208625,144.862891
140,165,2013-08-22T02:17:09.5Z,noon,36.288247,145.104079
140,166,2013-08-22T14:18:28Z,midnight,36.139545,144.776995
140,167,2013-08-23T02:19:29Z,noon,36.777377,144.591054
140,168,2013-08-23T14:16:06Z,midnight,39.510951,145.436887
140,169,2013-08-24T02:15:09.5Z,noon,38.956733,145.742504
140,170,2013-08-24T14:22:31.5Z,midnight,34.944224,143.900838
140,171,2013-08-25T02:20:27Z,noon,33.476601,144.491698
140,172,2013-08-25T14:17:50.5Z,midnight,36.04248,145.143782
140,173,2013-08-26T02:17:29.5Z,noon,35.800552,145.305234
140,174,2013-08-26T14:19:31.5Z,midnight,35.108614,144.796901
140,175,2013-08-27T02:21:33.5Z,noon,36.558313,144.364292
140,176,2013-08-27T14:39:38Z,midnight,31.558313,139.845542
140,177,2013-08-28T02:29:00.5Z,noon,26.558313,142.579215
140,178,2013-08-28T14:08:56.5Z,midnight,31.444378,147.595882
140,179,2013-08-29T01:56:33Z,noon,26.444378,150.772845
140,180,2013-08-29T14:05:50Z,midnight,21.444378,148.452011
140,181,2013-08-30T13:20:51Z,midnight,26.444378,159.778436
140,182,2013-08-31T01:14:25.5Z,noon,23.573904,161.466743
140,183,2013-08-31T13:11:21Z,midnight,27.657709,162.235493
140,184,2013-09-01T01:12:27Z,noon,28.789444,162.043932
140,185,2013-09-01T12:58:01.5Z,midnight,33.789444,165.650182
140,186,2013-09-02T00:47:32Z,noon,33.498664,168.357836
140,187,2013-09-02T12:45:32.5Z,midnight,36.264782,168.855753
140,188,2013-09-03T00:41:09.5Z,noon,32.144127,170.037536
140,189,2013-09-03T12:38:48Z,midnight,35.425644,170.62712
140,190,2013-09-04T00:43:09Z,noon,39.277568,169.626693
140,191,2013-09-04T12:50:59Z,midnight,34.277568,167.66836
140,192,2013-09-05T00:49:27Z,noon,31.341038,168.139801
140,193,2013-09-05T12:52:43Z,midnight,28.556461,167.323134
140,194,2013-09-06T00:51:50Z,noon,27.446556,167.633017
140,195,2013-09-06T13:00:05Z,midnight,22.446556,165.570517
140,196,2013-09-08T00:49:41.5Z,noon,27.446556,168.348984
140,197,2013-09-08T12:56:48Z,midnight,22.446556,166.5719
140,198,2013-09-09T00:50:00Z,noon,17.446556,168.36321
140,199,2013-09-09T12:54:11Z,midnight,12.446556,167.317377
140,200,2013-09-11T00:59:20.5Z,noon,7.446556,166.211995
140,201,2013-09-11T12:41:03Z,midnight,12.446556,170.784912
140,202,2013-09-12T00:30:51Z,noon,17.446556,173.427606
140,203,2013-09-23T01:30:32Z,midnight,12.446556,-171.572394
140,204,2013-10-08T02:10:07.5Z,noon,17.446556,173.427606
140,205,2013-10-09T01:59:28Z,noon,22.446556,158.427606
140,206,2013-10-09T13:59:07.5Z,midnight,27.446556,153.626639
140,207,2013-10-10T14:22:42.5Z,midnight,32.446556,147.79278
140,208,2013-10-11T02:04:59Z,noon,37.446556,152.283567
140,209,2013-10-11T14:01:44Z,midnight,42.446556,153.096067
140,210,2013-10-12T02:13:04Z,noon,47.446556,150.319756
140,211,2013-10-14T01:49:30Z,noon,52.446556,156.317636
140,212,2013-10-14T13:41:11.5Z,midnight,49.451866,158.394719
140,213,2013-10-15T01:29:26.5Z,noon,54.451866,161.381271
140,214,2013-10-15T13:35:00Z,midnight,59.451866,159.991688
140,215,2013-10-16T01:54:40Z,noon,54.451866,155.121283
140,216,2013-10-16T14:08:25Z,midnight,56.392379,151.683783
140,217,2013-10-17T02:12:00Z,noon,53.471518,150.831358
140,218,2013-10-17T14:10:45Z,midnight,50.641747,151.143858
140,219,2013-10-18T02:09:10Z,noon,52.046452,151.580188
140,220,2013-10-18T14:00:16Z,midnight,47.046452,153.805188
140,221,2013-10-19T14:13:05Z,midnight,45.18815,150.638549
140,222,2013-10-20T01:56:32Z,noon,50.18815,154.810555
140,223,2013-10-20T14:02:51Z,midnight,55.18815,153.231389
140,224,2013-10-21T02:08:45Z,noon,56.768723,151.787823
140,225,2013-10-21T14:06:55.5Z,midnight,54.329915,152.244073
140,226,2013-10-22T02:17:12.5Z,noon,49.329915,149.701554
140,227,2013-10-22T14:22:47Z,midnight,49.86793,148.307804
140,228,2013-10-23T02:18:45Z,noon,52.624435,149.341289
140,229,2013-10-23T14:11:41Z,midnight,47.624435,151.107955
140,230,2013-10-24T02:12:11Z,noon,45.973549,151.004903
140,231,2013-10-24T14:18:30Z,midnight,49.411178,149.425737
140,232,2013-10-25T02:04:43.5Z,noon,54.411178,152.888194
140,233,2013-10-25T14:18:02Z,midnight,59.411178,149.561111
140,234,2013-10-26T02:28:59Z,noon,57.274609,146.839043
140,235,2013-10-26T14:14:21.5Z,midnight,52.274609,150.495293
140,236,2013-10-27T02:19:41Z,noon,47.274609,149.176171
140,237,2013-10-27T14:18:57.5Z,midnight,43.015003,149.357421
140,238,2013-10-28T02:19:42.5Z,noon,42.456045,149.178717
140,239,2013-10-28T14:20:00Z,midnight,41.72225,149.1058
140,240,2013-10-29T02:10:45Z,noon,46.72225,151.423741
140,241,2013-10-29T14:15:29Z,midnight,49.752641,150.240408
140,242,2013-10-30T02:24:23.5Z,noon,44.752641,148.01539
140,243,2013-10-30T14:21:57Z,midnight,41.821485,148.625807
140,244,2013-10-31T02:16:02.5Z,noon,45.682688,150.101565
140,245,2013-10-31T14:27:51Z,midnight,50.682688,147.149481
140,246,2013-11-01T02:24:12.5Z,noon,52.976079,148.055168
140,247,2013-11-01T14:06:21.5Z,midnight,47.976079,152.517668
140,248,2013-11-02T01:56:54Z,noon,48.031473,154.874109
140,249,2013-11-02T14:18:09Z,midnight,53.031473,149.561609
140,250,2013-11-03T02:20:00Z,noon,55.858188,149.087548
140,251,2013-11-03T14:04:25.5Z,midnight,50.858188,152.981298
140,252,2013-11-04T02:14:57Z,noon,45.858188,150.335066
140,253,2013-11-04T14:22:36.5Z,midnight,46.223722,148.420483
140,254,2013-11-05T02:17:05Z,noon,48.967776,149.783333
140,255,2013-11-05T14:08:11.5Z,midnight,43.967776,152.00625
140,256,2013-11-06T02:08:43Z,noon,43.411074,151.853187
140,257,2013-11-06T14:25:12Z,midnight,48.411074,147.732354
140,258,2013-11-07T02:19:46Z,noon,52.860756,149.06547
140,259,2013-11-07T14:07:33.5Z,midnight,47.860756,152.117554
140,260,2013-11-08T02:18:02Z,noon,42.860756,149.470196
140,261,2013-11-08T14:20:16.5Z,midnight,42.2509,148.909779
140,262,2013-11-09T02:10:21.5Z,noon,47.168603,151.356963
140,263,2013-11-09T14:22:41.5Z,midnight,51.634727,148.27363
140,264,2013-11-10T02:31:44Z,noon,48.009109,145.977876
140,265,2013-11-10T14:22:45.5Z,midnight,43.241377,148.221626
140,266,2013-11-11T02:20:47Z,noon,44.210625,148.676708
140,267,2013-11-11T14:24:14.5Z,midnight,45.259814,147.812124
140,268,2013-11-12T02:21:54Z,noon,46.309221,148.355569
140,269,2013-11-12T14:27:18Z,midnight,48.027701,147.005569
140,270,2013-11-13T02:28:42.5Z,noon,47.452588,146.60824
140,271,2013-11-13T14:15:48.5Z,midnight,42.452588,149.83324
140,272,2013-11-14T02:19:33Z,noon,39.105802,148.849339
140,273,2013-11-14T14:27:03Z,midnight,42.353189,146.974339
140,274,2013-11-15T02:14:35.5Z,noon,47.353189,150.037237
140,275,2013-11-15T14:10:43Z,midnight,45.661876,151.005987
140,276,2013-11-16T02:10:48Z,noon,45.627213,150.930308
140,277,2013-11-16T14:10:23Z,midnight,44.970756,151.034474
140,278,2013-11-17T01:54:44Z,noon,49.970756,154.889013
140,279,2013-11-17T13:53:35.5Z,midnight,49.9685,155.17443
140,280,2013-11-18T02:19:10.5Z,noon,44.9685,148.717568
140,281,2013-11-18T14:19:55.5Z,midnight,39.9685,148.530068
140,282,2013-11-19T02:10:26.5Z,noon,43.70579,150.836856
140,283,2013-11-19T14:00:50Z,midnight,38.959503,153.23894
140,284,2013-11-20T01:59:50Z,noon,39.434981,153.421933
140,285,2013-11-20T14:04:51Z,midnight,41.318536,152.167766
140,286,2013-11-21T01:54:45Z,noon,45.475991,154.622855
140,287,2013-11-21T13:48:45Z,midnight,42.677913,156.122855
140,288,2013-11-22T02:03:45Z,noon,37.677913,152.3001
140,289,2013-11-22T14:01:03Z,midnight,34.062762,152.9751
140,290,2013-11-23T01:53:38Z,noon,37.734108,154.753732
140,291,2013-11-23T13:53:50Z,midnight,37.477994,154.703732
140,292,2013-11-24T01:49:24Z,noon,39.505343,155.733819
140,293,2013-11-24T13:41:44Z,midnight,35.600448,157.650485
140,294,2013-11-25T01:37:45Z,noon,37.491796,158.565428
140,295,2013-11-25T13:54:10Z,midnight,42.491796,154.461262
140,296,2013-11-26T01:56:33.5Z,noon,43.117843,153.779885
140,297,2013-11-26T13:54:16.5Z,midnight,41.895518,154.350718
140,298,2013-11-27T02:00:10Z,noon,39.459882,152.791845
140,299,2013-11-27T14:10:33Z,midnight,43.321903,150.196012
140,300,2013-11-28T02:17:48.5Z,noon,40.467031,148.293056
140,301,2013-11-28T14:16:25.5Z,midnight,39.601774,148.638889
140,302,2013-11-29T02:19:31.5Z,noon,38.284254,147.77318
140,303,2013-11-29T14:34:53.5Z,midnight,43.284254,143.931513
140,304,2013-11-30T02:26:38Z,noon,46.871667,145.903134
140,305,2013-11-30T14:09:39Z,midnight,41.871667,150.148967
140,306,2013-12-01T02:21:41.5Z,noon,36.871667,147.04342
140,307,2013-12-01T14:22:32.5Z,midnight,35.501347,146.83092
140,308,2013-12-02T02:23:29.5Z,noon,35.070529,146.49621
140,309,2013-12-02T14:20:12.5Z,midnight,33.326864,147.317043
140,310,2013-12-03T02:21:25Z,noon,32.755156,146.91576
140,311,2013-12-03T14:26:40Z,midnight,34.972329,145.60326
140,312,2013-12-04T02:16:06.5Z,noon,39.44633,148.141745
140,313,2013-12-04T14:16:31.5Z,midnight,39.396462,148.037579
140,314,2013-12-05T02:20:56Z,noon,37.605534,146.832594
140,315,2013-12-05T14:22:11Z,midnight,37.922146,146.520094
140,316,2013-12-06T02:23:32.5Z,noon,37.361436,146.075903
140,317,2013-12-06T14:25:29Z,midnight,37.971663,145.590486
140,318,2013-12-07T02:22:29.5Z,noon,39.166384,146.232185
140,319,2013-12-07T14:22:46Z,midnight,39.094937,146.163435
140,320,2013-12-08T02:22:33Z,noon,39.179485,146.109875
140,321,2013-12-08T14:20:34Z,midnight,38.231883,146.605708
140,322,2013-12-09T02:15:28Z,noon,40.203607,147.771572
140,323,2013-12-09T14:19:24Z,midnight,41.488883,146.788239
140,324,2013-12-10T02:26:15Z,noon,38.934236,144.965298
140,325,2013-12-10T14:30:27Z,midnight,40.378027,143.915298
140,326,2013-12-11T02:35:33Z,noon,38.440433,142.528655
140,327,2013-12-11T14:32:07Z,midnight,36.943703,143.386988
140,328,2013-12-12T02:27:08.5Z,noon,38.905313,144.518
140,329,2013-12-12T14:15:01Z,midnight,33.905313,147.54925
140,330,2013-12-13T02:11:37.5Z,noon,35.275373,148.283438
140,331,2013-12-13T13:58:34.5Z,midnight,30.275373,151.545938
140,332,2013-12-14T01:57:22Z,noon,29.895244,151.73341
140,333,2013-12-14T13:54:40Z,midnight,28.527021,152.40841
140,334,2013-12-15T01:44:09.5Z,noon,33.351314,154.920109
140,335,2013-12-15T13:37:08Z,midnight,30.103109,156.676359
140,336,2013-12-16T01:15:52Z,noon,35.103109,161.876976
140,337,2013-12-16T12:59:05Z,midnight,32.080975,166.072809
140,338,2013-12-17T00:50:26Z,noon,35.78176,168.118705
140,339,2013-12-17T12:34:31.5Z,midnight,30.78176,172.095788
140,340,2013-12-18T00:18:36Z,noon,35.726569,175.959989
140,341,2013-12-18T12:13:19Z,midnight,33.457308,177.280822
140,342,2013-12-18T23:58:47Z,noon,38.457308,-179.085845
140,343,2013-12-19T11:57:55Z,midnight,38.912857,-178.986561
140,344,2013-12-19T23:55:05.5Z,noon,39.95265,-178.280311
140,345,2013-12-20T11:31:28Z,midnight,34.95265,-172.491667
140,346,2013-12-20T23:19:21Z,noon,35.482454,-169.4625
140,347,2013-12-21T11:21:41Z,midnight,36.407292,-170.163551
140,348,2013-12-21T23:12:28Z,noon,39.916251,-167.859384
140,349,2013-12-22T11:12:59Z,midnight,40.093908,-168.106269
140,350,2013-12-22T23:13:04Z,noon,40.063901,-168.127102
140,351,2013-12-23T11:25:32.5Z,midnight,44.261227,-171.36346
140,352,2013-12-23T23:19:58.5Z,noon,45.948815,-169.971793
140,353,2013-12-24T11:10:00Z,midnight,42.85996,-167.595429
140,354,2013-12-24T23:20:10.5Z,noon,39.311364,-170.139179
140,355,2013-12-25T11:19:19Z,midnight,39.018049,-170.04165
140,356,2013-12-25T23:05:59Z,noon,43.632874,-166.708317
140,357,2013-12-26T11:04:09.5Z,midnight,43.078473,-166.368679
140,358,2013-12-26T23:10:47Z,noon,40.825016,-168.024929
140,359,2013-12-27T11:08:16Z,midnight,39.971726,-167.511823
140,360,2013-12-27T23:09:45.5Z,noon,39.425602,-167.884739
140,361,2013-12-28T11:07:40.5Z,midnight,38.705893,-167.479306
140,362,2013-12-28T23:02:44Z,noon,40.523391,-166.243889
140,363,2013-12-29T10:55:52Z,midnight,38.039706,-164.641854
140,364,2013-12-29T22:53:14Z,noon,39.042065,-163.983521
140,365,2013-12-30T11:05:23.5Z,midnight,43.391981,-167.13686
140,366,2013-12-30T22:58:34.5Z,noon,45.537925,-165.432694
140,367,2013-12-31T10:47:24.5Z,midnight,42.026162,-162.753802
140,368,2013-12-31T22:51:58Z,noon,40.415244,-163.893385
140,369,2014-01-01T10:49:48Z,midnight,39.724357,-163.351718
140,370,2014-01-01T22:32:27.5Z,noon,44.724357,-159.016302
140,371,2014-01-02T10:27:44.5Z,midnight,44.217234,-157.948824
140,372,2014-01-02T22:33:18.5Z,noon,42.365305,-159.34049
140,373,2014-01-03T10:40:22Z,midnight,44.824891,-161.215572
140,374,2014-01-03T22:42:20Z,noon,44.195054,-161.707239
140,375,2014-01-04T10:32:35Z,midnight,40.990624,-159.378946
140,376,2014-01-04T22:33:01Z,noon,40.832877,-159.48728
140,377,2014-01-05T10:28:58.5Z,midnight,39.473968,-158.584678
140,378,2014-01-05T22:35:20Z,noon,36.953683,-160.174261
140,379,2014-01-06T11:19:24Z,midnight,41.953683,-171.297252
140,380,2014-01-06T23:07:12.5Z,noon,46.953683,-168.249335
140,381,2014-01-07T10:12:25Z,midnight,41.953683,-154.656153
140,382,2014-01-07T22:10:39Z,noon,38.589535,-154.214487
140,383,2014-01-08T10:22:56.5Z,midnight,43.339293,-157.390455
140,384,2014-01-08T22:15:21.5Z,noon,45.841587,-155.494622
140,385,2014-01-09T09:52:05.5Z,midnight,40.841587,-149.77923
140,386,2014-01-09T21:43:31.5Z,noon,40.976138,-147.637563
140,387,2014-01-10T09:49:16Z,midnight,43.279712,-149.172386
140,388,2014-01-10T21:56:24.5Z,noon,40.657306,-150.957802
140,389,2014-01-11T09:48:23.5Z,midnight,37.657504,-149.051084
140,390,2014-01-11T21:42:24Z,noon,40.095744,-147.553168
140,391,2014-01-12T09:35:52Z,midnight,37.658105,-146.015239
140,392,2014-01-12T21:14:28Z,noon,42.658105,-140.665239
140,393,2014-01-13T09:20:46.5Z,midnight,47.658105,-142.335597
140,394,2014-01-13T21:50:47Z,noon,42.658105,-149.837681
140,395,2014-01-14T10:01:11Z,midnight,41.457558,-152.528745
140,396,2014-01-14T22:03:27Z,noon,40.565665,-153.095412
140,397,2014-01-15T10:12:46.5Z,midnight,44.362881,-155.515436
140,398,2014-01-15T22:22:41Z,noon,40.607138,-157.992519
140,399,2014-01-16T10:24:05Z,midnight,41.456189,-158.428925
140,400,2014-01-16T22:28:04Z,noon,39.836426,-159.424759
140,401,2014-01-17T10:27:26Z,midnight,39.870806,-159.35039
140,402,2014-01-17T22:09:48Z,noon,44.870806,-154.942057
140,403,2014-01-18T10:08:19Z,midnight,46.350243,-154.652675
140,404,2014-01-18T22:21:38Z,noon,41.360025,-157.981841
140,405,2014-01-19T10:15:34Z,midnight,39.115064,-156.544044
140,406,2014-01-19T22:04:38.5Z,noon,43.615952,-153.812794
140,407,2014-01-20T09:53:55.5Z,midnight,39.545732,-151.20985
140,408,2014-01-20T21:51:54Z,noon,40.428228,-150.7036
140,409,2014-01-21T09:43:09Z,midnight,36.792181,-148.589612
140,410,2014-01-21T21:27:30Z,noon,41.792181,-144.677112
140,411,2014-01-22T09:27:05Z,midnight,43.848066,-144.643688
140,412,2014-01-22T21:25:50Z,noon,44.340417,-144.331188
140,413,2014-01-23T09:41:10Z,midnight,49.340417,-148.232438
140,414,2014-01-23T21:54:17.5Z,noon,45.587192,-151.513688
140,415,2014-01-24T10:01:33Z,midnight,48.620889,-153.393308
140,416,2014-01-24T21:47:10.5Z,noon,53.081639,-149.799558
140,417,2014-01-25T09:47:55Z,midnight,53.707604,-150.047082
140,418,2014-01-25T22:00:54Z,noon,49.769964,-153.292916
140,419,2014-01-26T09:52:31.5Z,midnight,47.259142,-151.258297
140,420,2014-01-26T21:55:38.5Z,noon,46.064806,-152.037464
140,421,2014-01-27T09:51:06Z,midnight,44.686236,-150.958159
140,422,2014-01-27T21:52:59Z,noon,43.886619,-151.428992
140,423,2014-01-28T09:55:18Z,midnight,45.345597,-152.061211
140,424,2014-01-28T21:28:10Z,noon,50.345597,-145.277878
140,425,2014-01-29T09:35:16.5Z,midnight,55.345597,-147.104917
140,426,2014-01-29T21:59:19Z,noon,50.345597,-153.115334
140,427,2014-01-30T09:49:48.5Z,midnight,46.645393,-150.785078
140,428,2014-01-30T21:47:02Z,noon,47.768617,-150.091328
140,429,2014-01-31T09:53:07Z,midnight,50.60236,-151.655829
140,430,2014-01-31T22:06:04Z,noon,45.60236,-154.893329
140,431,2014-02-01T09:58:19Z,midnight,42.352738,-152.996313
140,432,2014-02-01T21:45:50Z,noon,47.352738,-149.875479
140,433,2014-02-02T09:41:55.5Z,midnight,46.922936,-148.935672
140,434,2014-02-02T21:52:04Z,noon,42.126632,-151.471089
140,435,2014-02-03T10:04:48.5Z,midnight,47.126632,-154.690555
140,436,2014-02-03T22:12:37Z,noon,45.148413,-156.642638
140,437,2014-02-04T10:14:59.5Z,midnight,46.8713,-157.267196
140,438,2014-02-04T21:51:45.5Z,noon,51.8713,-151.458862
140,439,2014-02-05T10:01:43.5Z,midnight,56.8713,-153.978083
140,440,2014-02-05T22:27:46.5Z,noon,51.8713,-160.490583
140,441,2014-02-06T10:23:57Z,midnight,49.652672,-159.558625
140,442,2014-02-06T22:30:33Z,noon,46.634011,-161.208625
140,443,2014-02-07T10:37:09.5Z,midnight,50.342708,-162.881735
140,444,2014-02-07T22:48:44Z,noon,45.342708,-165.775485
140,445,2014-02-08T10:44:23.5Z,midnight,43.126254,-164.707826
140,446,2014-02-08T22:38:19Z,noon,46.422675,-163.189076
140,447,2014-02-09T10:37:53Z,midnight,46.939425,-163.095236
140,448,2014-02-09T22:44:21Z,noon,43.380198,-164.711903
140,449,2014-02-10T10:45:29.5Z,midnight,44.802327,-165.008555
140,450,2014-02-10T22:43:39.5Z,noon,45.835929,-164.550221
140,451,2014-02-11T10:42:22.5Z,midnight,45.912099,-164.237374
140,452,2014-02-11T22:51:38Z,noon,40.912099,-166.551957
140,453,2014-02-12T10:58:35.5Z,midnight,45.39937,-168.29629
140,454,2014-02-12T22:52:38.5Z,noon,48.74908,-166.80879
140,455,2014-02-13T10:44:29Z,midnight,44.909239,-164.770738
140,456,2014-02-13T22:45:52Z,noon,44.031849,-165.116572
140,457,2014-02-14T10:51:42Z,midnight,48.471437,-166.573238
140,458,2014-02-14T22:49:27.5Z,noon,49.723468,-166.012821
140,459,2014-02-15T10:26:40.5Z,midnight,44.723468,-160.312145
140,460,2014-02-15T22:21:57.5Z,noon,39.723468,-159.132979
140,461,2014-02-16T10:11:50.5Z,midnight,34.723468,-156.595822
140,462,2014-02-16T22:03:46.5Z,noon,37.901535,-154.579156
140,463,2014-02-17T10:27:55Z,midnight,42.901535,-160.603465
140,464,2014-02-17T22:40:52.5Z,noon,47.284727,-163.843049
140,465,2014-02-18T10:35:21.5Z,midnight,44.433861,-162.449692
140,466,2014-02-18T22:50:21Z,noon,39.433861,-166.197609
140,467,2014-02-19T10:59:58Z,midnight,41.180782,-168.58454
140,468,2014-02-19T23:02:09Z,noon,39.252167,-169.130373
140,469,2014-02-20T11:07:09Z,midnight,44.252167,-170.360132
140,470,2014-02-20T23:09:26.5Z,noon,42.7668,-170.933049
140,471,2014-02-21T11:11:19Z,midnight,45.559855,-171.378596
140,472,2014-02-21T23:22:44.5Z,noon,40.559855,-174.234846
140,473,2014-02-22T23:11:47.5Z,noon,43.323889,-171.471229
140,474,2014-02-23T11:11:37.5Z,midnight,44.504423,-171.40058
140,475,2014-02-23T23:01:08.5Z,noon,49.504423,-168.779747
140,476,2014-02-24T10:56:34Z,midnight,51.056476,-167.604203
140,477,2014-02-24T22:53:12Z,noon,53.595419,-166.762537
140,478,2014-02-25T10:46:34Z,midnight,49.857016,-165.069654
140,479,2014-02-25T22:40:41Z,noon,54.561496,-163.59882
140,480,2014-02-26T10:31:26Z,midnight,49.561496,-161.249074
140,481,2014-02-26T22:26:58.5Z,noon,52.416654,-160.13449
140,482,2014-02-27T10:19:34Z,midnight,47.416654,-158.242524
140,483,2014-02-27T22:16:25.5Z,noon,50.272646,-157.457108
140,484,2014-02-28T10:16:13.5Z,midnight,51.92709,-157.364654
140,485,2014-02-28T22:22:29.5Z,noon,46.92709,-158.931321
140,486,2014-03-01T10:28:17Z,midnight,51.92709,-160.33428
140,487,2014-03-02T10:50:56.5Z,midnight,56.92709,-165.95147
140,488,2014-03-03T11:31:45.5Z,midnight,61.92709,-176.105882
140,489,2014-03-03T23:47:23Z,noon,57.845082,179.987868
140,490,2014-03-05T22:37:10Z,noon,62.845082,-165.012132
140,491,2014-03-06T10:27:37Z,midnight,67.845082,-159.907777
140,492,2014-03-21T00:26:01Z,midnight,70,-144.907777
140,493,2014-04-01T01:27:21Z,noon,65,-159.907777
140,494,2014-04-01T13:35:01Z,midnight,60,-174.907777
140,495,2014-04-02T01:52:24Z,noon,55,170.092223
140,496,2014-04-02T13:54:44Z,midnight,50,155.092223
140,497,2014-04-03T01:52:33Z,noon,45,150.936355
140,498,2014-04-03T13:42:52.5Z,midnight,40,153.355105
140,499,2014-04-04T01:42:03Z,noon,38.866243,153.639361
140,500,2014-04-04T13:49:38Z,midnight,33.866243,151.743528
140,501,2014-04-05T01:56:25.5Z,noon,36.446095,150.122913
140,502,2014-04-05T13:48:43.5Z,midnight,41.446095,152.047913
140,503,2014-04-06T01:35:30Z,noon,36.446095,155.43067
140,504,2014-04-06T13:36:37Z,midnight,31.446095,155.151503
140,505,2014-04-07T01:46:05.5Z,noon,36.446095,152.858375
140,506,2014-04-07T13:44:55Z,midnight,37.002149,153.152125
140,507,2014-04-08T01:43:23Z,noon,35.367966,153.610108
140,508,2014-04-08T13:48:07Z,midnight,30.367966,152.426775
140,509,2014-04-09T01:49:46.5Z,noon,30.676069,152.085781
140,510,2014-04-09T13:37:25Z,midnight,35.676069,155.175365
140,511,2014-04-10T01:19:47.5Z,noon,30.676069,159.654061
140,512,2014-04-10T13:12:45Z,midnight,30.597696,161.414478
140,513,2014-04-11T01:09:17Z,noon,26.565628,162.352364
140,514,2014-04-11T13:09:05.5Z,midnight,25.874691,162.400281
140,515,2014-04-12T01:22:14.5Z,noon,30.874691,159.182694
140,516,2014-04-12T13:21:26Z,midnight,35.874691,159.384777
140,517,2014-04-13T00:59:24Z,noon,30.874691,164.961637
140,518,2014-04-13T12:47:07Z,midnight,28.773789,168.03247
140,519,2014-04-14T00:44:49Z,noon,26.327639,168.674535
140,520,2014-04-14T12:30:55Z,midnight,31.327639,172.149535
140,521,2014-04-15T00:27:57Z,noon,35.827856,172.956729
140,522,2014-04-15T12:27:43Z,midnight,35.127473,173.015062
140,523,2014-04-16T00:35:47Z,noon,40.127473,171.062315
140,524,2014-04-16T12:35:02Z,midnight,40.679269,171.249815
140,525,2014-04-17T00:35:06.5Z,noon,40.728302,171.293306
140,526,2014-04-17T12:33:03.5Z,midnight,41.188259,171.805806
140,527,2014-04-18T00:33:59Z,noon,41.758533,171.635051
140,528,2014-04-18T12:33:36Z,midnight,41.172037,171.730885
140,529,2014-04-19T00:26:39Z,noon,36.632314,173.527071
140,530,2014-04-19T12:39:00.5Z,midnight,31.632314,170.437487
140,531,2014-04-20T01:00:15.5Z,noon,36.632314,165.181802
140,532,2014-04-20T13:00:45Z,midnight,40.476527,165.058885
140,533,2014-04-21T01:04:29Z,noon,42.580414,164.180436
140,534,2014-04-21T13:08:30.5Z,midnight,39.564457,163.174186
140,535,2014-04-22T01:14:01.5Z,noon,42.634921,161.847916
140,536,2014-04-22T13:19:41Z,midnight,38.76514,160.433333
140,537,2014-04-23T01:25:15Z,noon,41.867113,159.092523
140,538,2014-04-23T13:27:56.5Z,midnight,39.713559,158.419606
140,539,2014-04-24T01:23:20.5Z,noon,37.044873,159.618372
140,540,2014-04-24T13:27:53.5Z,midnight,33.51512,158.480872
140,541,2014-04-25T01:33:01.5Z,noon,36.73038,157.244167
140,542,2014-04-25T13:29:51Z,midnight,37.920361,158.037917
140,543,2014-04-26T01:31:47Z,noon,38.985806,157.599028
140,544,2014-04-26T13:29:25.5Z,midnight,39.600973,158.188611
140,545,2014-04-27T01:24:10.5Z,noon,36.751442,159.543331
140,546,2014-04-27T13:24:54Z,midnight,35.732627,159.362081
140,547,2014-04-28T01:32:52Z,noon,39.997478,157.410372
140,548,2014-04-28T13:35:05.5Z,midnight,38.270035,156.854122
140,549,2014-04-29T01:31:58.5Z,noon,36.613855,157.670949
140,550,2014-04-29T13:29:16.5Z,midnight,37.477961,158.345949
140,551,2014-04-30T01:30:43.5Z,noon,38.222136,158.018778
140,552,2014-04-30T13:43:20Z,midnight,33.222136,154.866695
140,553,2014-05-01T01:47:22.5Z,noon,33.014574,153.889249
140,554,2014-05-01T14:06:11Z,midnight,28.014574,149.187166
140,555,2014-05-02T02:21:01.5Z,noon,30.131264,145.507336
140,556,2014-05-02T14:05:13Z,midnight,35.131264,149.459419
140,557,2014-05-03T02:09:42.5Z,noon,40.131264,148.364683
140,558,2014-05-03T14:12:10Z,midnight,38.637099,147.7501
140,559,2014-05-04T02:09:49Z,noon,37.534304,148.363355
140,560,2014-05-04T14:12:34Z,midnight,35.699766,147.675855
140,561,2014-05-05T02:18:01.5Z,noon,38.301578,146.334587
140,562,2014-05-05T14:21:21.5Z,midnight,36.258307,145.501253
140,563,2014-05-06T02:28:56.5Z,noon,39.694233,143.626282
140,564,2014-05-06T14:22:49.5Z,midnight,41.718228,145.155448
140,565,2014-05-07T02:25:05.5Z,noon,42.588258,144.607182
140,566,2014-05-07T14:25:59Z,midnight,41.786203,144.384265
140,567,2014-05-08T02:25:16Z,noon,41.51078,144.579364
140,568,2014-05-08T14:28:35.5Z,midnight,39.746454,143.748114
140,569,2014-05-09T02:19:59.5Z,noon,36.041646,145.911577
140,570,2014-05-09T14:13:46Z,midnight,38.335357,147.467827
140,571,2014-05-10T02:15:00Z,noon,38.8464,147.170489
140,572,2014-05-10T14:14:10.5Z,midnight,38.761935,147.376739
140,573,2014-05-11T02:19:45.5Z,noon,40.939021,145.989437
140,574,2014-05-11T14:19:10Z,midnight,40.748162,146.137354
140,575,2014-05-12T02:16:28.5Z,noon,39.729247,146.816347
140,576,2014-05-12T14:26:28.5Z,midnight,35.208817,144.316347
140,577,2014-05-13T02:33:24.5Z,noon,38.125556,142.586645
140,578,2014-05-13T14:23:06Z,midnight,41.598182,145.163728
140,579,2014-05-14T02:16:30.5Z,noon,39.194055,146.812847
140,580,2014-05-14T14:12:39Z,midnight,40.250921,147.77743
140,581,2014-05-15T02:10:26Z,noon,39.437735,148.330387
140,582,2014-05-15T14:07:06Z,midnight,40.286903,149.16372
140,583,2014-05-16T02:04:36Z,noon,39.382577,149.785119
140,584,2014-05-16T14:03:21Z,midnight,39.48575,150.097619
140,585,2014-05-17T01:51:57.5Z,noon,35.053389,152.939568
140,586,2014-05-17T13:51:34.5Z,midnight,34.881656,153.035402
140,587,2014-05-18T01:37:12Z,noon,29.881656,156.620846
140,588,2014-05-18T13:35:00Z,midnight,29.132042,157.170846
140,589,2014-05-19T01:44:15.5Z,noon,33.333273,154.845648
140,590,2014-05-19T13:28:55.5Z,midnight,38.333273,158.678981
140,591,2014-05-20T01:25:41Z,noon,37.828503,159.476509
140,592,2014-05-20T13:17:44.5Z,midnight,40.299554,161.461926
140,593,2014-05-21T01:06:06Z,noon,36.131251,164.357216
140,594,2014-05-21T13:09:35Z,midnight,34.473903,163.486383
140,595,2014-05-22T01:11:31Z,noon,35.23819,162.985725
140,596,2014-05-22T13:06:49.5Z,midnight,36.735103,164.158642
140,597,2014-05-23T00:55:43Z,noon,32.358885,166.916246
140,598,2014-05-23T13:02:07.5Z,midnight,29.309883,165.314163
140,599,2014-05-24T01:07:56.5Z,noon,31.847658,163.838409
140,600,2014-05-24T12:52:51Z,midnight,36.847658,167.611325
140,601,2014-05-25T00:51:54Z,noon,37.079136,167.825177
140,602,2014-05-25T12:45:36Z,midnight,38.982785,169.400177
140,603,2014-05-26T00:43:52Z,noon,38.404651,169.807853
140,604,2014-05-26T12:48:08.5Z,midnight,36.68123,168.739103
140,605,2014-05-27T00:39:37Z,noon,33.510463,170.842741
140,606,2014-05-27T12:40:03Z,midnight,33.112524,170.734407
140,607,2014-05-28T00:47:50Z,noon,36.027577,168.759063
140,608,2014-05-28T12:54:12Z,midnight,33.442605,167.167397
140,609,2014-05-29T01:02:58.5Z,noon,36.651173,164.942297
140,610,2014-05-29T12:56:47Z,midnight,38.508275,166.490214
140,611,2014-05-30T00:57:50Z,noon,38.845582,166.194587
140,612,2014-05-30T13:03:06.5Z,midnight,36.900644,164.875837
140,613,2014-05-31T01:05:00.5Z,noon,37.537425,164.365997
140,614,2014-05-31T13:08:09Z,midnight,36.278818,163.58058
140,615,2014-06-01T01:11:49Z,noon,37.511022,162.627427
140,616,2014-06-01T13:11:49Z,midnight,37.320564,162.627427
140,617,2014-06-02T01:10:26Z,noon,36.862292,162.935196
140,618,2014-06-02T13:08:22Z,midnight,37.363005,163.451863
140,619,2014-06-03T00:44:21.5Z,noon,32.363005,169.414375
140,620,2014-06-03T12:52:15.5Z,midnight,27.363005,167.439375
140,621,2014-06-04T01:22:56Z,noon,32.363005,159.729619
140,622,2014-06-04T13:15:35Z,midnight,37.363005,161.567119
140,623,2014-06-05T01:23:38Z,noon,41.287978,159.512255
140,624,2014-06-05T13:31:14.5Z,midnight,38.928778,157.610171
140,625,2014-06-06T01:26:37.5Z,noon,37.498455,158.720691
140,626,2014-06-06T13:29:39Z,midnight,36.376767,157.964441
140,627,2014-06-07T01:26:37Z,noon,35.364461,158.677923
140,628,2014-06-07T13:48:48Z,midnight,30.364461,153.13209
140,629,2014-06-08T02:00:06.5Z,noon,31.322212,150.259031
140,630,2014-06-08T13:47:22.5Z,midnight,35.728421,153.442365
140,631,2014-06-09T01:47:14Z,noon,35.681391,153.430764
140,632,2014-06-09T13:42:18.5Z,midnight,37.156591,154.662014
140,633,2014-06-10T01:50:05.5Z,noon,39.504659,152.668205
140,634,2014-06-10T13:54:52.5Z,midnight,37.975502,151.472371
140,635,2014-06-11T01:47:31.5Z,noon,35.646977,153.261021
140,636,2014-06-11T13:44:58Z,midnight,36.37867,153.900604
140,637,2014-06-12T01:53:22Z,noon,38.950925,151.750965
140,638,2014-06-12T13:58:10.5Z,midnight,37.415409,150.548881
140,639,2014-06-13T01:56:10.5Z,noon,36.792798,150.99854
140,640,2014-06-13T14:04:02.5Z,midnight,34.129519,149.031874
140,641,2014-06-14T02:00:19Z,noon,32.830608,149.912169
140,642,2014-06-14T13:49:39.5Z,midnight,36.341569,152.576752
140,643,2014-06-15T01:55:14Z,noon,38.059566,151.131522
140,644,2014-06-15T13:53:36Z,midnight,38.477817,151.539855
140,645,2014-06-16T02:00:25Z,noon,40.407951,149.783772
140,646,2014-06-16T14:03:07.5Z,midnight,39.600723,149.106689
140,647,2014-06-17T02:01:38Z,noon,39.178333,149.427344
140,648,2014-06-17T13:59:23.5Z,midnight,39.761975,149.987761
140,649,2014-06-18T01:59:38Z,noon,39.829216,149.874828
140,650,2014-06-18T14:06:20.5Z,midnight,37.856991,148.197745
140,651,2014-06-19T02:08:58.5Z,noon,38.632226,147.486732
140,652,2014-06-19T14:08:46Z,midnight,38.661866,147.538816
140,653,2014-06-20T02:08:13Z,noon,38.50215,147.623565
140,654,2014-06-20T14:06:22.5Z,midnight,39.01129,148.083981
140,655,2014-06-21T02:14:23.5Z,noon,41.204456,146.027083
140,656,2014-06-21T14:10:31Z,midnight,42.185111,146.995833
140,657,2014-06-22T02:07:21Z,noon,41.37593,147.73488
140,658,2014-06-22T14:10:07.5Z,midnight,40.639248,147.04113
140,659,2014-06-23T02:09:52.5Z,noon,40.57219,147.051214
140,660,2014-06-23T14:09:44.5Z,midnight,40.612303,147.084548
140,661,2014-06-24T02:01:44.5Z,noon,38.37199,149.032427
140,662,2014-06-24T13:55:07Z,midnight,40.253975,150.688677
140,663,2014-06-25T02:03:22Z,noon,42.402356,148.574443
140,664,2014-06-25T14:03:01Z,midnight,42.51137,148.661943
140,665,2014-06-26T02:03:56.5Z,noon,42.739663,148.379436
140,666,2014-06-26T14:03:25Z,midnight,42.899129,148.510686
140,667,2014-06-27T02:01:23.5Z,noon,42.399193,148.966247
140,668,2014-06-27T14:03:28Z,midnight,41.915145,148.447497
140,669,2014-06-28T02:01:17Z,noon,41.351147,148.9433
140,670,2014-06-28T13:58:42.5Z,midnight,42.063496,149.58705
140,671,2014-06-29T02:01:38.5Z,noon,42.797441,148.804433
140,672,2014-06-29T14:17:54Z,midnight,38.476381,144.739849
140,673,2014-06-30T02:19:00Z,noon,38.797534,144.416401
140,674,2014-06-30T14:05:08.5Z,midnight,42.598864,147.880984
140,675,2014-07-01T02:07:59Z,noon,43.297737,147.123042
140,676,2014-07-01T14:19:54Z,midnight,40.29151,144.143875
140,677,2014-07-02T02:19:10Z,noon,40.088484,144.280691
140,678,2014-07-02T14:11:11.5Z,midnight,42.295669,146.274441
140,679,2014-07-03T02:03:29Z,noon,40.246248,148.156102
140,680,2014-07-03T14:11:15Z,midnight,38.091376,146.214435
140,681,2014-07-04T02:11:28.5Z,noon,38.159184,146.11394
140,682,2014-07-04T14:06:48Z,midnight,39.632666,147.28269
140,683,2014-07-05T02:10:42Z,noon,40.725448,146.264704
140,684,2014-07-05T14:10:43.5Z,midnight,40.829172,146.258454
140,685,2014-07-06T02:13:18Z,noon,41.52585,145.573059
140,686,2014-07-06T14:12:25Z,midnight,41.880097,145.793893
140,687,2014-07-07T02:09:11Z,noon,41.010418,146.562002
140,688,2014-07-07T14:09:43Z,midnight,40.992477,146.428668
140,689,2014-07-08T02:04:47Z,noon,39.595482,147.623274
140,690,2014-07-08T14:13:40.5Z,midnight,37.012179,145.400358
140,691,2014-07-09T02:15:20.5Z,noon,37.542615,144.946537
140,692,2014-07-09T14:10:47.5Z,midnight,39.08756,146.084037
140,693,2014-07-10T02:06:42Z,noon,37.83134,147.071447
140,694,2014-07-10T14:00:49.5Z,midnight,39.772439,148.540197
140,695,2014-07-11T02:03:18.5Z,noon,40.493383,147.885575
140,696,2014-07-11T14:05:56Z,midnight,39.894805,147.229325
140,697,2014-07-12T02:13:01Z,noon,41.903329,145.426491
140,698,2014-07-12T14:08:34Z,midnight,43.259718,146.538991
140,699,2014-07-13T02:03:17.5Z,noon,41.851609,147.827596
140,700,2014-07-13T14:07:12.5Z,midnight,40.93318,146.848429
140,701,2014-07-14T02:05:28Z,noon,40.42726,147.255622
140,702,2014-07-14T14:07:15.5Z,midnight,40.087883,146.807705
140,703,2014-07-15T02:10:16Z,noon,40.973852,146.029381
140,704,2014-07-15T14:08:32.5Z,midnight,41.669929,146.460631
140,705,2014-07-16T02:03:07.5Z,noon,40.083194,147.7906
140,706,2014-07-16T13:59:15Z,midnight,41.439233,148.75935
140,707,2014-07-17T02:02:15.5Z,noon,42.293959,147.98517
140,708,2014-07-17T14:00:25.5Z,midnight,43.020995,148.443504
140,709,2014-07-18T02:02:11.5Z,noon,43.498943,147.981897
140,710,2014-07-18T13:59:30.5Z,midnight,44.436097,148.65273
140,711,2014-07-19T01:51:59Z,noon,42.395246,150.516249
140,712,2014-07-19T13:51:23.5Z,midnight,42.801847,150.664166
140,713,2014-07-20T01:27:23.5Z,noon,37.801847,156.648693
140,714,2014-07-20T13:19:02.5Z,midnight,38.21017,158.736193
140,715,2014-07-21T01:49:08.5Z,noon,43.21017,151.198025
140,716,2014-07-21T13:51:30.5Z,midnight,46.475847,150.606359
140,717,2014-07-22T01:46:54.5Z,noon,45.324018,151.74554
140,718,2014-07-22T13:48:50Z,midnight,45.090852,151.26429
140,719,2014-07-23T01:49:59Z,noon,45.391368,150.968361
140,720,2014-07-23T13:52:24Z,midnight,45.032773,150.364194
140,721,2014-07-24T01:39:35Z,noon,41.329968,153.56236
140,722,2014-07-24T13:36:13.5Z,midnight,42.645068,154.401943
140,723,2014-07-25T01:45:23.5Z,noon,45.242307,152.106738
140,724,2014-07-25T13:57:30Z,midnight,42.045972,149.079655
140,725,2014-07-26T01:56:54Z,noon,41.858869,149.22861
140,726,2014-07-26T14:03:02.5Z,midnight,40.168376,147.693194
140,727,2014-07-27T01:55:18.5Z,noon,37.422752,149.628006
140,728,2014-07-27T13:54:33.5Z,midnight,38.015039,149.815506
140,729,2014-07-28T02:09:19Z,noon,42.992423,146.129949
140,730,2014-07-28T14:16:42Z,midnight,40.946832,144.284115
140,731,2014-07-29T02:14:20.5Z,noon,40.139837,144.880296
140,732,2014-07-29T14:10:23Z,midnight,41.820266,145.869879
140,733,2014-07-30T02:11:10Z,noon,42.077765,145.683231
140,734,2014-07-30T14:13:48.5Z,midnight,41.549065,145.022815
140,735,2014-07-31T02:12:19.5Z,noon,41.041894,145.405438
140,736,2014-07-31T14:11:27.5Z,midnight,41.700587,145.622105
140,737,2014-08-01T02:11:40.5Z,noon,41.774487,145.582345
140,738,2014-08-01T14:13:10Z,midnight,41.63368,145.209429
140,739,2014-08-02T02:10:29.5Z,noon,40.687246,145.895211
140,740,2014-08-02T14:07:00Z,midnight,42.299733,146.768128
140,741,2014-08-04T02:08:25.5Z,noon,37.702699,146.453837
140,742,2014-08-04T14:01:40Z,midnight,40.769591,148.14342
140,743,2014-08-05T02:05:42Z,noon,42.245193,147.160014
140,744,2014-08-05T14:07:47Z,midnight,41.912057,146.639181
140,745,2014-08-06T02:05:45Z,noon,41.156466,147.175068
140,746,2014-08-06T14:01:14.5Z,midnight,43.234267,148.302152
140,747,2014-08-07T01:53:24.5Z,noon,40.302892,150.290658
140,748,2014-08-07T13:54:18.5Z,midnight,40.386672,150.065658
140,749,2014-08-08T01:58:39.5Z,noon,42.077799,149.010937
140,750,2014-08-08T13:58:22Z,midnight,42.643833,149.083854
140,751,2014-08-09T01:44:26Z,noon,37.643833,152.602558
140,752,2014-08-09T13:49:58.5Z,midnight,34.638543,151.217141
140,753,2014-08-10T02:04:08.5Z,noon,39.638543,147.713419
140,754,2014-08-10T14:14:03.5Z,midnight,37.177052,145.234252
140,755,2014-08-11T02:10:18.5Z,noon,35.355432,146.212249
140,756,2014-08-11T14:14:49.5Z,midnight,33.492122,145.083082
140,757,2014-08-12T02:22:34.5Z,noon,37.420449,143.188604
140,758,2014-08-12T14:19:48.5Z,midnight,39.220357,143.880271
140,759,2014-08-13T02:18:03.5Z,noon,38.407087,144.363292
140,760,2014-08-13T14:14:43.5Z,midnight,40.460939,145.196625
140,761,2014-08-14T02:17:45.5Z,noon,41.786721,144.486278
140,762,2014-08-14T14:20:34Z,midnight,41.101141,143.784195
140,763,2014-08-15T02:14:19Z,noon,38.163056,145.397113
140,764,2014-08-15T14:15:43Z,midnight,38.011718,145.047113
140,765,2014-08-16T02:19:36Z,noon,39.919839,144.12909
140,766,2014-08-16T14:17:15.5Z,midnight,41.584029,144.714507
140,767,2014-08-17T02:15:58.5Z,noon,40.98999,145.090502
140,768,2014-08-17T14:14:59Z,midnight,42.038679,145.338419
140,769,2014-08-18T02:06:42Z,noon,37.939453,147.466721
140,770,2014-08-18T14:14:54.5Z,midnight,33.834119,145.414638
140,771,2014-08-19T02:16:15.5Z,noon,34.655466,145.136865
140,772,2014-08-19T14:16:05.5Z,midnight,35.360289,145.178532
140,773,2014-08-20T02:26:23.5Z,noon,40.360289,142.665468
140,774,2014-08-20T14:24:55Z,midnight,42.395129,143.034218
140,775,2014-08-21T02:14:51.5Z,noon,37.395129,145.612891
140,776,2014-08-21T14:14:51.5Z,midnight,37.662477,145.612891
140,777,2014-08-22T02:08:23Z,noon,33.605609,147.297829
140,778,2014-08-22T14:05:13Z,midnight,36.318588,148.089495
140,779,2014-08-23T02:04:36Z,noon,35.927691,148.311887
140,780,2014-08-23T14:05:48.5Z,midnight,35.833197,148.009804
140,781,2014-08-24T02:13:22.5Z,noon,40.443249,146.188338
140,782,2014-08-24T14:10:53Z,midnight,42.540693,146.811254
140,783,2014-08-25T02:00:50.5Z,noon,37.540693,149.393782
140,784,2014-08-25T14:04:57.5Z,midnight,34.443612,148.364615
140,785,2014-08-26T02:13:47Z,noon,39.443612,146.232318
140,786,2014-08-26T14:11:07.5Z,midnight,42.584419,146.896901
140,787,2014-08-27T02:06:17Z,noon,39.690094,148.183042
140,788,2014-08-27T14:16:32Z,midnight,34.690094,145.620542
140,789,2014-08-28T02:12:27.5Z,noon,29.844675,146.716715
140,790,2014-08-28T14:06:14Z,midnight,34.844675,148.272965
140,791,2014-08-29T02:08:05.5Z,noon,37.077384,147.887428
140,792,2014-08-29T14:06:51Z,midnight,38.817077,148.197845
140,793,2014-08-30T02:07:51.5Z,noon,39.524469,148.026353
140,794,2014-08-30T14:12:10.5Z,midnight,37.245245,146.947186
140,795,2014-08-31T02:07:46.5Z,noon,33.656611,148.129243
140,796,2014-08-31T14:05:50Z,midnight,36.186743,148.614659
140,797,2014-09-01T01:59:38.5Z,noon,31.186743,150.246015
140,798,2014-09-01T13:57:13.5Z,midnight,33.829079,150.850182
140,799,2014-09-02T02:04:40Z,noon,38.829079,149.074503
140,800,2014-09-02T14:04:25.5Z,midnight,41.191597,149.13492
140,801,2014-09-03T02:03:10.5Z,noon,40.239439,149.53337
140,802,2014-09-03T14:03:07.5Z,midnight,41.303415,149.54587
140,803,2014-09-04T01:49:47.5Z,noon,36.303415,152.966277
140,804,2014-09-04T13:50:54Z,midnight,31.303415,152.689193
140,805,2014-09-05T01:57:59Z,noon,36.015444,151.006467
140,806,2014-09-05T14:02:37.5Z,midnight,32.279577,149.846051
140,807,2014-09-06T02:05:08.5Z,noon,34.989719,149.305934
140,808,2014-09-06T14:02:31Z,midnight,38.752255,149.962184
140,809,2014-09-07T01:57:23Z,noon,33.752255,151.335415
140,810,2014-09-07T13:59:01.5Z,midnight,32.660294,150.924998
140,811,2014-09-08T01:53:41.5Z,noon,27.660294,152.348984
140,812,2014-09-08T13:51:11.5Z,midnight,30.237942,152.973984
140,813,2014-09-09T01:49:48Z,noon,28.29464,153.41321
140,814,2014-09-09T13:53:07Z,midnight,24.355297,152.584043
140,815,2014-09-10T01:46:12.5Z,noon,19.355297,154.402997
140,816,2014-09-10T13:40:57.5Z,midnight,22.635698,155.715497
140,817,2014-09-11T01:50:24Z,noon,27.635698,153.447412
140,818,2014-09-11T13:51:56.5Z,midnight,32.635698,153.061995
140,819,2014-09-12T01:45:12Z,noon,27.635698,154.840106
140,820,2014-09-23T01:30:55Z,midnight,22.635698,139.840106
140,821,2014-10-05T00:36:08Z,noon,27.635698,154.840106
140,822,2014-10-12T12:11:40.5Z,midnight,32.635698,169.840106
140,823,2014-10-13T12:43:12.5Z,midnight,37.635698,172.838775
140,824,2014-10-14T13:21:23.5Z,midnight,42.635698,163.344719
140,825,2014-10-15T01:28:09Z,noon,47.635698,161.704188
140,826,2014-10-15T13:15:59Z,midnight,43.830175,164.745854
140,827,2014-10-16T01:15:35Z,noon,44.33773,164.892116
140,828,2014-10-16T13:22:32.5Z,midnight,49.33773,163.152533
140,829,2014-10-17T01:28:32.5Z,noon,44.33773,161.695942
140,830,2014-10-18T01:16:56Z,noon,46.728106,164.638522
140,831,2014-10-18T13:22:56Z,midnight,50.777531,163.138522
140,832,2014-10-19T01:27:00.5Z,noon,47.059221,162.157299
140,833,2014-10-19T13:21:19Z,midnight,42.059221,163.580216
140,834,2014-10-20T01:21:10Z,noon,39.766865,163.652222
140,835,2014-10-20T13:24:54Z,midnight,42.366123,162.718889
140,836,2014-10-21T01:22:37.5Z,noon,44.581861,163.319073
140,837,2014-10-21T13:33:45Z,midnight,49.581861,160.537823
140,838,2014-10-22T01:39:16.5Z,noon,48.116288,159.184887
140,839,2014-10-22T13:48:11.5Z,midnight,53.116288,156.955721
140,840,2014-10-23T01:55:55Z,noon,48.116288,155.049622
140,841,2014-10-23T13:49:06Z,midnight,43.116288,156.753789
140,842,2014-10-24T01:46:30Z,noon,43.101854,157.425737
140,843,2014-10-24T13:53:43Z,midnight,47.617211,155.62157
140,844,2014-10-25T01:53:38Z,noon,47.676892,155.661111
140,845,2014-10-25T13:53:05Z,midnight,46.168847,155.798611
140,846,2014-10-26T01:53:05Z,noon,46.168847,155.814043
140,847,2014-10-26T13:55:15Z,midnight,46.631575,155.272377
140,848,2014-10-27T01:43:34.5Z,noon,51.631575,158.203254
140,849,2014-10-27T13:52:55Z,midnight,56.631575,155.867838
140,850,2014-10-28T01:47:46.5Z,noon,59.109631,157.16205
140,851,2014-10-28T13:30:16.5Z,midnight,54.109631,161.53705
140,852,2014-10-29T01:31:33.5Z,noon,49.282937,161.221658
140,853,2014-10-29T13:21:07.5Z,midnight,44.282937,163.829991
140,854,2014-10-30T01:11:37.5Z,noon,47.798724,166.207057
140,855,2014-10-30T13:15:32Z,midnight,49.117646,165.229973
140,856,2014-10-31T01:24:15Z,noon,44.117646,163.049481
140,857,2014-10-31T13:26:07.5Z,midnight,44.255152,162.580731
140,858,2014-11-01T01:19:03.5Z,noon,48.374972,164.342668
140,859,2014-11-01T13:20:04.5Z,midnight,48.089151,164.088502
140,860,2014-11-02T01:27:53.5Z,noon,43.598661,162.126192
140,861,2014-11-02T13:35:00Z,midnight,46.909285,160.349109
140,862,2014-11-03T01:20:29Z,noon,51.909285,163.966715
140,863,2014-11-03T13:35:29Z,midnight,56.909285,160.216715
140,864,2014-11-04T01:44:26.5Z,noon,55.320358,157.96215
140,865,2014-11-04T13:21:52.5Z,midnight,50.320358,163.603816
140,866,2014-11-05T01:13:03.5Z,noon,48.837667,165.789583
140,867,2014-11-05T13:25:36Z,midnight,53.450556,162.654167
140,868,2014-11-06T01:16:38.5Z,noon,56.586442,164.871937
140,869,2014-11-06T13:16:26Z,midnight,55.859473,164.92402
140,870,2014-11-07T01:31:17.5Z,noon,50.859473,161.18422
140,871,2014-11-07T13:21:04Z,midnight,45.859473,163.74047
140,872,2014-11-08T01:06:51.5Z,noon,50.859473,167.263946
140,873,2014-11-08T13:12:44Z,midnight,52.871821,165.795196
140,874,2014-11-09T01:13:34Z,noon,52.569845,165.55488
140,875,2014-11-09T13:09:07Z,midnight,50.265887,166.66738
140,876,2014-11-10T00:55:13Z,noon,55.16186,170.107043
140,877,2014-11-10T12:26:00Z,midnight,50.16186,177.411209
140,878,2014-11-11T00:22:19Z,noon,45.16186,178.293374
140,879,2014-11-11T12:11:07Z,midnight,40.16186,-178.906626
140,880,2014-11-11T23:58:56.5Z,noon,44.496813,-175.862876
140,881,2014-11-12T11:40:52Z,midnight,39.496813,-171.386098
140,882,2014-11-12T23:40:37.5Z,noon,34.496813,-171.325681
140,883,2014-11-13T11:35:23Z,midnight,30.694027,-170.06051
140,884,2014-11-13T23:34:26Z,noon,31.296711,-169.82301
140,885,2014-11-14T11:45:41Z,midnight,36.296711,-172.683994
140,886,2014-11-14T23:49:19Z,noon,35.408955,-173.592328
140,887,2014-11-15T11:50:25Z,midnight,35.571475,-173.919013
140,888,2014-11-15T23:30:20Z,noon,40.571475,-168.89818
140,889,2014-11-16T11:22:30Z,midnight,41.387329,-166.994692
140,890,2014-11-16T23:19:26.5Z,noon,42.792001,-166.230109
140,891,2014-11-17T11:27:18.5Z,midnight,45.668101,-168.254737
140,892,2014-11-17T23:24:12Z,noon,46.885986,-167.477653
140,893,2014-11-18T11:21:55.5Z,midnight,45.550425,-166.969932
140,894,2014-11-18T23:07:18Z,noon,50.550425,-163.313682
140,895,2014-11-19T11:06:12.5Z,midnight,49.984272,-163.10481
140,896,2014-11-19T23:25:17.5Z,noon,44.984272,-167.875644
140,897,2014-11-20T11:29:08.5Z,midnight,44.022419,-168.905151
140,898,2014-11-20T23:27:55.5Z,noon,44.509664,-168.600984
140,899,2014-11-21T11:25:13Z,midnight,43.015637,-167.993812
140,900,2014-11-21T23:18:51.5Z,noon,45.521269,-166.404229
140,901,2014-11-22T11:21:45.5Z,midnight,46.206532,-167.201983
140,902,2014-11-22T23:26:32.5Z,noon,44.415886,-168.397817
140,903,2014-11-23T11:24:28.5Z,midnight,43.236821,-167.956684
140,904,2014-11-23T23:21:06Z,noon,44.54618,-167.112934
140,905,2014-11-24T11:27:22.5Z,midnight,46.471341,-168.759931
140,906,2014-11-24T23:24:22.5Z,noon,47.496514,-168.009931
140,907,2014-11-25T11:15:26.5Z,midnight,43.977659,-165.857488
140,908,2014-11-25T23:19:56.5Z,noon,42.232742,-166.982488
140,909,2014-11-26T11:20:08.5Z,midnight,41.988328,-167.115949
140,910,2014-11-26T22:28:17Z,noon,46.988328,-154.151365
140,911,2014-11-27T10:33:08.5Z,midnight,51.988328,-155.451905
140,912,2014-11-27T23:08:07.5Z,noon,49.20131,-164.197738
140,913,2014-11-28T10:57:22Z,midnight,45.43829,-161.596527
140,914,2014-11-28T23:08:28Z,noon,41.333089,-164.371527
140,915,2014-11-29T11:35:21Z,midnight,46.333089,-171.18307
140,916,2014-11-29T23:34:27Z,noon,50.323398,-170.95807
140,917,2014-11-30T11:15:42.5Z,midnight,45.323398,-166.365616
140,918,2014-11-30T23:14:15.5Z,noon,44.665475,-166.003116
140,919,2014-12-01T11:14:45.5Z,midnight,44.576821,-166.223246
140,920,2014-12-01T23:10:47.5Z,noon,45.908728,-165.23158
140,921,2014-12-02T11:02:17Z,midnight,42.722723,-163.201707
140,922,2014-12-02T22:50:13.5Z,noon,46.796448,-160.187123
140,923,2014-12-03T10:44:39Z,midnight,44.752259,-158.892573
140,924,2014-12-03T22:39:57.5Z,noon,46.281567,-157.719657
140,925,2014-12-04T10:42:54Z,midnight,46.972103,-158.556171
140,926,2014-12-04T22:47:11Z,noon,45.629416,-159.627005
140,927,2014-12-05T10:42:42.5Z,midnight,43.93919,-158.611156
140,928,2014-12-05T22:35:28.5Z,noon,46.290662,-156.802822
140,929,2014-12-06T10:43:35Z,midnight,48.492231,-158.934514
140,930,2014-12-06T22:28:48.5Z,noon,52.298961,-155.240764
140,931,2014-12-07T10:22:48.5Z,midnight,50.650275,-153.846982
140,932,2014-12-07T22:17:23.5Z,noon,51.977391,-152.492815
140,933,2014-12-08T09:51:25Z,midnight,46.977391,-146.106792
140,934,2014-12-08T22:04:10.5Z,noon,41.977391,-149.296375
140,935,2014-12-09T09:43:04Z,midnight,36.977391,-144.128428
140,936,2014-12-09T21:18:07.5Z,noon,41.348143,-137.893011
140,937,2014-12-10T09:19:33Z,midnight,41.709599,-138.359702
140,938,2014-12-10T21:04:14.5Z,noon,46.670794,-134.532619
140,939,2014-12-11T09:02:19Z,midnight,45.956876,-134.163012
140,940,2014-12-11T20:53:40Z,noon,48.442731,-132.000512
140,941,2014-12-12T08:58:20Z,midnight,49.554989,-133.279917
140,942,2014-12-12T20:43:59Z,noon,52.959006,-129.692417
140,943,2014-12-13T08:40:13Z,midnight,52.008258,-128.864479
140,944,2014-12-13T20:32:34Z,noon,53.673241,-126.951979
140,945,2014-12-14T08:40:13Z,midnight,55.096054,-128.97909
140,946,2014-12-14T21:04:02Z,noon,50.096054,-134.933257
140,947,2014-12-15T09:36:15.5Z,midnight,55.096054,-143.104891
140,948,2014-12-15T21:37:13Z,noon,56.367896,-143.344475
140,949,2014-12-16T09:49:08.5Z,midnight,58.241445,-146.441774
140,950,2014-12-16T21:51:22Z,noon,57.89777,-146.998024
140,951,2014-12-17T09:47:02.5Z,midnight,57.141169,-146.033379
140,952,2014-12-17T21:53:07.5Z,noon,56.104739,-147.554212
140,953,2014-12-18T10:12:07.5Z,midnight,59.066364,-152.421261
140,954,2014-12-18T22:42:00.5Z,noon,54.066364,-159.892095
140,955,2014-12-19T10:47:06.5Z,midnight,54.953761,-161.284477
140,956,2014-12-19T22:49:28.5Z,noon,54.50073,-161.876144
140,957,2014-12-20T10:51:13.5Z,midnight,54.80571,-162.43125
140,958,2014-12-20T23:11:56Z,noon,50.350351,-167.608333
140,959,2014-12-21T11:27:28Z,midnight,53.77094,-171.609384
140,960,2014-12-21T23:49:45.5Z,noon,48.77094,-177.182301
140,961,2014-12-22T11:57:00.5Z,midnight,50.439389,-179.112519
140,962,2014-12-22T23:45:10.5Z,noon,53.101499,-176.154186
140,963,2014-12-23T11:34:20.5Z,midnight,50.681367,-173.56346
140,964,2014-12-23T23:58:35.5Z,noon,45.681367,-179.62596
140,965,2014-12-24T11:47:30Z,midnight,40.681367,-176.970429
140,966,2014-12-24T23:39:46Z,noon,42.93668,-175.037096
140,967,2014-12-25T11:29:43.5Z,midnight,39.47113,-172.643733
140,968,2014-12-25T23:15:00.5Z,noon,44.457009,-168.964567
140,969,2014-12-26T11:09:31Z,midnight,42.729733,-167.708262
140,970,2014-12-26T23:12:37Z,noon,41.683781,-168.483262
140,971,2014-12-27T11:32:56.5Z,midnight,46.683781,-173.680573
140,972,2014-12-27T23:44:13Z,noon,44.685535,-176.499323
140,973,2014-12-28T11:41:47.5Z,midnight,43.984385,-176.008473
140,974,2014-12-28T23:47:28.5Z,noon,42.113581,-177.429306
140,975,2014-12-29T11:41:11.5Z,midnight,39.970374,-175.973104
140,976,2014-12-29T23:39:09Z,noon,40.70719,-175.462687
140,977,2014-12-30T11:34:49Z,midnight,39.204252,-174.49311
140,978,2014-12-30T23:32:03.5Z,noon,40.222065,-173.803527
140,979,2014-12-31T11:39:39Z,midnight,42.961164,-175.814218
140,980,2014-12-31T23:39:15.5Z,noon,43.09154,-175.716302
140,981,2015-01-01T11:37:02Z,midnight,42.44952,-175.160052
140,982,2015-01-01T23:51:50Z,noon,37.44952,-178.860052
140,983,2015-01-02T11:42:05Z,midnight,32.939472,-176.53424
140,984,2015-01-02T23:30:23.5Z,noon,37.844591,-173.611324
140,985,2015-01-03T11:42:55Z,midnight,42.584085,-176.853072
140,986,2015-01-03T23:44:53.5Z,noon,41.899323,-177.346822
140,987,2015-01-04T11:37:22Z,midnight,39.282391,-175.57478
140,988,2015-01-04T23:52:32.5Z,noon,34.282391,-179.36853
140,989,2015-01-05T12:01:55.5Z,midnight,37.141304,178.177822
140,990,2015-01-05T23:56:51Z,noon,39.156921,179.446572
140,991,2015-01-06T12:18:01Z,midnight,44.156921,174.048582
140,992,2015-01-07T00:50:08Z,noon,39.156921,165.91468
140,993,2015-01-07T12:56:38.5Z,midnight,37.727716,164.287597
140,994,2015-01-08T01:01:30.5Z,noon,35.692272,162.967878
140,995,2015-01-08T13:20:19Z,midnight,40.692272,158.265795
140,996,2015-01-09T01:19:50Z,noon,43.336422,158.285354
140,997,2015-01-09T13:20:21Z,midnight,43.71809,158.156187
140,998,2015-01-10T01:29:30Z,noon,40.397487,155.769281
140,999,2015-01-10T13:31:12Z,midnight,41.254933,155.344281
140,1000,2015-01-11T01:15:08Z,noon,46.254933,159.263499
140,1001,2015-01-11T13:00:56Z,midnight,42.175915,162.813499
140,1002,2015-01-12T01:01:50Z,noon,41.842697,162.493095
140,1003,2015-01-12T13:01:50Z,midnight,42.082138,162.493095
140,1004,2015-01-13T00:52:06Z,noon,45.503595,164.833153
140,1005,2015-01-13T12:45:57.5Z,midnight,43.64696,166.368569
140,1006,2015-01-14T00:47:06.5Z,noon,43.233099,165.990005
140,1007,2015-01-14T12:49:35.5Z,midnight,44.387882,165.369172
140,1008,2015-01-15T01:06:53.5Z,noon,39.387882,160.955398
140,1009,2015-01-15T12:56:57Z,midnight,34.387882,163.440814
140,1010,2015-01-16T01:02:34.5Z,noon,30.474997,161.948158
140,1011,2015-01-16T13:11:43.5Z,midnight,35.244915,159.660658
140,1012,2015-01-17T00:58:49Z,noon,40.244915,162.803777
140,1013,2015-01-17T12:42:24.5Z,midnight,35.244915,166.90586
140,1014,2015-01-18T00:38:32.5Z,noon,35.700917,167.791075
140,1015,2015-01-18T12:37:10.5Z,midnight,35.347872,168.132742
140,1016,2015-01-19T00:30:16.5Z,noon,38.530455,169.778872
140,1017,2015-01-19T12:16:32Z,midnight,33.530455,173.214289
140,1018,2015-01-19T23:54:59.5Z,noon,38.530455,178.599706
140,1019,2015-01-20T11:54:55Z,midnight,42.4717,178.542233
140,1020,2015-01-20T23:33:10Z,noon,47.4717,-176.020267
140,1021,2015-01-21T11:16:05Z,midnight,44.666443,-171.822945
140,1022,2015-01-21T23:05:53Z,noon,48.292511,-169.272945
140,1023,2015-01-22T10:46:09Z,midnight,43.292511,-164.410355
140,1024,2015-01-22T22:45:24Z,noon,41.495576,-164.222855
140,1025,2015-01-23T10:47:08.5Z,midnight,42.625175,-164.726188
140,1026,2015-01-23T22:37:51.5Z,noon,46.286457,-162.405354
140,1027,2015-01-24T10:47:22.5Z,midnight,49.994936,-164.849558
140,1028,2015-01-24T22:50:21.5Z,noon,49.009233,-165.595391
140,1029,2015-01-25T10:40:17.5Z,midnight,45.788581,-163.140832
140,1030,2015-01-25T22:39:35Z,noon,46.06282,-162.963749
140,1031,2015-01-26T10:41:50.5Z,midnight,47.365086,-163.587464
140,1032,2015-01-26T22:47:22Z,noon,45.219293,-164.968714
140,1033,2015-01-27T10:50:04Z,midnight,46.751838,-165.699825
140,1034,2015-01-27T22:50:17.5Z,noon,46.664219,-165.756075
140,1035,2015-01-28T10:52:23.5Z,midnight,47.951264,-166.334128
140,1036,2015-02-02T22:59:20.5Z,noon,42.951264,-168.289839
150,1,2013-05-30T10:35:06.5Z,midnight,21.523924,-158.124163
150,2,2013-05-30T22:19:38.5Z,noon,16.523924,-154.257496
150,3,2013-05-31T10:30:07Z,midnight,11.523924,-156.911086
150,4,2013-05-31T22:35:07Z,noon,10.165186,-158.161086
150,5,2013-06-01T10:23:00Z,midnight,15.165186,-155.168406
150,6,2013-06-01T21:53:00Z,noon,10.165186,-147.668406
150,7,2013-06-02T22:37:47.5Z,noon,14.08884,-158.904387
150,8,2013-06-03T10:55:30Z,midnight,9.08884,-163.371042
150,9,2013-06-03T23:01:45Z,noon,7.561989,-164.933542
150,10,2013-06-04T10:41:45Z,midnight,12.561989,-159.974547
150,11,2013-06-04T22:30:30Z,noon,12.434764,-157.162047
150,12,2013-06-05T10:21:28Z,midnight,17.127762,-154.946079
150,13,2013-06-05T22:08:58Z,noon,12.127762,-151.821079
150,14,2013-06-06T10:10:00.5Z,midnight,9.803162,-152.125143
150,15,2013-06-06T22:20:00.5Z,noon,14.803162,-154.625143
150,16,2013-06-07T10:35:30Z,midnight,9.803162,-158.54291
150,17,2013-06-07T22:28:00Z,noon,4.803162,-156.66791
150,18,2013-06-08T10:30:30Z,midnight,0.794711,-157.338885
150,19,2013-06-08T22:40:30Z,noon,5.794711,-159.838885
150,20,2013-06-09T10:24:15Z,midnight,10.794711,-155.823403
150,21,2013-06-09T22:18:00Z,noon,12.097673,-154.260903
150,22,2013-06-10T10:16:45Z,midnight,12.709436,-153.996379
150,23,2013-06-10T21:54:33.5Z,noon,7.709436,-148.448462
150,24,2013-06-11T22:42:39Z,noon,10.46319,-160.520229
150,25,2013-06-12T10:28:31.5Z,midnight,15.46319,-157.038619
150,26,2013-06-12T22:26:23.5Z,noon,16.658158,-156.505285
150,27,2013-06-13T10:27:41.5Z,midnight,15.957007,-156.880626
150,28,2013-06-13T22:27:40.5Z,noon,15.948629,-156.87646
150,29,2013-06-14T10:25:30Z,midnight,16.984167,-156.383665
150,30,2013-06-14T22:30:30Z,noon,19.399476,-157.633665
150,31,2013-06-15T10:33:00Z,midnight,18.160162,-158.310145
150,32,2013-06-15T22:18:22.5Z,noon,13.160162,-154.653895
150,33,2013-06-16T10:16:10Z,midnight,11.859217,-154.153728
150,34,2013-06-16T22:13:18.5Z,noon,10.341926,-153.439144
150,35,2013-06-17T10:18:01Z,midnight,7.771339,-154.668489
150,36,2013-06-17T22:41:45Z,noon,12.771339,-160.601822
150,37,2013-06-18T10:35:18.5Z,midnight,17.771339,-159.043922
150,38,2013-06-18T22:24:48.5Z,noon,17.915998,-156.418922
150,39,2013-06-19T10:28:45Z,midnight,15.970092,-157.457018
150,40,2013-06-19T22:28:00Z,noon,15.597186,-157.269518
150,41,2013-06-20T10:24:15Z,midnight,17.426901,-156.384769
150,42,2013-06-20T22:31:45Z,noon,20.95305,-158.259769
150,43,2013-06-21T10:43:00Z,midnight,15.95305,-161.125
150,44,2013-06-21T22:46:55Z,noon,17.499065,-162.104167
150,45,2013-06-22T10:36:20.5Z,midnight,22.39619,-159.513036
150,46,2013-06-22T22:36:10.5Z,noon,22.32234,-159.47137
150,47,2013-06-23T10:53:23.5Z,midnight,17.32234,-163.827952
150,48,2013-06-23T21:54:38.5Z,noon,12.32234,-149.140452
150,49,2013-06-24T22:25:41Z,noon,16.072164,-156.95299
150,50,2013-06-25T10:26:05Z,midnight,15.887079,-157.104724
150,51,2013-06-25T22:34:29Z,noon,19.925356,-159.204724
150,52,2013-06-26T10:34:01.5Z,midnight,20.159774,-159.141397
150,53,2013-06-26T22:11:17.5Z,noon,15.159774,-153.458064
150,54,2013-06-27T10:10:55Z,midnight,10.159774,-153.415003
150,55,2013-06-27T22:35:55Z,noon,15.159774,-159.665003
150,56,2013-06-28T10:37:01.5Z,midnight,20.159774,-159.992117
150,57,2013-06-28T22:32:01.5Z,noon,18.589211,-158.742117
150,58,2013-06-29T10:30:12.5Z,midnight,19.490399,-158.337234
150,59,2013-06-29T22:32:14Z,noon,20.436983,-158.843484
150,60,2013-06-30T10:31:16.5Z,midnight,20.927348,-158.652349
150,61,2013-06-30T22:14:15Z,noon,15.927348,-154.396099
150,62,2013-07-01T10:18:00Z,midnight,10.927348,-155.381125
150,63,2013-07-01T22:40:43.5Z,noon,15.927348,-161.062375
150,64,2013-07-02T10:40:24Z,midnight,20.927348,-161.027642
150,65,2013-07-02T22:25:49.5Z,noon,15.927348,-157.383892
150,66,2013-07-03T10:25:29.5Z,midnight,15.283828,-157.345982
150,67,2013-07-03T22:40:17.5Z,noon,20.283828,-161.045982
150,68,2013-07-04T10:40:37.5Z,midnight,22.332938,-161.17356
150,69,2013-07-04T22:21:55.5Z,noon,17.332938,-156.49856
150,70,2013-07-05T10:21:16.5Z,midnight,13.543868,-156.379046
150,71,2013-07-05T22:24:31.5Z,noon,15.235629,-157.191546
150,72,2013-07-06T10:25:56.5Z,midnight,14.569526,-157.587357
150,73,2013-07-06T22:38:41.5Z,noon,19.569526,-160.774857
150,74,2013-07-07T10:40:10.5Z,midnight,20.289199,-161.185915
150,75,2013-07-07T22:42:36Z,noon,21.437006,-161.792165
150,76,2013-07-08T10:43:48.5Z,midnight,20.967937,-162.132976
150,77,2013-07-08T22:46:59Z,noon,22.454286,-162.926726
150,78,2013-07-09T10:45:53.5Z,midnight,23.068752,-162.690963
150,79,2013-07-09T22:40:41.5Z,noon,20.628026,-161.390963
150,80,2013-07-10T10:52:42.5Z,midnight,15.628026,-164.430637
150,81,2013-07-10T23:11:55Z,noon,20.628026,-169.23272
150,82,2013-07-11T11:07:51.5Z,midnight,25.628026,-168.251925
150,83,2013-07-11T23:14:55.5Z,noon,28.995306,-170.018592
150,84,2013-07-12T11:29:10.5Z,midnight,23.995306,-173.613093
150,85,2013-07-12T23:24:27.5Z,noon,20.668197,-172.433926
150,86,2013-07-13T11:19:58.5Z,midnight,22.957034,-171.343237
150,87,2013-07-13T23:30:35Z,noon,27.702069,-173.995321
150,88,2013-07-14T11:30:49Z,midnight,27.768793,-174.081878
150,89,2013-07-14T23:28:10.5Z,noon,26.627545,-173.421462
150,90,2013-07-15T11:34:25.5Z,midnight,23.96153,-175.010203
150,91,2013-07-15T23:45:21Z,noon,28.803129,-177.741453
150,92,2013-07-16T11:44:56.5Z,midnight,29.159946,-177.663567
150,93,2013-07-16T23:49:12.5Z,noon,30.902693,-178.730234
150,94,2013-07-17T11:58:51.5Z,midnight,27.031026,178.83517
150,95,2013-07-17T23:56:08.5Z,noon,25.806899,179.514337
150,96,2013-07-18T11:55:39Z,midnight,26.22263,179.617314
150,97,2013-07-18T23:59:15Z,noon,27.835484,178.717314
150,98,2013-07-19T11:55:38.5Z,midnight,29.603581,179.601666
150,99,2013-07-20T00:01:53.5Z,noon,32.16392,178.023693
150,100,2013-07-20T11:59:15Z,midnight,33.426182,178.68411
150,101,2013-07-21T00:02:24Z,noon,34.616179,177.883442
150,102,2013-07-21T12:33:29.5Z,midnight,29.616179,170.110525
150,103,2013-07-22T00:47:43Z,noon,27.939291,166.543457
150,104,2013-07-22T12:42:20.5Z,midnight,30.533476,167.887207
150,105,2013-07-23T00:46:43Z,noon,32.351475,166.785028
150,106,2013-07-23T12:46:00Z,midnight,32.899535,166.964194
150,107,2013-07-24T00:44:30Z,noon,32.289724,167.333193
150,108,2013-07-24T12:40:27.5Z,midnight,34.180439,168.34361
150,109,2013-07-25T00:49:47.5Z,noon,37.641532,166.006738
150,110,2013-07-25T12:50:34Z,midnight,37.657971,165.812988
150,111,2013-07-26T01:01:17.5Z,noon,41.216331,163.130694
150,112,2013-07-26T13:07:27Z,midnight,39.532213,161.59111
150,113,2013-07-27T00:50:05.5Z,noon,34.532213,165.932172
150,114,2013-07-27T13:05:45Z,midnight,29.532213,162.017589
150,115,2013-07-28T01:30:36.5Z,noon,34.532213,155.807032
150,116,2013-07-28T13:27:27Z,midnight,38.433039,156.596615
150,117,2013-07-29T01:27:35.5Z,noon,38.483675,156.567796
150,118,2013-07-29T13:32:12Z,midnight,37.117021,155.415712
150,119,2013-07-30T01:32:43Z,noon,37.312369,155.295731
150,120,2013-07-30T13:38:48.5Z,midnight,35.258884,153.772815
150,121,2013-07-31T01:49:22Z,noon,39.290318,151.145022
150,122,2013-07-31T14:02:00Z,midnight,34.742351,147.986688
150,123,2013-08-01T01:36:02.5Z,noon,29.742351,154.490679
150,124,2013-08-01T13:28:23Z,midnight,26.384015,156.405262
150,125,2013-08-02T01:31:50.5Z,noon,28.188796,155.557711
150,126,2013-08-02T13:22:09Z,midnight,33.188796,157.980628
150,127,2013-08-03T01:28:32.5Z,noon,35.983,156.402374
150,128,2013-08-03T13:47:50.5Z,midnight,30.983,151.577374
150,129,2013-08-04T01:52:11.5Z,noon,29.450574,150.51217
150,130,2013-08-04T13:30:01.5Z,midnight,34.450574,156.053837
150,131,2013-08-05T01:26:44Z,noon,38.352764,156.901681
150,132,2013-08-05T13:26:56Z,midnight,38.680124,156.851681
150,133,2013-08-06T01:21:02.5Z,noon,36.233606,158.352152
150,134,2013-08-06T13:15:27.5Z,midnight,38.976026,159.747985
150,135,2013-08-07T01:14:45.5Z,noon,38.694077,159.953158
150,136,2013-08-07T13:19:48.5Z,midnight,37.001665,158.690658
150,137,2013-08-08T01:20:34.5Z,noon,37.334049,158.53177
150,138,2013-08-08T13:23:32Z,midnight,36.468291,157.792187
150,139,2013-08-09T01:28:32Z,noon,38.644176,156.577558
150,140,2013-08-09T13:36:24Z,midnight,35.594172,154.610891
150,141,2013-08-10T01:36:51Z,noon,35.80591,154.536336
150,142,2013-08-10T13:38:50Z,midnight,35.320334,154.040502
150,143,2013-08-11T01:32:41Z,noon,32.1983,155.618499
150,144,2013-08-11T13:40:40.5Z,midnight,28.123407,153.620582
150,145,2013-08-12T01:53:34.5Z,noon,33.123407,150.438604
150,146,2013-08-12T14:08:03.5Z,midnight,28.123407,146.817771
150,147,2013-08-13T02:13:33.5Z,noon,30.873504,145.488292
150,148,2013-08-13T14:01:29Z,midnight,35.873504,148.507042
150,149,2013-08-14T01:18:27Z,noon,30.873504,159.313362
150,150,2013-08-14T13:20:49Z,midnight,25.873504,158.721695
150,151,2013-08-15T02:02:20.5Z,noon,30.873504,148.390863
150,152,2013-08-15T14:06:14Z,midnight,34.778867,147.417946
150,153,2013-08-16T02:06:21Z,noon,34.842153,147.44159
150,154,2013-08-16T14:00:44Z,midnight,38.301077,148.845757
150,155,2013-08-17T01:08:27.5Z,noon,33.301077,161.969669
150,156,2013-08-18T01:46:11.5Z,noon,28.301077,152.593804
150,157,2013-08-18T13:45:45Z,midnight,24.886384,152.704221
150,158,2013-08-19T01:55:37.5Z,noon,29.886384,150.295199
150,159,2013-08-19T13:48:00Z,midnight,34.886384,152.201449
150,160,2013-08-20T01:43:00Z,noon,33.898005,153.513384
150,161,2013-08-20T13:44:38.5Z,midnight,33.482308,153.102968
150,162,2013-08-21T01:19:54Z,noon,28.482308,159.352474
150,163,2013-08-21T13:13:47.5Z,midnight,23.482308,160.879558
150,164,2013-08-22T01:38:37.5Z,noon,28.482308,154.737412
150,165,2013-08-22T13:48:05.5Z,midnight,32.59407,152.370745
150,166,2013-08-23T01:31:45Z,noon,27.59407,156.524387
150,167,2013-08-23T13:23:30Z,midnight,27.256699,158.586887
150,168,2013-08-24T01:12:15Z,noon,22.256699,161.469588
150,169,2013-08-24T13:18:39Z,midnight,17.256699,159.869588
150,170,2013-08-25T01:46:48Z,noon,22.256699,152.904198
150,171,2013-08-25T13:45:10.5Z,midnight,27.256699,153.310448
150,172,2013-08-26T01:41:24Z,noon,32.256699,154.328151
150,173,2013-08-26T13:45:28Z,midnight,32.592134,153.311484
150,174,2013-08-27T01:55:23.5Z,noon,37.592134,150.905959
150,175,2013-08-27T14:09:08.5Z,midnight,32.592134,147.468459
150,176,2013-08-28T02:04:13Z,noon,27.592134,148.777132
150,177,2013-08-28T13:49:22.5Z,midnight,32.592134,152.487549
150,178,2013-08-29T01:24:40.5Z,noon,27.592134,158.741595
150,179,2013-08-29T13:37:38Z,midnight,22.592134,155.502011
150,180,2013-08-30T01:40:29.5Z,noon,17.592134,154.868019
150,181,2013-08-30T13:14:25.5Z,midnight,22.592134,161.384686
150,182,2013-08-31T01:09:44.5Z,noon,27.592134,162.637576
150,183,2013-08-31T13:06:55Z,midnight,32.592134,163.343826
150,184,2013-09-01T01:11:34Z,noon,36.71813,162.264765
150,185,2013-09-01T13:22:15Z,midnight,31.71813,159.593932
150,186,2013-09-02T01:11:00Z,noon,26.71813,162.49117
150,187,2013-09-02T13:02:14.5Z,midnight,26.192656,164.680753
150,188,2013-09-03T01:13:29.5Z,noon,31.192656,161.954203
150,189,2013-09-03T13:19:25Z,midnight,32.675815,160.472953
150,190,2013-09-04T01:14:59Z,noon,28.062992,161.66836
150,191,2013-09-04T13:10:35.5Z,midnight,33.062992,162.766277
150,192,2013-09-05T01:07:31.5Z,noon,30.457973,163.621051
150,193,2013-09-05T13:08:45Z,midnight,30.099888,163.314801
150,194,2013-09-06T01:07:42.5Z,noon,28.897257,163.664267
150,195,2013-09-06T13:05:59Z,midnight,31.922894,164.095517
150,196,2013-09-07T01:06:59Z,noon,33.028193,163.935415
150,197,2013-09-07T13:03:18.5Z,midnight,37.938251,164.854165
150,198,2013-09-08T01:00:51Z,noon,35.458755,165.5594
150,199,2013-09-08T13:04:45Z,midnight,32.228575,164.5844
150,200,2013-09-09T00:53:01.5Z,noon,27.228575,167.60696
150,201,2013-09-10T01:12:30.5Z,noon,22.228575,162.827997
150,202,2013-09-10T13:00:29Z,midnight,17.228575,165.834247
150,203,2013-09-11T00:59:43.5Z,noon,14.434242,166.116162
150,204,2013-09-11T13:04:15Z,midnight,9.434242,164.984912
150,205,2013-09-12T01:15:45.5Z,noon,14.434242,162.200523
150,206,2013-09-12T13:15:45.5Z,midnight,19.434242,162.200523
150,207,2013-09-13T01:22:45Z,noon,24.434242,160.545562
150,208,2013-09-13T13:39:52Z,midnight,19.434242,156.266395
150,209,2013-09-14T01:37:26Z,noon,14.434242,156.967845
150,210,2013-09-14T13:32:24Z,midnight,17.328968,158.226178
150,211,2013-09-15T01:30:39Z,noon,12.519913,158.756852
150,212,2013-09-15T13:31:47.5Z,midnight,9.924126,158.471436
150,213,2013-09-16T01:36:21.5Z,noon,14.924126,157.422899
150,214,2013-09-16T13:41:26.5Z,midnight,9.924126,156.152066
150,215,2013-09-17T01:46:18.5Z,noon,14.924126,155.028383
150,216,2013-09-17T13:37:39Z,midnight,19.924126,157.192966
150,217,2013-09-18T13:07:59.5Z,midnight,14.924126,164.700282
150,218,2013-09-19T01:10:58.5Z,noon,9.924126,164.046828
150,219,2013-09-19T13:13:21.5Z,midnight,4.924126,163.450995
150,220,2013-09-20T01:18:00Z,noon,-0.075874,162.3825
150,221,2013-09-20T13:08:21Z,midnight,-5.075874,164.795
150,222,2013-09-21T01:09:45Z,noon,-10.075874,164.536361
150,223,2013-09-21T13:12:15Z,midnight,-15.075874,163.911361
150,224,2013-09-22T01:02:31.5Z,noon,-20.075874,166.433307
150,225,2013-09-24T13:03:58Z,midnight,-15.075874,166.25188
150,226,2013-09-25T00:55:13Z,noon,-10.075874,168.527467
150,227,2013-09-27T01:20:00.5Z,noon,-5.075874,162.502404
150,228,2013-09-28T01:22:39Z,noon,-0.075874,161.926553
150,229,2013-09-28T13:50:59.5Z,midnight,4.924126,154.841136
150,230,2013-09-29T02:08:59.5Z,noon,9.924126,150.424329
150,231,2013-10-05T13:44:15Z,midnight,14.924126,157.074698
150,232,2013-10-06T01:28:34Z,noon,19.924126,161.066458
150,233,2013-10-06T13:16:14.5Z,midnight,24.924126,164.147708
150,234,2013-10-07T01:06:09.5Z,noon,29.924126,166.737354
150,235,2013-10-07T12:50:14Z,midnight,34.924126,170.718604
150,236,2013-10-08T00:42:57.5Z,noon,39.924126,172.60397
150,237,2013-10-08T12:46:33.5Z,midnight,44.924126,171.70397
150,238,2013-10-09T00:56:36Z,noon,49.924126,169.257889
150,239,2013-10-09T13:07:38.5Z,midnight,54.924126,166.497472
150,240,2013-10-10T00:58:58.5Z,noon,59.924126,168.726114
150,241,2013-10-10T12:45:05Z,midnight,64.924126,172.19903
150,242,2013-10-11T00:46:21Z,noon,69.845324,171.9419
150,243,2013-10-11T12:45:46.5Z,midnight,66.420279,172.08565
150,244,2013-10-12T00:48:16.5Z,noon,64.210749,171.517673
150,245,2013-10-12T12:58:51Z,midnight,69.210749,168.873923
150,246,2013-10-13T01:02:08.5Z,noon,67.317629,168.105441
150,247,2013-10-13T12:51:17Z,midnight,62.317629,170.820025
150,248,2013-10-14T12:58:12Z,midnight,57.505589,169.142636
150,249,2013-10-15T00:55:52.5Z,noon,59.655104,169.772938
150,250,2013-10-15T12:53:13Z,midnight,54.951925,170.437521
150,251,2013-10-16T00:53:24.5Z,noon,54.759932,170.435866
150,252,2013-10-16T12:58:51.5Z,midnight,57.662234,169.073366
150,253,2013-10-17T00:58:24Z,noon,58.034105,169.231358
150,254,2013-10-17T12:57:00Z,midnight,54.983768,169.581358
150,255,2013-10-18T00:59:36Z,noon,52.643862,168.971855
150,256,2013-10-18T12:58:07.5Z,midnight,49.436011,169.340605
150,257,2013-10-19T00:50:50Z,noon,54.436011,171.201049
150,258,2013-10-19T12:53:46Z,midnight,56.368446,170.467716
150,259,2013-10-20T00:55:54Z,noon,54.802723,169.968889
150,260,2013-10-20T12:55:26.5Z,midnight,52.8933,170.083472
150,261,2013-10-21T00:50:58.5Z,noon,56.128922,171.231573
150,262,2013-10-21T12:59:31.5Z,midnight,59.819994,169.094073
150,263,2013-10-22T01:06:58Z,noon,55.418859,167.261971
150,264,2013-10-22T12:54:22.5Z,midnight,50.418859,170.409887
150,265,2013-10-23T00:53:08Z,noon,45.418859,170.745455
150,266,2013-10-23T13:03:57Z,midnight,50.418859,168.041289
150,267,2013-10-24T01:02:10Z,noon,53.55206,168.50907
150,268,2013-10-24T12:53:36Z,midnight,48.55206,170.650737
150,269,2013-10-25T00:53:45Z,noon,45.957527,170.631944
150,270,2013-10-25T13:05:18Z,midnight,50.957527,167.744444
150,271,2013-10-26T01:02:40.5Z,noon,54.435892,168.416127
150,272,2013-10-26T12:59:46.5Z,midnight,51.597576,169.141127
150,273,2013-10-27T01:06:43.5Z,noon,46.961656,167.415754
150,274,2013-10-27T13:12:12.5Z,midnight,49.598799,166.044921
150,275,2013-10-28T00:57:56Z,noon,54.598799,169.622467
150,276,2013-10-28T12:36:24.5Z,midnight,49.598799,175.003717
150,277,2013-10-29T00:31:23Z,noon,47.114229,176.265408
150,278,2013-10-29T12:33:15.5Z,midnight,47.349482,175.796658
150,279,2013-10-30T00:21:36Z,noon,52.349482,178.713307
150,280,2013-10-30T12:10:59Z,midnight,47.349482,-178.632527
150,281,2013-10-30T23:59:58Z,noon,52.349482,-175.87836
150,282,2013-10-31T12:15:25Z,midnight,57.349482,-179.742185
150,283,2013-11-01T00:24:45.5Z,noon,55.110707,177.917668
150,284,2013-11-01T11:58:52Z,midnight,50.110707,-175.609415
150,285,2013-11-01T23:54:31.5Z,noon,45.110707,-174.523998
150,286,2013-11-02T12:02:40.5Z,midnight,46.66759,-176.569641
150,287,2013-11-03T00:04:49.5Z,noon,45.408182,-177.118702
150,288,2013-11-03T12:07:05.5Z,midnight,45.929823,-177.685369
150,289,2013-11-04T00:10:47.5Z,noon,43.743191,-178.62535
150,290,2013-11-04T12:06:08Z,midnight,40.030522,-177.460767
150,291,2013-11-04T23:34:02Z,noon,45.030522,-169.435767
150,292,2013-11-05T11:44:30Z,midnight,50.030522,-172.070833
150,293,2013-11-06T00:08:21Z,noon,49.774704,-178.055146
150,294,2013-11-06T12:01:24.5Z,midnight,45.57898,-176.31973
150,295,2013-11-07T00:14:02Z,noon,40.57898,-179.501196
150,296,2013-11-07T12:23:42Z,midnight,43.28073,178.082137
150,297,2013-11-08T00:16:32.5Z,noon,47.03896,179.843112
150,298,2013-11-08T12:28:34Z,midnight,51.723714,176.836862
150,299,2013-11-09T00:25:51Z,noon,52.786322,177.484047
150,300,2013-11-09T12:15:01Z,midnight,47.786322,-179.80762
150,301,2013-11-10T00:34:40Z,noon,42.786322,175.244543
150,302,2013-11-10T12:47:40.5Z,midnight,43.73982,171.992459
150,303,2013-11-11T00:47:57.5Z,noon,43.594322,171.882958
150,304,2013-11-11T12:58:12Z,midnight,47.85253,169.322541
150,305,2013-11-12T00:52:01Z,noon,50.414705,170.826402
150,306,2013-11-12T12:48:51Z,midnight,48.556352,171.618069
150,307,2013-11-13T00:52:24Z,noon,47.040997,170.685323
150,308,2013-11-13T12:55:18Z,midnight,47.727277,169.960323
150,309,2013-11-14T01:06:02.5Z,noon,42.828851,167.226422
150,310,2013-11-14T13:03:19Z,midnight,40.932846,167.907672
150,311,2013-11-15T00:59:47Z,noon,42.697606,168.73932
150,312,2013-11-15T12:47:30.5Z,midnight,37.697606,171.80807
150,313,2013-11-16T00:32:47Z,noon,42.697606,175.434474
150,314,2013-11-16T12:10:44Z,midnight,37.697606,-179.053026
150,315,2013-11-17T00:03:03.5Z,noon,35.447774,-177.192237
150,316,2013-11-17T12:10:44.5Z,midnight,39.132872,-179.11307
150,317,2013-11-18T00:06:08Z,noon,41.409192,-178.022015
150,318,2013-11-18T12:12:53.5Z,midnight,44.033768,-179.711599
150,319,2013-11-19T00:06:00.5Z,noon,46.877892,-178.05481
150,320,2013-11-19T11:52:59.5Z,midnight,41.877892,-174.800644
150,321,2013-11-19T23:50:46.5Z,noon,41.849589,-174.246477
150,322,2013-11-20T11:49:15Z,midnight,40.728636,-173.932234
150,323,2013-11-20T23:28:25Z,noon,45.728636,-168.723901
150,324,2013-11-21T11:25:32Z,midnight,47.707367,-168.072979
150,325,2013-11-21T23:49:24Z,noon,42.707367,-174.039645
150,326,2013-11-22T11:58:40.5Z,midnight,41.460094,-176.43115
150,327,2013-11-22T23:49:51.5Z,noon,45.131207,-174.226983
150,328,2013-11-23T11:49:13Z,midnight,44.497681,-174.142101
150,329,2013-11-24T00:01:22.5Z,noon,39.497681,-177.259931
150,330,2013-11-24T12:05:38.5Z,midnight,40.854974,-178.326598
150,331,2013-11-25T00:12:31Z,noon,37.718987,179.873762
150,332,2013-11-25T12:22:07Z,midnight,41.679792,177.473762
150,333,2013-11-26T00:30:01.5Z,noon,38.1826,175.413218
150,334,2013-11-26T12:42:54.5Z,midnight,43.1826,172.192385
150,335,2013-11-27T00:44:15Z,noon,42.839665,171.771012
150,336,2013-11-27T12:52:30Z,midnight,45.651078,169.708512
150,337,2013-11-28T01:01:30.5Z,noon,42.216287,167.368056
150,338,2013-11-28T13:11:35.5Z,midnight,45.725446,164.847223
150,339,2013-11-29T01:26:26Z,noon,40.725446,161.046097
150,340,2013-11-29T13:30:26Z,midnight,41.317234,160.046097
150,341,2013-11-30T01:33:11Z,noon,40.183146,159.265634
150,342,2013-11-30T13:37:14.5Z,midnight,41.567674,158.251051
150,343,2013-12-01T01:32:13.5Z,noon,43.504918,159.410087
150,344,2013-12-01T13:43:17.5Z,midnight,47.101963,156.64342
150,345,2013-12-02T01:44:52.5Z,noon,46.581774,156.150377
150,346,2013-12-02T13:41:26.5Z,midnight,45.162516,157.00871
150,347,2013-12-03T01:49:35Z,noon,42.196426,154.874093
150,348,2013-12-03T13:41:01Z,midnight,38.514266,157.01576
150,349,2013-12-04T01:43:38Z,noon,37.392395,156.260495
150,350,2013-12-04T13:43:09Z,midnight,36.968503,156.381329
150,351,2013-12-05T01:18:14Z,noon,41.968503,162.507594
150,352,2013-12-05T13:33:58.5Z,midnight,46.968503,158.572178
150,353,2013-12-06T02:04:04Z,noon,41.968503,150.944653
150,354,2013-12-06T14:08:01.5Z,midnight,42.392876,149.955069
150,355,2013-12-07T01:58:09.5Z,noon,45.813465,152.315518
150,356,2013-12-07T14:00:59Z,midnight,46.528602,151.609268
150,357,2013-12-08T02:14:56.5Z,noon,41.736786,148.011958
150,358,2013-12-08T14:01:39.5Z,midnight,36.736786,151.332791
150,359,2013-12-09T01:47:13Z,noon,41.736786,154.834072
150,360,2013-12-09T14:05:59.5Z,midnight,46.736786,150.140322
150,361,2013-12-10T02:09:19.5Z,noon,47.003028,149.196548
150,362,2013-12-10T13:56:36Z,midnight,42.656868,152.377798
150,363,2013-12-11T01:46:36Z,noon,46.004241,154.766155
150,364,2013-12-11T13:52:11Z,midnight,47.564673,153.370322
150,365,2013-12-12T02:20:47.5Z,noon,42.564673,146.1055
150,366,2013-12-12T14:19:53Z,midnight,37.564673,146.332583
150,367,2013-12-13T02:14:53Z,noon,39.059739,147.468854
150,368,2013-12-13T14:10:34Z,midnight,37.218659,148.548021
150,369,2013-12-14T02:08:12.5Z,noon,38.173554,149.022993
150,370,2013-12-14T14:11:28.5Z,midnight,39.356091,148.206327
150,371,2013-12-15T02:12:27.5Z,noon,38.975124,147.845109
150,372,2013-12-15T14:12:19Z,midnight,38.831513,147.880525
150,373,2013-12-16T02:11:45Z,noon,39.051678,147.906142
150,374,2013-12-16T14:12:49Z,midnight,39.384964,147.639476
150,375,2013-12-17T02:15:36Z,noon,38.304048,146.827038
150,376,2013-12-17T14:17:52Z,midnight,39.121006,146.260371
150,377,2013-12-18T02:18:09Z,noon,39.011941,146.072489
150,378,2013-12-18T14:37:42.5Z,midnight,44.011941,141.182905
150,379,2013-12-19T02:33:43.5Z,noon,46.92564,142.061356
150,380,2013-12-19T14:20:09Z,midnight,42.549722,145.455106
150,381,2013-12-20T02:22:19Z,noon,41.793613,144.795833
150,382,2013-12-20T14:14:04Z,midnight,38.709564,146.858333
150,383,2013-12-21T02:13:23Z,noon,38.972955,146.911449
150,384,2013-12-21T14:02:54.5Z,midnight,34.70026,149.530199
150,385,2013-12-22T01:46:59Z,noon,39.70026,153.393731
150,386,2013-12-22T13:35:08.5Z,midnight,36.404538,156.354148
150,387,2013-12-23T01:45:32Z,noon,31.906738,153.638623
150,388,2013-12-23T13:44:30.5Z,midnight,31.440439,153.894873
150,389,2013-12-24T00:58:13.5Z,noon,36.440439,165.348321
150,390,2013-12-24T13:14:02.5Z,midnight,41.440439,161.394154
150,391,2013-12-25T02:08:19Z,noon,36.440439,147.70835
150,392,2013-12-25T14:18:26.5Z,midnight,39.039412,145.1771
150,393,2013-12-26T02:10:25Z,noon,41.984839,147.066738
150,394,2013-12-26T14:20:28Z,midnight,45.353591,144.554238
150,395,2013-12-27T02:42:58Z,noon,40.353591,138.813177
150,396,2013-12-27T14:39:00.5Z,midnight,35.75736,139.802761
150,397,2013-12-28T02:30:39.5Z,noon,39.110975,141.774861
150,398,2013-12-28T14:29:40.5Z,midnight,38.790441,142.020694
150,399,2013-12-29T02:37:29Z,noon,35.628219,139.953979
150,400,2013-12-29T14:37:15Z,midnight,35.59711,140.012313
150,401,2013-12-30T02:28:45.5Z,noon,39.035439,142.021473
150,402,2013-12-30T14:33:50Z,midnight,41.028342,140.752723
150,403,2013-12-31T02:27:48Z,noon,43.162103,142.148282
150,404,2013-12-31T14:24:56Z,midnight,42.263067,142.864948
150,405,2014-01-01T02:21:15Z,noon,43.536994,143.785782
150,406,2014-01-01T14:12:36Z,midnight,40.56488,145.948282
150,407,2014-01-02T02:17:27Z,noon,38.700535,144.624093
150,408,2014-01-02T14:11:36Z,midnight,36.429439,146.086593
150,409,2014-01-03T02:08:58Z,noon,37.522788,146.634428
150,410,2014-01-03T14:10:48.5Z,midnight,38.396807,146.174011
150,411,2014-01-04T01:54:46Z,noon,43.396807,150.07522
150,412,2014-01-04T13:53:00.5Z,midnight,43.845963,150.514804
150,413,2014-01-05T01:58:30Z,noon,41.907017,149.034072
150,414,2014-01-05T13:52:50.5Z,midnight,39.929569,150.448655
150,415,2014-01-06T01:49:38Z,noon,41.156516,151.144415
150,416,2014-01-06T13:47:03Z,midnight,40.338273,151.790248
150,417,2014-01-07T01:51:55.5Z,noon,38.39694,150.466763
150,418,2014-01-07T13:57:35Z,midnight,40.819442,149.05218
150,419,2014-01-08T01:20:35Z,noon,45.819442,158.199128
150,420,2014-01-08T13:31:32Z,midnight,50.819442,155.461628
150,421,2014-01-09T01:58:50.5Z,noon,48.053937,148.53327
150,422,2014-01-09T13:55:22Z,midnight,47.199345,149.40202
150,423,2014-01-10T02:02:33.5Z,noon,44.843967,147.504698
150,424,2014-01-10T13:45:12.5Z,midnight,39.843967,151.842198
150,425,2014-01-11T01:18:07.5Z,noon,44.843967,158.515582
150,426,2014-01-11T13:17:42.5Z,midnight,48.316076,158.619749
150,427,2014-01-12T01:39:18.5Z,noon,43.316076,153.124345
150,428,2014-01-12T13:43:21Z,midnight,42.573471,152.113928
150,429,2014-01-13T01:41:45Z,noon,43.175421,152.420653
150,430,2014-01-13T13:39:55.5Z,midnight,42.746572,152.876903
150,431,2014-01-14T01:32:37.5Z,noon,45.409751,154.610838
150,432,2014-01-14T13:20:22.5Z,midnight,41.067696,157.673338
150,433,2014-01-15T01:33:00.5Z,noon,36.067696,154.426231
150,434,2014-01-15T13:38:33Z,midnight,38.334088,153.040814
150,435,2014-01-16T01:27:48Z,noon,42.806921,155.641908
150,436,2014-01-16T13:14:58.5Z,midnight,37.806921,158.848158
150,437,2014-01-17T01:05:46Z,noon,41.663904,161.066277
150,438,2014-01-17T13:09:37.5Z,midnight,43.515615,160.101693
150,439,2014-01-18T01:19:10Z,noon,39.565959,157.634825
150,440,2014-01-18T13:22:15.5Z,midnight,41.220987,156.861909
150,441,2014-01-19T01:20:29.5Z,noon,41.961374,157.224706
150,442,2014-01-19T13:19:11Z,midnight,41.753759,157.551789
150,443,2014-01-20T00:39:06Z,noon,46.753759,167.4964
150,444,2014-01-20T12:41:04Z,midnight,51.753759,167.004733
150,445,2014-01-21T01:33:00Z,noon,46.753759,153.947888
150,446,2014-01-21T13:29:15Z,midnight,41.753759,154.885388
150,447,2014-01-22T01:09:15Z,noon,45.072193,159.814645
150,448,2014-01-22T13:13:15Z,midnight,46.984603,158.814645
150,449,2014-01-23T01:20:45Z,noon,44.063559,156.871729
150,450,2014-01-23T13:22:01.5Z,midnight,44.98873,156.552979
150,451,2014-01-24T01:39:47Z,noon,39.98873,152.048359
150,452,2014-01-24T13:37:13Z,midnight,35.952859,152.690025
150,453,2014-01-25T01:34:46.5Z,noon,37.226286,153.238334
150,454,2014-01-25T13:38:19Z,midnight,39.42647,152.352918
150,455,2014-01-26T01:42:41Z,noon,37.209263,151.20212
150,456,2014-01-26T13:53:14Z,midnight,42.209263,148.56462
150,457,2014-01-27T01:45:40.5Z,noon,46.068912,150.398091
150,458,2014-01-27T13:38:28.5Z,midnight,43.438945,152.198091
150,459,2014-01-28T01:39:36Z,noon,42.923546,151.863789
150,460,2014-01-28T13:48:45Z,midnight,47.376935,149.576289
150,461,2014-01-29T01:38:00Z,noon,51.388893,152.213833
150,462,2014-01-29T13:24:45Z,midnight,46.860518,155.526333
150,463,2014-01-30T01:09:45Z,noon,51.860518,159.229506
150,464,2014-01-30T13:31:17.5Z,midnight,56.860518,153.844089
150,465,2014-01-31T01:18:39.5Z,noon,61.848445,156.958754
150,466,2014-01-31T12:19:50Z,midnight,56.848445,171.665004
150,467,2014-02-01T00:22:50.5Z,noon,51.848445,170.872437
150,468,2014-02-01T12:38:37.5Z,midnight,49.805663,166.926604
150,469,2014-02-02T00:23:25.5Z,noon,54.805663,170.689328
150,470,2014-02-02T12:07:04Z,midnight,49.933519,174.778911
150,471,2014-02-03T00:16:59.5Z,noon,45.542798,172.263612
150,472,2014-02-03T12:19:34.5Z,midnight,47.37298,171.617779
150,473,2014-02-04T00:32:14Z,noon,42.37298,168.422388
150,474,2014-02-04T12:22:56Z,midnight,37.37298,170.747388
150,475,2014-02-05T00:25:27.5Z,noon,34.174314,170.088583
150,476,2014-02-05T13:05:19.5Z,midnight,39.174314,160.121917
150,477,2014-02-06T00:47:45Z,noon,44.174314,164.491375
150,478,2014-02-06T12:09:46Z,midnight,46.953411,173.987208
150,479,2014-02-07T00:29:29.5Z,noon,41.953411,169.034932
150,480,2014-02-07T12:38:39.5Z,midnight,41.821518,166.743265
150,481,2014-02-08T00:31:47.5Z,noon,45.748043,168.442174
150,482,2014-02-08T12:40:12.5Z,midnight,50.695953,166.338007
150,483,2014-02-09T01:05:03.5Z,noon,45.695953,160.111014
150,484,2014-02-09T13:00:47Z,midnight,40.695953,161.179764
150,485,2014-02-10T01:00:35.5Z,noon,35.695953,161.216445
150,486,2014-02-10T13:08:13.5Z,midnight,40.17385,159.308112
150,487,2014-02-11T01:16:21Z,noon,35.17385,157.268876
150,488,2014-02-11T13:24:09.5Z,midnight,40.17385,155.316793
150,489,2014-02-12T01:32:20Z,noon,35.17385,153.268293
150,490,2014-02-12T13:49:27.5Z,midnight,40.17385,148.987043
150,491,2014-02-13T02:01:49.5Z,noon,39.111042,145.893845
150,492,2014-02-13T14:03:17Z,midnight,41.056948,145.529262
150,493,2014-02-14T01:51:53.5Z,noon,46.056948,148.378846
150,494,2014-02-14T13:55:22Z,midnight,51.056948,147.510096
150,495,2014-02-15T01:49:17Z,noon,54.569073,149.035771
150,496,2014-02-15T13:33:55.5Z,midnight,49.569073,152.875355
150,497,2014-02-16T01:41:06.5Z,noon,44.569073,151.087511
150,498,2014-02-16T13:37:26.5Z,midnight,39.734955,152.004178
150,499,2014-02-17T01:36:33.5Z,noon,40.47369,152.236118
150,500,2014-02-17T13:37:35.5Z,midnight,42.362885,151.977785
150,501,2014-02-18T01:33:47.5Z,noon,45.353174,152.941974
150,502,2014-02-18T13:37:44Z,midnight,49.3291,151.956558
150,503,2014-02-19T01:34:47Z,noon,51.289325,152.711293
150,504,2014-02-19T13:23:25.5Z,midnight,46.289325,155.550877
150,505,2014-02-20T01:25:03.5Z,noon,42.65358,155.162784
150,506,2014-02-20T13:19:44.5Z,midnight,38.815241,156.491951
150,507,2014-02-21T00:17:31Z,noon,43.815241,171.491951
150,508,2014-02-21T12:10:49Z,midnight,48.815241,173.746404
150,509,2014-02-22T01:00:26.5Z,noon,45.683856,161.366271
150,510,2014-02-22T13:05:19Z,midnight,50.683856,160.147521
150,511,2014-02-23T00:52:14.5Z,noon,55.683856,163.445253
150,512,2014-02-23T12:41:19Z,midnight,54.231949,166.176503
150,513,2014-02-24T00:32:38.5Z,noon,59.231949,168.377047
150,514,2014-02-24T12:44:42Z,midnight,64.231949,165.362463
150,515,2014-02-25T01:16:56Z,noon,59.231949,157.33868
150,516,2014-02-26T01:10:02.5Z,noon,54.231949,159.098843
150,517,2014-02-26T13:32:50.5Z,midnight,59.231949,153.398843
150,518,2014-02-27T01:35:59.5Z,noon,63.601689,152.651226
150,519,2014-03-02T01:01:21.5Z,noon,58.601689,161.444363
150,520,2014-03-04T00:34:45Z,noon,63.601689,168.198246
150,521,2014-03-04T12:32:52Z,midnight,68.601689,168.669079
150,522,2014-03-06T01:00:49Z,noon,65.913324,161.792223
150,523,2014-03-07T13:04:43Z,midnight,70,160.875664
150,524,2014-03-10T13:20:51.5Z,midnight,70,157.027044
150,525,2014-03-11T01:20:28Z,noon,70,157.190763
150,526,2014-03-11T13:25:44Z,midnight,70,155.874096
150,527,2014-03-13T13:23:37Z,midnight,65,156.539635
150,528,2014-03-14T01:19:19Z,noon,70,157.685021
150,529,2014-03-15T13:14:45Z,midnight,70,158.898415
150,530,2014-03-16T01:24:45Z,noon,70,156.47139
150,531,2014-03-18T12:56:58.5Z,midnight,70,163.564447
150,532,2014-03-20T00:40:00.5Z,noon,70,167.959246
150,533,2014-03-21T12:33:21Z,midnight,70,169.701585
150,534,2014-03-22T00:33:51Z,noon,70,169.655
150,535,2014-03-23T01:03:13Z,noon,65,162.39231
150,536,2014-03-23T13:03:00Z,midnight,60,162.446476
150,537,2014-03-24T01:02:25.5Z,noon,55,162.669664
150,538,2014-03-24T12:51:11Z,midnight,50,165.48008
150,539,2014-03-25T00:56:16Z,noon,45,164.289046
150,540,2014-03-25T12:57:47.5Z,midnight,40,163.907796
150,541,2014-03-26T00:51:17Z,noon,35,165.614941
150,542,2014-03-26T12:56:29Z,midnight,30,164.314941
150,543,2014-03-28T01:07:56Z,noon,25,161.612951
2855,1,2009-06-27T10:38:55Z,midnight,21.697559,-160.415003
2855,2,2009-06-27T22:38:55Z,noon,21.697559,-160.415003
2855,3,2009-06-28T10:39:30Z,midnight,21.475825,-160.610867
2855,4,2009-06-28T22:39:42.5Z,noon,21.568084,-160.66295
2855,5,2009-06-29T10:44:00.5Z,midnight,19.668908,-161.787234
2855,6,2009-06-29T22:45:30.5Z,noon,20.354621,-162.162234
2855,7,2009-06-30T10:44:29.5Z,midnight,20.862377,-161.956516
2855,8,2009-06-30T22:47:32Z,noon,22.215095,-162.716932
2855,9,2009-07-01T10:45:30Z,midnight,23.157005,-162.256125
2855,10,2009-07-01T22:47:00Z,noon,23.799293,-162.631125
2855,11,2009-07-02T10:50:30Z,midnight,22.350245,-163.552642
2855,12,2009-07-02T22:49:00Z,noon,21.68571,-163.177642
2855,13,2009-07-03T10:49:00Z,midnight,21.754904,-163.223065
2855,14,2009-07-03T22:54:30Z,noon,24.151838,-164.598065
2855,15,2009-07-04T10:54:30Z,midnight,24.232864,-164.64231
2855,16,2009-07-04T22:58:00Z,noon,25.697284,-165.51731
2855,17,2009-07-05T10:58:00Z,midnight,25.788591,-165.560296
2855,18,2009-07-05T23:00:00Z,noon,26.604781,-166.060296
2855,19,2009-07-06T11:00:00Z,midnight,26.705351,-166.101941
2855,20,2009-07-06T23:05:30Z,noon,28.871555,-167.476941
2855,21,2009-07-07T11:05:30Z,midnight,28.984175,-167.517165
2855,22,2009-07-07T22:59:30Z,noon,26.610255,-166.017165
2855,23,2009-07-08T11:13:30Z,midnight,21.610255,-169.555892
2855,24,2009-07-08T23:24:00Z,noon,25.269971,-172.180892
2855,25,2009-07-09T11:10:00Z,midnight,30.269971,-168.718046
2855,26,2009-07-09T23:11:00Z,noon,31.292238,-168.968046
2855,27,2009-07-10T11:10:30Z,midnight,31.615009,-168.878553
2855,28,2009-07-10T23:04:30Z,noon,29.370832,-167.378553
2855,29,2009-07-11T11:15:00Z,midnight,25.223508,-170.037342
2855,30,2009-07-11T23:04:00Z,noon,20.223508,-167.287342
2855,31,2009-07-12T11:00:00Z,midnight,22.229965,-166.319343
2855,32,2009-07-12T23:15:22.5Z,noon,27.229965,-170.163093
2855,33,2009-07-13T11:34:37.5Z,midnight,22.229965,-175.005737
2855,34,2009-07-13T23:40:38Z,noon,23.350618,-176.507821
2855,35,2009-07-14T11:25:38Z,midnight,28.350618,-172.786045
2855,36,2009-07-14T23:34:44.5Z,noon,33.25268,-175.063128
2855,37,2009-07-15T11:29:44.5Z,midnight,35.165057,-173.839369
2855,38,2009-07-15T23:15:01Z,noon,30.165057,-170.158119
2855,39,2009-07-16T11:16:43.5Z,midnight,29.299836,-170.6094
2855,40,2009-07-16T23:36:25Z,noon,34.299836,-175.532317
2855,41,2009-07-17T11:38:52.5Z,midnight,35.839539,-176.168996
2855,42,2009-07-17T23:38:42.5Z,noon,35.783896,-176.12733
2855,43,2009-07-18T11:39:32.5Z,midnight,35.720894,-176.355603
2855,44,2009-07-18T23:41:00Z,noon,36.20954,-176.720186
2855,45,2009-07-19T11:58:10.5Z,midnight,31.20954,178.968333
2855,46,2009-07-19T23:58:52.5Z,noon,30.400128,178.793333
2855,47,2009-07-20T11:56:53.5Z,midnight,31.412902,179.273693
2855,48,2009-07-20T23:19:41.5Z,noon,26.412902,-171.426307
2855,49,2009-07-21T11:12:47Z,midnight,21.412902,-169.712391
2855,50,2009-07-21T23:12:47Z,noon,17.443824,-169.712391
2855,51,2009-07-22T11:20:45Z,midnight,13.082042,-171.714877
2855,52,2009-07-22T23:45:52Z,noon,18.082042,-177.994043
2855,53,2009-07-23T11:47:40Z,midnight,23.082042,-178.452472
2855,54,2009-07-23T23:48:11Z,noon,25.901694,-178.581639
2855,55,2009-07-24T11:34:22Z,midnight,30.901694,-175.133473
2855,56,2009-07-24T23:26:34Z,noon,28.880935,-173.183473
2855,57,2009-07-25T11:37:20Z,midnight,24.074783,-175.878679
2855,58,2009-07-25T23:29:30Z,noon,19.991312,-173.920345
2855,59,2009-07-26T11:19:30Z,midnight,24.991312,-171.42139
2855,60,2009-07-26T23:19:30Z,noon,25.39449,-171.42139
2855,61,2009-07-27T11:09:30Z,midnight,30.309005,-168.919911
2855,62,2009-07-27T23:09:54.5Z,noon,30.487547,-169.021994
2855,63,2009-07-28T11:08:11.5Z,midnight,31.524787,-168.588801
2855,64,2009-07-28T23:00:34.5Z,noon,28.102179,-166.684635
2855,65,2009-07-29T10:57:17.5Z,midnight,29.915304,-165.857204
2855,66,2009-07-29T22:59:42.5Z,noon,30.996637,-166.461371
2855,67,2009-07-30T10:53:43.5Z,midnight,33.861389,-164.956352
2855,68,2009-07-30T22:52:51Z,noon,33.50035,-164.737602
2855,69,2009-07-31T11:12:07Z,midnight,28.50035,-169.542478
2855,70,2009-07-31T23:19:02Z,noon,28.2658,-171.271645
2855,71,2009-08-01T11:05:30Z,midnight,33.2658,-167.873905
2855,72,2009-08-01T23:10:00Z,noon,36.464403,-168.998905
2855,73,2009-08-02T11:10:30Z,midnight,36.630778,-169.106872
2855,74,2009-08-02T23:09:00Z,noon,36.038375,-168.731872
2855,75,2009-08-03T11:07:00Z,midnight,37.198148,-168.212209
2855,76,2009-08-03T23:10:30Z,noon,38.528819,-169.087209
2855,77,2009-08-04T11:07:30Z,midnight,40.007842,-168.314913
2855,78,2009-08-04T23:05:00Z,noon,39.100144,-167.689913
2855,79,2009-08-05T11:08:30Z,midnight,38.172369,-168.539986
2855,80,2009-08-05T23:08:00Z,noon,37.977738,-168.414986
2855,81,2009-08-06T11:03:00Z,midnight,40.27452,-167.137432
2855,82,2009-08-06T23:03:30Z,noon,40.456316,-167.262432
2855,83,2009-08-07T11:04:30Z,midnight,40.512593,-167.482259
2855,84,2009-08-07T22:51:30Z,noon,35.512593,-164.232259
2855,85,2009-08-08T10:51:00Z,midnight,35.910668,-164.07448
2855,86,2009-08-08T22:59:00Z,noon,39.236279,-166.07448
2855,87,2009-08-09T11:04:30Z,midnight,37.431881,-167.414109
2855,88,2009-08-09T23:04:00Z,noon,37.218375,-167.289109
2855,89,2009-08-10T10:58:00Z,midnight,40.136983,-165.751164
2855,90,2009-08-10T22:58:00Z,noon,40.136983,-165.751164
2855,91,2009-08-11T10:53:30Z,midnight,42.317424,-164.585668
2855,92,2009-08-11T23:04:30Z,noon,46.05057,-167.335668
2855,93,2009-08-12T11:33:30Z,midnight,41.05057,-174.542646
2855,94,2009-08-12T23:24:41.5Z,noon,36.05057,-172.340562
2855,95,2009-08-13T11:08:12Z,midnight,39.191117,-168.172125
2855,96,2009-08-13T23:05:22.5Z,noon,37.948298,-167.465875
2855,97,2009-08-14T10:59:24.5Z,midnight,41.01963,-165.926222
2855,98,2009-08-14T22:59:41.5Z,noon,41.135521,-165.997055
2855,99,2009-08-15T11:04:15Z,midnight,39.728813,-167.08622
2855,100,2009-08-15T23:04:16Z,noon,39.736123,-167.090387
2855,101,2009-08-16T10:58:33.5Z,midnight,42.667065,-165.610493
2855,102,2009-08-16T22:50:16.5Z,noon,39.117851,-163.53966
2855,103,2009-08-17T11:05:19.5Z,midnight,34.117851,-167.246998
2855,104,2009-08-17T23:15:05.5Z,noon,37.134862,-169.688664
2855,105,2009-08-18T11:06:39Z,midnight,41.647315,-167.520779
2855,106,2009-08-18T23:11:06Z,noon,43.512495,-168.633279
2855,107,2009-08-19T11:24:01Z,midnight,38.512495,-171.802718
2855,108,2009-08-19T23:16:43Z,noon,34.34124,-169.977718
2855,109,2009-08-20T11:09:29.5Z,midnight,38.824971,-168.109532
2855,110,2009-08-20T23:16:57.5Z,noon,42.357311,-169.976199
2855,111,2009-08-21T11:23:52.5Z,midnight,39.717031,-171.641276
2855,112,2009-08-21T23:20:51.5Z,noon,38.163924,-170.887109
2855,113,2009-08-22T11:21:57.5Z,midnight,38.206716,-171.095921
2855,114,2009-08-22T23:15:35.5Z,noon,34.545584,-169.504255
2855,115,2009-08-23T11:10:57Z,midnight,37.906375,-168.275613
2855,116,2009-08-23T23:06:07.5Z,noon,35.072331,-167.069363
2855,117,2009-08-24T11:09:45Z,midnight,33.41011,-167.905412
2855,118,2009-08-24T23:15:38.5Z,noon,37.102251,-169.378329
2855,119,2009-08-25T11:16:42Z,midnight,37.156191,-169.570802
2855,120,2009-08-25T23:18:12.5Z,noon,38.054709,-169.947885
2855,121,2009-08-26T11:31:00Z,midnight,33.054709,-173.071849
2855,122,2009-08-26T23:23:36Z,noon,28.054709,-171.221849
2855,123,2009-08-27T11:14:49.5Z,midnight,31.88314,-168.952374
2855,124,2009-08-27T23:09:29.5Z,noon,27.619991,-167.619041
2855,125,2009-08-28T11:04:09.5Z,midnight,32.611561,-166.208285
2855,126,2009-08-28T22:55:41Z,noon,27.611561,-164.089535
2855,127,2009-08-29T10:52:21Z,midnight,29.195929,-163.177155
2855,128,2009-08-29T22:47:03Z,noon,24.333334,-161.852155
2855,129,2009-08-30T10:51:37Z,midnight,20.24786,-162.913231
2855,130,2009-08-30T23:09:25Z,noon,25.24786,-167.363231
2855,131,2009-08-31T11:20:05.5Z,midnight,28.245173,-169.949924
2855,132,2009-08-31T23:30:20.5Z,noon,33.245173,-172.512424
2855,133,2009-09-01T11:26:30Z,midnight,38.245173,-171.468568
2855,134,2009-09-01T23:22:00Z,noon,37.122846,-170.343568
2855,183,2009-10-03T12:05:00Z,midnight,-10.002632,-178.260645
2855,184,2009-10-10T23:20:30Z,noon,-5.002632,-166.655136
2855,185,2009-10-11T11:09:00Z,midnight,-0.002632,-163.7206
2855,186,2009-10-11T23:19:30Z,noon,4.997368,-166.3456
2855,187,2009-10-12T23:11:11.5Z,noon,9.997368,-164.211494
2855,188,2009-10-13T11:12:39.5Z,midnight,14.997368,-164.523725
2855,189,2009-10-13T23:12:13Z,noon,19.997368,-164.413309
2855,190,2009-10-14T23:00:11Z,noon,24.997368,-161.353198
2855,191,2009-10-15T10:59:25Z,midnight,29.997368,-161.112479
2855,192,2009-10-16T11:11:38.5Z,midnight,34.997368,-164.122467
2855,193,2009-10-16T23:18:42Z,noon,39.997368,-165.887051
2855,194,2009-10-17T11:38:13.5Z,midnight,44.997368,-170.724892
2855,195,2009-10-17T23:29:30Z,noon,49.997368,-168.543642
2855,196,2009-10-18T11:20:57.5Z,midnight,54.997368,-166.367728
2855,197,2009-10-18T23:40:35Z,noon,54.524946,-171.273978
2855,198,2009-10-19T11:40:43Z,midnight,52.71369,-171.269784
2855,199,2009-10-19T23:35:20Z,noon,57.44978,-169.923951
2855,200,2009-10-20T11:28:44.5Z,midnight,52.44978,-168.241528
2855,201,2009-10-21T11:59:41Z,midnight,48.452845,-175.945511
2855,202,2009-10-22T00:00:14Z,noon,47.910576,-176.054696
2855,203,2009-10-22T12:00:08Z,midnight,46.268148,-176.029696
2855,204,2009-10-22T23:59:29.5Z,noon,46.894798,-175.869279
2855,205,2009-10-23T11:58:26.5Z,midnight,44.432125,-175.581628
2855,206,2009-10-23T23:57:21Z,noon,45.489759,-175.308711
2855,207,2009-10-24T23:46:34Z,noon,43.681207,-172.59093
2855,208,2009-10-25T11:55:06Z,midnight,48.681207,-174.705556
2855,209,2009-10-25T23:57:47.5Z,noon,47.560368,-175.378473
2855,210,2009-10-26T11:56:02.5Z,midnight,44.872723,-174.92554
2855,211,2009-10-27T12:14:17.5Z,midnight,43.942661,-179.475912
2855,212,2009-10-28T00:12:24Z,noon,45.48492,-178.9942
2855,213,2009-10-28T12:14:27Z,midnight,45.965638,-179.5067
2855,214,2009-10-29T00:16:16.5Z,noon,44.557261,-179.957509
2855,215,2009-10-29T12:19:43Z,midnight,46.099052,179.182074
2855,216,2009-10-30T00:20:23.5Z,noon,45.606084,179.01539
2855,217,2009-10-30T12:11:30.5Z,midnight,40.606084,-178.763777
2855,218,2009-10-31T00:07:24Z,noon,40.93792,-177.738019
2855,219,2009-10-31T12:11:20.5Z,midnight,43.028288,-178.723435
2855,220,2009-11-01T00:00:23.5Z,noon,48.028288,-175.990665
2855,221,2009-11-01T12:00:00Z,midnight,49.081364,-175.892748
2855,222,2009-11-02T00:09:00Z,noon,44.081364,-178.150891
2855,223,2009-11-02T12:19:30Z,midnight,49.050789,179.224109
2855,224,2009-11-03T00:23:30Z,noon,46.665821,178.212548
2855,225,2009-11-03T12:13:30Z,midnight,41.665821,-179.287452
2855,226,2009-11-04T00:09:00Z,noon,42.230773,-178.177434
2855,227,2009-11-04T12:14:00Z,midnight,44.678359,-179.427434
2855,228,2009-11-05T00:09:30Z,noon,47.35559,-178.320833
2855,229,2009-11-05T12:09:30Z,midnight,46.560946,-178.320833
2855,230,2009-11-06T00:05:30Z,noon,48.752317,-177.342646
2855,231,2009-11-06T12:24:00Z,midnight,53.752317,178.032354
2855,232,2009-11-06T23:12:30Z,noon,58.752317,-166.967646
2855,233,2009-11-07T11:34:00Z,midnight,63.752317,-169.492863
2855,234,2009-11-08T00:34:00Z,noon,64.842046,175.507137
2855,235,2009-11-08T12:15:00Z,midnight,59.842046,-179.771471
2855,236,2009-11-09T00:23:30Z,noon,56.78895,178.071547
2855,237,2009-11-09T12:16:30Z,midnight,53.566647,179.821547
2855,238,2009-11-10T00:27:30Z,noon,48.845344,177.036209
2855,239,2009-11-10T12:31:30Z,midnight,50.010657,176.036209
2855,240,2009-11-10T23:37:00Z,noon,55.010657,-170.338791
2855,241,2009-11-11T11:33:00Z,midnight,60.010657,-169.377459
2855,242,2009-11-12T00:14:00Z,noon,55.010657,-179.669431
2855,243,2009-11-12T12:25:00Z,midnight,56.4205,177.580569
2855,244,2009-11-12T23:59:15Z,noon,61.4205,-175.981931
2855,245,2009-11-13T11:42:17.5Z,midnight,58.433447,-171.787593
2855,246,2009-11-13T23:37:17.5Z,noon,59.746978,-170.537593
2855,247,2009-11-14T11:38:11Z,midnight,59.447255,-170.808994
2855,248,2009-11-14T23:53:11Z,noon,55.200763,-174.558994
2855,249,2009-11-15T11:53:11Z,midnight,54.667923,-174.61068
2855,250,2009-11-16T00:23:48.5Z,noon,49.667923,177.678224
2855,251,2009-11-16T12:22:37.5Z,midnight,44.667923,177.974058
2855,252,2009-11-17T00:26:44Z,noon,39.667923,176.889013
2855,253,2009-11-17T12:31:26Z,midnight,40.80564,175.714013
2855,254,2009-11-18T00:31:46.5Z,noon,40.630069,175.567568
2855,255,2009-11-18T12:36:46.5Z,midnight,42.643065,174.317568
2855,256,2009-11-19T00:36:42Z,noon,42.678931,174.272273
2855,257,2009-11-19T12:38:00Z,midnight,42.836761,173.947273
2855,258,2009-11-20T00:38:00Z,noon,42.836761,173.880266
2855,259,2009-11-20T12:44:30Z,midnight,45.294194,172.255266
2855,260,2009-11-21T00:40:01Z,noon,47.142968,173.306188
2855,261,2009-11-21T12:30:53Z,midnight,42.825263,175.589521
2855,262,2009-11-22T00:24:28Z,noon,45.606251,177.120933
2855,263,2009-11-22T12:27:27.5Z,midnight,46.405251,176.373017
2855,264,2009-11-23T00:33:42.5Z,noon,43.814838,174.734982
2855,265,2009-11-23T12:27:54Z,midnight,40.818357,176.187066
2855,266,2009-11-24T00:23:29Z,noon,42.816167,177.212985
2855,267,2009-11-24T12:24:22.5Z,midnight,42.830219,176.990069
2855,268,2009-11-25T00:30:09Z,noon,40.234098,175.465428
2855,269,2009-11-25T12:32:31Z,midnight,40.967159,174.873762
2855,270,2009-11-26T00:20:48.5Z,noon,45.86632,177.717385
2855,271,2009-11-26T12:35:25Z,midnight,50.639193,174.065301
2855,272,2009-11-27T00:50:59.5Z,noon,45.639193,170.085595
2855,273,2009-11-27T12:48:56Z,midnight,43.990726,170.600179
2855,274,2009-11-28T00:03:21.5Z,noon,48.990726,-178.094444
2855,275,2009-11-28T12:11:37.5Z,midnight,53.990726,179.838889
2855,276,2009-11-29T01:08:20Z,noon,48.990726,165.571097
2855,277,2009-11-29T13:06:12.5Z,midnight,43.990726,166.102347
2855,278,2009-11-30T01:04:42.5Z,noon,41.944184,166.384384
2855,279,2009-11-30T13:01:16Z,midnight,40.19613,167.244801
2855,280,2009-12-01T00:39:18.5Z,noon,45.19613,172.639254
2855,281,2009-12-01T13:02:30Z,midnight,50.19613,166.841337
2855,282,2009-12-02T01:19:00Z,noon,50.364203,162.619127
2855,283,2009-12-02T13:03:00Z,midnight,45.364203,166.619127
2855,284,2009-12-03T01:08:00Z,noon,42.833524,165.269927
2855,285,2009-12-03T13:39:00Z,midnight,47.833524,157.519927
2855,286,2009-12-04T01:29:00Z,noon,52.833524,159.918829
2855,287,2009-12-04T13:19:00Z,midnight,52.441838,162.418829
2855,288,2009-12-05T00:49:00Z,noon,57.441838,169.815928
2855,289,2009-12-05T12:44:00Z,midnight,57.907667,171.065928
2855,290,2009-12-06T01:20:00Z,noon,52.907667,161.961319
2855,291,2009-12-06T13:05:00Z,midnight,47.907667,165.711319
2855,292,2009-12-07T01:00:00Z,noon,45.614779,166.855102
2855,293,2009-12-07T13:00:00Z,midnight,45.417995,166.855102
2855,294,2009-12-08T01:03:30Z,noon,44.18045,165.872375
2855,295,2009-12-08T13:18:30Z,midnight,48.942976,162.122375
2855,296,2009-12-09T01:14:00Z,noon,50.25589,163.138239
2855,297,2009-12-09T13:39:00Z,midnight,55.25589,156.888239
2855,298,2009-12-10T01:38:00Z,noon,56.383342,157.027798
2855,299,2009-12-10T13:03:00Z,midnight,51.383342,165.777798
2855,300,2009-12-11T01:09:00Z,noon,46.383342,164.166155
2855,301,2009-12-11T13:05:00Z,midnight,43.706808,165.166155
2855,302,2009-12-12T01:05:00Z,noon,43.706808,165.053416
2855,303,2009-12-12T13:08:00Z,midnight,44.628325,164.303416
2855,304,2009-12-13T01:08:57Z,noon,44.298861,163.952188
2855,305,2009-12-13T13:04:08.5Z,midnight,42.455244,165.154271
2855,306,2009-12-14T01:10:09Z,noon,40.162435,163.537577
2855,307,2009-12-14T13:12:39Z,midnight,41.030746,162.912577
2855,308,2009-12-15T01:08:49.5Z,noon,42.465725,163.753442
2855,309,2009-12-15T13:42:23Z,midnight,47.465725,155.363859
2855,310,2009-12-16T01:33:40Z,noon,52.465725,157.426976
2855,311,2009-12-16T13:13:40Z,midnight,49.472461,162.426976
2855,312,2009-12-17T00:44:30Z,noon,54.472461,169.602038
2855,313,2009-12-17T12:33:44Z,midnight,54.038278,172.293705
2855,314,2009-12-18T00:59:08.5Z,noon,49.038278,165.824572
2855,315,2009-12-18T13:09:54.5Z,midnight,50.375986,163.132905
2855,316,2009-12-19T01:09:30Z,noon,50.485468,163.117606
2855,317,2009-12-19T12:54:30Z,midnight,46.040723,166.867606
2855,318,2009-12-20T01:04:19.5Z,noon,42.704415,164.29375
2855,319,2009-12-20T12:53:54.5Z,midnight,38.701887,166.897917
2855,320,2009-12-20T23:49:05Z,noon,43.701887,-178.102083
2855,321,2009-12-21T11:51:17Z,midnight,48.701887,-177.563551
2855,322,2009-12-22T00:46:29.5Z,noon,43.701887,168.516648
2855,323,2009-12-22T12:37:45.5Z,midnight,39.894555,170.699981
2855,324,2009-12-23T00:22:33Z,noon,44.894555,174.384457
2855,325,2009-12-23T12:23:58.5Z,midnight,45.809076,174.028207
2855,326,2009-12-24T00:33:58.5Z,noon,42.390156,171.410821
2855,327,2009-12-24T12:29:51Z,midnight,40.875902,172.442071
2855,328,2009-12-25T00:24:51Z,noon,42.719936,173.575017
2855,329,2009-12-25T12:29:17Z,midnight,44.296107,172.466683
2855,330,2009-12-26T00:24:01Z,noon,46.035717,173.666738
2855,331,2009-12-26T12:28:05.5Z,midnight,47.348714,172.647988
2855,332,2009-12-27T00:43:39.5Z,noon,42.348714,168.640261
2855,333,2009-12-27T12:40:20.5Z,midnight,40.949035,169.469427
2855,334,2009-12-28T00:35:23.5Z,noon,42.779217,170.591527
2855,335,2009-12-28T12:34:37Z,midnight,42.562206,170.785277
2855,336,2009-12-29T00:34:37Z,noon,42.562206,170.670646
2855,337,2009-12-29T12:42:21Z,midnight,45.321865,168.737313
2855,338,2009-12-30T00:21:56Z,noon,50.321865,173.727723
2855,339,2009-12-30T12:06:38Z,midnight,47.057002,177.552723
2855,340,2009-12-31T00:31:01Z,noon,42.057002,171.344115
2855,341,2009-12-31T12:34:21.5Z,midnight,39.702361,170.508698
2855,342,2010-01-01T00:35:47.5Z,noon,39.126129,170.150365
2855,343,2010-01-01T12:45:00Z,midnight,42.783756,167.848282
2855,344,2010-01-02T00:51:30Z,noon,40.316577,166.111593
2855,345,2010-01-02T12:49:00Z,midnight,39.438553,166.736593
2855,346,2010-01-03T00:34:30Z,noon,44.438553,170.251094
2855,347,2010-01-03T12:33:30Z,midnight,44.649987,170.501094
2855,348,2010-01-04T00:39:30Z,noon,42.490525,168.891887
2855,349,2010-01-04T12:23:00Z,midnight,37.490525,173.016887
2855,350,2010-01-05T00:20:30Z,noon,36.975179,173.534072
2855,351,2010-01-05T12:25:00Z,midnight,39.048691,172.409072
2855,352,2010-01-06T00:22:00Z,noon,40.277975,173.052748
2855,353,2010-01-06T12:17:00Z,midnight,38.372474,174.302748
2855,354,2010-01-07T00:04:00Z,noon,43.372474,177.448013
2855,355,2010-01-07T12:00:00Z,midnight,42.212665,178.448013
2855,356,2010-01-08T00:13:30Z,noon,37.212665,174.969962
2855,357,2010-01-08T12:13:30Z,midnight,36.763892,174.969962
2855,358,2010-01-09T00:12:00Z,noon,37.434552,175.243687
2855,359,2010-01-09T12:11:00Z,midnight,37.188485,175.493687
2855,360,2010-01-10T00:04:30Z,noon,40.008392,177.019281
2855,361,2010-01-10T11:59:30Z,midnight,38.07245,178.269281
2855,362,2010-01-11T00:14:00Z,noon,33.07245,174.546832
2855,363,2010-01-11T12:24:30Z,midnight,36.480041,171.921832
2855,364,2010-01-12T00:22:00Z,noon,37.62743,172.451428
2855,365,2010-01-12T12:20:30Z,midnight,37.179956,172.826428
2855,366,2010-01-13T00:23:35Z,noon,35.731392,171.962319
2855,367,2010-01-13T12:29:38Z,midnight,38.783565,170.449819
2855,368,2010-01-14T00:08:07Z,noon,43.783565,175.737922
2855,369,2010-01-14T12:13:36Z,midnight,48.783565,174.367088
2855,370,2010-01-15T00:35:35.5Z,noon,43.783565,168.780398
2855,371,2010-01-15T12:30:48.5Z,midnight,39.439504,169.976231
2855,372,2010-01-15T23:34:30Z,noon,44.439504,-175.946686
2855,373,2010-01-16T11:33:35.5Z,midnight,49.439504,-175.806009
2855,374,2010-01-17T00:34:03Z,noon,44.439504,169.193991
2855,375,2010-01-17T12:35:05Z,midnight,39.439504,168.73711
2855,376,2010-01-18T00:39:55.5Z,noon,35.81332,167.445242
2855,377,2010-01-18T12:32:35.5Z,midnight,32.262421,169.278575
2855,378,2010-01-19T00:28:07.5Z,noon,34.65096,170.316372
2855,379,2010-01-19T12:33:37Z,midnight,37.766252,168.943456
2855,380,2010-01-20T00:22:47Z,noon,42.766252,171.575567
2855,381,2010-01-20T12:54:30Z,midnight,47.766252,163.6464
2855,382,2010-01-21T00:34:30Z,noon,52.766252,168.572888
2855,383,2010-01-21T12:04:30Z,midnight,51.651099,176.072888
2855,384,2010-01-22T00:44:30Z,noon,46.651099,166.002145
2855,385,2010-01-22T13:03:55Z,midnight,44.418139,161.147979
2855,386,2010-01-23T00:48:55Z,noon,49.418139,164.830062
2855,387,2010-01-23T12:44:30Z,midnight,49.054077,165.934229
2855,388,2010-01-24T00:39:30Z,noon,50.831621,167.119192
2855,389,2010-01-24T12:34:30Z,midnight,49.499431,168.369192
2855,390,2010-01-25T00:48:42.5Z,noon,44.499431,164.755001
2855,391,2010-01-25T12:44:44.5Z,midnight,42.289085,165.746668
2855,392,2010-01-26T00:20:32Z,noon,47.289085,171.73962
2855,393,2010-01-26T12:49:30Z,midnight,52.289085,164.497953
2855,394,2010-01-27T01:10:48.5Z,noon,54.991796,159.114758
2855,395,2010-01-27T12:38:18.5Z,midnight,49.991796,167.239758
2855,396,2010-01-28T00:45:03Z,noon,44.991796,165.501289
2855,397,2010-01-28T12:46:43Z,midnight,40.869093,165.084622
2855,398,2010-01-29T00:48:24.5Z,noon,39.96747,164.611749
2855,399,2010-01-29T12:59:14.5Z,midnight,44.96747,161.903416
2855,400,2010-01-30T00:44:30Z,noon,49.96747,165.542006
2855,401,2010-01-30T12:32:17.5Z,midnight,47.625523,168.594089
2855,402,2010-01-31T00:46:31.5Z,noon,42.625523,164.992087
2855,403,2010-01-31T12:50:45Z,midnight,43.374124,163.935837
2855,404,2010-02-01T00:51:46Z,noon,42.839398,163.641187
2855,405,2010-02-01T12:40:30Z,midnight,37.839398,166.457854
2855,406,2010-02-02T00:35:00Z,noon,40.219445,167.795578
2855,407,2010-02-02T12:49:00Z,midnight,45.219445,164.295578
2855,408,2010-02-03T00:44:00Z,noon,50.219445,165.511529
2855,409,2010-02-03T12:33:30Z,midnight,46.126323,168.136529
2855,410,2010-02-04T00:45:00Z,noon,41.126323,165.230721
2855,411,2010-02-04T12:58:30Z,midnight,46.126323,161.855721
2855,412,2010-02-05T00:49:00Z,noon,51.126323,164.203167
2855,413,2010-02-05T13:41:00Z,midnight,56.126323,151.203167
2855,414,2010-02-06T01:59:30Z,noon,61.126323,146.553875
2855,415,2010-02-06T13:22:00Z,midnight,56.126323,155.928875
2855,416,2010-02-07T01:18:00Z,noon,53.597221,156.907849
2855,417,2010-02-07T13:22:00Z,midnight,55.954151,155.907849
2855,418,2010-02-08T01:40:30Z,noon,50.954151,151.26509
2855,419,2010-02-08T13:33:30Z,midnight,45.954151,153.01509
2855,420,2010-02-09T01:25:30Z,noon,48.743472,155.000597
2855,421,2010-02-09T13:23:30Z,midnight,48.473506,155.500597
2855,422,2010-02-10T01:18:00Z,noon,51.3936,156.864362
2855,423,2010-02-10T13:20:00Z,midnight,53.238435,156.364362
2855,424,2010-02-11T01:15:30Z,noon,55.306172,157.481376
2855,425,2010-02-11T13:04:30Z,midnight,50.793653,160.231376
2855,426,2010-02-12T01:00:00Z,noon,53.153419,161.351626
2855,427,2010-02-12T13:10:00Z,midnight,58.153419,158.851626
2855,428,2010-02-13T00:37:45Z,noon,63.153419,166.912595
2855,429,2010-02-13T12:13:48Z,midnight,62.487495,172.900095
2855,430,2010-02-14T00:13:48Z,noon,62.487495,172.901762
2855,431,2010-02-14T12:02:47Z,midnight,59.362507,175.655929
2855,432,2010-02-15T00:33:41Z,noon,54.362507,167.935771
2855,433,2010-02-17T00:20:48.5Z,noon,49.362507,171.173618
2855,434,2010-02-17T12:21:52.5Z,midnight,44.362507,170.906951
2855,435,2010-02-18T00:18:38Z,noon,44.480124,171.731558
2855,436,2010-02-19T00:07:39.5Z,noon,42.633553,174.492543
2855,437,2010-02-19T12:07:18Z,midnight,43.555603,174.582127
2855,438,2010-02-19T23:49:30Z,noon,48.555603,179.032127
2855,439,2010-02-20T11:31:00Z,midnight,44.219904,-176.322632
2855,440,2010-02-20T23:25:38Z,noon,49.121852,-174.980966
2855,441,2010-02-21T23:02:47Z,noon,50.09594,-169.245263
2855,442,2010-02-23T10:58:55Z,midnight,49.758883,-168.223497
2855,443,2010-02-23T22:49:19.5Z,noon,54.758883,-165.82558
2855,444,2010-02-24T10:38:24.5Z,midnight,50.207291,-163.06462
2855,445,2010-02-26T22:06:26.5Z,noon,55.207291,-155.001157
2855,446,2010-02-27T10:34:30Z,midnight,60.207291,-161.975858
2855,447,2010-02-27T22:23:31Z,noon,65.207291,-159.230024
2855,448,2010-02-28T09:40:43Z,midnight,63.743982,-148.487571
2855,449,2010-02-28T21:01:27Z,noon,68.743982,-138.670904
2855,450,2010-03-01T08:53:30Z,midnight,70,-136.638446
2855,451,2010-03-01T21:23:30Z,noon,67.355013,-144.138446
2855,452,2010-03-02T10:04:00Z,midnight,70,-154.216054
2855,453,2010-03-02T21:49:00Z,noon,70,-150.466054
2855,454,2010-03-03T08:59:00Z,midnight,70,-137.916298
2855,455,2010-03-03T20:49:00Z,noon,70,-135.416298
2855,456,2010-03-04T09:03:30Z,midnight,70,-138.989254
2855,457,2010-03-04T21:28:30Z,noon,70,-145.239254
2855,458,2010-03-05T09:34:00Z,midnight,70,-146.559999
2855,459,2010-03-05T21:48:00Z,noon,70,-150.059999
2855,460,2010-03-06T21:24:00Z,noon,70,-144.00361
2855,461,2010-03-07T09:49:00Z,midnight,70,-150.195169
2855,462,2010-03-07T21:48:00Z,noon,70,-149.945169
2855,463,2010-03-08T09:33:00Z,midnight,70,-146.134759
2855,464,2010-03-08T21:49:00Z,noon,70,-150.134759
2855,465,2010-03-09T09:53:30Z,midnight,70,-151.197465
2855,466,2010-03-09T21:23:30Z,noon,70,-143.697465
2855,467,2010-03-10T09:28:30Z,midnight,70,-144.883372
2855,493,2010-04-02T10:03:30Z,midnight,24.685459,-151.879763
2855,494,2010-04-02T22:03:30Z,noon,21.20903,-151.879763
2855,495,2010-04-03T10:01:00Z,midnight,24.389877,-151.176145
2855,496,2010-04-03T22:06:00Z,noon,29.389877,-152.426145
2855,497,2010-04-04T10:03:00Z,midnight,34.059191,-151.598139
2855,498,2010-04-04T22:06:00Z,noon,37.307796,-152.348139
2855,499,2010-04-05T10:16:30Z,midnight,32.307796,-154.895837
2855,500,2010-04-05T22:18:30Z,noon,27.307796,-155.395837
2855,501,2010-04-06T10:18:00Z,midnight,25.537701,-155.19433
2855,502,2010-04-06T22:23:00Z,noon,30.537701,-156.44433
2855,503,2010-04-07T10:24:00Z,midnight,29.504614,-156.618708
2855,504,2010-04-07T22:22:00Z,noon,27.109833,-156.118708
2855,505,2010-04-08T10:31:00Z,midnight,22.109833,-158.294059
2855,506,2010-04-08T22:33:30Z,noon,17.292986,-158.919059
2855,507,2010-04-09T10:30:00Z,midnight,21.441612,-157.970469
2855,508,2010-04-09T22:34:30Z,noon,26.441612,-159.095469
2855,509,2010-04-10T10:33:00Z,midnight,27.732744,-158.648022
2855,510,2010-04-10T22:43:30Z,noon,32.732744,-161.273022
2855,511,2010-04-11T10:43:00Z,midnight,36.946106,-161.076802
2855,512,2010-04-11T22:41:30Z,noon,35.743909,-160.701802
2855,513,2010-04-12T10:32:30Z,midnight,40.743909,-158.38189
2855,514,2010-04-12T22:34:27Z,noon,42.604146,-158.86939
2855,515,2010-04-13T10:32:42Z,midnight,42.77915,-158.363363
2855,516,2010-04-13T22:18:18.5Z,noon,37.77915,-154.765446
2855,517,2010-04-14T10:30:45.5Z,midnight,32.77915,-157.810882
2855,518,2010-04-14T22:41:57Z,noon,30.663452,-160.608799
2855,519,2010-04-15T10:37:13Z,midnight,33.717728,-159.359938
2855,520,2010-04-15T22:31:18Z,noon,28.851328,-157.880771
2855,521,2010-04-16T10:20:49Z,midnight,33.851328,-155.196019
2855,522,2010-04-16T22:21:26Z,noon,36.657748,-155.350185
2855,523,2010-04-17T10:13:22Z,midnight,40.873532,-153.271278
2855,524,2010-04-17T22:17:40Z,noon,43.198986,-154.346278
2855,525,2010-04-18T10:14:03Z,midnight,44.254584,-153.381615
2855,526,2010-04-18T22:00:03Z,noon,39.254584,-149.881615
2855,527,2010-04-19T10:02:52.5Z,midnight,34.254584,-150.529179
2855,528,2010-04-19T21:55:22.5Z,noon,29.254584,-148.654179
2855,529,2010-04-20T09:54:27Z,midnight,28.42011,-148.366115
2855,530,2010-04-20T20:49:27Z,noon,23.42011,-133.366115
2855,531,2010-04-21T21:55:09Z,noon,28.42011,-148.366115
2855,532,2010-04-22T10:00:22.5Z,midnight,32.478514,-149.739584
2855,533,2010-04-22T22:11:35Z,noon,37.478514,-152.541667
2855,534,2010-04-23T10:12:03.5Z,midnight,38.193331,-152.60956
2855,535,2010-04-23T20:29:08.5Z,noon,33.193331,-137.60956
2855,536,2010-04-24T08:44:05Z,midnight,28.193331,-130.567044
2855,537,2010-04-24T22:39:28Z,noon,33.193331,-145.567044
2855,538,2010-04-25T10:38:44.5Z,midnight,36.016445,-159.185
2855,539,2010-04-25T22:39:00.5Z,noon,36.162076,-159.251667
2855,540,2010-04-26T10:33:26Z,midnight,38.46096,-157.813472
2855,541,2010-04-26T22:07:47Z,noon,33.46096,-151.400972
2855,542,2010-04-27T10:04:23Z,midnight,28.46096,-150.508752
2855,543,2010-04-27T22:19:23Z,noon,33.46096,-154.258752
2855,544,2010-04-28T10:19:14Z,midnight,33.626804,-154.181294
2855,545,2010-04-28T22:14:59.5Z,noon,31.198177,-153.120878
2855,546,2010-04-29T10:14:44Z,midnight,30.835485,-153.018635
2855,547,2010-04-29T22:22:20.5Z,noon,35.033746,-154.920718
2855,548,2010-04-30T10:25:39.5Z,midnight,32.755489,-155.714555
2855,549,2010-04-30T22:29:32.5Z,noon,34.804935,-156.685388
2855,550,2010-05-01T10:43:30Z,midnight,29.804935,-160.142001
2855,551,2010-05-02T09:42:00Z,midnight,24.804935,-145.142001
2855,552,2010-05-02T22:37:00Z,noon,29.804935,-158.486414
2855,553,2010-05-03T10:33:30Z,midnight,34.352789,-157.583233
2855,554,2010-05-03T22:28:00Z,noon,31.54398,-156.208233
2855,555,2010-05-04T10:29:00Z,midnight,30.56108,-156.432478
2855,556,2010-05-04T22:33:00Z,noon,32.647343,-157.432478
2855,557,2010-05-05T10:26:00Z,midnight,35.556588,-155.659163
2855,558,2010-05-05T22:22:00Z,noon,33.683181,-154.659163
2855,559,2010-05-06T10:29:00Z,midnight,29.711795,-156.388302
2855,560,2010-05-06T22:37:30Z,noon,33.960357,-158.513302
2855,561,2010-05-07T10:27:00Z,midnight,38.101757,-155.869902
2855,562,2010-05-07T22:23:00Z,noon,36.442256,-154.869902
2855,563,2010-05-08T10:23:00Z,midnight,36.021419,-154.853969
2855,564,2010-05-08T22:14:00Z,noon,31.938298,-152.603969
2855,565,2010-05-09T10:05:30Z,midnight,35.400293,-150.465506
2855,566,2010-05-09T21:30:00Z,noon,30.400293,-141.590506
2855,567,2010-05-10T09:29:30Z,midnight,25.400293,-141.454511
2855,568,2010-05-10T22:15:00Z,noon,30.400293,-152.829511
2855,569,2010-05-11T10:09:30Z,midnight,35.400293,-151.445979
2855,570,2010-05-11T22:05:30Z,noon,39.331274,-150.445979
2855,571,2010-05-12T09:45:30Z,midnight,44.331274,-145.439903
2855,572,2010-05-12T21:35:05Z,noon,42.200916,-142.835737
2855,573,2010-05-13T09:19:52Z,midnight,46.224322,-139.027938
2855,574,2010-05-13T21:20:39Z,noon,46.428132,-139.223772
2855,575,2010-05-14T09:12:19.5Z,midnight,48.12223,-137.14132
2855,576,2010-05-14T21:17:05.5Z,noon,49.203938,-138.332987
2855,577,2010-05-15T08:57:59Z,midnight,52.634507,-133.557113
2855,578,2010-05-15T20:46:51Z,noon,50.543847,-130.77378
2855,579,2010-05-16T08:46:27.5Z,midnight,50.297171,-130.679464
2855,580,2010-05-16T20:42:02.5Z,noon,49.388814,-129.575298
2855,581,2010-05-17T08:57:12.5Z,midnight,45.545101,-133.372932
2855,582,2010-05-17T20:47:12.5Z,noon,42.835643,-130.872932
2855,583,2010-05-18T08:47:50Z,midnight,42.335949,-131.037488
2855,584,2010-05-18T20:50:43Z,noon,43.158631,-131.758321
2855,585,2010-05-19T08:58:13Z,midnight,40.647192,-133.643936
2855,586,2010-05-19T20:49:30Z,noon,37.818422,-131.464769
2855,587,2010-05-20T08:50:27.5Z,midnight,37.19264,-131.717241
2855,588,2010-05-20T20:25:27.5Z,noon,32.19264,-125.467241
2855,589,2010-05-21T08:43:20Z,midnight,27.19264,-129.951117
2855,590,2010-05-21T21:00:32Z,noon,26.534519,-134.251117
2855,591,2010-05-22T09:10:23Z,midnight,21.534519,-136.730941
2855,592,2010-05-22T21:26:52Z,noon,26.534519,-140.851775
2855,593,2010-05-23T09:32:26.5Z,midnight,26.547353,-142.265004
2855,594,2010-05-23T21:27:06.5Z,noon,24.034128,-140.93167
2855,595,2010-05-24T09:12:01Z,midnight,29.034128,-137.180341
2855,596,2010-05-24T21:25:36.5Z,noon,34.034128,-140.578258
2855,597,2010-05-25T09:14:43.5Z,midnight,38.982768,-137.881073
2855,598,2010-05-25T21:12:59.5Z,noon,38.44609,-137.44774
2855,599,2010-05-26T09:09:40Z,midnight,39.22498,-136.642147
2855,600,2010-05-26T21:09:52Z,noon,39.285045,-136.692147
2855,601,2010-05-27T09:12:57.5Z,midnight,38.109968,-137.492676
2855,602,2010-05-27T21:13:31.5Z,noon,38.285406,-137.634343
2855,603,2010-05-28T09:14:29.5Z,midnight,37.763982,-137.90552
2855,604,2010-05-28T21:13:27Z,noon,37.437322,-137.645103
2855,605,2010-05-29T09:18:07Z,midnight,35.715203,-138.84312
2855,606,2010-05-29T21:27:06.5Z,noon,38.555338,-141.091036
2855,607,2010-05-30T09:17:39.5Z,midnight,41.037254,-138.761663
2855,608,2010-05-30T21:20:40.5Z,noon,41.835754,-139.51583
2855,609,2010-05-31T09:24:43.5Z,midnight,40.561326,-140.56317
2855,610,2010-05-31T21:25:32Z,noon,40.780473,-140.765253
2855,611,2010-06-01T09:23:00Z,midnight,41.26725,-140.168406
2855,612,2010-06-01T21:30:00Z,noon,43.032761,-141.918406
2855,613,2010-06-02T09:31:30Z,midnight,42.487738,-142.331471
2855,614,2010-06-02T21:23:30Z,noon,40.424256,-140.331471
2855,615,2010-06-03T09:31:00Z,midnight,38.146851,-142.246042
2855,616,2010-06-03T21:32:00Z,noon,38.438213,-142.496042
2855,617,2010-06-04T09:28:30Z,midnight,39.272895,-141.662047
2855,618,2010-06-04T21:27:00Z,noon,38.85159,-141.287047
2855,619,2010-06-05T09:37:30Z,midnight,35.55038,-143.954412
2855,620,2010-06-05T21:46:30Z,noon,38.272638,-146.204412
2855,621,2010-06-06T09:56:00Z,midnight,35.251808,-148.623059
2855,622,2010-06-06T22:06:30Z,noon,38.416917,-151.248059
2855,623,2010-06-07T10:14:30Z,midnight,35.907247,-153.29291
2855,624,2010-06-07T22:16:00Z,noon,36.36874,-153.66791
2855,625,2010-06-08T10:21:30Z,midnight,34.517813,-155.088885
2855,626,2010-06-08T22:28:00Z,noon,36.548951,-156.713885
2855,627,2010-06-09T10:43:00Z,midnight,31.548951,-160.510903
2855,628,2010-06-09T22:51:00Z,noon,34.242873,-162.510903
2855,629,2010-06-10T10:42:30Z,midnight,36.776526,-160.433879
2855,630,2010-06-10T22:51:00Z,noon,39.183707,-162.558879
2855,631,2010-06-11T10:47:30Z,midnight,40.013332,-161.732729
2855,632,2010-06-11T22:46:30Z,noon,39.751661,-161.482729
2855,633,2010-06-12T11:07:30Z,midnight,34.751661,-166.782369
2855,634,2010-06-12T23:08:15Z,noon,33.711686,-166.969869
2855,635,2010-06-13T10:50:12Z,midnight,38.711686,-162.50771
2855,636,2010-06-13T22:50:25.5Z,noon,39.054832,-162.56396
2855,637,2010-06-14T10:51:55Z,midnight,38.578153,-162.987831
2855,638,2010-06-14T23:05:59.5Z,noon,42.142971,-166.506581
2855,639,2010-06-15T11:12:39.5Z,midnight,40.457017,-168.224728
2855,640,2010-06-15T22:59:40Z,noon,36.944437,-164.976812
2855,641,2010-06-16T10:54:49.5Z,midnight,38.255332,-163.818311
2855,642,2010-06-16T22:54:39Z,noon,38.207183,-163.774561
2855,643,2010-06-17T10:59:43.5Z,midnight,36.724222,-165.095572
2855,644,2010-06-17T22:50:05.5Z,noon,33.776708,-162.687239
2855,645,2010-06-18T10:45:38.5Z,midnight,35.13782,-161.627255
2855,646,2010-06-18T23:05:27Z,noon,40.13782,-166.579338
2855,647,2010-06-19T11:09:18.5Z,midnight,39.612272,-167.596601
2855,648,2010-06-19T23:19:30Z,noon,42.114382,-170.144518
2855,649,2010-06-20T11:21:57.5Z,midnight,41.513984,-170.811852
2855,650,2010-06-20T23:13:16Z,noon,39.341238,-168.638935
2855,651,2010-06-21T11:11:50.5Z,midnight,39.698472,-168.335417
2855,652,2010-06-21T23:08:46.5Z,noon,38.894866,-167.56875
2855,653,2010-06-22T11:07:02Z,midnight,39.350133,-167.185953
2855,654,2010-06-22T22:27:35.5Z,noon,34.350133,-157.325536
2855,655,2010-06-23T10:30:09Z,midnight,29.350133,-158.017536
2855,656,2010-06-23T23:10:12Z,noon,34.350133,-168.030036
2855,657,2010-06-24T11:13:08Z,midnight,38.056453,-168.81549
2855,658,2010-06-24T23:08:45.5Z,noon,36.823089,-167.72174
2855,659,2010-06-25T11:14:53.5Z,midnight,35.015771,-169.306807
2855,660,2010-06-25T23:03:55Z,noon,31.435883,-166.563057
2855,661,2010-06-26T11:00:20Z,midnight,32.678368,-165.718481
2855,662,2010-06-26T22:35:30Z,noon,27.678368,-159.510147
2855,663,2010-06-27T10:39:01.5Z,midnight,22.678368,-160.442086
2855,664,2010-06-27T22:56:21.5Z,noon,27.678368,-164.775419
2855,665,2010-06-28T10:51:55Z,midnight,30.491385,-163.715034
2855,666,2010-06-28T22:29:25Z,noon,25.491385,-158.090034
2855,667,2010-06-29T10:33:21.5Z,midnight,20.491385,-159.124734
2855,668,2010-06-29T23:03:21.5Z,noon,25.491385,-166.624734
2855,669,2010-06-30T10:57:00Z,midnight,30.491385,-165.083599
2855,670,2010-06-30T23:12:15Z,noon,35.491385,-168.896099
2855,671,2010-07-01T11:19:00Z,midnight,36.654844,-170.631125
2855,672,2010-07-01T23:22:00Z,noon,37.523789,-171.381125
2855,673,2010-07-02T11:22:30Z,midnight,37.461438,-171.552642
2855,674,2010-07-02T23:24:00Z,noon,37.888,-171.927642
2855,675,2010-07-03T11:28:00Z,midnight,36.823773,-172.973065
2855,676,2010-07-03T23:29:00Z,noon,37.116821,-173.223065
2855,677,2010-07-04T11:33:30Z,midnight,35.869613,-174.39231
2855,678,2010-07-04T23:04:30Z,noon,30.869613,-167.14231
2855,679,2010-07-05T10:57:00Z,midnight,28.57532,-165.310296
2855,680,2010-07-05T23:21:00Z,noon,33.57532,-171.310296
2855,681,2010-07-06T11:15:30Z,midnight,38.437662,-169.976941
2855,682,2010-07-06T23:16:00Z,noon,38.577819,-170.101941
2855,683,2010-07-07T11:27:00Z,midnight,35.433221,-172.892165
2855,684,2010-07-07T23:31:30Z,noon,36.817782,-174.017165
2855,685,2010-07-08T11:28:00Z,midnight,37.980943,-173.180892
2855,686,2010-07-08T23:28:30Z,noon,38.125122,-173.305892
2855,687,2010-07-09T11:25:00Z,midnight,39.254103,-172.468046
2855,688,2010-07-09T23:24:30Z,noon,39.115281,-172.343046
2855,689,2010-07-10T11:25:00Z,midnight,39.125779,-172.503553
2855,690,2010-07-10T23:22:30Z,noon,38.415766,-171.878553
2855,691,2010-07-11T11:34:30Z,midnight,34.876499,-174.912342
2855,692,2010-07-11T23:38:00Z,noon,36.006114,-175.787342
2855,693,2010-07-12T11:29:30Z,midnight,38.741574,-173.694343
2855,694,2010-07-12T23:29:27.5Z,noon,38.729558,-173.683926
2855,695,2010-07-13T11:37:02.5Z,midnight,36.621366,-175.609904
2855,696,2010-07-13T23:34:01Z,noon,35.654705,-174.853654
2855,697,2010-07-14T11:37:52.5Z,midnight,34.553661,-175.846462
2855,698,2010-07-14T23:40:30Z,noon,35.432553,-176.502712
2855,699,2010-07-15T11:35:13.5Z,midnight,37.314889,-175.210203
2855,700,2010-07-15T23:35:37.5Z,noon,37.439125,-175.310203
2855,701,2010-07-16T11:37:49.5Z,midnight,36.949644,-175.8844
2855,702,2010-07-16T23:41:07Z,noon,37.977238,-176.707317
2855,703,2010-07-17T11:39:52Z,midnight,38.568807,-176.416913
2855,704,2010-07-17T23:20:04.5Z,noon,33.568807,-171.468996
2855,705,2010-07-18T11:19:14.5Z,midnight,32.380247,-171.280603
2855,706,2010-07-18T23:35:58.5Z,noon,37.380247,-175.463936
2855,707,2010-07-19T11:41:20.5Z,midnight,36.616008,-176.823334
2855,708,2010-07-19T23:44:31Z,noon,37.646806,-177.617084
2855,709,2010-07-20T11:43:42.5Z,midnight,38.14116,-177.430473
2855,710,2010-07-20T23:45:05.5Z,noon,38.574848,-177.776307
2855,711,2010-07-21T11:45:38.5Z,midnight,38.650818,-177.926975
2855,712,2010-07-21T23:38:25.5Z,noon,36.290901,-176.122808
2855,713,2010-07-22T11:38:37Z,midnight,36.479406,-176.181543
2855,714,2010-07-22T23:34:27Z,noon,35.016823,-175.139877
2855,715,2010-07-23T11:36:14Z,midnight,34.627979,-175.594139
2855,716,2010-07-23T23:46:34.5Z,noon,38.210254,-178.179556
2855,717,2010-07-24T11:51:22.5Z,midnight,36.875594,-179.385557
2855,718,2010-07-24T23:52:03Z,noon,37.107658,-179.554307
2855,719,2010-07-25T11:54:52Z,midnight,36.408226,179.737988
2855,720,2010-07-25T23:58:56.5Z,noon,37.819057,178.719238
2855,721,2010-07-26T11:59:32.5Z,midnight,37.909129,178.568194
2855,722,2010-07-26T23:56:16.5Z,noon,36.773739,179.38486
2855,723,2010-07-27T12:00:07.5Z,midnight,35.674765,178.423839
2855,724,2010-07-27T23:18:11Z,noon,30.674765,-171.090744
2855,725,2010-07-28T11:20:20Z,midnight,25.674765,-171.624218
2855,726,2010-07-28T23:50:20Z,noon,30.232952,-179.124218
2855,727,2010-07-29T11:59:45.5Z,midnight,26.074562,178.526129
2855,728,2010-07-29T23:56:15.5Z,noon,24.28617,179.401129
2855,729,2010-07-30T11:46:00Z,midnight,29.28617,-178.025102
2855,730,2010-07-30T23:49:30Z,noon,31.218438,-178.900102
2855,731,2010-07-31T11:44:22.5Z,midnight,33.753459,-177.607062
2855,732,2010-07-31T23:49:07.5Z,noon,35.675967,-178.794562
2855,733,2010-08-01T11:52:00Z,midnight,34.872594,-179.498905
2855,734,2010-08-01T23:08:00Z,noon,29.872594,-168.498905
2855,735,2010-08-02T11:05:00Z,midnight,24.872594,-167.731872
2855,736,2010-08-02T23:49:30Z,noon,29.872594,-178.856872
2855,737,2010-08-03T11:49:00Z,midnight,34.872594,-178.712209
2855,738,2010-08-03T23:52:30Z,noon,38.528819,-179.587209
2855,739,2010-08-04T11:49:30Z,midnight,40.007842,-178.814913
2855,740,2010-08-04T23:42:00Z,noon,37.189536,-176.939913
2855,741,2010-08-05T11:42:00Z,midnight,37.584422,-176.914986
2855,742,2010-08-05T23:46:00Z,noon,39.125628,-177.914986
2855,743,2010-08-06T11:51:00Z,midnight,37.591698,-179.137432
2855,744,2010-08-06T23:51:00Z,noon,37.591698,-179.137432
2855,745,2010-08-07T11:51:00Z,midnight,38.009882,-179.107259
2855,746,2010-08-07T23:55:30Z,noon,39.766898,179.767741
2855,747,2010-08-08T12:01:30Z,midnight,37.828336,178.30052
2855,748,2010-08-08T23:57:30Z,noon,36.129932,179.30052
2855,749,2010-08-09T12:03:30Z,midnight,33.821068,177.835891
2855,750,2010-08-10T00:02:30Z,noon,33.339298,178.123836
2855,751,2010-08-10T11:58:30Z,midnight,35.672829,179.123836
2855,752,2010-08-10T23:54:00Z,noon,33.535848,-179.751164
2855,753,2010-08-11T11:48:00Z,midnight,36.817565,-178.210668
2855,754,2010-08-11T23:23:00Z,noon,31.817565,-171.960668
2855,755,2010-08-12T11:23:30Z,midnight,26.817565,-172.042646
2855,756,2010-08-12T23:49:13.5Z,noon,31.817565,-178.473896
2855,757,2010-08-13T11:50:03.5Z,midnight,36.817565,-178.636708
2855,758,2010-08-13T23:48:43.5Z,noon,36.89517,-178.303375
2855,759,2010-08-14T11:45:54Z,midnight,38.690271,-177.549138
2855,760,2010-08-14T23:41:28Z,noon,36.638155,-176.440805
2855,761,2010-08-15T11:48:48Z,midnight,33.412147,-178.22372
2855,762,2010-08-15T23:54:25.5Z,noon,36.323028,-179.62997
2855,763,2010-08-16T11:44:41.5Z,midnight,41.310258,-177.143826
2855,764,2010-08-16T23:36:03.5Z,noon,37.394147,-174.985493
2855,765,2010-08-17T11:36:00Z,midnight,37.970929,-174.915748
2855,766,2010-08-17T23:30:18Z,noon,35.055776,-173.490748
2855,767,2010-08-18T11:30:28.5Z,midnight,35.518103,-173.477029
2855,768,2010-08-18T23:34:14Z,noon,37.483568,-174.416612
2855,769,2010-08-19T11:33:37Z,midnight,38.37431,-174.202718
2855,770,2010-08-19T23:30:51.5Z,noon,36.956053,-173.513135
2855,771,2010-08-20T11:31:44Z,midnight,37.085061,-173.669949
2855,772,2010-08-20T23:34:38.5Z,noon,38.605189,-174.397032
2855,773,2010-08-21T11:38:46Z,midnight,37.035427,-175.364192
2855,774,2010-08-21T23:37:13Z,noon,36.170654,-174.976692
2855,775,2010-08-22T11:39:28Z,midnight,35.492802,-175.473005
2855,776,2010-08-22T23:36:44.5Z,noon,33.835821,-174.791755
2855,777,2010-08-23T11:30:19.5Z,midnight,38.25448,-173.119363
2855,778,2010-08-23T23:33:55.5Z,noon,40.180225,-174.019363
2855,779,2010-08-24T11:42:01.5Z,midnight,36.314416,-175.974162
2855,780,2010-08-24T23:38:16Z,noon,33.94824,-175.034579
2855,781,2010-08-25T11:33:58.5Z,midnight,37.322049,-173.889552
2855,782,2010-08-25T23:33:24.5Z,noon,36.979218,-173.747885
2855,783,2010-08-26T11:30:44.5Z,midnight,39.269557,-173.007266
2855,784,2010-08-26T23:26:28Z,noon,36.689157,-171.938516
2855,785,2010-08-27T11:26:05Z,midnight,37.659774,-171.766958
2855,786,2010-08-27T23:26:27Z,noon,37.888985,-171.858624
2855,787,2010-08-28T11:28:09Z,midnight,37.563243,-172.206201
2855,788,2010-08-28T23:26:39Z,noon,36.57547,-171.831201
2855,789,2010-08-29T11:29:10.5Z,midnight,35.605655,-172.383405
2855,790,2010-08-29T23:14:10.5Z,noon,30.605655,-168.633405
2855,791,2010-08-30T11:18:26.5Z,midnight,25.605655,-169.619481
2855,792,2010-08-30T23:32:48Z,noon,30.605655,-173.209064
2855,793,2010-08-31T11:30:25Z,midnight,35.365329,-172.531174
2855,794,2010-08-31T23:26:18.5Z,noon,32.066822,-171.504091
2855,795,2010-09-01T11:28:00Z,midnight,31.429157,-171.843568
2855,796,2010-09-01T23:32:00Z,noon,34.808006,-172.843568
2855,797,2010-09-02T11:32:30Z,midnight,35.283484,-172.88383
2855,798,2010-09-02T23:26:30Z,noon,30.283484,-171.38383
2855,799,2010-09-03T11:31:30Z,midnight,25.636034,-172.54788
2855,800,2010-09-03T23:31:30Z,noon,25.636034,-172.54788
2855,801,2010-09-04T11:32:00Z,midnight,25.921488,-172.585807
2855,802,2010-09-04T18:08:30Z,noon,20.921488,-157.585807
2855,803,2010-09-04T22:24:00Z,midnight,25.921488,-172.585807
2855,804,2010-09-05T03:29:00Z,noon,20.921488,172.414193
2855,805,2010-09-05T23:39:00Z,noon,15.921488,-174.247699
2855,806,2010-09-06T11:18:30Z,midnight,20.921488,-169.03365
2855,807,2010-09-06T23:29:00Z,noon,25.921488,-171.65865
2855,808,2010-09-07T11:29:00Z,midnight,30.921488,-171.568752
2855,809,2010-09-07T23:10:00Z,noon,25.921488,-166.818752
2855,810,2010-09-08T11:00:30Z,midnight,26.646605,-164.3531
2855,811,2010-09-08T23:12:30Z,noon,31.646605,-167.3531
2855,812,2010-09-09T11:17:30Z,midnight,36.061373,-168.51179
2855,813,2010-09-09T23:19:30Z,noon,38.07023,-169.01179
2855,814,2010-09-10T11:23:00Z,midnight,35.670376,-169.79492
2855,815,2010-09-10T23:19:00Z,noon,30.88769,-168.79492
2855,816,2010-09-11T11:27:00Z,midnight,25.88769,-170.702588
2855,817,2010-09-11T23:28:30Z,noon,22.299175,-171.077588
2855,818,2010-09-12T11:25:30Z,midnight,27.299175,-170.234894
2855,819,2010-09-12T23:19:45Z,noon,22.299175,-168.797394
2855,848,2010-10-07T10:30:00Z,midnight,27.299175,-154.223062
2855,849,2010-10-10T10:27:30Z,midnight,32.299175,-153.405136
2855,850,2010-10-10T22:22:00Z,noon,37.299175,-152.030136
2855,851,2010-10-11T10:21:30Z,midnight,42.299175,-151.8456
2855,852,2010-10-13T22:05:51.5Z,noon,47.299175,-147.823725
2855,853,2010-10-14T10:40:24Z,midnight,52.299175,-156.407364
2855,854,2010-10-14T22:45:20Z,noon,57.299175,-157.640698
2855,855,2010-10-15T10:14:45Z,midnight,62.299175,-149.945812
2855,856,2010-10-15T22:15:25Z,noon,63.793216,-150.112479
2855,857,2010-10-16T10:12:56.5Z,midnight,59.160433,-149.447467
2855,858,2010-10-16T22:07:56.5Z,noon,63.40045,-148.197467
2855,859,2010-10-17T10:09:30Z,midnight,62.386775,-148.543642
2855,860,2010-10-17T22:13:12.5Z,noon,59.460573,-149.470725
2855,861,2010-10-18T10:09:21Z,midnight,54.460573,-148.465645
2855,862,2010-10-18T22:05:16.5Z,noon,57.573214,-147.446895
2855,863,2010-10-19T10:01:20Z,midnight,52.573214,-146.423951
2855,864,2010-10-19T22:00:54Z,noon,52.422562,-146.315617
2855,865,2010-10-20T10:05:07Z,midnight,54.450812,-147.335278
2855,866,2010-10-20T22:05:15Z,noon,54.337759,-147.368611
2855,867,2010-10-21T10:00:41Z,midnight,49.337759,-146.195511
2855,868,2010-10-21T21:54:21Z,noon,54.118094,-144.612177
2855,869,2010-10-22T10:03:38.5Z,midnight,59.063201,-146.906779
2855,870,2010-10-22T22:04:08.5Z,noon,58.75792,-147.031779
2855,871,2010-10-23T10:09:22.5Z,midnight,60.334458,-148.314961
2855,872,2010-10-23T22:16:52.5Z,noon,55.851245,-150.189961
2855,873,2010-10-24T10:12:47.5Z,midnight,51.561861,-149.14718
2855,874,2010-10-24T22:08:34.5Z,noon,54.552884,-148.093013
2855,875,2010-10-25T10:03:22Z,midnight,49.552884,-146.772223
2855,876,2010-10-25T21:54:27.5Z,noon,54.552884,-144.545139
2855,877,2010-10-26T10:02:22.5Z,midnight,58.729498,-146.508873
2855,878,2010-10-26T22:15:12Z,noon,53.729498,-149.715123
2855,879,2010-10-27T10:17:09Z,midnight,51.286654,-150.190496
2855,880,2010-10-27T22:20:09.5Z,noon,49.224157,-150.942579
2855,881,2010-10-28T10:14:55.5Z,midnight,44.224157,-149.62545
2855,882,2010-10-28T22:05:28.5Z,noon,49.224157,-147.26295
2855,883,2010-10-29T10:12:11Z,midnight,53.84656,-148.934592
2855,884,2010-10-29T22:26:35.5Z,noon,48.84656,-152.536676
2855,885,2010-10-30T10:35:10Z,midnight,49.384441,-154.67836
2855,886,2010-10-30T22:36:30Z,noon,48.534656,-155.011693
2855,887,2010-10-31T10:35:10Z,midnight,46.681175,-154.679685
2855,888,2010-10-31T22:34:25Z,noon,47.174344,-154.492185
2855,889,2010-11-01T10:30:00Z,midnight,43.241978,-153.392748
2855,890,2010-11-01T22:29:30Z,noon,43.594322,-153.267748
2855,891,2010-11-02T10:30:00Z,midnight,43.066139,-153.400891
2855,892,2010-11-02T22:35:00Z,noon,39.459882,-154.650891
2855,893,2010-11-03T10:44:30Z,midnight,44.459882,-157.037452
2855,894,2010-11-03T22:48:00Z,noon,42.908192,-157.912452
2855,895,2010-11-04T10:54:00Z,midnight,45.895977,-159.427434
2855,896,2010-11-04T22:52:00Z,noon,47.069135,-158.927434
2855,897,2010-11-05T10:55:30Z,midnight,48.219728,-159.820833
2855,898,2010-11-05T22:54:00Z,noon,49.014907,-159.445833
2855,899,2010-11-06T10:55:00Z,midnight,48.764768,-159.717646
2855,900,2010-11-06T23:01:30Z,noon,45.228105,-161.342646
2855,901,2010-11-07T11:10:30Z,midnight,49.278398,-163.617863
2855,902,2010-11-07T23:14:00Z,noon,47.510533,-164.492863
2855,903,2010-11-08T11:14:30Z,midnight,47.061691,-164.646471
2855,904,2010-11-08T23:15:00Z,noon,46.802874,-164.771471
2855,905,2010-11-09T11:15:00Z,midnight,46.123385,-164.803453
2855,906,2010-11-09T22:29:30Z,noon,51.123385,-153.428453
2855,907,2010-11-10T10:34:30Z,midnight,56.123385,-154.713791
2855,908,2010-11-10T23:10:00Z,noon,52.321758,-163.588791
2855,909,2010-11-11T11:05:00Z,midnight,49.596212,-162.377459
2855,910,2010-11-11T23:05:30Z,noon,49.376864,-162.502459
2855,911,2010-11-12T11:29:00Z,midnight,54.376864,-168.419431
2855,912,2010-11-12T23:47:33Z,noon,50.860109,-173.056931
2855,913,2010-11-13T11:47:05.5Z,midnight,50.085993,-172.987593
2855,914,2010-11-13T23:47:17.5Z,noon,50.003982,-173.037593
2855,915,2010-11-14T12:14:30Z,midnight,55.003982,-179.888161
2855,916,2010-11-14T23:09:30Z,noon,60.003982,-164.888161
2855,917,2010-11-15T10:55:48.5Z,midnight,65.003982,-160.26693
2855,918,2010-11-15T23:56:56.5Z,noon,60.003982,-175.26693
2855,919,2010-11-16T11:50:19.5Z,midnight,55.003982,-173.950942
2855,920,2010-11-17T00:13:36.5Z,noon,50.003982,-179.829737
2855,921,2010-11-17T12:14:51.5Z,midnight,45.003982,179.857763
2855,922,2010-11-18T00:12:56.5Z,noon,43.744359,-179.724099
2855,923,2010-11-18T12:17:00Z,midnight,45.11909,179.261318
2855,924,2010-11-19T00:09:00Z,noon,48.464444,-178.802727
2855,925,2010-11-19T12:05:18.5Z,midnight,46.5027,-177.87981
2855,926,2010-11-20T00:16:58.5Z,noon,41.5027,179.136516
2855,927,2010-11-20T12:15:40Z,midnight,40.154123,179.463599
2855,928,2010-11-21T00:09:55Z,noon,42.898796,-179.168812
2855,929,2010-11-21T12:11:51.5Z,midnight,43.353028,-179.654229
2855,930,2010-11-22T00:16:36.5Z,noon,41.167264,179.085517
2855,931,2010-11-22T12:18:50Z,midnight,41.804762,178.529267
2855,932,2010-11-23T00:19:22Z,noon,41.558895,178.320399
2855,933,2010-11-23T12:25:12Z,midnight,43.761683,176.862066
2855,934,2010-11-24T00:24:32Z,noon,44.044933,176.950485
2855,935,2010-11-24T12:42:35Z,midnight,49.044933,172.437985
2855,936,2010-11-25T00:46:57Z,noon,48.937869,171.265428
2855,937,2010-11-25T12:48:54Z,midnight,49.243534,170.777928
2855,938,2010-11-26T00:54:48Z,noon,47.148926,169.219468
2855,939,2010-11-26T12:56:51.5Z,midnight,47.546716,168.704885
2855,940,2010-11-27T00:48:07Z,noon,50.50673,170.804345
2855,941,2010-11-27T12:57:46Z,midnight,53.055353,168.391845
2855,942,2010-11-28T01:05:54.5Z,noon,50.646336,166.268056
2855,943,2010-11-28T12:43:59Z,midnight,45.646336,171.749306
2855,944,2010-11-29T00:42:47Z,noon,42.861962,171.958597
2855,945,2010-11-29T12:44:56.5Z,midnight,43.433871,171.419013
2855,946,2010-11-30T00:48:03.5Z,noon,42.166102,170.546884
2855,947,2010-11-30T12:51:07Z,midnight,43.122649,169.782301
2855,948,2010-12-01T00:49:15Z,noon,43.857613,170.153837
2855,949,2010-12-01T12:53:30Z,midnight,45.190353,169.091337
2855,950,2010-12-02T00:50:00Z,noon,46.450796,169.869127
2855,951,2010-12-02T12:46:00Z,midnight,44.742746,170.869127
2855,952,2010-12-03T00:51:00Z,noon,42.833524,169.519927
2855,953,2010-12-03T12:55:30Z,midnight,44.308424,168.394927
2855,954,2010-12-04T00:49:30Z,noon,46.458306,169.793829
2855,955,2010-12-04T12:50:30Z,midnight,46.563733,169.543829
2855,956,2010-12-05T00:55:00Z,noon,44.987845,168.315928
2855,957,2010-12-05T12:53:30Z,midnight,44.220772,168.690928
2855,958,2010-12-06T00:52:30Z,noon,44.584949,168.836319
2855,959,2010-12-06T13:02:00Z,midnight,47.617462,166.461319
2855,960,2010-12-07T01:05:00Z,noon,46.634812,165.605102
2855,961,2010-12-07T13:05:30Z,midnight,46.60362,165.480102
2855,962,2010-12-08T01:08:30Z,noon,45.590513,164.622375
2855,963,2010-12-08T13:08:30Z,midnight,45.406713,164.622375
2855,964,2010-12-09T01:04:00Z,noon,46.911654,165.638239
2855,965,2010-12-09T13:19:30Z,midnight,51.325841,161.763239
2855,966,2010-12-10T01:16:00Z,noon,52.244353,162.527798
2855,967,2010-12-10T13:26:00Z,midnight,54.502633,160.027798
2855,968,2010-12-11T01:25:00Z,noon,54.72813,160.166155
2855,969,2010-12-11T13:10:30Z,midnight,51.021945,163.791155
2855,970,2010-12-12T01:20:00Z,noon,48.315141,161.303416
2855,971,2010-12-12T13:19:30Z,midnight,48.030071,161.428416
2855,972,2010-12-13T01:19:57Z,noon,47.892985,161.202188
2855,973,2010-12-13T14:00:12Z,midnight,52.892985,151.139688
2855,974,2010-12-14T01:14:30Z,noon,57.892985,162.450077
2855,975,2010-12-14T12:50:12Z,midnight,60.90212,168.525077
2855,976,2010-12-15T01:30:12Z,noon,55.90212,158.409692
2855,977,2010-12-15T13:24:17Z,midnight,51.940207,159.888859
2855,978,2010-12-16T01:19:59Z,noon,52.996073,160.847809
2855,979,2010-12-16T13:19:22Z,midnight,52.765527,161.001976
2855,980,2010-12-17T01:08:40Z,noon,55.183898,163.560371
2855,981,2010-12-17T12:56:21Z,midnight,52.301431,166.639538
2855,982,2010-12-18T01:05:56.5Z,noon,49.798687,164.124572
2855,983,2010-12-18T13:15:13.5Z,midnight,52.167149,161.803739
2855,984,2010-12-19T01:23:41Z,noon,49.966865,159.571773
2855,985,2010-12-19T13:07:33Z,midnight,45.045774,163.605106
2855,986,2010-12-20T00:56:26.5Z,noon,48.502061,166.264583
2855,987,2010-12-20T13:04:29.5Z,midnight,50.699408,164.252083
2855,988,2010-12-21T00:57:40.5Z,noon,52.426066,165.838532
2855,989,2010-12-21T13:04:30Z,midnight,53.996004,164.132282
2855,990,2010-12-22T01:19:40.5Z,noon,50.269041,160.220814
2855,991,2010-12-22T13:26:38Z,midnight,52.053761,158.481231
2855,992,2010-12-23T01:28:50Z,noon,51.502731,157.813623
2855,993,2010-12-23T13:25:30Z,midnight,50.641913,158.646957
2855,994,2010-12-24T01:24:56.5Z,noon,50.78898,158.669154
2855,995,2010-12-24T13:28:56.5Z,midnight,51.828756,157.669154
2855,996,2010-12-25T01:27:19Z,noon,52.231119,157.95835
2855,997,2010-12-25T13:25:34.5Z,midnight,51.826553,158.393767
2855,998,2010-12-26T01:21:14Z,noon,52.885473,159.362571
2855,999,2010-12-26T13:35:28.5Z,midnight,56.030513,155.802155
2855,1000,2010-12-27T01:33:52.5Z,noon,56.347251,156.086094
2855,1001,2010-12-27T13:23:39.5Z,midnight,54.266262,158.640261
2855,1002,2010-12-29T04:34:32Z,noon,59.266262,143.640261
2855,1003,2010-12-29T13:03:46Z,midnight,58.12583,158.640261
2855,1004,2010-12-30T01:30:14Z,noon,53.12583,156.652723
2855,1005,2010-12-30T14:00:30Z,midnight,58.12583,149.086056
2855,1006,2010-12-31T02:04:00Z,noon,58.262023,148.098282
2855,1007,2010-12-31T13:14:17Z,midnight,53.262023,160.527448
2855,1008,2011-01-01T01:28:02Z,noon,48.262023,157.089948
2855,1009,2011-01-01T13:38:00Z,midnight,45.240538,154.598282
2855,1010,2011-01-02T01:39:30Z,noon,44.731064,154.111593
2855,1011,2011-01-02T13:40:00Z,midnight,45.027716,153.986593
2855,1012,2011-01-03T01:46:30Z,noon,42.724509,152.251094
2855,1013,2011-01-03T13:41:30Z,midnight,40.964472,153.501094
2855,1014,2011-01-04T01:05:00Z,noon,45.964472,162.516887
2855,1015,2011-01-04T13:19:00Z,midnight,50.964472,159.016887
2855,1016,2011-01-05T01:55:30Z,noon,46.157932,149.784072
2855,1017,2011-01-05T13:40:00Z,midnight,41.157932,153.659072
2855,1018,2011-01-06T01:20:00Z,noon,46.157932,158.552748
2855,1019,2011-01-06T13:25:00Z,midnight,49.470158,157.302748
2855,1020,2011-01-07T01:46:00Z,noon,44.470158,151.948013
2855,1021,2011-01-07T13:47:30Z,midnight,43.163338,151.573013
2855,1022,2011-01-08T01:50:00Z,noon,42.212665,150.844962
2855,1023,2011-01-08T13:54:30Z,midnight,44.105549,149.719962
2855,1024,2011-01-09T01:26:00Z,noon,49.105549,156.743687
2855,1025,2011-01-09T13:19:00Z,midnight,51.230278,158.493687
2855,1026,2011-01-10T01:31:30Z,noon,47.442825,155.269281
2855,1027,2011-01-10T13:21:00Z,midnight,43.994031,157.894281
2855,1028,2011-01-11T01:28:30Z,noon,41.057715,155.921832
2855,1029,2011-01-11T13:24:30Z,midnight,39.613523,156.921832
2855,1030,2011-01-12T00:57:30Z,noon,44.613523,163.576428
2855,1031,2011-01-12T12:59:00Z,midnight,49.613523,163.201428
2855,1032,2011-01-13T01:22:33.5Z,noon,44.613523,157.218569
2855,1033,2011-01-13T13:42:48.5Z,midnight,49.476433,152.156069
2855,1034,2011-01-14T01:47:17.5Z,noon,48.023996,150.944172
2855,1035,2011-01-14T13:27:17.5Z,midnight,43.023996,155.944172
2855,1036,2011-01-15T00:14:30Z,noon,48.023996,170.944172
2855,1037,2011-01-15T12:04:30Z,midnight,53.023996,176.553314
2855,1038,2011-01-16T00:54:30Z,noon,48.023996,163.966908
2855,1039,2011-01-16T13:19:30Z,midnight,53.023996,157.716908
2855,1040,2011-01-17T00:24:30Z,noon,58.023996,171.382943
2855,1041,2011-01-17T11:39:30Z,midnight,56.976137,-177.367057
2855,1042,2011-01-17T23:39:00Z,noon,57.089992,-177.242057
2855,1043,2011-01-18T11:14:42Z,midnight,52.089992,-171.248508
2855,1044,2011-01-18T23:35:27.5Z,noon,47.089992,-176.438091
2855,1045,2011-01-19T11:26:42Z,midnight,42.089992,-174.327378
2855,1046,2011-01-19T23:10:09Z,noon,46.784949,-170.189878
2855,1047,2011-01-20T11:07:13.5Z,midnight,46.03555,-169.53485
2855,1048,2011-01-20T22:59:39Z,noon,48.862133,-167.6411
2855,1049,2011-01-21T11:02:34.5Z,midnight,50.270109,-168.445862
2855,1050,2011-01-21T22:56:51Z,noon,52.136006,-167.014612
2855,1051,2011-01-22T10:55:15.5Z,midnight,52.040844,-166.687438
2855,1052,2011-01-22T22:55:57.5Z,noon,51.816106,-166.862438
2855,1053,2011-01-23T10:55:36.5Z,midnight,52.128096,-166.842854
2855,1054,2011-01-23T23:02:34Z,noon,49.75678,-168.582438
2855,1055,2011-01-24T11:06:04Z,midnight,51.42344,-169.522475
2855,1056,2011-01-24T23:03:27Z,noon,52.296257,-168.868308
2855,1057,2011-01-25T10:51:35.5Z,midnight,48.519268,-165.965832
2855,1058,2011-01-25T23:00:56Z,noon,44.616008,-168.301249
2855,1059,2011-01-26T10:49:12.5Z,midnight,39.616008,-165.42913
2855,1060,2011-01-26T22:38:29.5Z,noon,44.616008,-162.749964
2855,1061,2011-01-27T10:47:44.5Z,midnight,49.069381,-165.118575
2855,1062,2011-01-27T22:54:24Z,noon,46.29138,-166.783159
2855,1063,2011-01-28T10:49:46Z,midnight,44.700873,-165.677878
2855,1064,2011-01-28T22:44:12Z,noon,47.216702,-164.286211
2855,1065,2011-01-29T10:50:25Z,midnight,50.324283,-165.890334
2855,1066,2011-01-29T22:51:45Z,noon,49.794598,-166.223667
2855,1067,2011-01-30T10:42:56.5Z,midnight,46.560128,-164.068411
2855,1068,2011-01-30T22:39:39Z,noon,48.041437,-163.245494
2855,1069,2011-01-31T10:42:07.5Z,midnight,49.688687,-163.907913
2855,1070,2011-01-31T22:52:40Z,noon,44.84592,-166.543329
2855,1071,2011-02-01T11:01:00Z,midnight,49.347408,-168.667146
2855,1072,2011-02-01T23:12:00Z,noon,44.347408,-171.417146
2855,1073,2011-02-02T11:09:30Z,midnight,43.362391,-170.829422
2855,1074,2011-02-02T23:01:00Z,noon,47.698188,-168.704422
2855,1075,2011-02-03T11:00:00Z,midnight,47.87169,-168.488471
2855,1076,2011-02-03T22:40:30Z,noon,52.87169,-163.613471
2855,1077,2011-02-04T10:40:00Z,midnight,56.365259,-163.519279
2855,1078,2011-02-04T23:08:30Z,noon,51.365259,-170.644279
2855,1079,2011-02-05T11:13:00Z,midnight,46.72153,-171.796833
2855,1080,2011-02-05T23:07:30Z,noon,49.498763,-170.421833
2855,1081,2011-02-06T10:54:00Z,midnight,44.498763,-167.071125
2855,1082,2011-02-06T22:24:30Z,noon,49.498763,-159.696125
2855,1083,2011-02-07T10:24:30Z,midnight,54.498763,-159.717151
2855,1084,2011-02-07T22:47:30Z,noon,49.498763,-165.467151
2855,1085,2011-02-08T10:48:30Z,midnight,48.743472,-165.73491
2855,1086,2011-02-08T22:30:30Z,noon,53.743472,-161.23491
2855,1087,2011-02-09T10:29:30Z,midnight,57.335525,-160.999403
2855,1088,2011-02-09T22:44:30Z,noon,52.335525,-164.749403
2855,1089,2011-02-10T10:34:00Z,midnight,47.335525,-162.135638
2855,1090,2011-02-10T22:23:30Z,noon,51.492066,-159.510638
2855,1091,2011-02-11T10:29:00Z,midnight,55.070302,-160.893624
2855,1092,2011-02-11T21:59:00Z,noon,60.070302,-153.393624
2855,1093,2011-02-12T09:54:00Z,midnight,64.810028,-152.148374
2855,1094,2011-02-12T22:09:17Z,noon,59.986136,-155.969207
2855,1095,2011-02-13T10:04:24.5Z,midnight,59.026318,-154.751988
2855,1096,2011-02-13T21:14:22.5Z,noon,64.026318,-142.243655
2855,1097,2011-02-14T09:28:48Z,midnight,69.026318,-145.848238
2855,1098,2011-02-14T22:54:06Z,noon,64.026318,-160.848238
2855,1099,2011-02-15T11:11:33.5Z,midnight,59.614265,-171.532979
2855,1100,2011-02-15T23:30:04Z,noon,54.614265,-176.160062
2855,1101,2011-02-16T11:36:48.5Z,midnight,54.929161,-177.837489
2855,1102,2011-02-16T23:55:12Z,noon,49.929161,177.564594
2855,1103,2011-02-17T12:11:42Z,midnight,54.929161,173.450701
2855,1104,2011-02-18T00:04:30Z,noon,58.876948,175.264891
2855,1105,2011-02-18T12:13:40Z,midnight,63.876948,172.973224
2855,1106,2011-02-18T23:23:40Z,noon,68.876948,-174.526776
2855,1107,2011-02-19T11:19:30Z,midnight,70,-173.467873
2855,1108,2011-02-20T00:19:30Z,noon,65,171.552368
2855,1109,2011-02-20T12:49:30Z,midnight,70,164.052368
2855,1110,2011-02-21T01:04:40Z,noon,66.568079,160.283904
2855,1111,2011-02-21T12:34:01.5Z,midnight,61.568079,167.94432
2855,1112,2011-02-21T22:53:51.5Z,noon,66.568079,-177.05568
2855,1113,2011-02-22T10:57:17.5Z,midnight,70,-167.846229
2855,1114,2011-02-23T00:32:13Z,noon,65,177.153771
2855,1115,2011-02-23T12:24:04Z,midnight,60,170.489003
2855,1116,2011-02-24T00:10:02.5Z,noon,63.870687,174.027047
2855,1117,2011-02-24T11:54:15.5Z,midnight,58.870687,177.97288
2855,1118,2011-02-24T23:38:35Z,noon,63.870687,-178.10837
2855,1119,2011-02-25T11:39:38.5Z,midnight,67.63329,-178.338404
2855,1120,2011-02-26T00:01:37Z,noon,62.63329,176.205093
2855,1121,2011-02-26T23:37:38Z,noon,65.141745,-177.799074
2855,1122,2011-02-27T11:32:48Z,midnight,64.059277,-176.550858
2855,1123,2011-02-27T23:39:32Z,noon,59.059277,-178.234191
2855,1124,2011-03-03T23:09:30Z,noon,64.059277,-170.541298
2855,1152,2011-03-31T10:49:50Z,midnight,25,-163.621792
2855,1153,2011-03-31T22:49:37.5Z,noon,30,-163.569709
2855,1154,2011-04-01T10:58:00Z,midnight,33.01651,-165.5839
2855,1155,2011-04-01T23:01:00Z,noon,36.885691,-166.3339
2855,1156,2011-04-02T11:02:00Z,midnight,34.252586,-166.504763
2855,1157,2011-04-02T23:00:00Z,noon,31.628428,-166.004763
2855,1158,2011-04-03T11:09:00Z,midnight,26.628428,-168.176145
2855,1159,2011-04-04T10:38:30Z,midnight,21.628428,-160.473139
2855,1160,2011-04-04T23:02:00Z,noon,26.628428,-166.348139
2855,1161,2011-04-05T11:07:00Z,midnight,23.735523,-167.520837
2855,1162,2011-04-05T22:48:30Z,noon,18.735523,-162.895837
2855,1163,2011-04-06T23:06:30Z,noon,13.735523,-167.31933
2855,1164,2011-04-07T10:47:30Z,midnight,18.735523,-162.493708
2855,1165,2011-04-07T22:39:30Z,noon,22.499647,-160.493708
2855,1166,2011-04-08T10:53:30Z,midnight,17.499647,-163.919059
2855,1167,2011-04-08T23:07:30Z,noon,21.60984,-167.419059
2855,1168,2011-04-09T11:02:00Z,midnight,26.60984,-165.970469
2855,1169,2011-04-10T22:54:00Z,noon,24.347553,-163.898022
2855,1170,2011-04-11T10:46:30Z,midnight,29.347553,-161.951802
2855,1171,2011-04-11T22:42:30Z,noon,27.39048,-160.951802
2855,1172,2011-04-12T10:44:30Z,midnight,24.429932,-161.38189
2855,1173,2011-04-12T22:45:53Z,noon,25.913477,-161.727723
2855,1174,2011-04-13T10:54:08Z,midnight,20.913477,-163.721696
2855,1175,2011-04-13T22:48:50Z,noon,15.913477,-162.396696
2855,1176,2011-04-14T10:48:50Z,midnight,10.913477,-162.329632
2855,1177,2011-04-14T23:23:00Z,noon,15.913477,-170.871299
2855,1178,2011-04-15T11:23:58.5Z,midnight,20.913477,-171.049521
2855,1179,2011-04-15T23:24:36.5Z,noon,25.913477,-171.207854
2855,1180,2011-04-16T11:33:11Z,midnight,30.913477,-173.287685
2855,1181,2011-04-16T23:40:20.5Z,noon,35.913477,-175.077269
2855,1182,2011-04-17T11:36:59Z,midnight,39.460282,-174.175444
2855,1183,2011-04-17T23:18:16Z,noon,34.460282,-169.496278
2855,1184,2011-04-18T11:18:24.5Z,midnight,29.460282,-169.471199
2855,1185,2011-04-18T23:15:50Z,noon,24.460282,-168.827449
2855,1186,2011-04-19T11:15:28.5Z,midnight,22.261324,-168.679179
2855,1187,2011-04-19T23:43:47.5Z,noon,27.261324,-175.758346
2855,1188,2011-04-20T11:38:47.5Z,midnight,32.261324,-174.451532
2855,1189,2011-04-20T23:37:18.5Z,noon,37.261324,-174.080698
2855,1190,2011-04-21T11:39:55Z,midnight,41.051323,-174.677898
2855,1191,2011-04-21T23:33:31.5Z,noon,37.616816,-173.079981
2855,1192,2011-04-22T11:45:49Z,midnight,32.616816,-176.100001
2855,1193,2011-04-22T23:43:52.5Z,noon,27.628736,-175.614584
2855,1194,2011-04-23T11:39:56.5Z,midnight,29.859495,-174.580394
2855,1195,2011-04-23T23:55:06.5Z,noon,34.859495,-178.37206
2855,1196,2011-04-24T11:55:12.5Z,midnight,38.276477,-178.348294
2855,1197,2011-04-24T23:50:37Z,noon,35.790505,-177.200378
2855,1198,2011-04-25T11:40:04.5Z,midnight,40.593953,-174.518333
2855,1199,2011-04-25T23:30:20Z,noon,35.635462,-172.082917
2855,1200,2011-04-26T11:26:07.5Z,midnight,37.291708,-170.986389
2855,1201,2011-04-26T23:16:36Z,noon,32.291708,-168.605139
2855,1202,2011-04-27T11:15:06.5Z,midnight,32.312756,-168.190002
2855,1203,2011-04-27T23:00:21.5Z,noon,27.312756,-164.502502
2855,1204,2011-04-28T10:43:51Z,midnight,32.312756,-160.335461
2855,1205,2011-04-28T22:52:38.5Z,noon,37.312756,-162.533378
2855,1206,2011-04-29T10:49:26Z,midnight,38.403482,-161.693635
2855,1207,2011-04-29T22:49:09.5Z,noon,38.275826,-161.624885
2855,1208,2011-04-30T10:49:16Z,midnight,37.69604,-161.616638
2855,1209,2011-04-30T22:42:26.5Z,noon,34.341273,-159.910388
2855,1210,2011-05-01T10:55:30Z,midnight,29.341273,-163.142001
2855,1211,2011-05-01T22:52:00Z,noon,24.341273,-162.267001
2855,1212,2011-05-02T10:44:00Z,midnight,28.646417,-160.236414
2855,1213,2011-05-02T23:05:30Z,noon,33.646417,-165.611414
2855,1214,2011-05-03T11:00:30Z,midnight,38.646417,-164.333233
2855,1215,2011-05-03T22:51:00Z,noon,36.93686,-161.958233
2855,1216,2011-05-04T10:50:30Z,midnight,36.689258,-161.807478
2855,1217,2011-05-04T22:13:30Z,noon,31.689258,-152.557478
2855,1218,2011-05-05T10:34:00Z,midnight,26.689258,-157.659163
2855,1219,2011-05-05T23:09:00Z,noon,24.390845,-166.409163
2855,1220,2011-05-06T10:54:30Z,midnight,29.390845,-162.763302
2855,1221,2011-05-06T22:49:30Z,noon,29.445467,-161.513302
2855,1222,2011-05-07T10:48:00Z,midnight,29.832191,-161.119902
2855,1223,2011-05-07T22:37:30Z,noon,24.832191,-158.494902
2855,1224,2011-05-08T10:24:30Z,midnight,29.832191,-155.228969
2855,1225,2011-05-08T22:13:00Z,noon,24.832191,-152.353969
2855,1226,2011-05-09T10:01:30Z,midnight,29.832191,-149.465506
2855,1227,2011-05-10T08:59:00Z,midnight,24.832191,-134.465506
2855,1228,2011-05-10T22:14:30Z,noon,25.777359,-149.465506
2855,1229,2011-05-11T09:58:30Z,midnight,30.777359,-148.695979
2855,1230,2011-05-11T21:43:00Z,noon,25.777359,-144.820979
2855,1231,2011-05-12T22:44:15Z,noon,20.777359,-159.820979
2855,1232,2011-05-13T23:15:10Z,noon,15.777359,-167.852938
2855,1233,2011-05-14T11:00:38Z,midnight,10.777359,-164.218403
2855,1234,2011-05-14T23:08:13Z,noon,14.642725,-166.114237
2855,1235,2011-05-15T10:47:38Z,midnight,19.642725,-160.969613
2855,1236,2011-05-15T22:39:33Z,noon,21.888552,-158.94878
2855,1237,2011-05-16T10:48:11Z,midnight,16.888552,-161.110714
2855,1238,2011-05-16T22:56:43Z,noon,21.570954,-163.244048
2855,1239,2011-05-17T11:00:10Z,midnight,19.389229,-164.112515
2855,1240,2011-05-17T23:06:02Z,noon,22.628422,-165.579182
2855,1241,2011-05-18T10:49:29.5Z,midnight,27.628422,-161.452071
2855,1242,2011-05-18T22:43:37.5Z,noon,27.716489,-159.985404
2855,1243,2011-05-19T10:43:35Z,midnight,27.462478,-159.985602
2855,1244,2011-05-19T22:58:57Z,noon,32.462478,-163.827269
2855,1245,2011-05-20T10:44:52Z,midnight,37.462478,-160.319324
2855,1246,2011-05-20T22:07:16.5Z,noon,32.462478,-150.921408
2855,1247,2011-05-21T10:15:58.5Z,midnight,27.462478,-153.111534
2855,1248,2011-05-21T22:51:59Z,noon,32.462478,-162.113617
2855,1249,2011-05-22T10:49:09.5Z,midnight,35.649681,-161.424691
2855,1250,2011-05-22T22:21:12.5Z,noon,30.649681,-154.437191
2855,1251,2011-05-23T10:23:21.5Z,midnight,25.649681,-154.99417
2855,1252,2011-05-23T22:33:21.5Z,noon,27.325492,-157.49417
2855,1253,2011-05-24T10:35:25Z,midnight,26.166019,-158.030341
2855,1254,2011-05-25T10:04:30Z,midnight,21.166019,-150.324823
2855,1255,2011-05-25T23:15:38Z,noon,16.97659,-165.324823
2855,1256,2011-05-26T10:49:14.5Z,midnight,21.97659,-161.535897
2855,1257,2011-05-26T22:59:14.5Z,noon,26.97659,-164.035897
2855,1258,2011-05-27T10:55:38Z,midnight,31.97659,-163.161426
2855,1259,2011-05-27T22:56:00Z,noon,34.517195,-163.253093
2855,1260,2011-05-28T10:52:42Z,midnight,35.438528,-162.457603
2855,1261,2011-05-28T22:46:12Z,noon,33.156099,-160.832603
2855,1262,2011-05-29T10:48:35.5Z,midnight,32.070327,-161.46187
2855,1263,2011-05-29T22:57:16.5Z,noon,35.158949,-163.632703
2855,1264,2011-05-30T10:51:14Z,midnight,36.933539,-162.155413
2855,1265,2011-05-30T22:58:36Z,noon,39.165366,-163.99708
2855,1266,2011-05-31T11:06:23Z,midnight,36.608431,-165.977753
2855,1267,2011-05-31T22:55:35Z,noon,32.970564,-163.277753
2855,1268,2011-06-01T10:40:30Z,midnight,37.74816,-159.543406
2855,1269,2011-06-01T22:36:00Z,noon,36.355605,-158.418406
2855,1270,2011-06-02T10:33:30Z,midnight,36.961994,-157.831471
2855,1271,2011-06-02T22:38:30Z,noon,38.461127,-159.081471
2855,1272,2011-06-03T10:40:00Z,midnight,37.852252,-159.496042
2855,1273,2011-06-03T22:39:30Z,noon,37.703733,-159.371042
2855,1274,2011-06-04T10:44:30Z,midnight,36.01486,-160.662047
2855,1275,2011-06-04T22:56:30Z,noon,39.549921,-163.662047
2855,1276,2011-06-05T11:05:00Z,midnight,36.945088,-165.829412
2855,1277,2011-06-05T23:06:00Z,noon,37.245796,-166.079412
2855,1278,2011-06-06T11:12:30Z,midnight,35.091875,-167.748059
2855,1279,2011-06-06T23:12:00Z,noon,34.931056,-167.623059
2855,1280,2011-06-07T11:04:30Z,midnight,37.121394,-165.79291
2855,1281,2011-06-07T23:02:00Z,noon,36.36874,-165.16791
2855,1282,2011-06-08T11:06:00Z,midnight,34.999249,-166.213885
2855,1283,2011-06-08T23:24:30Z,noon,39.999249,-170.838885
2855,1284,2011-06-09T11:39:30Z,midnight,35.97851,-174.635903
2855,1285,2011-06-09T23:30:30Z,noon,33.084035,-172.385903
2855,1286,2011-06-10T11:08:30Z,midnight,38.084035,-166.933879
2855,1287,2011-06-10T23:12:30Z,noon,40.627382,-167.933879
2855,1288,2011-06-11T11:15:00Z,midnight,39.882855,-168.607729
2855,1289,2011-06-11T23:14:30Z,noon,39.751661,-168.482729
2855,1290,2011-06-12T11:12:00Z,midnight,40.310185,-167.907369
2855,1291,2011-06-12T23:04:19.5Z,noon,38.261523,-165.988619
2855,1292,2011-06-13T11:07:34.5Z,midnight,37.260849,-166.85146
2855,1293,2011-06-13T23:02:54Z,noon,35.880878,-165.68271
2855,1294,2011-06-14T11:07:16.5Z,midnight,34.454827,-166.827415
2855,1295,2011-06-14T22:26:22.5Z,noon,29.454827,-156.602415
2855,1296,2011-06-15T10:37:33Z,midnight,24.454827,-159.447645
2855,1297,2011-06-15T22:47:33Z,noon,19.454827,-161.947645
2855,1298,2011-06-16T10:42:47Z,midnight,19.999824,-160.807894
2855,1299,2011-06-16T23:11:37Z,noon,24.999824,-168.016228
2855,1300,2011-06-17T11:17:30Z,midnight,29.394364,-169.539322
2855,1301,2011-06-17T22:28:40Z,noon,24.394364,-157.330989
2855,1302,2011-06-18T10:17:00Z,midnight,19.394364,-154.466838
2855,1303,2011-06-18T23:12:27.5Z,noon,24.394364,-168.331422
2855,1304,2011-06-19T11:13:58.5Z,midnight,29.394364,-168.763268
2855,1305,2011-06-19T23:08:37Z,noon,33.281503,-167.423684
2855,1306,2011-06-20T11:13:54Z,midnight,31.490858,-168.797269
2855,1307,2011-06-20T23:31:35.5Z,noon,36.490858,-173.220185
2855,1308,2011-06-21T11:37:07.5Z,midnight,35.41044,-174.65625
2855,1309,2011-06-21T22:29:20Z,noon,30.41044,-159.65625
2855,1310,2011-06-22T10:27:47Z,midnight,25.41044,-157.373453
2855,1311,2011-06-22T23:39:17Z,noon,30.41044,-172.373453
2855,1312,2011-06-23T11:32:56.5Z,midnight,35.41044,-173.715452
2855,1313,2011-06-23T23:30:11.5Z,noon,37.972531,-173.027952
2855,1314,2011-06-24T12:13:15Z,midnight,32.972531,176.155344
2855,1315,2011-06-25T00:09:43.5Z,noon,27.972531,176.984859
2855,1316,2011-06-25T11:33:13.5Z,midnight,32.972531,-173.890141
2855,1317,2011-06-25T22:23:00Z,noon,27.972531,-158.890141
2855,1318,2011-06-26T10:23:35.5Z,midnight,22.972531,-156.533064
2855,1319,2011-06-26T23:29:54Z,noon,27.972531,-171.533064
2855,1320,2011-06-27T11:26:46Z,midnight,32.972531,-172.377503
2855,1321,2011-06-27T23:35:48.5Z,noon,37.397902,-174.637919
2855,1322,2011-06-28T11:34:16Z,midnight,37.878036,-174.302534
2855,1323,2011-06-28T22:33:55Z,noon,32.878036,-159.302534
2855,1324,2011-06-29T10:30:04.5Z,midnight,27.878036,-158.303901
2855,1325,2011-06-29T23:00:04.5Z,noon,29.398236,-165.803901
2855,1326,2011-06-30T11:00:48.5Z,midnight,29.185431,-166.035682
2855,1327,2011-06-30T23:29:33.5Z,noon,34.185431,-173.223182
2855,1328,2011-07-01T11:32:30Z,midnight,37.665915,-174.006125
2855,1329,2011-07-01T23:03:30Z,noon,32.665915,-166.756125
2855,1330,2011-07-02T11:00:00Z,midnight,29.440176,-165.927642
2855,1331,2011-07-02T23:22:00Z,noon,34.440176,-171.427642
2855,1332,2011-07-03T11:34:30Z,midnight,32.88373,-174.598065
2855,1333,2011-07-03T23:34:00Z,noon,32.715001,-174.473065
2855,1334,2011-07-04T11:40:00Z,midnight,30.71135,-176.01731
2855,1335,2011-07-04T22:58:30Z,noon,25.71135,-165.64231
2855,1336,2011-07-05T11:00:00Z,midnight,20.71135,-166.060296
2855,1337,2011-07-05T23:42:00Z,noon,25.71135,-176.560296
2855,1338,2011-07-06T11:37:00Z,midnight,30.71135,-175.351941
2855,1339,2011-07-06T23:41:00Z,noon,33.693745,-176.351941
2855,1340,2011-07-07T11:31:00Z,midnight,36.967485,-173.892165
2855,1341,2011-07-07T23:35:00Z,noon,38.13622,-174.892165
2855,1342,2011-07-08T11:38:30Z,midnight,37.248032,-175.805892
2855,1343,2011-07-08T23:36:00Z,noon,36.494827,-175.180892
2855,1344,2011-07-09T11:36:30Z,midnight,36.481309,-175.343046
2855,1345,2011-07-09T23:39:30Z,noon,37.388389,-176.093046
2855,1346,2011-07-10T11:38:00Z,midnight,37.980258,-175.753553
2855,1347,2011-07-10T23:34:30Z,noon,36.935575,-174.878553
2855,1348,2011-07-11T11:39:00Z,midnight,35.687799,-176.037342
2855,1349,2011-07-11T23:35:30Z,noon,34.545684,-175.162342
2855,1350,2011-07-12T11:42:00Z,midnight,32.464561,-176.819343
2855,1351,2011-07-12T23:50:15Z,noon,35.286238,-178.881843
2855,1352,2011-07-13T11:42:42.5Z,midnight,37.825415,-177.026571
2855,1353,2011-07-13T23:42:31Z,noon,37.76772,-176.978654
2855,1354,2011-07-14T11:46:05Z,midnight,36.854248,-177.898545
2855,1355,2011-07-15T23:55:17Z,noon,39.545999,179.775214
2855,1356,2011-07-16T11:53:55Z,midnight,40.137234,-179.907317
2855,1357,2011-07-16T22:23:55Z,noon,35.137234,-164.907317
2855,1358,2011-07-17T10:24:38.5Z,midnight,30.137234,-157.610663
2855,1359,2011-07-17T23:46:16.5Z,noon,35.137234,-172.610663
2855,1360,2011-07-18T11:51:38Z,midnight,36.137459,-179.37852
2855,1361,2011-07-18T23:49:29Z,noon,35.412359,-178.84102
2855,1362,2011-07-19T11:45:28.5Z,midnight,36.977448,-177.856667
2855,1363,2011-07-19T22:27:37.5Z,noon,31.977448,-162.856667
2855,1364,2011-07-20T10:29:57.5Z,midnight,26.977448,-158.992973
2855,1365,2011-07-20T23:49:05Z,noon,31.977448,-173.992973
2855,1366,2011-07-21T11:49:38Z,midnight,36.929033,-178.924891
2855,1367,2011-07-22T23:50:04Z,noon,39.39708,-179.044043
2855,1368,2011-07-23T11:51:30Z,midnight,39.218738,-179.410806
2855,1369,2011-07-23T23:43:56.5Z,noon,36.740093,-177.521222
2855,1370,2011-07-24T11:42:56.5Z,midnight,37.35481,-177.277223
2855,1371,2011-07-24T23:46:07Z,noon,38.412044,-178.070973
2855,1372,2011-07-25T11:48:58.5Z,midnight,37.74579,-178.789095
2855,1373,2011-07-25T23:52:28Z,noon,38.903193,-179.662012
2855,1374,2011-07-26T11:52:07.5Z,midnight,39.30881,-179.57764
2855,1375,2011-07-26T23:33:31Z,noon,34.30881,-174.925556
2855,1376,2011-07-27T11:32:17.5Z,midnight,33.334241,-174.617828
2855,1377,2011-07-27T23:26:22.5Z,noon,30.870783,-173.138661
2855,1378,2011-07-28T11:23:13.5Z,midnight,32.504148,-172.347135
2855,1379,2011-07-28T23:45:38.5Z,noon,37.504148,-177.951301
2855,1380,2011-07-29T11:45:53Z,midnight,40.901554,-178.005121
2855,1381,2011-07-29T23:45:29.5Z,noon,40.777535,-177.907204
2855,1382,2011-07-30T11:49:50.5Z,midnight,39.692497,-178.985519
2855,1383,2011-07-30T23:53:51Z,noon,41.00421,-179.987602
2855,1384,2011-07-31T11:54:59.5Z,midnight,40.982947,179.738772
2855,1385,2011-07-31T23:04:37.5Z,noon,35.982947,-167.669562
2855,1386,2011-08-01T11:06:30Z,midnight,30.982947,-168.123905
2855,1387,2011-08-01T23:57:00Z,noon,35.982947,179.251095
2855,1388,2011-08-02T11:49:30Z,midnight,40.982947,-178.856872
2855,1389,2011-08-02T23:46:30Z,noon,42.582483,-178.106872
2855,1390,2011-08-03T11:51:00Z,midnight,41.511865,-179.212209
2855,1391,2011-08-03T23:54:00Z,noon,42.486386,-179.962209
2855,1392,2011-08-04T11:57:30Z,midnight,41.733482,179.185087
2855,1393,2011-08-04T23:57:30Z,noon,41.733482,179.185087
2855,1394,2011-08-05T11:53:30Z,midnight,43.4308,-179.789986
2855,1395,2011-08-05T23:53:00Z,noon,43.272319,-179.664986
2855,1396,2011-08-06T11:58:30Z,midnight,41.866078,178.987568
2855,1397,2011-08-06T23:59:30Z,noon,42.20649,178.737568
2855,1398,2011-08-07T11:59:00Z,midnight,42.79614,178.892741
2855,1399,2011-08-07T23:58:30Z,noon,42.627761,179.017741
2855,1400,2011-08-08T11:58:30Z,midnight,43.060448,179.05052
2855,1401,2011-08-08T23:58:30Z,noon,43.060448,179.05052
2855,1402,2011-08-09T12:01:30Z,midnight,42.470448,178.335891
2855,1403,2011-08-10T00:00:00Z,noon,41.936374,178.748836
2855,1404,2011-08-10T11:53:00Z,midnight,44.787874,-179.501164
2855,1405,2011-08-10T23:55:00Z,noon,45.428677,179.998836
2855,1406,2011-08-11T12:00:30Z,midnight,44.08916,178.664332
2855,1407,2011-08-11T23:55:00Z,noon,42.132924,-179.960668
2855,1408,2011-08-12T11:58:30Z,midnight,41.284757,179.207354
2855,1409,2011-08-13T00:00:45Z,noon,42.148061,178.690375
2855,1410,2011-08-13T12:03:23Z,midnight,41.630342,178.032042
2855,1411,2011-08-14T00:06:14Z,noon,42.724893,177.367528
2855,1412,2011-08-14T12:04:48.5Z,midnight,43.762183,177.723778
2855,1413,2011-08-14T23:41:39.5Z,noon,38.762183,-176.488722
2855,1414,2011-08-15T11:43:12Z,midnight,33.762183,-176.82372
2855,1415,2011-08-16T00:02:30Z,noon,38.762183,178.40409
2855,1416,2011-08-16T12:02:56.5Z,midnight,42.58018,178.293674
2855,1417,2011-08-16T23:56:17.5Z,noon,39.759421,179.956174
2855,1418,2011-08-17T11:56:51Z,midnight,40.059862,179.871752
2855,1419,2011-08-17T23:58:56.5Z,noon,40.989256,179.348836
2855,1420,2011-08-18T12:01:19Z,midnight,40.498524,178.812554
2855,1421,2011-08-19T00:04:38Z,noon,41.964378,178.043115
2855,1422,2011-08-19T12:05:41.5Z,midnight,42.08838,177.778532
2855,1423,2011-08-20T00:05:26Z,noon,41.975193,177.905051
2855,1424,2011-08-20T12:04:14Z,midnight,43.094978,178.205051
2855,1425,2011-08-20T23:59:16Z,noon,40.865355,179.446718
2855,1426,2011-08-21T11:57:35Z,midnight,42.258844,179.931641
2855,1427,2011-08-21T23:52:35.5Z,noon,39.88344,-178.820442
2855,1428,2011-08-22T11:50:20Z,midnight,41.618509,-178.189671
2855,1429,2011-08-22T23:45:48.5Z,noon,39.364352,-177.058421
2855,1430,2011-08-23T11:55:01Z,midnight,34.778666,-179.29228
2855,1431,2011-08-23T23:59:30Z,noon,37.445149,179.586887
2855,1432,2011-08-24T12:09:16Z,midnight,32.445149,177.215421
2855,1433,2011-08-25T00:06:12.5Z,noon,29.77478,178.052115
2855,1434,2011-08-25T12:00:27.5Z,midnight,34.453626,179.489615
2855,1435,2011-08-25T23:48:31Z,noon,29.453626,-177.524968
2855,1436,2011-08-26T11:53:47Z,midnight,24.453626,-178.767682
2855,1437,2011-08-26T23:55:55.5Z,noon,23.373199,-179.303099
2855,1438,2011-08-27T11:52:57Z,midnight,26.655216,-178.483624
2855,1439,2011-08-27T23:56:38.5Z,noon,29.733992,-179.406541
2855,1440,2011-08-28T12:04:30Z,midnight,24.733992,178.706299
2855,1441,2011-08-29T00:06:29Z,noon,25.367804,178.289511
2855,1442,2011-08-29T12:07:57.5Z,midnight,24.649162,177.920761
2855,1443,2011-08-29T23:10:08.5Z,noon,19.649162,-167.625072
2855,1444,2011-08-30T11:08:58.5Z,midnight,14.649162,-167.252814
2855,1445,2011-08-30T19:13:58.5Z,noon,9.649162,-152.252814
2855,1446,2011-08-30T23:09:30Z,midnight,14.649162,-137.252814
2855,1447,2011-08-31T04:02:36Z,noon,9.649162,-152.252814
2855,1448,2011-08-31T12:05:52Z,midnight,14.649162,-167.252814
2855,1449,2011-08-31T22:47:31Z,noon,9.649162,-161.806174
2855,1450,2011-09-01T10:44:00Z,midnight,4.649162,-160.843568
2855,1451,2011-09-02T00:00:00Z,noon,9.649162,-175.843568
2855,1452,2011-09-02T11:59:30Z,midnight,14.649162,-179.63383
2855,1453,2011-09-02T23:53:30Z,noon,19.649162,-178.13383
2855,1454,2011-09-03T11:54:00Z,midnight,24.649162,-178.17288
2855,1455,2011-09-03T23:53:00Z,noon,25.07247,-177.92288
2855,1456,2011-09-04T11:53:00Z,midnight,25.921488,-177.835807
2855,1457,2011-09-04T23:54:00Z,noon,27.057695,-178.085807
2855,1458,2011-09-05T11:59:30Z,midnight,22.057695,-179.372699
2855,1459,2011-09-06T00:04:00Z,noon,26.819305,179.59135
2855,1460,2011-09-06T12:04:30Z,midnight,27.170115,179.46635
2855,1461,2011-09-06T23:59:30Z,noon,22.170115,-179.28365
2855,1462,2011-09-07T11:58:30Z,midnight,22.902393,-178.943752
2855,1463,2011-09-07T23:58:00Z,noon,22.189827,-178.818752
2855,1464,2011-09-08T12:08:00Z,midnight,17.189827,178.7719
2855,1465,2011-09-09T00:08:00Z,noon,12.189827,178.86321
2855,1466,2011-09-09T12:07:00Z,midnight,7.766933,179.11321
2855,1467,2011-09-10T00:04:00Z,noon,2.766933,179.95508
2855,1468,2011-09-11T00:33:30Z,noon,-2.233067,172.672412
2855,1469,2011-09-11T12:12:30Z,midnight,2.766933,177.922412
2855,1470,2011-09-12T00:13:30Z,noon,7.766933,177.765106
2855,1471,2011-09-12T12:13:00Z,midnight,12.766933,177.890106
2855,1499,2011-10-07T12:18:30Z,midnight,-37.233067,178.651938
2855,1500,2011-10-12T13:03:00Z,midnight,-32.233067,167.836423
2855,1501,2011-10-13T01:04:57.5Z,noon,-27.233067,167.401275
2855,1502,2011-10-15T13:13:08Z,midnight,-22.233067,165.458354
2855,1503,2011-10-16T01:12:34.5Z,noon,-17.233067,165.644199
2855,1504,2011-10-16T13:13:21.5Z,midnight,-12.233067,165.448366
2855,1505,2011-10-17T01:15:35.5Z,noon,-7.233067,164.933442
2855,1506,2011-10-17T13:10:48.5Z,midnight,-2.233067,166.129275
2855,1507,2011-10-18T01:08:21Z,noon,2.766933,166.784355
2855,1508,2011-10-18T13:01:47.5Z,midnight,7.766933,168.423938
2855,1509,2011-10-19T00:57:33Z,noon,12.766933,169.521883
2855,1510,2011-10-19T12:59:42Z,midnight,17.766933,168.984383
2855,1511,2011-10-20T00:57:49.5Z,noon,22.766933,169.487639
2855,1512,2011-10-20T12:58:09Z,midnight,27.766933,169.406389
2855,1513,2011-10-21T01:09:10.5Z,noon,32.766933,166.681573
2855,1514,2011-10-21T13:09:24Z,midnight,37.766933,166.625323
2855,1515,2011-10-22T01:04:29.5Z,noon,42.766933,167.880721
2855,1516,2011-10-22T13:12:21Z,midnight,47.766933,165.916137
2855,1517,2011-10-23T01:12:00Z,noon,52.766933,166.028789
2855,1518,2011-10-23T13:25:20Z,midnight,57.766933,162.695455
2855,1519,2011-10-24T01:25:20Z,noon,62.766933,162.717403
2855,1520,2011-10-24T13:14:05Z,midnight,57.766933,165.529903
2855,1521,2011-10-25T01:18:32Z,noon,52.911391,164.436111
2855,1522,2011-10-25T13:34:18Z,midnight,57.911391,160.494444
2855,1523,2011-10-26T01:40:03.5Z,noon,57.86521,159.070293
2855,1524,2011-10-26T13:31:39Z,midnight,52.86521,161.172377
2855,1525,2011-10-27T01:37:08.5Z,noon,47.86521,159.811588
2855,1526,2011-10-27T13:40:12Z,midnight,48.547106,159.047004
2855,1527,2011-10-28T01:43:11Z,noon,46.300092,158.309967
2855,1528,2011-10-28T13:42:39.5Z,midnight,44.779596,158.441217
2855,1529,2011-10-29T01:32:06Z,noon,49.779596,161.086241
2855,1530,2011-10-29T13:32:27.5Z,midnight,51.266527,160.996658
2855,1531,2011-10-30T01:39:22Z,noon,46.709714,159.27164
2855,1532,2011-10-30T13:48:23.5Z,midnight,51.494637,157.01539
2855,1533,2011-10-31T01:43:49Z,noon,54.020696,158.157815
2855,1534,2011-10-31T13:40:38Z,midnight,51.305914,158.953648
2855,1535,2011-11-01T01:44:55.5Z,noon,48.768573,157.876002
2855,1536,2011-11-01T13:43:00Z,midnight,46.615753,158.357252
2855,1537,2011-11-02T01:41:00Z,noon,47.873826,158.849109
2855,1538,2011-11-02T13:42:00Z,midnight,47.582598,158.599109
2855,1539,2011-11-03T01:30:00Z,noon,52.582598,161.587548
2855,1540,2011-11-03T13:30:00Z,midnight,53.132958,161.587548
2855,1541,2011-11-04T01:44:00Z,noon,48.132958,158.072566
2855,1542,2011-11-04T13:47:00Z,midnight,46.48808,157.322566
2855,1543,2011-11-05T01:37:00Z,noon,51.48808,159.804167
2855,1544,2011-11-05T13:29:30Z,midnight,47.124143,161.679167
2855,1545,2011-11-06T01:25:00Z,noon,49.532676,162.782354
2855,1546,2011-11-06T13:31:30Z,midnight,51.903157,161.157354
2855,1547,2011-11-07T01:26:00Z,noon,54.275692,162.507137
2855,1548,2011-11-07T13:24:00Z,midnight,52.708483,163.007137
2855,1549,2011-11-08T01:33:30Z,noon,48.281813,160.603529
2855,1550,2011-11-08T13:37:00Z,midnight,49.292016,159.728529
2855,1551,2011-11-09T01:36:30Z,noon,49.529071,159.821547
2855,1552,2011-11-09T13:37:30Z,midnight,49.313111,159.571547
2855,1553,2011-11-10T01:30:00Z,noon,52.572432,161.411209
2855,1554,2011-11-10T13:26:00Z,midnight,50.229905,162.411209
2855,1555,2011-11-11T01:29:00Z,noon,48.885765,161.622541
2855,1556,2011-11-11T13:23:00Z,midnight,45.355544,163.122541
2855,1557,2011-11-12T01:15:00Z,noon,49.155698,165.080569
2855,1558,2011-11-12T13:05:30Z,midnight,44.155698,167.455569
2855,1559,2011-11-13T01:04:15Z,noon,44.625988,167.722823
2855,1560,2011-11-13T13:09:05Z,midnight,46.399794,166.51449
2855,1561,2011-11-14T01:09:47Z,noon,46.070013,166.291006
2855,1562,2011-11-14T13:10:46.5Z,midnight,45.973148,166.043089
2855,1563,2011-11-15T01:10:11.5Z,noon,46.243382,166.137237
2855,1564,2011-11-15T13:12:07Z,midnight,46.574447,165.655987
2855,1565,2011-11-16T01:12:00Z,noon,46.626534,165.630308
2855,1566,2011-11-16T13:13:00Z,midnight,46.545691,165.380308
2855,1567,2011-11-17T01:08:04.5Z,noon,48.626246,166.553597
2855,1568,2011-11-17T13:08:44.5Z,midnight,48.390393,166.38693
2855,1569,2011-11-18T01:18:47Z,noon,44.029779,163.815485
2855,1570,2011-11-18T13:13:18Z,midnight,40.898032,165.186318
2855,1571,2011-11-19T01:04:05Z,noon,45.244393,167.42644
2855,1572,2011-11-19T13:03:27Z,midnight,44.500651,167.584773
2855,1573,2011-11-20T00:47:48.5Z,noon,49.500651,171.428183
2855,1574,2011-11-20T12:52:15.5Z,midnight,51.792207,170.315683
2855,1575,2011-11-21T00:41:57Z,noon,54.961822,172.822855
2855,1576,2011-11-21T12:29:08.5Z,midnight,50.516026,176.024938
2855,1577,2011-11-22T00:20:14.5Z,noon,53.389606,178.177183
2855,1578,2011-11-22T12:15:27Z,midnight,51.474676,179.3751
2855,1579,2011-11-23T00:09:45Z,noon,53.252203,-179.275434
2855,1580,2011-11-23T12:03:32Z,midnight,50.907841,-177.721268
2855,1581,2011-11-23T23:53:29Z,noon,53.976336,-175.208768
2855,1582,2011-11-24T11:33:53.5Z,midnight,48.976336,-170.389098
2855,1583,2011-11-24T23:43:35.5Z,noon,43.976336,-172.814098
2855,1584,2011-11-25T11:34:05Z,midnight,38.976336,-170.517905
2855,1585,2011-11-25T23:34:20.5Z,noon,38.509026,-170.582488
2855,1586,2011-11-26T11:54:14Z,midnight,43.509026,-175.638865
2855,1587,2011-11-27T00:13:16.5Z,noon,38.585896,179.514762
2855,1588,2011-11-27T12:14:30Z,midnight,38.845499,179.208512
2855,1589,2011-11-28T00:15:12Z,noon,38.518405,178.945139
2855,1590,2011-11-28T12:19:27.5Z,midnight,40.158529,177.880556
2855,1591,2011-11-29T00:24:55Z,noon,37.653165,176.425263
2855,1592,2011-11-29T12:35:08Z,midnight,41.912842,173.871097
2855,1593,2011-11-30T00:44:00.5Z,noon,37.997832,171.559384
2855,1594,2011-11-30T13:08:25Z,midnight,42.997832,165.457301
2855,1595,2011-12-01T00:55:50Z,noon,47.997832,168.508004
2855,1596,2011-12-01T12:45:30Z,midnight,47.990284,171.091337
2855,1597,2011-12-02T01:02:00Z,noon,42.990284,166.869127
2855,1598,2011-12-02T13:02:00Z,midnight,41.630392,166.869127
2855,1599,2011-12-03T01:08:00Z,noon,39.090748,165.269927
2855,1600,2011-12-03T13:16:30Z,midnight,42.390523,163.144927
2855,1601,2011-12-04T01:20:30Z,noon,40.770359,162.043829
2855,1602,2011-12-04T13:21:00Z,midnight,40.748329,161.918829
2855,1603,2011-12-05T01:15:30Z,noon,42.9386,163.190928
2855,1604,2011-12-05T13:16:30Z,midnight,43.10122,162.940928
2855,1605,2011-12-06T01:13:30Z,noon,44.220772,163.586319
2855,1606,2011-12-06T13:13:30Z,midnight,44.012322,163.586319
2855,1607,2011-12-07T01:17:30Z,noon,42.512589,162.480102
2855,1608,2011-12-07T13:13:00Z,midnight,40.547874,163.605102
2855,1609,2011-12-08T01:14:30Z,noon,39.936578,163.122375
2855,1610,2011-12-08T13:26:00Z,midnight,44.177747,160.247375
2855,1611,2011-12-09T01:26:00Z,noon,44.177747,160.138239
2855,1612,2011-12-09T13:24:30Z,midnight,43.465765,160.513239
2855,1613,2011-12-10T01:27:00Z,noon,42.540359,159.777798
2855,1614,2011-12-10T13:35:00Z,midnight,45.249066,157.777798
2855,1615,2011-12-11T01:27:30Z,noon,47.694867,159.541155
2855,1616,2011-12-11T13:14:30Z,midnight,43.165624,162.791155
2855,1617,2011-12-12T01:21:00Z,noon,40.708275,161.053416
2855,1618,2011-12-12T13:33:30Z,midnight,45.141003,157.928416
2855,1619,2011-12-13T01:38:41.5Z,noon,43.327026,156.516771
2855,1620,2011-12-13T13:35:40.5Z,midnight,42.103083,157.270938
2855,1621,2011-12-14T01:38:56.5Z,noon,40.862534,156.33966
2855,1622,2011-12-14T13:42:59.5Z,midnight,42.287834,155.32716
2855,1623,2011-12-15T01:47:47Z,noon,40.470302,154.013859
2855,1624,2011-12-15T13:51:00Z,midnight,41.608129,153.209692
2855,1625,2011-12-16T01:53:12Z,noon,40.771778,152.543642
2855,1626,2011-12-16T14:10:12Z,midnight,45.771778,148.293642
2855,1627,2011-12-17T02:17:47.5Z,noon,44.122872,146.279121
2855,1628,2011-12-17T14:03:56Z,midnight,39.122872,149.743705
2855,1629,2011-12-18T02:04:15.5Z,noon,38.738821,149.545405
2855,1630,2011-12-18T14:09:34.5Z,midnight,40.773797,148.216239
2855,1631,2011-12-19T02:10:46Z,noon,40.315843,147.800939
2855,1632,2011-12-19T14:09:58.5Z,midnight,39.963832,147.998856
2855,1633,2011-12-20T02:09:30Z,noon,40.148633,148
2855,1634,2011-12-20T14:05:20Z,midnight,38.462563,149.041667
2855,1635,2011-12-21T02:05:20Z,noon,38.462563,148.923949
2855,1636,2011-12-21T14:18:50Z,midnight,43.462563,145.548949
2855,1637,2011-12-22T02:13:54Z,noon,45.205023,146.664564
2855,1638,2011-12-22T14:06:22.5Z,midnight,42.604063,148.545814
2855,1639,2011-12-23T02:20:11.5Z,noon,37.604063,144.97404
2855,1640,2011-12-23T14:24:13Z,midnight,38.88567,143.96779
2855,1641,2011-12-24T02:13:37.5Z,noon,42.892938,146.498321
2855,1642,2011-12-24T14:11:40.5Z,midnight,42.204971,146.985821
2855,1643,2011-12-25T02:13:41Z,noon,41.464918,146.366683
2855,1644,2011-12-25T14:16:08Z,midnight,42.392025,145.754183
2855,1645,2011-12-26T02:20:31Z,noon,40.762732,144.541738
2855,1646,2011-12-26T14:14:39.5Z,midnight,38.494956,146.006321
2855,1647,2011-12-27T02:19:13Z,noon,36.598001,144.750677
2855,1648,2011-12-27T14:19:13Z,midnight,36.645298,144.750677
2855,1649,2011-12-28T02:14:21Z,noon,38.668692,145.851944
2855,1650,2011-12-28T14:13:48Z,midnight,38.505354,145.989444
2855,1651,2011-12-29T01:59:54Z,noon,43.505354,149.349813
2855,1652,2011-12-29T14:13:18.5Z,midnight,48.16402,145.997729
2855,1653,2011-12-30T02:28:18.5Z,noon,43.274939,142.133973
2855,1654,2011-12-30T14:20:20.5Z,midnight,40.393882,144.12564
2855,1655,2011-12-31T02:19:29.5Z,noon,40.723546,144.225365
2855,1656,2011-12-31T14:11:54Z,midnight,37.761362,146.123282
2855,1657,2012-01-01T02:11:41.5Z,noon,37.84873,146.175365
2855,1658,2012-01-01T14:19:30Z,midnight,41.095266,144.223282
2855,1659,2012-01-02T02:19:00Z,noon,41.287193,144.236593
2855,1660,2012-01-02T14:13:30Z,midnight,39.235311,145.611593
2855,1661,2012-01-03T02:13:30Z,noon,39.235311,145.501094
2855,1662,2012-01-03T14:14:00Z,midnight,39.570899,145.376094
2855,1663,2012-01-04T02:19:30Z,noon,37.269111,143.891887
2855,1664,2012-01-04T14:19:30Z,midnight,37.409434,143.891887
2855,1665,2012-01-05T02:15:00Z,noon,39.306607,144.909072
2855,1666,2012-01-05T14:17:00Z,midnight,40.277975,144.409072
2855,1667,2012-01-06T02:18:30Z,noon,39.668515,143.927748
2855,1668,2012-01-06T14:29:00Z,midnight,43.8972,141.302748
2855,1669,2012-01-07T02:30:00Z,noon,43.531888,140.948013
2855,1670,2012-01-07T14:12:00Z,midnight,38.531888,145.448013
2855,1671,2012-01-08T02:10:00Z,noon,37.246246,145.844962
2855,1672,2012-01-08T14:10:30Z,midnight,37.655702,145.719962
2855,1673,2012-01-09T02:09:00Z,noon,38.311858,145.993687
2855,1674,2012-01-09T14:14:30Z,midnight,40.83488,144.618687
2855,1675,2012-01-10T02:09:30Z,noon,42.818003,145.769281
2855,1676,2012-01-10T13:54:00Z,midnight,37.818003,149.644281
2855,1677,2012-01-11T01:48:30Z,noon,38.949957,150.921832
2855,1678,2012-01-11T13:48:00Z,midnight,38.962774,151.046832
2855,1679,2012-01-12T01:39:00Z,noon,42.700577,153.201428
2855,1680,2012-01-12T13:14:00Z,midnight,37.700577,159.451428
2855,1681,2012-01-13T00:58:57.5Z,noon,38.783832,163.118569
2855,1682,2012-01-13T12:45:32.5Z,midnight,33.783832,166.472736
2855,1683,2012-01-14T00:35:47.5Z,noon,37.372885,168.819172
2855,1684,2012-01-14T12:39:07.5Z,midnight,39.162111,167.985838
2855,1685,2012-01-15T00:19:58.5Z,noon,44.162111,172.684564
2855,1686,2012-01-15T12:20:32.5Z,midnight,47.31864,172.542898
2855,1687,2012-01-16T00:14:35Z,noon,49.328265,173.946075
2855,1688,2012-01-16T12:20:00.5Z,midnight,51.339343,172.589825
2855,1689,2012-01-17T00:11:09.5Z,noon,53.850465,174.71836
2855,1690,2012-01-17T12:22:53.5Z,midnight,57.065392,171.785027
2855,1691,2012-01-18T00:28:35.5Z,noon,55.718849,170.278575
2855,1692,2012-01-18T12:28:54Z,midnight,56.128654,170.201492
2855,1693,2012-01-19T00:45:12Z,noon,51.678035,166.047622
2855,1694,2012-01-19T12:42:05.5Z,midnight,51.070812,166.824706
2855,1695,2012-01-20T00:38:48Z,noon,52.093616,167.5714
2855,1696,2012-01-20T12:29:52.5Z,midnight,49.585798,169.80265
2855,1697,2012-01-21T00:34:40Z,noon,47.882404,168.531221
2855,1698,2012-01-21T12:28:44Z,midnight,46.001971,170.014555
2855,1699,2012-01-22T00:14:29Z,noon,51.001971,173.506312
2855,1700,2012-01-22T12:02:27Z,midnight,47.283993,176.514645
2855,1701,2012-01-23T00:10:23Z,noon,44.030814,174.463396
2855,1702,2012-01-23T12:04:23.5Z,midnight,41.741309,175.961312
2855,1703,2012-01-24T00:02:39Z,noon,42.552443,176.331692
2855,1704,2012-01-24T11:56:37Z,midnight,40.082626,177.840025
2855,1705,2012-01-24T23:55:01.5Z,noon,40.87183,178.237942
2855,1706,2012-01-25T11:59:41Z,midnight,43.540583,177.011251
2855,1707,2012-01-25T23:54:24.5Z,noon,45.888634,178.330001
2855,1708,2012-01-26T11:46:15.5Z,midnight,42.653313,-179.69163
2855,1709,2012-01-26T23:41:22.5Z,noon,44.931469,-178.470797
2855,1710,2012-01-27T11:42:58.5Z,midnight,46.141143,-178.926909
2855,1711,2012-01-27T23:53:05Z,noon,41.337996,178.546008
2855,1712,2012-01-28T11:49:09.5Z,midnight,39.769235,179.474206
2855,1713,2012-01-28T23:43:51.5Z,noon,42.537923,-179.200794
2855,1714,2012-01-29T11:40:07.5Z,midnight,41.126075,-178.317417
2855,1715,2012-01-29T23:05:07.5Z,noon,46.126075,-169.567417
2855,1716,2012-01-30T10:48:00Z,midnight,50.053248,-165.332994
2855,1717,2012-01-30T22:53:45.5Z,noon,47.603259,-166.772578
2855,1718,2012-01-31T10:56:05.5Z,midnight,49.206767,-167.399579
2855,1719,2012-01-31T22:46:05Z,noon,53.167272,-164.897496
2855,1720,2012-02-01T10:39:30Z,midnight,51.241226,-163.292146
2855,1721,2012-02-01T22:38:00Z,noon,51.84139,-162.917146
2855,1722,2012-02-02T10:13:30Z,midnight,46.84139,-156.829422
2855,1723,2012-02-02T22:07:00Z,noon,44.171638,-155.204422
2855,1724,2012-02-03T10:13:00Z,midnight,47.87169,-156.738471
2855,1725,2012-02-03T21:35:00Z,noon,52.87169,-147.238471
2855,1726,2012-02-04T09:26:30Z,midnight,57.87169,-145.144279
2855,1727,2012-02-04T22:02:00Z,noon,52.87169,-154.019279
2855,1728,2012-02-05T10:09:30Z,midnight,49.975009,-155.921833
2855,1729,2012-02-05T21:34:30Z,noon,54.975009,-147.171833
2855,1730,2012-02-06T09:20:30Z,midnight,58.90517,-143.696125
2855,1731,2012-02-06T21:55:00Z,noon,53.90517,-152.321125
2855,1732,2012-02-07T10:04:00Z,midnight,49.261141,-154.592151
2855,1733,2012-02-07T21:24:00Z,noon,54.261141,-144.592151
2855,1734,2012-02-08T09:03:30Z,midnight,58.374767,-139.48491
2855,1735,2012-02-08T20:39:00Z,noon,63.374767,-133.35991
2855,1736,2012-02-09T08:53:00Z,midnight,68.374767,-136.874403
2855,1737,2012-02-09T21:43:00Z,noon,63.374767,-149.374403
2855,1738,2012-02-10T09:22:30Z,midnight,58.374767,-144.260638
2855,1739,2012-02-10T21:16:00Z,noon,53.374767,-142.635638
2855,1740,2012-02-11T09:09:30Z,midnight,48.374767,-141.018624
2855,1741,2012-02-11T21:01:00Z,noon,50.517378,-138.893624
2855,1742,2012-02-12T09:04:30Z,midnight,53.32859,-139.773374
2855,1743,2012-02-12T19:49:00Z,noon,58.32859,-124.773374
2855,1744,2012-02-13T07:59:15Z,midnight,63.32859,-123.462405
2855,1745,2012-02-13T21:24:19.5Z,noon,58.32859,-138.462405
2855,1746,2012-02-14T09:19:19.5Z,midnight,53.32859,-143.479488
2855,1747,2012-02-14T21:24:45.5Z,noon,49.750571,-144.837821
2855,1748,2012-02-15T09:18:55.5Z,midnight,46.8468,-143.374645
2855,1749,2012-02-15T21:18:01.5Z,noon,47.496347,-143.149645
2855,1750,2012-02-16T09:16:39Z,midnight,47.618613,-142.797906
2855,1751,2012-02-16T21:19:29.5Z,noon,45.442095,-143.508322
2855,1752,2012-02-17T09:17:07Z,midnight,44.663105,-142.903465
2855,1753,2012-02-17T21:15:02Z,noon,46.376896,-142.382632
2855,1754,2012-02-18T09:09:32Z,midnight,42.856755,-140.993442
2855,1755,2012-02-18T21:02:45Z,noon,47.856755,-139.297609
2855,1756,2012-02-19T09:06:51Z,midnight,52.856755,-140.305373
2855,1757,2012-02-19T21:14:39Z,noon,47.856755,-142.255373
2855,1758,2012-02-20T09:12:48Z,midnight,46.619091,-141.772632
2855,1759,2012-02-21T21:14:44Z,noon,44.52632,-142.232763
2855,1760,2012-02-22T09:38:25.5Z,midnight,49.52632,-148.129562
2855,1761,2012-02-22T21:49:40Z,noon,54.52632,-150.939979
2855,1762,2012-02-23T09:43:21Z,midnight,53.555298,-149.33183
2855,1763,2012-02-24T10:06:08Z,midnight,57.632427,-154.99587
2855,1764,2012-02-26T10:32:50Z,midnight,57.742476,-161.599074
2855,1765,2012-02-27T22:39:56Z,noon,56.612911,-163.334191
2855,1766,2012-02-28T10:39:43.5Z,midnight,58.906755,-163.239654
2855,1767,2012-02-29T22:30:21Z,noon,63.906755,-160.850946
2855,1768,2012-03-01T10:44:00Z,midnight,68.906755,-164.216054
2855,1769,2012-03-01T22:53:00Z,noon,70,-166.466054
2855,1770,2012-03-02T10:50:30Z,midnight,70,-165.791298
2855,1771,2012-03-02T22:36:30Z,noon,70,-162.291298
2855,1772,2012-03-03T10:24:30Z,midnight,70,-159.239254
2855,1773,2012-03-03T22:14:30Z,noon,70,-156.739254
2855,1774,2012-03-04T10:10:30Z,midnight,70,-155.684999
2855,1800,2012-04-01T08:45:00Z,midnight,7.245407,-132.254763
2855,1801,2012-04-01T20:55:30Z,noon,12.245407,-134.879763
2855,1802,2012-04-03T22:09:00Z,noon,17.245407,-149.879763
2855,1803,2012-04-04T10:19:00Z,midnight,12.245407,-155.520837
2855,1804,2012-04-04T22:16:30Z,noon,7.245407,-154.895837
2855,1805,2012-04-05T10:21:00Z,midnight,2.245407,-155.94433
2855,1806,2012-04-05T22:18:30Z,noon,-2.754593,-155.31933
2855,1807,2012-04-06T09:55:30Z,midnight,2.245407,-149.493708
2855,1808,2012-04-06T21:33:30Z,noon,-2.754593,-143.993708
2855,1809,2012-04-07T09:17:00Z,midnight,2.245407,-139.794059
2855,1810,2012-04-07T21:08:30Z,noon,7.245407,-137.669059
2855,1811,2012-04-08T09:18:30Z,midnight,2.245407,-140.095469
2855,1812,2012-04-08T21:24:30Z,noon,-0.539799,-141.595469
2855,1813,2012-04-09T09:18:00Z,midnight,4.460201,-139.898022
2855,1814,2012-04-09T21:13:30Z,noon,3.093929,-138.773022
2855,1815,2012-04-10T09:10:30Z,midnight,7.847977,-137.951802
2855,1816,2012-04-10T21:19:00Z,noon,12.847977,-140.076802
2855,1817,2012-04-11T09:31:00Z,midnight,7.847977,-143.00689
2855,1818,2012-04-11T21:45:30Z,noon,12.847977,-146.63189
2855,1819,2012-04-12T09:50:00Z,midnight,16.077137,-147.688363
2855,1820,2012-04-12T21:45:45Z,noon,11.077137,-146.625863
2855,1821,2012-04-13T09:53:31Z,midnight,6.077137,-148.500465
2855,1822,2012-04-13T21:53:03.5Z,noon,1.077137,-148.385882
2855,1823,2012-04-14T09:28:44Z,midnight,6.077137,-142.239104
2855,1824,2012-04-14T21:34:24Z,noon,11.077137,-143.655771
2855,1825,2012-04-16T10:05:38Z,midnight,11.849937,-151.337944
2855,1826,2012-04-16T22:14:40Z,noon,16.849937,-153.596278
2855,1827,2012-04-17T10:11:17.5Z,midnight,21.849937,-152.692032
2855,1828,2012-04-17T22:01:23Z,noon,16.849937,-150.214949
2855,1829,2012-04-18T09:54:17.5Z,midnight,21.04928,-148.383346
2855,1830,2012-04-18T22:13:06.5Z,noon,26.04928,-153.087513
2855,1831,2012-04-19T10:15:08Z,midnight,31.04928,-153.536948
2855,1832,2012-04-19T22:16:19Z,noon,34.547887,-153.832782
2855,1833,2012-04-20T10:08:15.5Z,midnight,38.682528,-151.763314
2855,1834,2012-04-20T19:28:00Z,noon,33.682528,-136.763314
2855,1835,2012-04-21T07:32:00Z,midnight,28.682528,-121.763314
2855,1836,2012-04-21T22:10:07.5Z,noon,33.682528,-136.763314
2855,1837,2012-04-22T10:09:05Z,midnight,34.444313,-151.763314
2855,1838,2012-04-22T22:10:36Z,noon,35.346069,-152.244977
2855,1839,2012-04-23T10:03:33.5Z,midnight,38.586297,-150.435794
2855,1840,2012-04-23T21:50:25Z,noon,33.586297,-147.150378
2855,1841,2012-04-24T09:35:25Z,midnight,38.586297,-143.35375
2855,1842,2012-04-24T21:03:21Z,noon,33.586297,-135.337083
2855,1843,2012-04-25T08:53:00.5Z,midnight,28.586297,-132.707222
2855,1844,2012-04-25T21:06:59Z,noon,33.586297,-136.200972
2855,1845,2012-04-26T08:46:46Z,midnight,38.586297,-131.104585
2855,1846,2012-04-26T20:34:11.5Z,noon,37.691851,-127.960835
2855,1847,2012-04-27T08:34:11.5Z,midnight,37.133527,-127.920878
2855,1848,2012-04-27T20:18:21.5Z,noon,32.133527,-123.962544
2855,1849,2012-04-28T08:24:25Z,midnight,27.133527,-125.439468
2855,1850,2012-04-28T20:39:25Z,noon,32.133527,-129.189468
2855,1851,2012-04-29T09:03:48Z,midnight,27.133527,-135.249972
2855,1852,2012-04-29T21:19:38Z,noon,27.462177,-139.208305
2855,1853,2012-04-30T09:46:00.5Z,midnight,22.462177,-145.769084
2855,1854,2012-04-30T22:04:55.5Z,noon,22.086887,-150.498251
2855,1855,2012-05-01T10:13:30Z,midnight,17.086887,-152.611414
2855,1856,2012-05-01T22:24:30Z,noon,22.086887,-155.361414
2855,1857,2012-05-02T10:21:00Z,midnight,25.183086,-154.458233
2855,1858,2012-05-02T22:06:30Z,noon,20.183086,-150.833233
2855,1859,2012-05-03T09:53:30Z,midnight,23.838997,-147.557478
2855,1860,2012-05-03T21:58:30Z,noon,26.898546,-148.807478
2855,1861,2012-05-04T10:11:30Z,midnight,21.898546,-152.034163
2855,1862,2012-05-04T22:09:00Z,noon,16.898546,-151.409163
2855,1863,2012-05-05T10:08:00Z,midnight,16.810799,-151.138302
2855,1864,2012-05-05T22:19:30Z,noon,21.810799,-154.013302
2855,1865,2012-05-06T10:29:00Z,midnight,17.894468,-156.369902
2855,1866,2012-05-06T22:43:30Z,noon,22.894468,-159.994902
2855,1867,2012-05-07T10:48:30Z,midnight,23.605914,-161.228969
2855,1868,2012-05-07T23:03:30Z,noon,28.605914,-164.978969
2855,1869,2012-05-08T11:09:30Z,midnight,28.280253,-166.465506
2855,1870,2012-05-08T23:15:30Z,noon,31.304221,-167.965506
2855,1871,2012-05-09T11:04:30Z,midnight,35.846214,-165.204511
2855,1872,2012-05-09T23:09:30Z,noon,37.8509,-166.454511
2855,1873,2012-05-10T11:09:30Z,midnight,37.461288,-166.445979
2855,1874,2012-05-10T23:04:30Z,noon,35.461059,-165.195979
2855,1875,2012-05-11T10:59:00Z,midnight,37.275786,-163.814903
2855,1876,2012-05-11T22:58:00Z,noon,36.88978,-163.564903
2855,1877,2012-05-12T10:54:00Z,midnight,38.034832,-162.561272
2855,1878,2012-05-12T22:53:29.5Z,noon,37.847195,-162.434188
2855,1879,2012-05-13T10:53:23Z,midnight,37.530131,-162.405903
2855,1880,2012-05-13T22:54:21Z,noon,37.884846,-162.64757
2855,1881,2012-05-14T11:03:34Z,midnight,33.976378,-164.952947
2855,1882,2012-05-14T23:08:37Z,noon,35.979946,-166.215447
2855,1883,2012-05-15T10:39:17.5Z,midnight,40.979946,-158.887798
2855,1884,2012-05-15T22:51:14Z,noon,45.979946,-161.873214
2855,1885,2012-05-16T10:49:59Z,midnight,47.931838,-161.566682
2855,1886,2012-05-16T23:02:51.5Z,noon,50.621294,-164.785432
2855,1887,2012-05-17T11:01:43.5Z,midnight,50.533917,-164.510404
2855,1888,2012-05-17T22:57:13.5Z,noon,49.649885,-163.385404
2855,1889,2012-05-18T10:53:21.5Z,midnight,50.115616,-162.429352
2855,1890,2012-05-18T22:34:34Z,noon,46.049018,-157.731436
2855,1891,2012-05-19T10:32:07Z,midnight,46.336758,-157.131824
2855,1892,2012-05-19T22:30:24.5Z,noon,45.931317,-156.704741
2855,1893,2012-05-20T10:39:34.5Z,midnight,43.319182,-159.011534
2855,1894,2012-05-20T22:39:09.5Z,noon,43.207314,-158.907367
2855,1895,2012-05-21T10:23:53.5Z,midnight,46.688193,-155.108025
2855,1896,2012-05-21T22:39:14Z,noon,49.84691,-158.943441
2855,1897,2012-05-22T11:03:21.5Z,midnight,44.84691,-164.99417
2855,1898,2012-05-22T22:48:21.5Z,noon,40.243878,-161.24417
2855,1899,2012-05-23T10:52:33Z,midnight,38.703673,-162.313675
2855,1900,2012-05-23T22:58:07.5Z,noon,40.39233,-163.707425
2855,1901,2012-05-24T11:01:25Z,midnight,39.158406,-164.55399
2855,1902,2012-05-24T23:16:36Z,noon,43.393099,-168.349823
2855,1903,2012-05-25T11:20:12Z,midnight,42.214017,-169.27548
2855,1904,2012-05-25T23:07:20.5Z,noon,38.5268,-166.060897
2855,1905,2012-05-26T10:58:28Z,midnight,40.897532,-163.869759
2855,1906,2012-05-26T22:46:14Z,noon,37.239437,-160.811426
2855,1907,2012-05-27T10:45:52Z,midnight,37.13598,-160.74927
2855,1908,2012-05-27T22:46:02Z,noon,37.189085,-160.790937
2855,1909,2012-05-28T10:45:47.5Z,midnight,37.054269,-160.76187
2855,1910,2012-05-28T22:46:05.5Z,noon,37.149231,-160.83687
2855,1911,2012-05-29T10:49:19Z,midnight,35.910017,-161.676246
2855,1912,2012-05-29T22:54:53.5Z,noon,37.678649,-163.069996
2855,1913,2012-05-30T10:54:00Z,midnight,37.756906,-162.88192
2855,1914,2012-05-30T22:53:47.5Z,noon,37.693503,-162.829836
2855,1915,2012-05-31T10:49:56.5Z,midnight,38.655307,-161.903823
2855,1916,2012-05-31T22:49:41.5Z,noon,38.582308,-161.841323
2855,1917,2012-06-01T11:04:30Z,midnight,33.70209,-165.581471
2855,1918,2012-06-01T23:08:00Z,noon,34.884276,-166.456471