"Tag","Point number","datetime","type","latitude","longitude","prev_lat","prev_long","colony_lat","colony_long","correct_step_distance"
5,1,"2014-06-25T22:24:23Z","noon",21.214705,-156.679724,21.5752667,-158.2733528,21.5752667,-158.2733528,169.792218716881
5,2,"2014-06-26T10:24:02Z","midnight",21.402426,-156.643481,21.214705,-156.679724,21.5752667,-158.2733528,21.2085978136516
5,3,"2014-06-26T22:37:03Z","noon",26.402426,-159.897647,21.402426,-156.643481,21.5752667,-158.2733528,646.861802612552
5,4,"2014-06-27T10:46:24.5Z","midnight",23.132138,-162.287919,26.402426,-159.897647,21.5752667,-158.2733528,436.40623764014
5,5,"2014-06-27T22:51:53Z","noon",25.578923,-163.656669,23.132138,-162.287919,21.5752667,-158.2733528,305.355398516627
5,6,"2014-06-28T10:47:26.5Z","midnight",27.518704,-162.596284,25.578923,-163.656669,21.5752667,-158.2733528,240.098218693058
5,7,"2014-06-28T22:49:10.5Z","noon",28.238697,-163.029617,27.518704,-162.596284,21.5752667,-158.2733528,90.6839439658098
5,8,"2014-06-29T10:49:43Z","midnight",28.065329,-163.214317,28.238697,-163.029617,21.5752667,-158.2733528,26.4486137867042
5,9,"2014-06-29T22:45:46Z","noon",26.396832,-162.226817,28.065329,-163.214317,21.5752667,-158.2733528,209.647668953616
5,10,"2014-06-30T10:50:05.5Z","midnight",24.551847,-163.356516,26.396832,-162.226817,21.5752667,-158.2733528,234.406233626045
5,11,"2014-06-30T22:55:17Z","noon",26.82483,-164.654432,24.551847,-163.356516,21.5752667,-158.2733528,284.237093248049
5,12,"2014-07-01T10:52:00Z","midnight",28.272676,-163.881125,26.82483,-164.654432,21.5752667,-158.2733528,178.130534292
5,13,"2014-07-01T22:56:30Z","noon",30.098753,-165.006125,28.272676,-163.881125,21.5752667,-158.2733528,230.553444554264
5,14,"2014-07-02T11:04:00Z","midnight",27.082345,-166.927642,30.098753,-165.006125,21.5752667,-158.2733528,384.292195630804
5,15,"2014-07-02T23:11:00Z","noon",29.976337,-168.677642,27.082345,-166.927642,21.5752667,-158.2733528,364.375311619883
5,16,"2014-07-03T11:03:00Z","midnight",33.134053,-166.723065,29.976337,-168.677642,21.5752667,-158.2733528,396.947366398132
5,17,"2014-07-03T23:01:00Z","noon",32.389343,-166.223065,33.134053,-166.723065,21.5752667,-158.2733528,95.0945669278316
5,18,"2014-07-04T11:05:00Z","midnight",30.947287,-167.26731,32.389343,-166.223065,21.5752667,-158.2733528,188.353898492817
5,19,"2014-07-04T23:12:00Z","noon",33.598599,-169.01731,30.947287,-167.26731,21.5752667,-158.2733528,337.599071307005
5,20,"2014-07-05T11:16:30Z","midnight",32.020593,-170.185296,33.598599,-169.01731,21.5752667,-158.2733528,206.643754183744
5,21,"2014-07-05T23:14:00Z","noon",31.05001,-169.560296,32.020593,-170.185296,21.5752667,-158.2733528,123.109614945961
5,22,"2014-07-06T11:09:30Z","midnight",32.893293,-168.476941,31.05001,-169.560296,21.5752667,-158.2733528,229.021788009932
5,23,"2014-07-06T23:05:30Z","noon",31.357727,-167.476941,32.893293,-168.476941,21.5752667,-158.2733528,194.990336832434
5,24,"2014-07-07T11:11:30Z","midnight",29.047928,-169.017165,31.357727,-167.476941,21.5752667,-158.2733528,296.425535351408
5,25,"2014-07-07T23:20:00Z","noon",32.446887,-171.142165,29.047928,-169.017165,21.5752667,-158.2733528,429.018392990438
5,26,"2014-07-08T11:18:30Z","midnight",33.147955,-170.805892,32.446887,-171.142165,21.5752667,-158.2733528,84.0530138467921
5,27,"2014-07-08T23:18:30Z","noon",33.147955,-170.805892,33.147955,-170.805892,21.5752667,-158.2733528,0
5,28,"2014-07-09T11:13:30Z","midnight",35.128107,-169.593046,33.147955,-170.805892,21.5752667,-158.2733528,246.85480405498
5,29,"2014-07-09T23:17:00Z","noon",36.357524,-170.468046,35.128107,-169.593046,21.5752667,-158.2733528,157.872719442162
5,30,"2014-07-10T11:22:00Z","midnight",34.738696,-171.753553,36.357524,-170.468046,21.5752667,-158.2733528,214.302407083819
5,31,"2014-07-10T23:15:00Z","noon",32.087951,-170.003553,34.738696,-171.753553,21.5752667,-158.2733528,336.524791302159
5,32,"2014-07-11T11:10:00Z","midnight",34.161496,-168.787342,32.087951,-170.003553,21.5752667,-158.2733528,256.876543653185
5,33,"2014-07-11T23:21:30Z","noon",38.19258,-171.662342,34.161496,-168.787342,21.5752667,-158.2733528,517.134894733183
5,34,"2014-07-12T11:28:30Z","midnight",35.972385,-173.444343,38.19258,-171.662342,21.5752667,-158.2733528,293.131737468333
5,35,"2014-07-12T23:30:34.5Z","noon",36.702209,-173.963093,35.972385,-173.444343,21.5752667,-158.2733528,93.5132951682176
5,36,"2014-07-13T11:28:54.5Z","midnight",37.459702,-173.576571,36.702209,-173.963093,21.5752667,-158.2733528,90.9407552964849
5,37,"2014-07-13T23:14:58Z","noon",32.459702,-170.091154,37.459702,-173.576571,21.5752667,-158.2733528,640.177124435167
5,38,"2014-07-14T11:10:58Z","midnight",34.052331,-169.119378,32.459702,-170.091154,21.5752667,-158.2733528,198.809793808852
5,39,"2014-07-14T23:20:48.5Z","noon",37.618468,-171.579795,34.052331,-169.119378,21.5752667,-158.2733528,454.303330460938
5,40,"2014-07-15T11:24:23.5Z","midnight",36.566191,-172.501869,37.618468,-171.579795,21.5752667,-158.2733528,142.754982236523
5,41,"2014-07-15T23:30:07.5Z","noon",38.549614,-173.935203,36.566191,-172.501869,21.5752667,-158.2733528,254.164123757728
5,42,"2014-07-16T11:34:34Z","midnight",37.235532,-175.069817,38.549614,-173.935203,21.5752667,-158.2733528,176.811714946146
5,43,"2014-07-16T23:43:59.5Z","noon",40.38542,-177.426067,37.235532,-175.069817,21.5752667,-158.2733528,405.368757588809
5,44,"2014-07-17T11:43:25Z","midnight",40.791655,-177.304413,40.38542,-177.426067,21.5752667,-158.2733528,46.3246131714446
5,45,"2014-07-17T23:32:35Z","noon",37.160547,-174.59608,40.791655,-177.304413,21.5752667,-158.2733528,466.664711678819
5,46,"2014-07-18T11:39:18Z","midnight",34.89399,-176.295186,37.160547,-174.59608,21.5752667,-158.2733528,294.715423437448
5,47,"2014-07-18T23:46:52Z","noon",37.693186,-178.186853,34.89399,-176.295186,21.5752667,-158.2733528,354.410906058896
5,48,"2014-07-19T11:50:22Z","midnight",36.667428,-179.079584,37.693186,-178.186853,21.5752667,-158.2733528,138.795472636982
5,49,"2014-07-19T23:53:20Z","noon",37.744405,-179.821251,36.667428,-179.079584,21.5752667,-158.2733528,136.583958388047
5,50,"2014-07-20T11:48:41.5Z","midnight",39.6087,-178.676307,37.744405,-179.821251,21.5752667,-158.2733528,229.889506594725
5,51,"2014-07-20T23:57:09.5Z","noon",42.330225,179.207027,39.6087,-178.676307,21.5752667,-158.2733528,350.912504647075
5,52,"2014-07-21T11:53:43Z","midnight",43.625314,-179.945725,42.330225,179.207027,21.5752667,-158.2733528,159.649829857411
5,53,"2014-07-21T23:35:55Z","noon",38.625314,-175.495725,43.625314,-179.945725,21.5752667,-158.2733528,669.116711362839
5,54,"2014-07-22T11:38:47Z","midnight",37.014081,-176.22321,38.625314,-175.495725,21.5752667,-158.2733528,190.213461970712
5,55,"2014-07-22T23:56:03.5Z","noon",42.014081,179.45804,37.014081,-176.22321,21.5752667,-158.2733528,667.884424015163
5,56,"2014-07-23T11:52:25Z","midnight",44.260292,-179.639972,42.014081,179.45804,21.5752667,-158.2733528,260.264592987085
5,57,"2014-07-23T23:53:08.5Z","noon",44.471028,-179.821222,44.260292,-179.639972,21.5752667,-158.2733528,27.5078906560708
5,58,"2014-07-24T11:56:47Z","midnight",43.689585,179.26236,44.471028,-179.821222,21.5752667,-158.2733528,113.615550510225
5,59,"2014-07-24T23:56:47Z","noon",43.689585,179.26236,43.689585,179.26236,21.5752667,-158.2733528,0
5,60,"2014-07-25T11:56:33Z","midnight",44.066963,179.317155,43.689585,179.26236,21.5752667,-158.2733528,42.1917199097307
5,61,"2014-07-26T00:02:41Z","noon",45.848396,177.782777,44.066963,179.317155,21.5752667,-158.2733528,231.968346577487
5,62,"2014-07-26T12:07:08Z","midnight",44.886842,176.670277,45.848396,177.782777,21.5752667,-158.2733528,137.783268409364
5,63,"2014-07-27T00:09:37.5Z","noon",45.611224,176.048839,44.886842,176.670277,21.5752667,-158.2733528,94.0982482402933
5,64,"2014-07-27T12:09:37.5Z","midnight",45.938518,176.048839,45.611224,176.048839,21.5752667,-158.2733528,36.3934323212047
5,65,"2014-07-28T00:12:08Z","noon",46.644375,175.425782,45.938518,176.048839,21.5752667,-158.2733528,91.9344737955434
5,66,"2014-07-28T12:13:31Z","midnight",46.595376,175.079949,46.644375,175.425782,21.5752667,-158.2733528,26.9682581324139
5,67,"2014-07-29T00:12:14Z","noon",46.231065,175.407379,46.595376,175.079949,21.5752667,-158.2733528,47.6562807292031
5,68,"2014-07-29T12:23:11Z","midnight",43.214891,172.669879,46.231065,175.407379,21.5752667,-158.2733528,399.01303402346
5,69,"2014-07-30T00:29:44Z","noon",45.285032,171.041565,43.214891,172.669879,21.5752667,-158.2733528,264.196845417311
5,70,"2014-07-30T12:31:37.5Z","midnight",45.066319,170.568648,45.285032,171.041565,21.5752667,-158.2733528,44.3351372343557
5,71,"2014-07-31T00:37:40Z","noon",46.867344,169.070022,45.066319,170.568648,21.5752667,-158.2733528,231.337089523659
5,72,"2014-07-31T12:30:59.5Z","midnight",49.064908,170.738772,46.867344,169.070022,21.5752667,-158.2733528,274.112519631913
5,73,"2014-08-01T00:17:03Z","noon",45.055821,174.238595,49.064908,170.738772,21.5752667,-158.2733528,518.528149394605
5,74,"2014-08-01T12:11:30Z","midnight",47.122841,175.626095,45.055821,174.238595,21.5752667,-158.2733528,253.517305018433
5,75,"2014-08-02T00:17:00Z","noon",48.671908,174.268128,47.122841,175.626095,21.5752667,-158.2733528,199.788996465171
5,76,"2014-08-02T12:17:30Z","midnight",48.925803,174.143128,48.671908,174.268128,21.5752667,-158.2733528,29.6792926646798
5,77,"2014-08-03T00:18:00Z","noon",49.061654,174.037791,48.925803,174.143128,21.5752667,-158.2733528,16.9485664190156
5,78,"2014-08-03T12:18:30Z","midnight",49.32673,173.912791,49.061654,174.037791,21.5752667,-158.2733528,30.8429186921903
5,79,"2014-08-04T00:14:30Z","noon",48.209131,174.935087,49.32673,173.912791,21.5752667,-158.2733528,145.106808257565
5,80,"2014-08-04T12:18:00Z","midnight",47.597084,174.060087,48.209131,174.935087,21.5752667,-158.2733528,94.2647161852381
5,81,"2014-08-05T00:09:30Z","noon",44.884939,176.210014,47.597084,174.060087,21.5752667,-158.2733528,343.893397147782
5,82,"2014-08-05T12:06:00Z","midnight",46.472325,177.085014,44.884939,176.210014,21.5752667,-158.2733528,189.143730294728
5,83,"2014-08-05T23:59:30Z","noon",44.281437,178.710014,46.472325,177.085014,21.5752667,-158.2733528,274.681666462778
5,84,"2014-08-06T11:48:00Z","midnight",48.466229,-178.387432,44.281437,178.710014,21.5752667,-158.2733528,515.767568943203
5,85,"2014-08-06T23:28:00Z","noon",43.466229,-173.387432,48.466229,-178.387432,21.5752667,-158.2733528,676.758305714798
5,86,"2014-08-07T11:17:30Z","midnight",45.881207,-170.732259,43.466229,-173.387432,21.5752667,-158.2733528,340.823711196107
5,87,"2014-08-07T23:21:30Z","noon",47.211111,-171.732259,45.881207,-170.732259,21.5752667,-158.2733528,166.479774057805
5,88,"2014-08-08T11:16:30Z","midnight",49.233453,-170.44948,47.211111,-171.732259,21.5752667,-158.2733528,244.12040446915
5,89,"2014-08-08T23:07:30Z","noon",46.352446,-168.19948,49.233453,-170.44948,21.5752667,-158.2733528,361.728325289193
5,90,"2014-08-09T11:03:00Z","midnight",48.321366,-167.039109,46.352446,-168.19948,21.5752667,-158.2733528,235.741959727681
5,91,"2014-08-09T22:58:00Z","noon",46.665554,-165.789109,48.321366,-167.039109,21.5752667,-158.2733528,206.679284541499
5,92,"2014-08-10T11:04:00Z","midnight",45.008707,-167.251164,46.665554,-165.789109,21.5752667,-158.2733528,216.255857612773
5,93,"2014-08-10T23:03:30Z","noon",44.820068,-167.126164,45.008707,-167.251164,21.5752667,-158.2733528,23.1703359878314
5,94,"2014-08-11T11:06:30Z","midnight",44.173491,-167.835668,44.820068,-167.126164,21.5752667,-158.2733528,91.2996758358003
5,95,"2014-08-11T23:02:30Z","noon",42.536922,-166.835668,44.173491,-167.835668,21.5752667,-158.2733528,199.126208536025
5,96,"2014-08-12T10:57:00Z","midnight",45.291891,-165.417646,42.536922,-166.835668,21.5752667,-158.2733528,326.704075465907
5,97,"2014-08-12T23:01:27Z","noon",46.954379,-166.530146,45.291891,-165.417646,21.5752667,-158.2733528,203.770668219247
5,98,"2014-08-13T11:02:14Z","midnight",47.21313,-166.680458,46.954379,-166.530146,21.5752667,-158.2733528,30.9409497393124
5,99,"2014-08-13T22:52:48Z","noon",43.502698,-164.322125,47.21313,-166.680458,21.5752667,-158.2733528,451.803498647925
5,100,"2014-08-14T10:49:23.5Z","midnight",45.471084,-163.422055,43.502698,-164.322125,21.5752667,-158.2733528,230.221811518486
5,101,"2014-08-14T22:54:13.5Z","noon",47.333627,-164.630388,45.471084,-163.422055,21.5752667,-158.2733528,226.8785769458
5,102,"2014-08-15T11:04:16Z","midnight",43.871632,-167.090387,47.333627,-164.630388,21.5752667,-158.2733528,429.845810644278
5,103,"2014-08-15T22:50:47.5Z","noon",38.871632,-163.721637,43.871632,-167.090387,21.5752667,-158.2733528,622.857148236463
5,104,"2014-08-16T10:45:17.5Z","midnight",40.738916,-162.293826,38.871632,-163.721637,21.5752667,-158.2733528,240.79646768807
5,105,"2014-08-16T23:01:20Z","noon",45.738916,-166.304243,40.738916,-162.293826,21.5752667,-158.2733528,643.724817431488
5,106,"2014-08-17T11:11:00Z","midnight",44.376383,-168.665748,45.738916,-166.304243,21.5752667,-158.2733528,239.482856154284
5,107,"2014-08-17T23:10:35Z","noon",44.188962,-168.561581,44.376383,-168.665748,21.5752667,-158.2733528,22.4293777211361
5,108,"2014-08-18T11:21:44.5Z","midnight",39.24993,-171.293696,44.188962,-168.561581,21.5752667,-158.2733528,594.072863909015
5,109,"2014-08-18T23:29:27Z","noon",43.217411,-173.220779,39.24993,-171.293696,21.5752667,-158.2733528,469.636130984938
5,110,"2014-08-19T11:22:53.5Z","midnight",46.836219,-171.521468,43.217411,-173.220779,21.5752667,-158.2733528,423.946966392641
5,111,"2014-08-19T23:22:45.5Z","noon",46.779392,-171.488135,46.836219,-171.521468,21.5752667,-158.2733528,6.80910573699472
5,112,"2014-08-20T11:24:04.5Z","midnight",46.880412,-171.755366,46.779392,-171.488135,21.5752667,-158.2733528,23.2266926967052
5,113,"2014-08-20T23:25:18.5Z","noon",47.4119,-172.063699,46.880412,-171.755366,21.5752667,-158.2733528,63.532592860941
5,114,"2014-08-21T11:21:28.5Z","midnight",49.668944,-171.041276,47.4119,-172.063699,21.5752667,-158.2733528,262.009750591125
5,115,"2014-08-21T23:19:07.5Z","noon",48.719573,-170.453776,49.668944,-171.041276,21.5752667,-158.2733528,113.869751719492
5,116,"2014-08-22T11:35:45Z","midnight",43.719573,-174.543838,48.719573,-170.453776,21.5752667,-158.2733528,638.619733156792
5,117,"2014-08-22T23:47:29.5Z","noon",47.319574,-177.479255,43.719573,-174.543838,21.5752667,-158.2733528,460.943091409931
5,118,"2014-08-23T11:53:18.5Z","midnight",45.281277,-178.865196,47.319574,-177.479255,21.5752667,-158.2733528,250.399804056888
5,119,"2014-08-23T23:53:01Z","noon",45.133743,-178.79228,45.281277,-178.865196,21.5752667,-158.2733528,17.3711214720391
5,120,"2014-08-24T12:19:24.5Z","midnight",40.133743,174.680004,45.133743,-178.79228,21.5752667,-158.2733528,770.38109502181
5,121,"2014-08-25T00:14:54Z","noon",35.133743,175.879198,40.133743,174.680004,21.5752667,-158.2733528,565.896774848578
5,122,"2014-08-25T11:58:14Z","midnight",38.293834,-179.954135,35.133743,175.879198,21.5752667,-158.2733528,511.174531093935
5,123,"2014-08-26T00:02:47.5Z","noon",41.263294,178.980234,38.293834,-179.954135,21.5752667,-158.2733528,342.507828302569
5,124,"2014-08-26T11:59:25Z","midnight",44.099874,179.823984,41.263294,178.980234,21.5752667,-158.2733528,322.86067405201
5,125,"2014-08-27T00:00:16Z","noon",44.585166,179.687209,44.099874,179.823984,21.5752667,-158.2733528,55.0472676454444
5,126,"2014-08-27T11:58:06Z","midnight",46.623597,-179.771124,44.585166,179.687209,21.5752667,-158.2733528,230.545048434396
5,127,"2014-08-28T00:04:17.5Z","noon",49.735985,178.758382,46.623597,-179.771124,21.5752667,-158.2733528,362.829980857635
5,128,"2014-08-28T12:21:30Z","midnight",44.735985,174.456299,49.735985,178.758382,21.5752667,-158.2733528,643.64322891706
5,129,"2014-08-29T00:19:00Z","noon",39.735985,175.160345,44.735985,174.456299,21.5752667,-158.2733528,558.981163617765
5,130,"2014-08-29T12:17:03Z","midnight",41.298308,175.647845,39.735985,175.160345,21.5752667,-158.2733528,178.542225956322
5,131,"2014-08-30T00:12:43.5Z","noon",38.095531,176.809686,41.298308,175.647845,21.5752667,-158.2733528,369.734336198876
5,132,"2014-08-30T12:18:50.5Z","midnight",33.845367,175.280519,38.095531,176.809686,21.5752667,-158.2733528,492.20139875726
5,133,"2014-08-31T00:23:22.5Z","noon",37.763748,174.229243,33.845367,175.280519,21.5752667,-158.2733528,445.88900469768
5,134,"2014-08-31T12:28:42.5Z","midnight",34.039798,172.895909,37.763748,174.229243,21.5752667,-158.2733528,431.132397393101
5,135,"2014-09-01T00:23:30Z","noon",29.039798,174.281432,34.039798,172.895909,21.5752667,-158.2733528,571.248728534086
5,136,"2014-09-01T12:24:00Z","midnight",29.147997,174.156432,29.039798,174.281432,21.5752667,-158.2733528,17.0957533415042
5,137,"2014-09-02T00:24:00Z","noon",29.147997,174.24117,29.147997,174.156432,21.5752667,-158.2733528,8.22922076050767
5,138,"2014-09-02T12:14:00Z","midnight",34.147997,176.74117,29.147997,174.24117,21.5752667,-158.2733528,604.178084167909
5,139,"2014-09-03T00:28:00Z","noon",39.147997,173.32712,34.147997,176.74117,21.5752667,-158.2733528,633.806141167103
5,140,"2014-09-03T12:40:30Z","midnight",42.286749,170.20212,39.147997,173.32712,21.5752667,-158.2733528,437.16279772519
5,141,"2014-09-04T00:31:30Z","noon",37.286749,172.539193,42.286749,170.20212,21.5752667,-158.2733528,590.681599460064
5,142,"2014-09-04T12:38:30Z","midnight",32.286749,170.789193,37.286749,172.539193,21.5752667,-158.2733528,578.45309055405
5,143,"2014-09-05T00:53:00Z","noon",37.286749,167.252301,32.286749,170.789193,21.5752667,-158.2733528,642.854577329217
5,144,"2014-09-05T13:03:30Z","midnight",32.755222,164.627301,37.286749,167.252301,21.5752667,-158.2733528,557.638040620982
5,145,"2014-09-07T01:06:30Z","noon",37.755222,164.056248,32.755222,164.627301,21.5752667,-158.2733528,558.383507831112
5,146,"2014-09-07T13:21:30Z","midnight",32.755222,160.306248,37.755222,164.056248,21.5752667,-158.2733528,651.806482596266
5,147,"2014-09-08T01:16:30Z","noon",27.755222,161.6469,32.755222,160.306248,21.5752667,-158.2733528,570.672941680562
5,148,"2014-09-08T13:07:00Z","midnight",32.755222,164.0219,27.755222,161.6469,21.5752667,-158.2733528,600.896200068457
5,149,"2014-09-09T01:02:30Z","noon",27.755222,165.23821,32.755222,164.0219,21.5752667,-158.2733528,568.100628068674
5,150,"2014-09-09T13:04:00Z","midnight",25.445709,164.86321,27.755222,165.23821,21.5752667,-158.2733528,259.49794172544
5,151,"2014-09-10T01:04:00Z","noon",25.445709,164.95508,25.445709,164.86321,21.5752667,-158.2733528,9.22450295002479
5,152,"2014-09-10T12:55:30Z","midnight",30.445709,167.08008,25.445709,164.95508,21.5752667,-158.2733528,593.823547258642
5,153,"2014-09-11T00:55:00Z","noon",35.445709,167.297412,30.445709,167.08008,21.5752667,-158.2733528,556.343849769149
5,154,"2014-09-12T01:39:00Z","noon",31.796122,156.390106,35.445709,167.297412,21.5752667,-158.2733528,1087.63112086924
5,155,"2014-09-12T13:34:00Z","midnight",36.796122,157.640106,31.796122,156.390106,21.5752667,-158.2733528,567.690918520016
5,156,"2014-09-13T01:35:24.5Z","noon",41.796122,157.380978,36.796122,157.640106,21.5752667,-158.2733528,556.420761030089
5,157,"2014-09-14T13:39:02Z","midnight",36.796122,156.567845,41.796122,157.380978,21.5752667,-158.2733528,560.352061315238
5,158,"2014-09-15T13:24:05Z","midnight",34.93351,160.398519,36.796122,156.567845,21.5752667,-158.2733528,402.50586064103
5,159,"2014-09-16T01:38:44Z","noon",39.93351,156.829149,34.93351,160.398519,21.5752667,-158.2733528,638.942153101616
5,160,"2014-09-16T13:55:56.5Z","midnight",34.93351,152.527066,39.93351,156.829149,21.5752667,-158.2733528,673.141231361164
5,161,"2014-09-17T13:35:16.5Z","midnight",36.59977,157.786716,34.93351,152.527066,21.5752667,-158.2733528,509.341382013438
5,162,"2014-09-19T01:38:44Z","noon",31.59977,157.107245,36.59977,157.786716,21.5752667,-158.2733528,559.478356921785
5,163,"2014-09-19T13:19:00Z","midnight",36.59977,162.040578,31.59977,157.107245,21.5752667,-158.2733528,717.700175471472
5,164,"2014-09-20T01:10:42.5Z","noon",41.59977,164.205417,36.59977,162.040578,21.5752667,-158.2733528,586.46226636838
5,165,"2014-09-20T13:25:17.5Z","midnight",36.59977,160.559583,41.59977,164.205417,21.5752667,-158.2733528,638.659451774712
5,166,"2014-09-21T00:57:08Z","noon",31.59977,167.690528,36.59977,160.559583,21.5752667,-158.2733528,859.880708658691
5,167,"2014-09-23T12:49:00Z","midnight",26.59977,169.904487,31.59977,167.690528,21.5752667,-158.2733528,596.087750539265
5,168,"2014-09-24T00:57:41Z","noon",21.59977,167.822713,26.59977,169.904487,21.5752667,-158.2733528,594.73667642621
5,169,"2014-09-25T01:12:33Z","noon",26.59977,164.194134,21.59977,167.822713,21.5752667,-158.2733528,666.794657425388
5,170,"2014-09-25T13:09:45.5Z","midnight",31.59977,164.89205,26.59977,164.194134,21.5752667,-158.2733528,560.089463942858
5,171,"2014-09-26T01:14:04.5Z","noon",36.59977,163.899897,31.59977,164.89205,21.5752667,-158.2733528,563.418730302992
5,172,"2014-10-03T00:50:00Z","noon",41.59977,170.489355,36.59977,163.899897,21.5752667,-158.2733528,794.786168655011
5,173,"2014-10-09T00:41:00Z","noon",46.59977,173.157889,41.59977,170.489355,21.5752667,-158.2733528,595.315480624911
5,174,"2014-10-11T00:05:30Z","noon",51.59977,-177.8456,46.59977,173.157889,21.5752667,-158.2733528,858.048220044972
5,175,"2014-10-12T11:59:00Z","midnight",46.59977,-176.163577,51.59977,-177.8456,21.5752667,-158.2733528,569.2588423676
5,176,"2014-10-13T12:20:50.5Z","midnight",44.239798,178.430441,46.59977,-176.163577,21.5752667,-158.2733528,496.705803922315
5,177,"2014-10-14T00:20:56Z","noon",44.125576,178.459302,44.239798,178.430441,21.5752667,-158.2733528,12.9077261376325
5,178,"2014-10-15T12:34:04.5Z","midnight",44.939346,175.222938,44.125576,178.459302,21.5752667,-158.2733528,271.999875545576
5,179,"2014-10-16T00:27:10Z","noon",49.939346,176.996283,44.939346,175.222938,21.5752667,-158.2733528,571.702264858361
5,180,"2014-10-16T12:12:46Z","midnight",44.939346,-179.403717,49.939346,176.996283,21.5752667,-158.2733528,618.214635429874
5,181,"2014-10-17T00:10:20Z","noon",39.939346,-178.751975,44.939346,-179.403717,21.5752667,-158.2733528,558.535401021636
5,182,"2014-10-17T12:11:40.5Z","midnight",37.744122,-179.087392,39.939346,-178.751975,21.5752667,-158.2733528,245.819651349515
5,183,"2014-10-19T00:27:54.5Z","noon",32.744122,176.932299,37.744122,-179.087392,21.5752667,-158.2733528,662.977458680057
5,184,"2014-10-19T12:46:29.5Z","midnight",37.744122,172.286466,32.744122,176.932299,21.5752667,-158.2733528,697.706429321421
5,185,"2014-10-20T00:45:00.5Z","noon",42.744122,172.691805,37.744122,172.286466,21.5752667,-158.2733528,557.03590493194
5,186,"2014-10-20T12:42:55.5Z","midnight",47.744122,173.212639,42.744122,172.691805,21.5752667,-158.2733528,557.464115892891
5,187,"2014-10-21T00:39:00Z","noon",50.67359,174.225323,47.744122,173.212639,21.5752667,-158.2733528,333.936675955731
5,188,"2014-10-21T12:42:30Z","midnight",51.740937,173.350323,50.67359,174.225323,21.5752667,-158.2733528,133.419611844716
5,189,"2014-10-22T00:52:32Z","noon",46.740937,170.870304,51.740937,173.350323,21.5752667,-158.2733528,584.308313247102
5,190,"2014-10-22T13:09:02Z","midnight",51.740937,166.745304,46.740937,170.870304,21.5752667,-158.2733528,631.249810812469
5,191,"2014-10-23T01:09:00Z","noon",54.335623,166.778789,51.740937,166.745304,21.5752667,-158.2733528,288.524596081922
5,192,"2014-10-23T12:47:30Z","midnight",49.335623,172.153789,54.335623,166.778789,21.5752667,-158.2733528,667.031820999404
5,193,"2014-10-24T00:42:34.5Z","noon",44.335623,173.406987,49.335623,172.153789,21.5752667,-158.2733528,564.065218680316
5,194,"2014-10-24T12:34:02Z","midnight",39.335623,175.542403,44.335623,173.406987,21.5752667,-158.2733528,583.383847224945
5,195,"2014-10-25T00:33:57.5Z","noon",34.335623,175.579861,39.335623,175.542403,21.5752667,-158.2733528,555.98461020411
5,196,"2014-10-25T12:49:00Z","midnight",39.335623,171.819444,34.335623,175.579861,21.5752667,-158.2733528,648.768694001451
5,197,"2014-10-26T00:49:12.5Z","noon",44.335623,171.782793,39.335623,171.819444,21.5752667,-158.2733528,555.982906886141
5,198,"2014-10-26T12:56:42.5Z","midnight",48.705287,169.907793,44.335623,171.782793,21.5752667,-158.2733528,506.577382706761
5,199,"2014-10-27T01:02:28.5Z","noon",45.144858,168.478254,48.705287,169.907793,21.5752667,-158.2733528,410.495301592436
5,200,"2014-10-27T12:54:27Z","midnight",40.144858,170.484504,45.144858,168.478254,21.5752667,-158.2733528,579.63152806714
5,201,"2014-10-28T00:53:38.5Z","noon",39.10243,170.695384,40.144858,170.484504,21.5752667,-158.2733528,117.311307218022
5,202,"2014-10-28T13:04:07.5Z","midnight",44.10243,168.07455,39.10243,170.695384,21.5752667,-158.2733528,597.068502125192
5,203,"2014-10-29T00:55:40Z","noon",49.10243,170.194574,44.10243,168.07455,21.5752667,-158.2733528,579.021578334892
5,204,"2014-10-29T12:45:49.5Z","midnight",44.10243,172.654991,49.10243,170.194574,21.5752667,-158.2733528,586.804542734979
5,205,"2014-10-30T00:54:28Z","noon",39.10243,170.49664,44.10243,172.654991,21.5752667,-158.2733528,584.161180601911
5,206,"2014-10-30T13:04:21Z","midnight",43.591585,168.025807,39.10243,170.49664,21.5752667,-158.2733528,540.03563219956
5,207,"2014-10-31T00:24:00Z","noon",48.591585,178.111981,43.591585,168.025807,21.5752667,-158.2733528,954.791676820602
5,208,"2014-10-31T12:18:57.5Z","midnight",53.591585,179.372398,48.591585,178.111981,21.5752667,-158.2733528,562.875344376884
5,209,"2014-11-01T00:49:27.5Z","noon",48.591585,171.742668,53.591585,179.372398,21.5752667,-158.2733528,769.269581908643
5,210,"2014-11-01T12:35:00Z","midnight",43.591585,175.357252,48.591585,171.742668,21.5752667,-158.2733528,621.755310164038
5,211,"2014-11-02T00:31:00Z","noon",38.591585,176.349109,43.591585,175.357252,21.5752667,-158.2733528,562.140891476626
5,212,"2014-11-02T12:20:00Z","midnight",33.591585,179.099109,38.591585,176.349109,21.5752667,-158.2733528,608.326244489765
5,213,"2014-11-03T00:15:30Z","noon",33.177462,-179.787452,33.591585,179.099109,21.5752667,-158.2733528,113.170870372589
5,214,"2014-11-03T12:05:30Z","midnight",28.177462,-177.287452,33.177462,-179.787452,21.5752667,-158.2733528,605.137924266424
5,215,"2014-11-03T23:46:30Z","noon",33.177462,-172.537452,28.177462,-177.287452,21.5752667,-158.2733528,717.745894844915
5,216,"2014-11-04T11:40:00Z","midnight",33.698902,-170.927434,33.177462,-172.537452,21.5752667,-158.2733528,160.248265750021
5,217,"2014-11-04T23:30:00Z","noon",38.698902,-168.427434,33.698902,-170.927434,21.5752667,-158.2733528,599.453679706062
5,218,"2014-11-05T11:35:00Z","midnight",42.275767,-169.695833,38.698902,-168.427434,21.5752667,-158.2733528,411.925682532613
5,219,"2014-11-05T23:32:00Z","noon",43.856111,-168.945833,42.275767,-169.695833,21.5752667,-158.2733528,185.986251699539
5,220,"2014-11-06T11:18:30Z","midnight",38.856111,-165.592646,43.856111,-168.945833,21.5752667,-158.2733528,622.303562974113
5,221,"2014-11-06T23:19:00Z","noon",35.16202,-165.717646,38.856111,-165.592646,21.5752667,-158.2733528,410.913964942358
5,222,"2014-11-07T11:14:00Z","midnight",31.301718,-164.492863,35.16202,-165.717646,21.5752667,-158.2733528,444.092176406896
5,223,"2014-11-07T23:15:00Z","noon",30.617056,-164.742863,31.301718,-164.492863,21.5752667,-158.2733528,79.7757526346667
5,224,"2014-11-08T11:39:00Z","midnight",35.617056,-170.771471,30.617056,-164.742863,21.5752667,-158.2733528,789.809074800467
5,225,"2014-11-08T23:46:00Z","noon",40.422354,-172.521471,35.617056,-170.771471,21.5752667,-158.2733528,555.845022475283
139,1,"2013-07-16T10:58:17Z","midnight",24.567869,-165.998984,21.5752667,-158.2733528,21.5752667,-158.2733528,857.323850736521
139,2,"2013-07-16T23:09:01Z","noon",29.103971,-168.682317,24.567869,-165.998984,21.5752667,-158.2733528,570.28586989336
139,3,"2013-07-17T11:35:59Z","midnight",24.103971,-175.44608,29.103971,-168.682317,21.5752667,-158.2733528,872.18715617225
139,4,"2013-07-17T23:26:19.5Z","noon",19.103971,-173.031496,24.103971,-175.44608,21.5752667,-158.2733528,609.395350103043
139,5,"2013-07-18T10:36:57Z","midnight",24.103971,-160.707686,19.103971,-173.031496,21.5752667,-158.2733528,1389.25107833278
139,6,"2013-07-18T22:53:46.5Z","noon",29.103971,-164.913936,24.103971,-160.707686,21.5752667,-158.2733528,695.545365435726
139,7,"2013-07-19T10:58:09Z","midnight",34.103971,-166.025417,29.103971,-164.913936,21.5752667,-158.2733528,565.837982397031
139,8,"2013-07-19T22:58:10Z","noon",38.526483,-166.029584,34.103971,-166.025417,21.5752667,-158.2733528,491.761038968349
139,9,"2013-07-20T10:58:39Z","midnight",38.616471,-166.16589,38.526483,-166.029584,21.5752667,-158.2733528,15.5094495651379
139,10,"2013-07-20T22:58:14Z","noon",38.489766,-166.061723,38.616471,-166.16589,21.5752667,-158.2733528,16.7495778364573
139,11,"2013-07-21T11:02:20Z","midnight",37.453594,-167.099891,38.489766,-166.061723,21.5752667,-158.2733528,146.818487412622
139,12,"2013-07-21T22:55:21Z","noon",35.124002,-165.354058,37.453594,-167.099891,21.5752667,-158.2733528,302.615603487268
139,13,"2013-07-22T10:57:41.5Z","midnight",34.547369,-165.950293,35.124002,-165.354058,21.5752667,-158.2733528,84.0973692065466
139,14,"2013-07-22T22:58:42.5Z","noon",34.90896,-166.20446,34.547369,-165.950293,21.5752667,-158.2733528,46.4341031179339
139,15,"2013-07-23T10:48:02Z","midnight",38.718076,-163.544139,34.90896,-166.20446,21.5752667,-158.2733528,485.206970347585
139,16,"2013-07-23T22:51:30Z","noon",39.777229,-164.410806,38.718076,-163.544139,21.5752667,-158.2733528,139.425443375356
139,17,"2013-07-24T11:02:45Z","midnight",36.443958,-167.229307,39.777229,-164.410806,21.5752667,-158.2733528,445.118244902696
139,18,"2013-07-24T23:03:21Z","noon",36.648886,-167.379307,36.443958,-167.229307,21.5752667,-158.2733528,26.4347516738146
139,19,"2013-07-25T11:00:51Z","midnight",37.767854,-166.757845,36.648886,-167.379307,21.5752667,-158.2733528,136.051473398457
139,20,"2013-07-25T22:54:47.5Z","noon",35.689185,-165.243262,37.767854,-166.757845,21.5752667,-158.2733528,267.653556814783
139,21,"2013-07-26T11:07:15Z","midnight",31.179569,-168.35889,35.689185,-165.243262,21.5752667,-158.2733528,578.729934698995
139,22,"2013-07-26T23:15:45.5Z","noon",34.533668,-170.485973,31.179569,-168.35889,21.5752667,-158.2733528,422.548451414772
139,23,"2013-07-27T11:03:34.5Z","midnight",39.06987,-167.438661,34.533668,-170.485973,21.5752667,-158.2733528,572.648440739753
139,24,"2013-07-27T22:55:31.5Z","noon",36.33925,-165.426161,39.06987,-167.438661,21.5752667,-158.2733528,351.454678076389
139,25,"2013-07-28T10:51:46.5Z","midnight",37.95454,-164.484635,36.33925,-165.426161,21.5752667,-158.2733528,198.048035791287
139,26,"2013-07-28T22:45:26.5Z","noon",35.709395,-162.901301,37.95454,-164.484635,21.5752667,-158.2733528,286.66144111871
139,27,"2013-07-29T10:46:35.5Z","midnight",35.597293,-163.182204,35.709395,-162.901301,21.5752667,-158.2733528,28.2760827371497
139,28,"2013-07-29T22:48:34.5Z","noon",36.331506,-163.678038,35.597293,-163.182204,21.5752667,-158.2733528,93.0403076435434
139,29,"2013-07-30T10:53:21.5Z","midnight",34.851832,-164.864685,36.331506,-163.678038,21.5752667,-158.2733528,196.423504957242
139,30,"2013-07-30T23:04:01Z","noon",38.731327,-167.529269,34.851832,-164.864685,21.5752667,-158.2733528,492.266425610397
139,31,"2013-07-31T11:06:33.5Z","midnight",38.192546,-168.152895,38.731327,-167.529269,21.5752667,-158.2733528,80.853940976992
139,32,"2013-07-31T22:38:45Z","noon",33.192546,-161.200812,38.192546,-168.152895,21.5752667,-158.2733528,838.137355183875
139,33,"2013-08-01T10:47:30Z","midnight",28.192546,-163.373905,33.192546,-161.200812,21.5752667,-158.2733528,593.486269919378
139,34,"2013-08-01T23:32:30Z","noon",33.192546,-174.623905,28.192546,-163.373905,21.5752667,-158.2733528,1209.86567206709
139,35,"2013-08-02T11:18:30Z","midnight",38.192546,-171.106872,33.192546,-174.623905,21.5752667,-158.2733528,640.167068683859
139,36,"2013-08-02T23:05:00Z","noon",41.873655,-167.731872,38.192546,-171.106872,21.5752667,-158.2733528,500.011503776756
139,37,"2013-08-03T11:01:30Z","midnight",43.316462,-166.837209,41.873655,-167.731872,21.5752667,-158.2733528,176.354434038231
139,38,"2013-08-03T22:50:00Z","noon",39.602942,-163.962209,43.316462,-166.837209,21.5752667,-158.2733528,477.317965723113
139,39,"2013-08-04T11:01:00Z","midnight",35.853374,-166.689913,39.602942,-163.962209,21.5752667,-158.2733528,480.957275085917
139,40,"2013-08-04T22:52:30Z","noon",32.211852,-164.564913,35.853374,-166.689913,21.5752667,-158.2733528,449.746276572971
139,41,"2013-08-05T10:52:30Z","midnight",32.587595,-164.539986,32.211852,-164.564913,21.5752667,-158.2733528,41.8462068900486
139,42,"2013-08-05T22:54:00Z","noon",33.263545,-164.914986,32.587595,-164.539986,21.5752667,-158.2733528,82.9117319999448
139,43,"2013-08-06T10:39:00Z","midnight",38.263545,-161.137432,33.263545,-164.914986,21.5752667,-158.2733528,651.97882236828
139,44,"2013-08-06T22:30:30Z","noon",36.43573,-159.012432,38.263545,-161.137432,21.5752667,-158.2733528,276.733284678898
139,45,"2013-08-07T10:35:00Z","midnight",34.942272,-160.107259,36.43573,-159.012432,21.5752667,-158.2733528,193.268022265433
139,46,"2013-08-07T22:03:00Z","noon",29.942272,-152.107259,34.942272,-160.107259,21.5752667,-158.2733528,933.619156769007
139,47,"2013-08-08T09:53:30Z","midnight",24.942272,-149.69948,29.942272,-152.107259,21.5752667,-158.2733528,604.564274761308
139,48,"2013-08-08T21:43:30Z","noon",19.942272,-147.19948,24.942272,-149.69948,21.5752667,-158.2733528,612.419717188671
139,49,"2013-08-09T09:53:30Z","midnight",14.942272,-149.664109,19.942272,-147.19948,21.5752667,-158.2733528,614.33566637434
139,50,"2013-08-09T22:34:30Z","noon",19.942272,-159.914109,14.942272,-149.664109,21.5752667,-158.2733528,1220.72205302655
139,51,"2013-08-10T10:32:00Z","midnight",24.942272,-159.251164,19.942272,-159.914109,21.5752667,-158.2733528,560.129863123517
139,52,"2013-08-10T22:38:00Z","noon",29.942272,-160.751164,24.942272,-159.251164,21.5752667,-158.2733528,575.320363775612
139,53,"2013-08-11T10:41:30Z","midnight",34.942272,-161.585668,29.942272,-160.751164,21.5752667,-158.2733528,561.454996001992
139,54,"2013-08-11T22:44:30Z","noon",39.424267,-162.335668,34.942272,-161.585668,21.5752667,-158.2733528,502.778440338849
139,55,"2013-08-12T10:38:00Z","midnight",42.379274,-160.667646,39.424267,-162.335668,21.5752667,-158.2733528,357.217127165149
139,56,"2013-08-12T22:17:26Z","noon",37.379274,-155.525979,42.379274,-160.667646,21.5752667,-158.2733528,707.934265801891
139,57,"2013-08-13T10:27:12.5Z","midnight",32.379274,-157.924208,37.379274,-155.525979,21.5752667,-158.2733528,597.402134194792
139,58,"2013-08-13T22:34:35Z","noon",32.867241,-159.767958,32.379274,-157.924208,21.5752667,-158.2733528,180.992369619858
139,59,"2013-08-14T10:34:48.5Z","midnight",33.233171,-159.776222,32.867241,-159.767958,21.5752667,-158.2733528,40.6968487661508
139,60,"2013-08-14T22:30:53.5Z","noon",31.124945,-158.797055,33.233171,-159.776222,21.5752667,-158.2733528,251.882344054116
139,61,"2013-08-15T10:40:06.5Z","midnight",26.124945,-161.050804,31.124945,-158.797055,21.5752667,-158.2733528,597.860535318013
139,62,"2013-08-15T22:46:23Z","noon",29.930592,-162.619554,26.124945,-161.050804,21.5752667,-158.2733528,450.294114480516
139,63,"2013-08-16T10:37:42.5Z","midnight",34.930592,-160.397993,29.930592,-162.619554,21.5752667,-158.2733528,593.73197927068
139,64,"2013-08-16T22:36:56.5Z","noon",34.792485,-160.206326,34.930592,-160.397993,21.5752667,-158.2733528,23.2732979841792
139,65,"2013-08-17T11:07:01Z","midnight",29.792485,-167.669914,34.792485,-160.206326,21.5752667,-158.2733528,894.649188372281
139,66,"2013-08-17T23:06:13.5Z","noon",24.792485,-167.471998,29.792485,-167.669914,21.5752667,-158.2733528,556.31811572351
139,67,"2013-08-18T10:37:20.5Z","midnight",29.792485,-160.193696,24.792485,-167.471998,21.5752667,-158.2733528,908.648327294377
139,68,"2013-08-18T22:30:44Z","noon",31.052513,-158.541612,29.792485,-160.193696,21.5752667,-158.2733528,211.475113072784
139,69,"2013-08-19T10:36:50Z","midnight",27.685547,-160.006885,31.052513,-158.541612,21.5752667,-158.2733528,400.396498587896
139,70,"2013-08-19T22:37:54Z","noon",28.399849,-160.273551,27.685547,-160.006885,21.5752667,-158.2733528,83.6271409533656
139,71,"2013-08-20T10:25:46.5Z","midnight",33.399849,-157.180366,28.399849,-160.273551,21.5752667,-158.2733528,629.355653854109
139,72,"2013-08-20T22:30:36Z","noon",38.399849,-158.386616,33.399849,-157.180366,21.5752667,-158.2733528,566.474385014443
139,73,"2013-08-21T10:32:43.5Z","midnight",38.243499,-158.853776,38.399849,-158.386616,21.5752667,-158.2733528,44.3069391932552
139,74,"2013-08-21T22:24:50Z","noon",33.886523,-156.880859,38.243499,-158.853776,21.5752667,-158.2733528,515.86997027173
139,75,"2013-08-22T10:25:10Z","midnight",34.294243,-156.898005,33.886523,-156.880859,21.5752667,-158.2733528,45.3638810948365
139,76,"2013-08-22T22:22:40Z","noon",32.759495,-156.273005,34.294243,-156.898005,21.5752667,-158.2733528,180.220582047805
139,77,"2013-08-23T10:24:54Z","midnight",31.936111,-156.763113,32.759495,-156.273005,21.5752667,-158.2733528,102.480021448296
139,78,"2013-08-23T22:32:57Z","noon",36.854582,-158.775613,31.936111,-156.763113,21.5752667,-158.2733528,577.195856279698
139,79,"2013-08-24T10:33:16.5Z","midnight",37.322884,-158.786662,36.854582,-158.775613,21.5752667,-158.2733528,52.0820282554622
139,80,"2013-08-24T22:26:44Z","noon",33.344955,-157.151246,37.322884,-158.786662,21.5752667,-158.2733528,466.516466773749
139,81,"2013-08-25T10:46:45.5Z","midnight",28.344955,-162.085385,33.344955,-157.151246,21.5752667,-158.2733528,728.469019113207
139,82,"2013-08-25T22:44:28.5Z","noon",23.344955,-161.514552,28.344955,-162.085385,21.5752667,-158.2733528,558.898481040113
139,83,"2013-08-26T10:34:05.5Z","midnight",25.806298,-158.844766,23.344955,-161.514552,21.5752667,-158.2733528,384.410272154482
139,84,"2013-08-26T22:35:42Z","noon",27.138972,-159.246849,25.806298,-158.844766,21.5752667,-158.2733528,153.4955103959
139,85,"2013-08-27T10:21:05Z","midnight",32.138972,-155.516958,27.138972,-159.246849,21.5752667,-158.2733528,662.479581688042
139,86,"2013-08-27T22:03:15Z","noon",27.138972,-151.058624,32.138972,-155.516958,21.5752667,-158.2733528,703.214320189648
139,87,"2013-08-28T10:30:45Z","midnight",22.138972,-157.856201,27.138972,-151.058624,21.5752667,-158.2733528,883.483461096602
139,88,"2013-08-28T21:54:03.5Z","noon",17.138972,-148.683285,22.138972,-157.856201,21.5752667,-158.2733528,1109.46834050264
139,89,"2013-08-30T00:51:33.5Z","midnight",12.138972,-133.683285,17.138972,-148.683285,21.5752667,-158.2733528,1706.00111324741
19839,1,"2013-07-08T10:38:30Z","midnight",20.892384,-160.805892,21.5752667,-158.2733528,21.5752667,-158.2733528,273.244924687432
19839,2,"2013-07-08T22:40:30Z","noon",21.844726,-161.305892,20.892384,-160.805892,21.5752667,-158.2733528,117.87486813568
19839,3,"2013-07-09T10:54:00Z","midnight",16.844726,-164.718046,21.844726,-161.305892,21.5752667,-158.2733528,661.174360683781
19839,4,"2013-07-09T22:57:00Z","noon",16.749949,-165.468046,16.844726,-164.718046,21.5752667,-158.2733528,80.5304242415237
19839,5,"2013-07-10T10:48:00Z","midnight",21.353376,-163.253553,16.749949,-165.468046,21.5752667,-158.2733528,562.274156571233
19839,6,"2013-07-10T22:50:30Z","noon",22.544241,-163.878553,21.353376,-163.253553,21.5752667,-158.2733528,147.273126366698
19839,7,"2013-07-11T11:18:00Z","midnight",17.544241,-170.787342,22.544241,-163.878553,21.5752667,-158.2733528,910.717748300714
19839,8,"2013-07-11T23:08:30Z","noon",12.544241,-168.412342,17.544241,-170.787342,21.5752667,-158.2733528,611.637600640742
19839,9,"2013-07-12T11:08:30Z","midnight",7.544241,-168.444343,12.544241,-168.412342,21.5752667,-158.2733528,555.985666142217
19839,10,"2013-07-12T23:33:21Z","noon",12.544241,-174.656843,7.544241,-168.444343,21.5752667,-158.2733528,878.32763123562
19839,11,"2013-07-13T11:20:26.5Z","midnight",17.544241,-171.459904,12.544241,-174.656843,21.5752667,-158.2733528,653.352291258353
19839,12,"2013-07-13T23:14:05.5Z","noon",20.210042,-169.872404,17.544241,-171.459904,21.5752667,-158.2733528,340.232511348878
19839,13,"2013-07-14T11:20:35Z","midnight",16.982164,-171.523545,20.210042,-169.872404,21.5752667,-158.2733528,398.868046126192
19839,14,"2013-07-14T23:25:35Z","noon",19.589801,-172.773545,16.982164,-171.523545,21.5752667,-158.2733528,318.571454125769
19839,15,"2013-07-15T11:29:00Z","midnight",17.950144,-173.653953,19.589801,-172.773545,21.5752667,-158.2733528,204.528421772531
19839,16,"2013-07-15T23:40:32.5Z","noon",22.950144,-176.539369,17.950144,-173.653953,21.5752667,-158.2733528,631.979680374656
19839,17,"2013-07-16T11:43:02.5Z","midnight",22.704725,-177.188567,22.950144,-176.539369,21.5752667,-158.2733528,71.9125378307397
19839,18,"2013-07-16T23:22:52.5Z","noon",17.704725,-172.1469,22.704725,-177.188567,21.5752667,-158.2733528,765.265725621268
19839,19,"2013-07-17T11:18:32.5Z","midnight",14.497294,-171.085663,17.704725,-172.1469,21.5752667,-158.2733528,374.231227460144
19839,20,"2013-07-17T23:39:40Z","noon",19.497294,-176.366913,14.497294,-171.085663,21.5752667,-158.2733528,790.077718455486
19839,21,"2013-07-18T11:28:30Z","midnight",24.497294,-173.595186,19.497294,-176.366913,21.5752667,-158.2733528,625.052135459974
19839,22,"2013-07-18T23:39:21Z","noon",29.497294,-176.307686,24.497294,-173.595186,21.5752667,-158.2733528,617.453813380344
19839,23,"2013-07-19T11:53:43.5Z","midnight",29.256744,-179.919167,29.497294,-176.307686,21.5752667,-158.2733528,350.946017921809
19839,24,"2013-07-19T23:29:07.5Z","noon",24.256744,-173.769167,29.256744,-179.919167,21.5752667,-158.2733528,825.519462583367
19839,25,"2013-07-20T11:21:45Z","midnight",21.239204,-171.94089,24.256744,-173.769167,21.5752667,-158.2733528,384.344085938898
19839,26,"2013-07-20T23:37:10Z","noon",26.239204,-175.795057,21.239204,-171.94089,21.5752667,-158.2733528,680.326951192266
19839,27,"2013-07-21T11:40:26.5Z","midnight",27.42229,-176.626975,26.239204,-175.795057,21.5752667,-158.2733528,155.305104127006
19839,28,"2013-07-21T23:41:40Z","noon",27.985387,-176.933225,27.42229,-176.626975,21.5752667,-158.2733528,69.4941815560689
19839,29,"2013-07-22T11:30:00.5Z","midnight",32.985387,-174.02946,27.985387,-176.933225,21.5752667,-158.2733528,621.6310936283
19839,30,"2013-07-22T23:28:08Z","noon",32.467399,-173.56071,32.985387,-174.02946,21.5752667,-158.2733528,72.3890202629991
19839,31,"2013-07-23T11:24:31Z","midnight",34.184995,-172.664972,32.467399,-173.56071,21.5752667,-158.2733528,208.329500107926
19839,32,"2013-07-23T23:35:07.5Z","noon",38.11394,-175.317056,34.184995,-172.664972,21.5752667,-158.2733528,497.498840133338
19839,33,"2013-07-24T11:43:52.5Z","midnight",35.18657,-177.510557,38.11394,-175.317056,21.5752667,-158.2733528,379.769015851878
19839,34,"2013-07-24T23:41:35Z","noon",34.287918,-176.93764,35.18657,-177.510557,21.5752667,-158.2733528,112.808010525029
19839,35,"2013-07-25T11:48:57Z","midnight",31.501055,-178.782845,34.287918,-176.93764,21.5752667,-158.2733528,354.536013739499
19839,36,"2013-07-25T23:38:28Z","noon",26.643867,-176.162012,31.501055,-178.782845,21.5752667,-158.2733528,597.075926197576
19839,37,"2013-07-26T11:41:01Z","midnight",25.626621,-176.800556,26.643867,-176.162012,21.5752667,-158.2733528,129.836337319099
19839,38,"2013-07-26T23:43:38Z","noon",26.938467,-177.454723,25.626621,-176.800556,21.5752667,-158.2733528,159.78608340173
19839,39,"2013-07-27T11:38:38Z","midnight",29.623742,-176.203244,26.938467,-177.454723,21.5752667,-158.2733528,322.750584818462
19839,40,"2013-07-27T23:31:46Z","noon",26.273232,-174.486578,29.623742,-176.203244,21.5752667,-158.2733528,408.923653696087
19839,41,"2013-07-28T11:39:21Z","midnight",22.508059,-176.378385,26.273232,-174.486578,21.5752667,-158.2733528,460.397535753447
19839,42,"2013-07-28T23:26:00Z","noon",17.508059,-173.040885,22.508059,-176.378385,21.5752667,-158.2733528,656.19933178197
19839,43,"2013-07-29T11:16:00Z","midnight",20.858288,-170.534288,17.508059,-173.040885,21.5752667,-158.2733528,456.121601106825
19839,44,"2013-07-29T23:23:45.5Z","noon",25.176511,-172.473871,20.858288,-170.534288,21.5752667,-158.2733528,519.549210383256
19839,45,"2013-07-30T11:41:15.5Z","midnight",20.176511,-176.839685,25.176511,-172.473871,21.5752667,-158.2733528,713.820303425979
19839,46,"2013-07-30T23:53:30Z","noon",22.556157,-179.900102,20.176511,-176.839685,21.5752667,-158.2733528,412.826502944234
19839,47,"2013-07-31T11:41:00Z","midnight",27.556157,-176.763312,22.556157,-179.900102,21.5752667,-158.2733528,639.402942753111
19839,48,"2013-07-31T23:40:45Z","noon",29.387054,-176.700812,27.556157,-176.763312,21.5752667,-158.2733528,203.678082693384
19839,49,"2013-08-01T11:39:30Z","midnight",30.339479,-176.373905,29.387054,-176.700812,21.5752667,-158.2733528,110.496729318072
19839,50,"2013-08-01T23:42:00Z","noon",31.548653,-176.998905,30.339479,-176.373905,21.5752667,-158.2733528,147.072747986231
19839,51,"2013-08-02T11:31:30Z","midnight",36.548653,-174.356872,31.548653,-176.998905,21.5752667,-158.2733528,606.849663640563
19839,52,"2013-08-02T23:18:30Z","noon",31.548653,-171.106872,36.548653,-174.356872,21.5752667,-158.2733528,631.365945629291
19839,53,"2013-08-03T11:24:00Z","midnight",28.217468,-172.462209,31.548653,-171.106872,21.5752667,-158.2733528,392.770794723883
19839,54,"2013-08-03T23:27:00Z","noon",29.787097,-173.212209,28.217468,-172.462209,21.5752667,-158.2733528,189.160605735248
19839,55,"2013-08-04T12:10:00Z","midnight",24.787097,176.060087,29.787097,-173.212209,21.5752667,-158.2733528,1196.24263916344
19839,56,"2013-08-05T00:11:30Z","noon",19.787097,175.710014,24.787097,176.060087,21.5752667,-158.2733528,557.139009138767
19839,57,"2013-08-05T11:08:00Z","midnight",24.787097,-169.289986,19.787097,175.710014,21.5752667,-158.2733528,1639.11724260232
19839,58,"2013-08-05T22:56:30Z","noon",29.787097,-165.539986,24.787097,-169.289986,21.5752667,-158.2733528,668.034345728752
19839,59,"2013-08-06T11:20:30Z","midnight",24.787097,-171.512432,29.787097,-165.539986,21.5752667,-158.2733528,810.546020084567
19839,60,"2013-08-06T23:21:00Z","noon",23.512487,-171.637432,24.787097,-171.512432,21.5752667,-158.2733528,142.296467196239
19839,61,"2013-08-07T11:08:30Z","midnight",28.512487,-168.482259,23.512487,-171.637432,21.5752667,-158.2733528,639.068082545334
19839,62,"2013-08-07T23:06:30Z","noon",29.997315,-167.982259,28.512487,-168.482259,21.5752667,-158.2733528,172.082450215028
19839,63,"2013-08-08T10:56:30Z","midnight",34.997315,-165.44948,29.997315,-167.982259,21.5752667,-158.2733528,604.522754023115
19839,64,"2013-08-08T22:13:00Z","noon",29.997315,-154.57448,34.997315,-165.44948,21.5752667,-158.2733528,1160.57298117077
19839,65,"2013-08-09T10:13:00Z","midnight",24.997315,-154.539109,29.997315,-154.57448,21.5752667,-158.2733528,555.985566599756
19839,66,"2013-08-09T22:55:30Z","noon",29.997315,-165.164109,24.997315,-154.539109,21.5752667,-158.2733528,1185.51033516369
19839,67,"2013-08-10T11:02:30Z","midnight",32.373254,-166.876164,29.997315,-165.164109,21.5752667,-158.2733528,310.343869085354
19839,68,"2013-08-10T23:07:30Z","noon",34.966955,-168.126164,32.373254,-166.876164,21.5752667,-158.2733528,310.731113806664
19839,69,"2013-08-11T10:56:00Z","midnight",39.966955,-165.210668,34.966955,-168.126164,21.5752667,-158.2733528,612.531367295511
19839,70,"2013-08-11T22:53:30Z","noon",39.661422,-164.585668,39.966955,-165.210668,21.5752667,-158.2733528,63.2759505284048
19839,71,"2013-08-12T11:10:00Z","midnight",34.661422,-168.667646,39.661422,-164.585668,21.5752667,-158.2733528,663.103990076049
19839,72,"2013-08-12T23:09:34.5Z","noon",31.690478,-168.561396,34.661422,-168.667646,21.5752667,-158.2733528,330.501791827589
19839,73,"2013-08-13T11:47:33.5Z","midnight",26.690478,-178.011708,31.690478,-168.561396,21.5752667,-158.2733528,1072.0051715039
19839,74,"2013-08-13T23:48:36.5Z","noon",21.690478,-178.274208,26.690478,-178.011708,21.5752667,-158.2733528,556.611166358492
19839,75,"2013-08-14T11:01:34Z","midnight",26.690478,-166.465805,21.690478,-178.274208,21.5752667,-158.2733528,1319.60496008483
19839,76,"2013-08-14T22:48:24Z","noon",30.876741,-163.174138,26.690478,-166.465805,21.5752667,-158.2733528,565.240276764539
19839,77,"2013-08-15T11:13:12.5Z","midnight",25.876741,-169.325804,30.876741,-163.174138,21.5752667,-158.2733528,819.030591729283
19839,78,"2013-08-15T23:08:30Z","noon",20.876741,-168.14872,25.876741,-169.325804,21.5752667,-158.2733528,568.794814035707
19839,79,"2013-08-16T10:56:32Z","midnight",19.485359,-165.104243,20.876741,-168.14872,21.5752667,-158.2733528,353.397801492954
19839,80,"2013-08-16T23:06:04.5Z","noon",24.485359,-167.48966,19.485359,-165.104243,21.5752667,-158.2733528,607.90167537814
19839,81,"2013-08-17T10:53:01Z","midnight",29.485359,-164.169914,24.485359,-167.48966,21.5752667,-158.2733528,645.899530480717
19839,82,"2013-08-17T22:51:19.5Z","noon",34.482398,-163.746998,29.485359,-164.169914,21.5752667,-158.2733528,557.073252511292
19839,83,"2013-08-18T10:55:49Z","midnight",32.322435,-164.812446,34.482398,-163.746998,21.5752667,-158.2733528,259.738600816072
19839,84,"2013-08-18T22:53:37Z","noon",30.899973,-164.262446,32.322435,-164.812446,21.5752667,-158.2733528,166.52404706339
19839,85,"2013-08-19T11:11:39Z","midnight",25.899973,-168.711051,30.899973,-164.262446,21.5752667,-158.2733528,705.831391779671
19839,86,"2013-08-19T23:13:07.5Z","noon",20.899973,-169.079801,25.899973,-168.711051,21.5752667,-158.2733528,557.245427615606
19839,87,"2013-08-20T11:25:37.5Z","midnight",15.899973,-172.142866,20.899973,-169.079801,21.5752667,-158.2733528,643.012683872738
19839,88,"2013-08-20T23:29:07.5Z","noon",10.899973,-173.017866,15.899973,-172.142866,21.5752667,-158.2733528,563.96732453978
19839,89,"2013-08-21T11:31:35Z","midnight",8.378296,-173.568359,10.899973,-173.017866,21.5752667,-158.2733528,286.817163361099
19839,90,"2013-08-21T23:31:14.5Z","noon",8.015003,-173.482942,8.378296,-173.568359,21.5752667,-158.2733528,41.47578794771
19839,91,"2013-08-22T11:33:47Z","midnight",5.436907,-174.052171,8.015003,-173.482942,21.5752667,-158.2733528,293.480883025998
19839,92,"2013-08-22T23:51:05.5Z","noon",10.436907,-178.379255,5.436907,-174.052171,21.5752667,-158.2733528,732.150416596468
19839,93,"2013-08-23T11:57:20.5Z","midnight",15.436907,-179.87353,10.436907,-178.379255,21.5752667,-158.2733528,579.061697597131
19839,94,"2013-08-23T23:51:00Z","noon",10.903654,-178.288113,15.436907,-179.87353,21.5752667,-158.2733528,532.483081151669
19839,95,"2013-08-24T11:27:43Z","midnight",15.903654,-172.397079,10.903654,-178.288113,21.5752667,-158.2733528,845.472438386231
19839,96,"2013-08-24T23:26:53Z","noon",20.903654,-172.188746,15.903654,-172.397079,21.5752667,-158.2733528,556.408608215796
19839,97,"2013-08-25T11:26:11Z","midnight",25.903654,-171.941635,20.903654,-172.188746,21.5752667,-158.2733528,556.545644128065
19839,98,"2013-08-25T23:27:43.5Z","noon",30.903654,-172.327052,25.903654,-171.941635,21.5752667,-158.2733528,557.249659607527
19839,99,"2013-08-26T11:27:55Z","midnight",34.965153,-172.301016,30.903654,-172.327052,21.5752667,-158.2733528,451.624613635326
19839,100,"2013-08-26T23:28:52.5Z","noon",35.64908,-172.540599,34.965153,-172.301016,21.5752667,-158.2733528,79.0955779212482
19839,101,"2013-08-27T11:31:14Z","midnight",34.702964,-173.054458,35.64908,-172.540599,21.5752667,-158.2733528,115.103824835908
19839,102,"2013-08-27T23:28:21Z","noon",32.474775,-172.333624,34.702964,-173.054458,21.5752667,-158.2733528,256.599970004517
19839,103,"2013-08-28T11:29:47Z","midnight",32.080374,-172.614535,32.474775,-172.333624,21.5752667,-158.2733528,51.1930217771127
19839,104,"2013-08-28T23:23:13Z","noon",27.080374,-170.972868,32.080374,-172.614535,21.5752667,-158.2733528,578.168123049368
19839,105,"2013-08-29T11:23:43Z","midnight",26.431413,-171.018822,27.080374,-170.972868,21.5752667,-158.2733528,72.3052757086852
19839,106,"2013-08-29T23:27:55.5Z","noon",30.401497,-172.070905,26.431413,-171.018822,21.5752667,-158.2733528,453.276325319583
19839,107,"2013-08-30T11:24:09.5Z","midnight",34.479227,-171.048647,30.401497,-172.070905,21.5752667,-158.2733528,463.450698481765
19839,108,"2013-08-30T23:30:29.5Z","noon",39.328871,-172.631981,34.479227,-171.048647,21.5752667,-158.2733528,557.301207625156
19839,109,"2013-08-31T11:35:00.5Z","midnight",36.837425,-173.679091,39.328871,-172.631981,21.5752667,-158.2733528,291.794922360335
19839,110,"2013-08-31T23:28:15Z","noon",31.837425,-171.989507,36.837425,-173.679091,21.5752667,-158.2733528,577.17992542727
19839,111,"2013-09-01T11:33:30Z","midnight",26.837425,-173.218568,31.837425,-171.989507,21.5752667,-158.2733528,568.580653956619
19839,112,"2013-09-01T23:38:30Z","noon",31.618814,-174.468568,26.837425,-173.218568,21.5752667,-158.2733528,545.31210218066
19839,113,"2013-09-02T11:40:00Z","midnight",31.056685,-174.75883,31.618814,-174.468568,21.5752667,-158.2733528,68.3148756450883
19839,114,"2013-09-02T23:37:30Z","noon",28.4375,-174.13383,31.056685,-174.75883,21.5752667,-158.2733528,297.422754372384
19839,115,"2013-09-03T11:30:00Z","midnight",33.4375,-172.17288,28.4375,-174.13383,21.5752667,-158.2733528,586.548700236623
19839,116,"2013-09-03T23:26:30Z","noon",33.514786,-171.29788,33.4375,-172.17288,21.5752667,-158.2733528,81.6092321637638
19839,117,"2013-09-04T11:35:30Z","midnight",28.514786,-173.460807,33.514786,-171.29788,21.5752667,-158.2733528,592.905261830082
19839,118,"2013-09-04T23:29:00Z","noon",23.514786,-171.835807,28.514786,-173.460807,21.5752667,-158.2733528,579.178200552155
19839,119,"2013-09-05T11:37:00Z","midnight",18.514786,-173.747699,23.514786,-171.835807,21.5752667,-158.2733528,590.300541793815
19839,120,"2013-09-05T23:41:30Z","noon",13.514786,-174.872699,18.514786,-173.747699,21.5752667,-158.2733528,568.817929848752
19839,121,"2013-09-06T11:27:30Z","midnight",18.514786,-171.28365,13.514786,-174.872699,21.5752667,-158.2733528,675.376465965728
19839,122,"2013-09-06T23:22:30Z","noon",23.514786,-170.03365,18.514786,-171.28365,21.5752667,-158.2733528,570.900223964282
19839,123,"2013-09-07T11:32:30Z","midnight",18.514786,-172.443752,23.514786,-170.03365,21.5752667,-158.2733528,609.616722270218
19839,124,"2013-09-07T23:34:00Z","noon",13.514786,-172.818752,18.514786,-172.443752,21.5752667,-158.2733528,557.416282814928
19839,125,"2013-09-08T11:24:30Z","midnight",18.514786,-170.3531,13.514786,-172.818752,21.5752667,-158.2733528,615.222589953457
19839,126,"2013-09-08T23:08:30Z","noon",13.514786,-166.3531,18.514786,-170.3531,21.5752667,-158.2733528,701.233992022303
19839,127,"2013-09-09T10:57:30Z","midnight",18.514786,-163.51179,13.514786,-166.3531,21.5752667,-158.2733528,633.445786404907
19839,128,"2013-09-09T23:05:00Z","noon",23.514786,-165.38679,18.514786,-163.51179,21.5752667,-158.2733528,589.025394107989
19839,129,"2013-09-10T11:07:30Z","midnight",28.514786,-165.91992,23.514786,-165.38679,21.5752667,-158.2733528,558.518510861082
19839,130,"2013-09-10T23:05:00Z","noon",27.145748,-165.29492,28.514786,-165.91992,21.5752667,-158.2733528,164.166985832116
19839,131,"2013-09-11T11:07:30Z","midnight",24.130592,-165.827588,27.145748,-165.29492,21.5752667,-158.2733528,339.49416110876
19839,132,"2013-09-11T23:03:00Z","noon",19.130592,-164.702588,24.130592,-165.827588,21.5752667,-158.2733528,567.994129457726
19839,133,"2013-09-12T11:04:30Z","midnight",14.130592,-164.984894,19.130592,-164.702588,21.5752667,-158.2733528,556.786983620967
19839,134,"2013-09-12T23:08:54Z","noon",19.130592,-166.084894,14.130592,-164.984894,21.5752667,-158.2733528,568.183135750498
19839,135,"2013-09-14T22:48:10Z","noon",14.130592,-160.715489,19.130592,-166.084894,21.5752667,-158.2733528,797.556023518129
19839,136,"2013-09-15T23:14:37Z","noon",9.130592,-167.234814,14.130592,-160.715489,21.5752667,-158.2733528,901.592993901986
19839,137,"2013-09-16T11:09:38Z","midnight",14.130592,-165.895851,9.130592,-167.234814,21.5752667,-158.2733528,574.768315210653
19839,138,"2013-09-17T10:55:48Z","midnight",9.130592,-162.344534,14.130592,-165.895851,21.5752667,-158.2733528,677.198609130139
19839,139,"2013-09-18T11:09:34Z","midnight",14.130592,-165.693468,9.130592,-162.344534,21.5752667,-158.2733528,664.86487619458
19839,140,"2013-09-18T23:11:06Z","noon",19.130592,-166.076801,14.130592,-165.693468,21.5752667,-158.2733528,557.471518283308
19839,141,"2013-09-23T22:55:59.5Z","noon",14.130592,-161.84343,19.130592,-166.076801,21.5752667,-158.2733528,715.801940962221
19839,142,"2013-09-24T11:06:28Z","midnight",19.130592,-164.37312,14.130592,-161.84343,21.5752667,-158.2733528,617.811195383928
19839,143,"2013-09-24T23:16:42Z","noon",24.130592,-166.931454,19.130592,-164.37312,21.5752667,-158.2733528,615.605355616222
19839,144,"2013-09-28T11:42:28.5Z","midnight",29.130592,-173.029697,24.130592,-166.931454,21.5752667,-158.2733528,822.226515175065
19839,145,"2013-09-28T23:51:34.5Z","noon",34.130592,-175.304697,29.130592,-173.029697,21.5752667,-158.2733528,596.184255137474
19839,146,"2013-09-29T11:51:18.5Z","midnight",39.130592,-175.154838,34.130592,-175.304697,21.5752667,-158.2733528,556.13515843565
19839,147,"2013-09-29T23:52:21.5Z","noon",44.130592,-175.417338,39.130592,-175.154838,21.5752667,-158.2733528,556.401608793063
19839,148,"2013-09-30T11:53:20.5Z","midnight",49.130592,-175.581449,44.130592,-175.417338,21.5752667,-158.2733528,556.11544343273
19839,149,"2013-10-02T23:39:30Z","noon",54.130592,-171.962383,49.130592,-175.581449,21.5752667,-158.2733528,609.313829609542
19839,150,"2013-10-03T11:56:30Z","midnight",59.130592,-176.135645,54.130592,-171.962383,21.5752667,-158.2733528,611.480493298732
19839,151,"2013-10-03T23:55:00Z","noon",64.130592,-175.760645,59.130592,-176.135645,21.5752667,-158.2733528,556.325025905171
19839,152,"2013-10-04T11:39:00Z","midnight",69.130592,-171.685754,64.130592,-175.760645,21.5752667,-158.2733528,583.993728781007
19839,153,"2013-10-05T23:46:00Z","noon",70,-173.362802,69.130592,-171.685754,21.5752667,-158.2733528,116.544719183036
19839,154,"2013-10-06T23:18:30Z","noon",70,-166.416875,70,-173.362802,21.5752667,-158.2733528,264.017049191692
19839,155,"2013-10-07T11:26:30Z","midnight",70,-168.348062,70,-166.416875,21.5752667,-158.2733528,73.4417189415554
19839,156,"2013-10-07T23:45:00Z","noon",70,-172.973062,70,-168.348062,21.5752667,-158.2733528,175.85076589171
19839,157,"2013-10-08T11:53:00Z","midnight",70,-174.906447,70,-172.973062,21.5752667,-158.2733528,73.5253003761151
19839,158,"2013-10-08T23:53:30Z","noon",70,-175.031447,70,-174.906447,21.5752667,-158.2733528,4.75386226101271
19839,159,"2013-10-09T11:44:00Z","midnight",65.870066,-172.592111,70,-175.031447,21.5752667,-158.2733528,470.302605267083
19839,160,"2013-10-09T23:42:30Z","noon",67.241726,-172.217111,65.870066,-172.592111,21.5752667,-158.2733528,153.420484812957
19839,161,"2013-10-10T11:40:30Z","midnight",62.241726,-171.655136,67.241726,-172.217111,21.5752667,-158.2733528,556.607776454698
19839,162,"2013-10-10T23:41:00Z","noon",61.679916,-171.780136,62.241726,-171.655136,21.5752667,-158.2733528,62.8111413215505
19839,163,"2013-10-11T11:53:30Z","midnight",66.679916,-174.8456,61.679916,-171.780136,21.5752667,-158.2733528,575.283616447952
19839,164,"2013-10-11T23:42:30Z","noon",70,-172.0956,66.679916,-174.8456,21.5752667,-158.2733528,385.948650811443
19839,165,"2013-10-12T11:32:30Z","midnight",67.255545,-169.538577,70,-172.0956,21.5752667,-158.2733528,322.212572309063
19839,166,"2013-10-12T23:33:30Z","noon",66.651592,-169.788577,67.255545,-169.538577,21.5752667,-158.2733528,68.032400499794
19839,167,"2013-10-13T11:30:14.5Z","midnight",62.241411,-168.919559,66.651592,-169.788577,21.5752667,-158.2733528,492.145650096104
19839,168,"2013-10-13T23:30:46.5Z","noon",61.836896,-169.052892,62.241411,-168.919559,21.5752667,-158.2733528,45.5139720335045
19839,169,"2013-10-14T11:20:08.5Z","midnight",56.836896,-166.342781,61.836896,-169.052892,21.5752667,-158.2733528,576.69817800487
19839,170,"2013-10-14T23:13:23.5Z","noon",56.384268,-164.655281,56.836896,-166.342781,21.5752667,-158.2733528,114.872075509171
19839,171,"2013-10-15T11:18:25Z","midnight",58.625541,-165.862479,56.384268,-164.655281,21.5752667,-158.2733528,259.431067489852
19839,172,"2013-10-15T23:13:23Z","noon",62.153492,-164.604146,58.625541,-165.862479,21.5752667,-158.2733528,398.315913374262
19839,173,"2013-10-16T11:28:12.5Z","midnight",67.153492,-168.264134,62.153492,-164.604146,21.5752667,-158.2733528,582.387779546793
19839,174,"2013-10-16T23:35:39Z","noon",64.605584,-170.124551,67.153492,-168.264134,21.5752667,-158.2733528,295.62556539372
19839,175,"2013-10-17T11:34:08Z","midnight",62.225156,-169.701975,64.605584,-170.124551,21.5752667,-158.2733528,265.523926908162
19839,176,"2013-10-17T23:18:26.5Z","noon",67.225156,-165.779058,62.225156,-169.701975,21.5752667,-158.2733528,586.059020651605
19839,177,"2013-10-18T11:00:32Z","midnight",62.225156,-161.261478,67.225156,-165.779058,21.5752667,-158.2733528,595.538549889884
19839,178,"2013-10-18T23:08:29Z","noon",57.225156,-163.248978,62.225156,-161.261478,21.5752667,-158.2733528,566.959690739107
19839,179,"2013-10-19T11:15:37Z","midnight",57.400479,-164.994784,57.225156,-163.248978,21.5752667,-158.2733528,106.63151564983
19839,180,"2013-10-19T22:56:42.5Z","noon",62.400479,-160.267701,57.400479,-164.994784,21.5752667,-158.2733528,614.920709091914
19839,181,"2013-10-20T10:43:50Z","midnight",59.483171,-157.014445,62.400479,-160.267701,21.5752667,-158.2733528,368.810324649441
19839,182,"2013-10-20T22:41:47.5Z","noon",60.538235,-156.504028,59.483171,-157.014445,21.5752667,-158.2733528,120.698010720352
19839,183,"2013-10-21T10:36:15Z","midnight",56.165137,-155.087177,60.538235,-156.504028,21.5752667,-158.2733528,493.212637611582
19839,184,"2013-10-21T22:43:45Z","noon",51.165137,-156.962177,56.165137,-155.087177,21.5752667,-158.2733528,569.476494042846
19839,185,"2013-10-22T11:02:15Z","midnight",56.165137,-161.558863,51.165137,-156.962177,21.5752667,-158.2733528,632.779552903622
19839,186,"2013-10-22T23:02:15Z","noon",60.616875,-161.558863,56.165137,-161.558863,21.5752667,-158.2733528,495.010680350794
19839,187,"2013-10-23T11:01:00Z","midnight",58.872108,-161.221211,60.616875,-161.558863,21.5752667,-158.2733528,194.928655353215
19839,188,"2013-10-23T23:06:25Z","noon",56.126351,-162.575378,58.872108,-161.221211,21.5752667,-158.2733528,315.83525069974
19839,189,"2013-10-24T10:58:26Z","midnight",51.126351,-160.557597,56.126351,-162.575378,21.5752667,-158.2733528,571.610277334775
19839,190,"2013-10-24T22:56:31Z","noon",51.351743,-160.07843,51.126351,-160.557597,21.5752667,-158.2733528,41.7235254160708
19839,191,"2013-10-25T11:08:00Z","midnight",56.351743,-162.930556,51.351743,-160.07843,21.5752667,-158.2733528,586.474942765399
19839,192,"2013-10-25T23:05:35Z","noon",57.782164,-162.326389,56.351743,-162.930556,21.5752667,-158.2733528,163.19325307184
19839,193,"2013-10-26T10:51:08.5Z","midnight",52.782164,-158.70054,57.782164,-162.326389,21.5752667,-158.2733528,601.31520820755
19839,194,"2013-10-26T22:45:44Z","noon",52.079563,-157.348457,52.782164,-158.70054,21.5752667,-158.2733528,120.439818622167
19839,195,"2013-10-27T11:06:27Z","midnight",57.079563,-162.515496,52.079563,-157.348457,21.5752667,-158.2733528,647.652513424158
19839,196,"2013-10-27T22:59:21.5Z","noon",62.079563,-160.742579,57.079563,-162.515496,21.5752667,-158.2733528,564.80954395509
19839,197,"2013-10-28T10:42:57Z","midnight",57.079563,-156.6317,62.079563,-160.742579,21.5752667,-158.2733528,601.939638565448
19839,198,"2013-10-28T22:57:22.5Z","noon",52.079563,-160.23795,57.079563,-156.6317,21.5752667,-158.2733528,602.387753827155
19839,199,"2013-10-29T11:00:35Z","midnight",49.193416,-161.034592,52.079563,-160.23795,21.5752667,-158.2733528,325.799918455269
19839,200,"2013-10-29T22:58:16Z","noon",50.493078,-160.455426,49.193416,-161.034592,21.5752667,-158.2733528,150.363606764212
19839,201,"2013-10-30T10:50:26.5Z","midnight",45.493078,-158.49711,50.493078,-160.455426,21.5752667,-158.2733528,574.699356622323
19839,202,"2013-10-30T22:45:35Z","noon",47.898827,-157.282527,45.493078,-158.49711,21.5752667,-158.2733528,283.080824612381
19839,203,"2013-10-31T10:37:55.5Z","midnight",42.898827,-155.369269,47.898827,-157.282527,21.5752667,-158.2733528,575.642211787435
19839,204,"2013-10-31T22:24:05.5Z","noon",47.898827,-151.910935,42.898827,-155.369269,21.5752667,-158.2733528,617.913585453104
19839,205,"2013-11-01T10:25:30Z","midnight",50.265069,-152.267748,47.898827,-151.910935,21.5752667,-158.2733528,264.39339307624
19839,206,"2013-11-01T22:12:00Z","noon",55.265069,-148.892748,50.265069,-152.267748,21.5752667,-158.2733528,600.383154181922
19839,207,"2013-11-02T10:02:30Z","midnight",51.378329,-146.525891,55.265069,-148.892748,21.5752667,-158.2733528,459.820399405618
19839,208,"2013-11-02T21:55:00Z","noon",54.610729,-144.650891,51.378329,-146.525891,21.5752667,-158.2733528,380.667374395014
19839,209,"2013-11-03T09:57:30Z","midnight",54.827456,-145.287452,54.610729,-144.650891,21.5752667,-158.2733528,47.4567462219529
19839,210,"2013-11-03T21:32:00Z","noon",59.827456,-138.912452,54.827456,-145.287452,21.5752667,-158.2733528,674.291081143655
19839,211,"2013-11-04T09:35:00Z","midnight",62.694976,-139.677434,59.827456,-138.912452,21.5752667,-158.2733528,321.460058239669
19839,212,"2013-11-04T21:00:30Z","noon",67.694976,-131.052434,62.694976,-139.677434,21.5752667,-158.2733528,684.982039388531
19839,213,"2013-11-05T08:57:30Z","midnight",67.899485,-130.320833,67.694976,-131.052434,21.5752667,-158.2733528,38.237545056525
19839,214,"2013-11-05T22:08:30Z","noon",62.899485,-145.320833,67.899485,-130.320833,21.5752667,-158.2733528,885.589690346496
19839,215,"2013-11-06T10:03:30Z","midnight",57.899485,-146.842646,62.899485,-145.320833,21.5752667,-158.2733528,562.181714760668
19839,216,"2013-11-06T22:08:00Z","noon",52.899485,-147.967646,57.899485,-146.842646,21.5752667,-158.2733528,560.473232312702
19839,217,"2013-11-07T10:21:30Z","midnight",49.101608,-151.367863,52.899485,-147.967646,21.5752667,-158.2733528,484.591218296391
19839,218,"2013-11-07T22:19:00Z","noon",50.184393,-150.742863,49.101608,-151.367863,21.5752667,-158.2733528,128.534487923648
19839,219,"2013-11-08T10:27:30Z","midnight",52.891097,-152.896471,50.184393,-150.742863,21.5752667,-158.2733528,335.774968348041
19839,220,"2013-11-08T22:28:30Z","noon",52.520895,-153.146471,52.891097,-152.896471,21.5752667,-158.2733528,44.4771465337503
19839,221,"2013-11-09T10:30:30Z","midnight",52.635634,-153.678453,52.520895,-153.146471,21.5752667,-158.2733528,38.1432611745539
19839,222,"2013-11-09T22:43:30Z","noon",47.635634,-156.928453,52.635634,-153.678453,21.5752667,-158.2733528,602.141447652968
19839,223,"2013-11-10T10:47:30Z","midnight",48.508887,-157.963791,47.635634,-156.928453,21.5752667,-158.2733528,123.877068520721
19839,224,"2013-11-10T22:53:30Z","noon",45.85155,-159.463791,48.508887,-157.963791,21.5752667,-158.2733528,316.467016598522
19839,225,"2013-11-11T11:06:00Z","midnight",50.525055,-162.627459,45.85155,-159.463791,21.5752667,-158.2733528,570.007088262727
19839,226,"2013-11-11T23:24:30Z","noon",45.525055,-167.252459,50.525055,-162.627459,21.5752667,-158.2733528,653.468477204826
19839,227,"2013-11-12T11:28:30Z","midnight",43.764753,-168.294431,45.525055,-167.252459,21.5752667,-158.2733528,212.381358457622
19839,228,"2013-11-12T23:25:43Z","noon",45.065651,-167.598598,43.764753,-168.294431,21.5752667,-158.2733528,154.849716014251
19839,229,"2013-11-13T11:36:28Z","midnight",49.045982,-170.331343,45.065651,-167.598598,21.5752667,-158.2733528,488.532888705758
19839,230,"2013-11-13T23:33:19Z","noon",50.234478,-169.543843,49.045982,-170.331343,21.5752667,-158.2733528,143.804963366416
19839,231,"2013-11-14T11:48:49Z","midnight",54.794111,-173.467328,50.234478,-169.543843,21.5752667,-158.2733528,572.103583839894
19839,232,"2013-11-14T23:41:07Z","noon",56.906826,-171.542328,54.794111,-173.467328,21.5752667,-158.2733528,263.843965718146
19839,233,"2013-11-15T11:19:20.5Z","midnight",51.906826,-166.150263,56.906826,-171.542328,21.5752667,-158.2733528,655.968984477807
19839,234,"2013-11-15T23:45:37.5Z","noon",46.906826,-172.721097,51.906826,-166.150263,21.5752667,-158.2733528,730.929064008574
19839,235,"2013-11-16T11:54:54Z","midnight",42.242889,-175.094692,46.906826,-172.721097,21.5752667,-158.2733528,551.561677158526
19839,236,"2013-11-16T23:53:57Z","noon",42.680583,-174.857192,42.242889,-175.094692,21.5752667,-158.2733528,52.4239218315727
19839,237,"2013-11-17T11:59:47Z","midnight",44.770684,-176.373487,42.680583,-174.857192,21.5752667,-158.2733528,262.398492290311
19839,238,"2013-11-17T23:42:09Z","noon",49.770684,-171.965153,44.770684,-176.373487,21.5752667,-158.2733528,647.602452950989
19839,239,"2013-11-18T11:24:17.5Z","midnight",44.770684,-167.561599,49.770684,-171.965153,21.5752667,-158.2733528,647.417927246116
19839,240,"2013-11-18T23:18:58.5Z","noon",46.376796,-166.232432,44.770684,-167.561599,21.5752667,-158.2733528,206.385539983568
19839,241,"2013-11-19T11:35:20.5Z","midnight",51.376796,-170.388144,46.376796,-166.232432,21.5752667,-158.2733528,633.369402493263
19839,242,"2013-11-19T23:37:58.5Z","noon",50.797207,-171.046477,51.376796,-170.388144,21.5752667,-158.2733528,79.1686830442792
19839,243,"2013-11-20T11:19:21Z","midnight",45.797207,-166.457234,50.797207,-171.046477,21.5752667,-158.2733528,651.133262861661
19839,244,"2013-11-20T23:07:47Z","noon",47.996125,-163.565567,45.797207,-166.457234,21.5752667,-158.2733528,328.673655173944
19839,245,"2013-11-21T11:03:42.5Z","midnight",46.103292,-162.616729,47.996125,-163.565567,21.5752667,-158.2733528,222.406782655463
19839,246,"2013-11-21T23:02:55.5Z","noon",46.395421,-162.420895,46.103292,-162.616729,21.5752667,-158.2733528,35.8038441824972
19839,247,"2013-11-22T11:03:14.5Z","midnight",46.121316,-162.572817,46.395421,-162.420895,21.5752667,-158.2733528,32.6403730096281
19839,248,"2013-11-22T22:42:09.5Z","noon",51.121316,-157.301983,46.121316,-162.572817,21.5752667,-158.2733528,677.26096807543
19839,249,"2013-11-23T10:39:17Z","midnight",51.693923,-156.658768,51.121316,-157.301983,21.5752667,-158.2733528,77.7449827429978
19839,250,"2013-11-23T22:50:34Z","noon",48.183129,-159.479601,51.693923,-156.658768,21.5752667,-158.2733528,439.409482073392
19839,251,"2013-11-24T10:50:49.5Z","midnight",47.907939,-159.622431,48.183129,-159.479601,21.5752667,-158.2733528,32.3894848317329
19839,252,"2013-11-24T22:41:35.5Z","noon",50.812912,-157.314098,47.907939,-159.622431,21.5752667,-158.2733528,363.668423476191
19839,253,"2013-11-25T10:28:46.5Z","midnight",46.332436,-154.190822,50.812912,-157.314098,21.5752667,-158.2733528,548.521824664159
19839,254,"2013-11-25T22:18:22.5Z","noon",49.741225,-151.590822,46.332436,-154.190822,21.5752667,-158.2733528,425.423830575992
19839,255,"2013-11-26T10:07:25Z","midnight",45.803235,-148.934699,49.741225,-151.590822,21.5752667,-158.2733528,480.695326724041
19839,256,"2013-11-26T22:13:18Z","noon",43.642755,-150.405532,45.803235,-148.934699,21.5752667,-158.2733528,266.85085771027
19839,257,"2013-11-27T10:29:54.5Z","midnight",48.642755,-154.643571,43.642755,-150.405532,21.5752667,-158.2733528,644.518708220207
19839,258,"2013-11-27T22:31:12Z","noon",48.619337,-154.966488,48.642755,-154.643571,21.5752667,-158.2733528,23.8733688595532
19839,259,"2013-11-28T10:32:46.5Z","midnight",48.80125,-155.448611,48.619337,-154.966488,21.5752667,-158.2733528,40.749971554552
19839,260,"2013-11-28T22:37:12.5Z","noon",47.40484,-156.556944,48.80125,-155.448611,21.5752667,-158.2733528,175.731120997532
19839,261,"2013-11-29T10:30:51Z","midnight",44.966483,-155.05807,47.40484,-156.556944,21.5752667,-158.2733528,294.649657341662
19839,262,"2013-11-29T22:26:11Z","noon",46.55901,-153.891403,44.966483,-155.05807,21.5752667,-158.2733528,198.86152622921
19839,263,"2013-11-30T10:39:14.5Z","midnight",50.2637,-157.248949,46.55901,-153.891403,21.5752667,-158.2733528,480.621437134041
19839,264,"2013-11-30T22:36:42Z","noon",50.964484,-156.613533,50.2637,-157.248949,21.5752667,-158.2733528,89.8998509137163
19839,265,"2013-12-01T10:31:30Z","midnight",49.241631,-155.408663,50.964484,-156.613533,21.5752667,-158.2733528,209.955720076274
19839,266,"2013-12-01T22:23:30Z","noon",51.448557,-153.408663,49.241631,-155.408663,21.5752667,-158.2733528,283.456494879097
19839,267,"2013-12-02T10:30:30Z","midnight",52.957354,-155.255873,51.448557,-153.408663,21.5752667,-158.2733528,209.731130467925
19839,268,"2013-12-02T22:22:30Z","noon",54.786259,-153.255873,52.957354,-155.255873,21.5752667,-158.2733528,241.948057318592
19839,269,"2013-12-03T10:11:30Z","midnight",51.987271,-150.605073,54.786259,-153.255873,21.5752667,-158.2733528,357.389154015103
19839,270,"2013-12-03T22:26:00Z","noon",48.014133,-154.230073,51.987271,-150.605073,21.5752667,-158.2733528,512.010619656228
19839,271,"2013-12-04T10:28:30Z","midnight",48.52576,-154.956171,48.014133,-154.230073,21.5752667,-158.2733528,78.2593050000683
19839,272,"2013-12-04T22:22:30Z","noon",50.205405,-153.456171,48.52576,-154.956171,21.5752667,-158.2733528,216.046217294533
19839,273,"2013-12-05T10:25:00Z","midnight",50.657151,-154.184072,50.205405,-153.456171,21.5752667,-158.2733528,71.981992792727
19839,274,"2013-12-05T22:40:00Z","noon",46.34577,-157.934072,50.657151,-154.184072,21.5752667,-158.2733528,553.150734579555
19839,275,"2013-12-06T10:36:30Z","midnight",45.019755,-157.163681,46.34577,-157.934072,21.5752667,-158.2733528,159.1268674156
19839,276,"2013-12-06T22:27:30Z","noon",47.819185,-154.913681,45.019755,-157.163681,21.5752667,-158.2733528,355.831799941247
19839,277,"2013-12-07T10:18:00Z","midnight",44.667461,-152.644898,47.819185,-154.913681,21.5752667,-158.2733528,391.44038915816
19839,278,"2013-12-07T22:00:30Z","noon",49.667461,-148.269898,44.667461,-152.644898,21.5752667,-158.2733528,646.64788466927
19839,279,"2013-12-08T10:01:30Z","midnight",49.96351,-148.627625,49.667461,-148.269898,21.5752667,-158.2733528,41.7423907763147
19839,280,"2013-12-08T21:30:30Z","noon",54.96351,-140.877625,49.96351,-148.627625,21.5752667,-158.2733528,763.837967730523
19839,281,"2013-12-09T09:35:30Z","midnight",57.505989,-142.236761,54.96351,-140.877625,21.5752667,-158.2733528,294.909454606477
19839,282,"2013-12-09T22:25:30Z","noon",52.505989,-154.736761,57.505989,-142.236761,21.5752667,-158.2733528,969.505230974509
19839,283,"2013-12-10T10:31:00Z","midnight",47.505989,-156.222202,52.505989,-154.736761,21.5752667,-158.2733528,565.985282253535
19839,284,"2013-12-10T22:27:30Z","noon",48.288438,-155.347202,47.505989,-156.222202,21.5752667,-158.2733528,108.741684790197
19839,285,"2013-12-11T10:18:00Z","midnight",45.326939,-153.083845,48.288438,-155.347202,21.5752667,-158.2733528,371.594617861486
19839,286,"2013-12-11T22:22:30Z","noon",43.874886,-154.208845,45.326939,-153.083845,21.5752667,-158.2733528,184.393946985719
19839,287,"2013-12-12T10:29:00Z","midnight",45.820591,-155.946584,43.874886,-154.208845,21.5752667,-158.2733528,256.0629741331
19839,288,"2013-12-12T22:33:43Z","noon",44.33279,-157.12575,45.820591,-155.946584,21.5752667,-158.2733528,189.577997788645
19839,289,"2013-12-13T10:28:46Z","midnight",42.566512,-156.001979,44.33279,-157.12575,21.5752667,-158.2733528,216.333968875993
19839,290,"2013-12-13T22:15:18Z","noon",46.84478,-152.635312,42.566512,-156.001979,21.5752667,-158.2733528,544.942864210673
19839,291,"2013-12-14T10:07:06Z","midnight",44.217484,-150.699923,46.84478,-152.635312,21.5752667,-158.2733528,328.720011813543
19839,292,"2013-12-14T22:07:24.5Z","noon",44.117782,-150.777007,44.217484,-150.699923,21.5752667,-158.2733528,12.6770832964767
19839,293,"2013-12-15T10:18:47Z","midnight",47.47582,-153.736141,44.117782,-150.777007,21.5752667,-158.2733528,438.160603881929
19839,294,"2013-12-15T22:36:30Z","noon",42.47582,-158.165308,47.47582,-153.736141,21.5752667,-158.2733528,655.858709930514
19839,295,"2013-12-16T10:35:52Z","midnight",41.59663,-158.123024,42.47582,-158.165308,21.5752667,-158.2733528,97.8238135758032
19839,296,"2013-12-16T22:32:01.5Z","noon",42.9146,-157.162608,41.59663,-158.123024,21.5752667,-158.2733528,166.505838662983
19839,297,"2013-12-17T10:34:19.5Z","midnight",43.608975,-157.854212,42.9146,-157.162608,21.5752667,-158.2733528,95.3819110372739
19839,298,"2013-12-17T22:35:35.5Z","noon",43.192077,-158.170879,43.608975,-157.854212,21.5752667,-158.2733528,52.9479286441207
19839,299,"2013-12-18T10:28:34Z","midnight",40.712781,-156.531678,43.192077,-158.170879,21.5752667,-158.2733528,307.192173389382
19839,300,"2013-12-18T22:11:28Z","noon",45.712781,-152.256678,40.712781,-156.531678,21.5752667,-158.2733528,654.851424356095
19839,301,"2013-12-19T10:12:42Z","midnight",46.605439,-152.682394,45.712781,-152.256678,21.5752667,-158.2733528,104.534010205014
19839,302,"2013-12-19T22:26:01Z","noon",42.419362,-156.011561,46.605439,-152.682394,21.5752667,-158.2733528,534.992931474073
19839,303,"2013-12-20T10:44:50.5Z","midnight",47.419362,-160.835417,42.419362,-156.011561,21.5752667,-158.2733528,673.024224757765
19839,304,"2013-12-20T22:32:42Z","noon",51.205411,-157.8,47.419362,-160.835417,21.5752667,-158.2733528,474.926642587428
19839,305,"2013-12-21T10:21:55Z","midnight",48.46935,-155.221884,51.205411,-157.8,21.5752667,-158.2733528,355.96021408145
19839,306,"2013-12-21T22:48:38.5Z","noon",43.46935,-161.903134,48.46935,-155.221884,21.5752667,-158.2733528,758.201024348357
19839,307,"2013-12-22T10:49:40Z","midnight",40.428729,-162.277102,43.46935,-161.903134,21.5752667,-158.2733528,339.512049933842
19839,308,"2013-12-22T22:45:17.5Z","noon",41.96805,-161.183352,40.428729,-162.277102,21.5752667,-158.2733528,194.086981703393
19839,309,"2013-12-23T10:55:22.5Z","midnight",45.240488,-163.821793,41.96805,-161.183352,21.5752667,-158.2733528,421.295967542013
19839,310,"2013-12-23T22:57:42Z","noon",44.519744,-164.403043,45.240488,-163.821793,21.5752667,-158.2733528,92.3048493934141
19839,311,"2013-12-24T10:52:42Z","midnight",42.91687,-163.270429,44.519744,-164.403043,21.5752667,-158.2733528,200.123838472159
19839,312,"2013-12-24T22:53:47Z","noon",42.554145,-163.541263,42.91687,-163.270429,21.5752667,-158.2733528,46.0003713226479
19839,313,"2013-12-25T10:53:44.5Z","midnight",42.565727,-163.6479,42.554145,-163.541263,21.5752667,-158.2733528,8.82831630442582
19839,314,"2013-12-25T22:46:31.5Z","noon",44.900644,-161.843733,42.565727,-163.6479,21.5752667,-158.2733528,297.336641966096
19839,315,"2013-12-26T10:54:49Z","midnight",47.390821,-164.033262,44.900644,-161.843733,21.5752667,-158.2733528,324.195192219274
19839,316,"2013-12-26T23:02:07.5Z","noon",45.241673,-165.860345,47.390821,-164.033262,21.5752667,-158.2733528,277.10570267359
19839,317,"2013-12-27T11:05:24Z","midnight",46.27701,-166.795156,45.241673,-165.860345,21.5752667,-158.2733528,136.059404613896
19839,318,"2013-12-27T23:09:36.5Z","noon",45.003133,-167.847239,46.27701,-166.795156,21.5752667,-158.2733528,163.56383047572
19839,319,"2013-12-28T10:55:53Z","midnight",40.45156,-164.531389,45.003133,-167.847239,21.5752667,-158.2733528,573.899752213307
19839,320,"2013-12-28T22:55:03Z","noon",40.752568,-164.323056,40.45156,-164.531389,21.5752667,-158.2733528,37.8104264615667
19839,321,"2013-12-29T10:55:01.5Z","midnight",40.814769,-164.431437,40.752568,-164.323056,21.5752667,-158.2733528,11.4500931267075
19839,322,"2013-12-29T22:39:13.5Z","noon",45.814769,-160.481437,40.814769,-164.431437,21.5752667,-158.2733528,641.076400379248
19839,323,"2013-12-30T10:46:23Z","midnight",48.161566,-162.384777,45.814769,-160.481437,21.5752667,-158.2733528,298.202933009907
19839,324,"2013-12-30T22:49:28.5Z","noon",47.293406,-163.157694,48.161566,-162.384777,21.5752667,-158.2733528,112.520280406405
19839,325,"2013-12-31T10:45:30.5Z","midnight",46.228929,-162.278802,47.293406,-163.157694,21.5752667,-158.2733528,135.983644104169
19839,326,"2013-12-31T22:52:43Z","noon",43.974087,-164.080885,46.228929,-162.278802,21.5752667,-158.2733528,287.851082648231
19839,327,"2014-01-01T10:52:30Z","midnight",44.011488,-164.026718,43.974087,-164.080885,21.5752667,-158.2733528,6.00600256868999
19839,328,"2014-01-01T22:58:30Z","noon",41.978531,-165.526718,44.011488,-164.026718,21.5752667,-158.2733528,256.860234474527
19839,329,"2014-01-02T10:58:00Z","midnight",41.921353,-165.513407,41.978531,-165.526718,21.5752667,-158.2733528,6.45249632097376
19839,330,"2014-01-02T22:46:30Z","noon",45.721073,-162.638407,41.921353,-165.513407,21.5752667,-158.2733528,481.28682089488
19839,331,"2014-01-03T10:50:30Z","midnight",47.059639,-163.748906,45.721073,-162.638407,21.5752667,-158.2733528,171.482794817164
19839,332,"2014-01-03T22:59:00Z","noon",44.427135,-165.873906,47.059639,-163.748906,21.5752667,-158.2733528,335.940637128723
19839,333,"2014-01-04T11:01:30Z","midnight",45.374036,-166.608113,44.427135,-165.873906,21.5752667,-158.2733528,120.124515319799
19839,334,"2014-01-04T23:05:30Z","noon",44.078612,-167.608113,45.374036,-166.608113,21.5752667,-158.2733528,164.28306933173
19839,335,"2014-01-05T10:58:30Z","midnight",41.813841,-165.965928,44.078612,-167.608113,21.5752667,-158.2733528,285.089429688631
19839,336,"2014-01-05T22:45:30Z","noon",46.156297,-162.715928,41.813841,-165.965928,21.5752667,-158.2733528,548.300301866452
19839,337,"2014-01-06T10:56:00Z","midnight",49.371257,-165.447252,46.156297,-162.715928,21.5752667,-158.2733528,411.605752771677
19839,338,"2014-01-06T22:58:00Z","noon",48.82081,-165.947252,49.371257,-165.447252,21.5752667,-158.2733528,71.214764957069
19839,339,"2014-01-07T10:45:30Z","midnight",45.241623,-162.926987,48.82081,-165.947252,21.5752667,-158.2733528,459.031635020818
19839,340,"2014-01-07T22:47:00Z","noon",44.750674,-163.301987,45.241623,-162.926987,21.5752667,-158.2733528,62.045476500874
19839,341,"2014-01-08T10:56:00Z","midnight",47.761474,-165.655038,44.750674,-163.301987,21.5752667,-158.2733528,380.494661745175
19839,342,"2014-01-08T22:49:00Z","noon",49.747033,-163.905038,47.761474,-165.655038,21.5752667,-158.2733528,255.334383231291
19839,343,"2014-01-09T10:44:30Z","midnight",48.69751,-162.881313,49.747033,-163.905038,21.5752667,-158.2733528,138.368842036873
19839,344,"2014-01-09T22:55:30Z","noon",45.316024,-165.631313,48.69751,-162.881313,21.5752667,-158.2733528,429.882145183967
19839,345,"2014-01-10T10:57:30Z","midnight",46.185203,-166.230719,45.316024,-165.631313,21.5752667,-158.2733528,107.255260079812
19839,346,"2014-01-10T23:05:00Z","noon",43.664484,-168.105719,46.185203,-166.230719,21.5752667,-158.2733528,316.763825849246
19839,347,"2014-01-11T11:00:00Z","midnight",42.080135,-166.953168,43.664484,-168.105719,21.5752667,-158.2733528,199.639292045655
19839,348,"2014-01-11T22:59:30Z","noon",42.266655,-166.828168,42.080135,-166.953168,21.5752667,-158.2733528,23.1573331175711
19839,349,"2014-01-12T11:40:00Z","midnight",47.266655,-177.048572,42.266655,-166.828168,21.5752667,-158.2733528,978.593376953509
19839,350,"2014-01-12T23:40:50Z","noon",52.266655,-177.256905,47.266655,-177.048572,21.5752667,-158.2733528,556.175275305212
19839,351,"2014-01-13T11:05:25.5Z","midnight",47.266655,-168.498097,52.266655,-177.256905,21.5752667,-158.2733528,838.498381698801
19839,352,"2014-01-13T23:06:20.5Z","noon",43.985286,-168.727264,47.266655,-168.498097,21.5752667,-158.2733528,365.306025643238
19839,353,"2014-01-14T11:10:28Z","midnight",45.696507,-169.849578,43.985286,-168.727264,21.5752667,-158.2733528,209.842608705624
19839,354,"2014-01-14T23:17:29.5Z","noon",43.197317,-171.605828,45.696507,-169.849578,21.5752667,-158.2733528,310.886801311758
19839,355,"2014-01-15T11:33:27Z","midnight",48.197317,-175.684186,43.197317,-171.605828,21.5752667,-158.2733528,639.645926840264
19839,356,"2014-01-15T23:38:11Z","noon",47.373965,-176.867519,48.197317,-175.684186,21.5752667,-158.2733528,127.268987014321
19839,357,"2014-01-16T11:20:09Z","midnight",42.373965,-172.445592,47.373965,-176.867519,21.5752667,-158.2733528,655.885418463379
19839,358,"2014-01-16T22:39:53.5Z","noon",47.373965,-162.381009,42.373965,-172.445592,21.5752667,-158.2733528,967.314288286511
19839,359,"2014-01-17T10:51:43.5Z","midnight",52.373965,-165.423307,47.373965,-162.381009,21.5752667,-158.2733528,597.055288623491
19839,360,"2014-01-17T23:34:26Z","noon",47.373965,-176.10039,52.373965,-165.423307,21.5752667,-158.2733528,944.254179832162
19839,361,"2014-01-18T11:26:54Z","midnight",42.499237,-174.298508,47.373965,-176.10039,21.5752667,-158.2733528,560.250025366886
19839,362,"2014-01-18T23:14:36.5Z","noon",47.027094,-171.225591,42.499237,-174.298508,21.5752667,-158.2733528,558.764990930207
19839,363,"2014-01-19T11:08:25Z","midnight",45.177636,-169.756544,47.027094,-171.225591,21.5752667,-158.2733528,234.766740536178
19839,364,"2014-01-19T23:10:51Z","noon",44.265933,-170.364878,45.177636,-169.756544,21.5752667,-158.2733528,112.192211067354
19839,365,"2014-01-20T11:11:52Z","midnight",45.005403,-170.695267,44.265933,-170.364878,21.5752667,-158.2733528,86.2807664675507
19839,366,"2014-01-20T23:06:38.5Z","noon",46.903427,-169.389017,45.005403,-170.695267,21.5752667,-158.2733528,233.955983784815
19839,367,"2014-01-21T11:03:12.5Z","midnight",46.042175,-168.604195,46.903427,-169.389017,21.5752667,-158.2733528,113.062635782353
19839,368,"2014-01-21T22:48:44Z","noon",50.868888,-164.985445,46.042175,-168.604195,21.5752667,-158.2733528,599.210274370085
19839,369,"2014-01-22T10:45:14Z","midnight",50.173495,-164.181188,50.868888,-164.985445,21.5752667,-158.2733528,95.9774470021693
19839,370,"2014-01-22T22:39:41Z","noon",51.860833,-162.793688,50.173495,-164.181188,21.5752667,-158.2733528,211.23122021126
19839,371,"2014-01-23T10:37:42Z","midnight",51.671209,-162.365771,51.860833,-162.793688,21.5752667,-158.2733528,36.2178018606322
19839,372,"2014-01-23T22:53:51Z","noon",46.671209,-166.403271,51.671209,-162.365771,21.5752667,-158.2733528,628.465575907986
19839,373,"2014-01-24T10:57:44.5Z","midnight",48.07585,-167.441225,46.671209,-166.403271,21.5752667,-158.2733528,174.650094622337
19839,374,"2014-01-24T22:57:35.5Z","noon",48.129256,-167.403725,48.07585,-167.441225,21.5752667,-158.2733528,6.55892327539986
19839,375,"2014-01-25T10:54:51Z","midnight",47.569647,-166.780416,48.129256,-167.403725,21.5752667,-158.2733528,77.6871449473187
19839,376,"2014-01-25T22:57:05Z","noon",46.730525,-167.338749,47.569647,-166.780416,21.5752667,-158.2733528,102.413737925328
19839,377,"2014-01-26T10:58:13.5Z","midnight",47.61404,-167.683297,46.730525,-167.338749,21.5752667,-158.2733528,101.635686206282
19839,378,"2014-01-26T22:55:25Z","noon",48.647692,-166.981214,47.61404,-167.683297,21.5752667,-158.2733528,126.194508500302
19839,379,"2014-01-27T10:43:03Z","midnight",44.228215,-163.945659,48.647692,-166.981214,21.5752667,-158.2733528,543.582908585668
19839,380,"2014-01-27T22:40:53Z","noon",45.149565,-163.403992,44.228215,-163.945659,21.5752667,-158.2733528,111.037328795823
19839,381,"2014-01-28T10:38:30Z","midnight",44.616909,-162.861211,45.149565,-163.403992,21.5752667,-158.2733528,73.0529191705407
19839,382,"2014-01-28T22:37:29Z","noon",45.055053,-162.607044,44.616909,-162.861211,21.5752667,-158.2733528,52.6804518570937
19839,383,"2014-01-29T10:45:29.5Z","midnight",48.789001,-164.659084,45.055053,-162.607044,21.5752667,-158.2733528,443.435800085266
19839,384,"2014-01-29T22:46:54Z","noon",48.248701,-165.011167,48.789001,-164.659084,21.5752667,-158.2733528,65.4360341924561
19839,385,"2014-01-30T10:41:00Z","midnight",46.37733,-163.582994,48.248701,-165.011167,21.5752667,-158.2733528,234.281486106814
19839,386,"2014-01-30T22:42:25.5Z","noon",45.765851,-163.939244,46.37733,-163.582994,21.5752667,-158.2733528,73.3370752143468
19839,387,"2014-01-31T10:50:36Z","midnight",49.639888,-166.026663,45.765851,-163.939244,21.5752667,-158.2733528,458.171373242272
19839,388,"2014-01-31T22:50:10.5Z","noon",49.801724,-165.920413,49.639888,-166.026663,21.5752667,-158.2733528,19.549276940109
19839,389,"2014-02-01T10:55:30Z","midnight",52.295957,-167.292146,49.801724,-165.920413,21.5752667,-158.2733528,293.440198867169
19839,390,"2014-02-01T22:48:00Z","noon",54.754725,-165.417146,52.295957,-167.292146,21.5752667,-158.2733528,300.156737529305
19839,391,"2014-02-02T10:44:30Z","midnight",54.212756,-164.579422,54.754725,-165.417146,21.5752667,-158.2733528,80.993552033794
19839,392,"2014-02-02T23:07:30Z","noon",49.212756,-170.329422,54.212756,-164.579422,21.5752667,-158.2733528,682.193269602696
19839,393,"2014-02-03T11:05:30Z","midnight",44.790645,-169.863471,49.212756,-170.329422,21.5752667,-158.2733528,492.981406841334
19839,394,"2014-02-03T23:09:00Z","noon",43.031859,-170.738471,44.790645,-169.863471,21.5752667,-158.2733528,207.746053201425
19839,395,"2014-02-04T11:09:00Z","midnight",43.649497,-170.769279,43.031859,-170.738471,21.5752667,-158.2733528,68.7233872712324
19839,396,"2014-02-04T23:01:00Z","noon",47.536602,-168.769279,43.649497,-170.769279,21.5752667,-158.2733528,459.343845846251
19839,397,"2014-02-05T11:00:00Z","midnight",47.727995,-168.546833,47.536602,-168.769279,21.5752667,-158.2733528,27.0325253743485
19839,398,"2014-02-05T22:47:00Z","noon",52.727995,-165.296833,47.727995,-168.546833,21.5752667,-158.2733528,601.969251828478
19839,399,"2014-02-06T10:41:30Z","midnight",51.649013,-163.946125,52.727995,-165.296833,21.5752667,-158.2733528,151.231858317957
19839,400,"2014-02-06T22:51:00Z","noon",47.461083,-166.321125,51.649013,-163.946125,21.5752667,-158.2733528,496.120129622346
19839,401,"2014-02-07T10:41:00Z","midnight",42.922077,-163.842151,47.461083,-166.321125,21.5752667,-158.2733528,540.732044022855
19839,402,"2014-02-07T21:57:30Z","noon",47.922077,-152.967151,42.922077,-163.842151,21.5752667,-158.2733528,1013.16542694572
19839,403,"2014-02-08T09:57:00Z","midnight",52.922077,-152.85991,47.922077,-152.967151,21.5752667,-158.2733528,556.026364056288
19839,404,"2014-02-08T22:30:30Z","noon",48.645372,-161.23491,52.922077,-152.85991,21.5752667,-158.2733528,756.015403830087
19839,405,"2014-02-09T10:13:00Z","midnight",43.645372,-156.874403,48.645372,-161.23491,21.5752667,-158.2733528,649.325951663715
19839,406,"2014-02-09T22:02:00Z","noon",46.061802,-154.124403,43.645372,-156.874403,21.5752667,-158.2733528,345.190132211538
19839,407,"2014-02-10T10:05:00Z","midnight",48.43492,-154.885638,46.061802,-154.124403,21.5752667,-158.2733528,270.058070698714
19839,408,"2014-02-10T21:59:00Z","noon",51.356649,-153.385638,48.43492,-154.885638,21.5752667,-158.2733528,342.167736745156
19839,409,"2014-02-11T09:53:00Z","midnight",49.248457,-151.893624,51.356649,-153.385638,21.5752667,-158.2733528,257.245139643196
19839,410,"2014-02-11T21:51:30Z","noon",50.010223,-151.518624,49.248457,-151.893624,21.5752667,-158.2733528,88.9060713722187
19839,411,"2014-02-12T09:37:30Z","midnight",45.010223,-148.023374,50.010223,-151.518624,21.5752667,-158.2733528,614.66461216563
19839,412,"2014-02-12T21:20:16.5Z","noon",50.010223,-143.717124,45.010223,-148.023374,21.5752667,-158.2733528,642.950531909609
19839,413,"2014-02-13T09:14:36.5Z","midnight",50.484066,-142.301988,50.010223,-143.717124,21.5752667,-158.2733528,113.582633601871
19839,414,"2014-02-13T21:15:31Z","noon",50.003748,-142.529072,50.484066,-142.301988,21.5752667,-158.2733528,55.7966997537901
19839,415,"2014-02-14T09:15:42Z","midnight",51.016788,-142.573238,50.003748,-142.529072,21.5752667,-158.2733528,112.688188957454
19839,416,"2014-02-14T21:11:08.5Z","noon",53.320179,-141.433654,51.016788,-142.573238,21.5752667,-158.2733528,267.648381957598
19839,417,"2014-02-15T09:13:17.5Z","midnight",55.263815,-141.966312,53.320179,-141.433654,21.5752667,-158.2733528,218.867911749517
19839,418,"2014-02-15T21:25:17Z","noon",50.263815,-144.964229,55.263815,-141.966312,21.5752667,-158.2733528,591.295115757686
19839,419,"2014-02-16T09:21:32.5Z","midnight",47.684669,-144.020822,50.263815,-144.964229,21.5752667,-158.2733528,294.931608869036
19839,420,"2014-02-16T21:06:23.5Z","noon",52.684669,-140.233322,47.684669,-144.020822,21.5752667,-158.2733528,617.712060352991
19839,421,"2014-02-17T09:02:21.5Z","midnight",55.054765,-139.213882,52.684669,-140.233322,21.5752667,-158.2733528,271.878102579148
19839,422,"2014-02-17T21:06:23.5Z","noon",52.948909,-140.222215,55.054765,-139.213882,21.5752667,-158.2733528,243.250223309552
19839,423,"2014-02-18T09:00:00Z","midnight",50.262899,-138.610109,52.948909,-140.222215,21.5752667,-158.2733528,318.724337512233
19839,424,"2014-02-18T20:57:13Z","noon",51.974354,-137.914276,50.262899,-138.610109,21.5752667,-158.2733528,196.402321427961
19839,425,"2014-02-19T08:53:43Z","midnight",50.945926,-137.02204,51.974354,-137.914276,21.5752667,-158.2733528,129.991338499951
19839,426,"2014-02-19T21:00:32Z","noon",46.144047,-138.726207,50.945926,-137.02204,21.5752667,-158.2733528,548.44288835917
19839,427,"2014-02-20T09:08:33Z","midnight",51.144047,-140.710132,46.144047,-138.726207,21.5752667,-158.2733528,574.705815925357
19839,428,"2014-02-20T21:17:01Z","noon",46.990995,-142.826799,51.144047,-140.710132,21.5752667,-158.2733528,486.808527073262
19839,429,"2014-02-21T09:16:00Z","midnight",47.446113,-142.54943,46.990995,-142.826799,21.5752667,-158.2733528,54.7709598483121
19839,430,"2014-02-21T21:15:12Z","noon",48.080406,-142.34943,47.446113,-142.54943,21.5752667,-158.2733528,72.0969086634841
19839,431,"2014-02-22T09:26:11Z","midnight",53.080406,-145.069146,48.080406,-142.34943,21.5752667,-158.2733528,588.09304401303
19839,432,"2014-02-22T21:22:19Z","noon",58.080406,-144.102479,53.080406,-145.069146,21.5752667,-158.2733528,559.269092672726
19839,433,"2014-02-23T09:30:37Z","midnight",63.080406,-146.148497,58.080406,-144.102479,21.5752667,-158.2733528,567.02072216732
19839,434,"2014-02-23T21:39:11Z","noon",60.104513,-148.290164,63.080406,-146.148497,21.5752667,-158.2733528,349.713403350997
19839,435,"2014-02-24T09:43:01.5Z","midnight",63.278184,-149.218787,60.104513,-148.290164,21.5752667,-158.2733528,356.26739977261
19839,436,"2014-02-24T21:52:44Z","noon",58.278184,-151.64587,63.278184,-149.218787,21.5752667,-158.2733528,571.26872360417
19839,437,"2014-02-25T09:45:12Z","midnight",54.768744,-149.727987,58.278184,-151.64587,21.5752667,-158.2733528,407.533403437911
19839,438,"2014-02-25T21:35:31Z","noon",59.768744,-147.307154,54.768744,-149.727987,21.5752667,-158.2733528,574.611693968627
19839,439,"2014-02-26T09:40:19Z","midnight",64.768744,-148.469907,59.768744,-147.307154,21.5752667,-158.2733528,559.195872143627
19839,440,"2014-02-26T21:54:55Z","noon",59.768744,-152.119907,64.768744,-148.469907,21.5752667,-158.2733528,586.93870706629
19839,441,"2014-02-27T09:43:11.5Z","midnight",54.768744,-149.148774,59.768744,-152.119907,21.5752667,-158.2733528,583.819557276563
19839,442,"2014-02-27T21:40:49Z","noon",49.925342,-148.555024,54.768744,-149.148774,21.5752667,-158.2733528,540.064339803172
19839,443,"2014-02-28T09:54:39Z","midnight",54.925342,-151.970904,49.925342,-148.555024,21.5752667,-158.2733528,602.1110882624
19839,444,"2014-02-28T22:00:00Z","noon",59.291077,-153.308404,54.925342,-151.970904,21.5752667,-158.2733528,492.09378141045
19839,445,"2014-03-01T10:03:00Z","midnight",63.290768,-154.013446,59.291077,-153.308404,21.5752667,-158.2733528,446.329781523578
19839,446,"2014-03-01T22:13:30Z","noon",58.290768,-156.638446,63.290768,-154.013446,21.5752667,-158.2733528,573.810027800495
19839,447,"2014-03-02T10:09:00Z","midnight",53.290768,-155.466054,58.290768,-156.638446,21.5752667,-158.2733528,560.761939150467
19839,448,"2014-03-02T22:04:00Z","noon",57.628989,-154.216054,53.290768,-155.466054,21.5752667,-158.2733528,488.76064244123
19839,449,"2014-03-03T10:01:30Z","midnight",57.55846,-153.541298,57.628989,-154.216054,21.5752667,-158.2733528,40.9671967660226
19839,450,"2014-03-04T10:10:30Z","midnight",58.054934,-155.739254,57.55846,-153.541298,21.5752667,-158.2733528,141.422424865718
19839,451,"2014-03-04T22:07:30Z","noon",61.209412,-154.989254,58.054934,-155.739254,21.5752667,-158.2733528,353.280475102946
19839,452,"2014-03-05T10:02:30Z","midnight",58.666296,-153.684999,61.209412,-154.989254,21.5752667,-158.2733528,291.949613997855
19839,453,"2014-03-05T21:59:00Z","noon",62.604036,-152.809999,58.666296,-153.684999,21.5752667,-158.2733528,440.437723836817
19839,454,"2014-03-06T09:58:00Z","midnight",64.793205,-152.50361,62.604036,-152.809999,21.5752667,-158.2733528,243.891352057326
19839,455,"2014-03-06T21:57:00Z","noon",65.785785,-152.25361,64.793205,-152.50361,21.5752667,-158.2733528,110.979717809144
19839,456,"2014-03-07T09:56:00Z","midnight",68.355169,-151.945169,65.785785,-152.25361,21.5752667,-158.2733528,286.01383221783
19839,457,"2014-03-08T10:13:00Z","midnight",70,-156.134759,68.355169,-151.945169,21.5752667,-158.2733528,246.623823985114
19839,458,"2014-03-08T22:14:00Z","noon",70,-156.384759,70,-156.134759,21.5752667,-158.2733528,9.5077195270522
19839,459,"2014-03-10T10:09:00Z","midnight",70,-155.008372,70,-156.384759,21.5752667,-158.2733528,52.3441314851687
19839,460,"2014-03-10T22:06:30Z","noon",70,-154.383372,70,-155.008372,21.5752667,-158.2733528,23.7692114056081
19839,461,"2014-03-12T09:54:30Z","midnight",70,-151.250149,70,-154.383372,21.5752667,-158.2733528,119.146194746999
19839,462,"2014-03-12T21:52:21Z","noon",70,-150.712649,70,-151.250149,21.5752667,-158.2733528,20.4415451128704
19839,463,"2014-03-13T09:38:51Z","midnight",70,-147.268699,70,-150.712649,21.5752667,-158.2733528,130.959123422553
19839,464,"2014-03-14T21:46:53.5Z","noon",70,-149.208729,70,-147.268699,21.5752667,-158.2733528,73.7779838670677
19839,465,"2014-03-19T09:27:43.5Z","midnight",70,-144.046916,70,-149.208729,21.5752667,-158.2733528,196.249796494336
19839,466,"2014-03-21T09:16:29Z","midnight",70,-141.081749,70,-144.046916,21.5752667,-158.2733528,112.756871539732
19839,467,"2014-03-22T09:08:55Z","midnight",65,-139.111667,70,-141.081749,21.5752667,-158.2733528,562.185458014023
19839,468,"2014-03-22T21:18:30Z","noon",60,-141.5075,65,-139.111667,21.5752667,-158.2733528,569.317145901791
19839,469,"2014-03-24T09:34:13Z","midnight",55,-145.278253,60,-141.5075,21.5752667,-158.2733528,599.647451428282
19839,470,"2014-03-26T09:18:20.5Z","midnight",50,-141.149643,55,-145.278253,21.5752667,-158.2733528,622.003243454468
19839,471,"2014-03-29T21:57:23Z","noon",45,-150.669298,50,-141.149643,21.5752667,-158.2733528,904.657399313855
19839,472,"2014-03-30T09:47:38Z","midnight",40,-148.15168,45,-150.669298,21.5752667,-158.2733528,592.966826657861
19839,473,"2014-03-30T21:39:49.5Z","noon",35,-146.199596,40,-148.15168,21.5752667,-158.2733528,581.987802647939
19839,474,"2014-03-31T09:35:06Z","midnight",30,-144.938459,35,-146.199596,21.5752667,-158.2733528,568.397613746532
19839,475,"2014-04-02T09:29:30Z","midnight",25,-143.379763,30,-144.938459,21.5752667,-158.2733528,576.814535657551
19839,476,"2014-04-02T21:31:30Z","noon",20,-143.879763,25,-143.379763,21.5752667,-158.2733528,558.340087582622
19839,477,"2014-04-03T09:28:00Z","midnight",15,-142.926145,20,-143.879763,21.5752667,-158.2733528,565.08987662327
19839,478,"2014-04-03T21:19:00Z","noon",10,-140.676145,15,-142.926145,21.5752667,-158.2733528,607.228133371787
19839,479,"2014-04-04T09:08:00Z","midnight",15,-137.848139,10,-140.676145,21.5752667,-158.2733528,635.051893612353
19839,480,"2014-04-04T21:19:30Z","noon",20,-140.723139,15,-137.848139,21.5752667,-158.2733528,634.024419455979
19839,481,"2014-04-05T09:21:00Z","midnight",25,-141.020837,20,-140.723139,21.5752667,-158.2733528,556.814328515027
19839,482,"2014-04-05T21:26:00Z","noon",30,-142.270837,25,-141.020837,21.5752667,-158.2733528,569.464939653582
19839,483,"2014-04-06T09:29:30Z","midnight",33.123856,-143.06933,30,-142.270837,21.5752667,-158.2733528,355.495954928593
19839,484,"2014-04-06T21:28:30Z","noon",31.900263,-142.81933,33.123856,-143.06933,21.5752667,-158.2733528,138.061877696222
19839,485,"2014-04-07T09:25:00Z","midnight",34.776163,-141.868708,31.900263,-142.81933,21.5752667,-158.2733528,331.74923143421
19839,486,"2014-04-07T21:38:30Z","noon",39.776163,-145.243708,34.776163,-141.868708,21.5752667,-158.2733528,630.966327797079
19839,487,"2014-04-08T09:38:00Z","midnight",44.776163,-145.044059,39.776163,-145.243708,21.5752667,-158.2733528,556.216693164471
19839,488,"2014-04-08T21:29:00Z","noon",39.776163,-142.794059,44.776163,-145.044059,21.5752667,-158.2733528,585.916802325004
19839,489,"2014-04-09T09:32:30Z","midnight",34.776163,-143.595469,39.776163,-142.794059,21.5752667,-158.2733528,560.470469026959
19839,490,"2014-04-09T21:19:30Z","noon",29.776163,-140.345469,34.776163,-143.595469,21.5752667,-158.2733528,634.292979893899
19839,491,"2014-04-10T09:21:00Z","midnight",24.776163,-140.648022,29.776163,-140.345469,21.5752667,-158.2733528,556.777224294642
19839,492,"2014-04-10T21:24:00Z","noon",19.776163,-141.398022,24.776163,-140.648022,21.5752667,-158.2733528,561.299950240422
19839,493,"2014-04-11T09:08:30Z","midnight",24.776163,-137.451802,19.776163,-141.398022,21.5752667,-158.2733528,688.344688104564
19839,494,"2014-04-11T21:19:00Z","noon",29.776163,-140.076802,24.776163,-137.451802,21.5752667,-158.2733528,613.459911656317
19839,495,"2014-04-12T09:28:00Z","midnight",34.776163,-142.25689,29.776163,-140.076802,21.5752667,-158.2733528,592.499329368967
19839,496,"2014-04-12T21:36:24Z","noon",39.776163,-144.35689,34.776163,-142.25689,21.5752667,-158.2733528,586.149699626826
19839,497,"2014-04-13T09:43:16Z","midnight",36.492624,-146.00503,39.776163,-144.35689,21.5752667,-158.2733528,392.517217037156
19839,498,"2014-04-13T21:55:41Z","noon",41.492624,-149.109196,36.492624,-146.00503,21.5752667,-158.2733528,617.200088197258
19839,499,"2014-04-14T10:12:54.5Z","midnight",36.492624,-153.348382,41.492624,-149.109196,21.5752667,-158.2733528,665.623686018097
19839,500,"2014-04-14T22:02:46.5Z","noon",31.492624,-150.815049,36.492624,-153.348382,21.5752667,-158.2733528,602.968554613635
19839,501,"2014-04-15T09:45:56Z","midnight",36.200628,-146.539104,31.492624,-150.815049,21.5752667,-158.2733528,655.56542647553
19839,502,"2014-04-15T22:03:35Z","noon",41.200628,-150.951604,36.200628,-146.539104,21.5752667,-158.2733528,674.855114785611
19839,503,"2014-04-16T10:07:20Z","midnight",44.461532,-151.825185,41.200628,-150.951604,21.5752667,-158.2733528,369.520795833647
19839,504,"2014-04-16T21:52:34Z","noon",39.461532,-148.133519,44.461532,-151.825185,21.5752667,-158.2733528,634.084331269642
19839,505,"2014-04-17T09:42:23Z","midnight",40.937018,-145.525444,39.461532,-148.133519,21.5752667,-158.2733528,275.628468867677
19839,506,"2014-04-17T21:37:41.5Z","noon",37.881641,-144.352528,40.937018,-145.525444,21.5752667,-158.2733528,354.361004820313
19839,507,"2014-04-18T09:52:26.5Z","midnight",32.881641,-147.979532,37.881641,-144.352528,21.5752667,-158.2733528,645.79054835043
19839,508,"2014-04-18T22:11:49Z","noon",37.881641,-152.823282,32.881641,-147.979532,21.5752667,-158.2733528,708.233783901033
19839,509,"2014-04-19T10:05:44Z","midnight",42.831388,-151.243763,37.881641,-152.823282,21.5752667,-158.2733528,566.394408719604
19839,510,"2014-04-19T21:56:59Z","noon",37.831388,-149.056263,42.831388,-151.243763,21.5752667,-158.2733528,586.019806090358
19839,511,"2014-04-20T09:52:22.5Z","midnight",39.726577,-147.847365,37.831388,-149.056263,21.5752667,-158.2733528,235.345898195134
19839,512,"2014-04-20T21:41:36.5Z","noon",34.726577,-145.155698,39.726577,-147.847365,21.5752667,-158.2733528,604.814480998273
19839,513,"2014-04-21T09:36:16.5Z","midnight",35.608492,-143.767481,34.726577,-145.155698,21.5752667,-158.2733528,159.8085709838
19839,514,"2014-04-21T21:06:38.5Z","noon",30.608492,-136.359148,35.608492,-143.767481,21.5752667,-158.2733528,885.634971068088
19839,515,"2014-04-22T09:04:07Z","midnight",25.608492,-135.675001,30.608492,-136.359148,21.5752667,-158.2733528,560.004520666309
19839,516,"2014-04-22T21:30:46Z","noon",30.608492,-142.337501,25.608492,-135.675001,21.5752667,-158.2733528,857.617247079151
19839,517,"2014-04-23T09:31:50Z","midnight",33.241649,-142.55331,30.608492,-142.337501,21.5752667,-158.2733528,293.500956361488
19839,518,"2014-04-23T21:40:58Z","noon",38.241649,-144.836644,33.241649,-142.55331,21.5752667,-158.2733528,592.878122053658
19839,519,"2014-04-24T09:39:40.5Z","midnight",38.909802,-144.464961,38.241649,-144.836644,21.5752667,-158.2733528,81.0167790430822
19839,520,"2014-04-24T21:28:41.5Z","noon",33.909802,-141.719128,38.909802,-144.464961,21.5752667,-158.2733528,607.767890411766
19839,521,"2014-04-25T09:26:55Z","midnight",32.786632,-141.22875,33.909802,-141.719128,21.5752667,-158.2733528,132.937191364718
19839,522,"2014-04-25T21:26:07.5Z","noon",32.271667,-141.030833,32.786632,-141.22875,21.5752667,-158.2733528,60.1926444568651
19839,523,"2014-04-26T09:22:15Z","midnight",34.115567,-140.017639,32.271667,-141.030833,21.5752667,-158.2733528,225.665365065259
19839,524,"2014-04-26T21:25:09Z","noon",35.83303,-140.742639,34.115567,-140.017639,21.5752667,-158.2733528,202.073141802018
19839,525,"2014-04-27T09:29:19.5Z","midnight",32.750082,-141.744169,35.83303,-140.742639,21.5752667,-158.2733528,354.933665898471
19839,526,"2014-04-27T21:33:42.5Z","noon",35.35645,-142.840002,32.750082,-141.744169,21.5752667,-158.2733528,306.888367414569
19839,527,"2014-04-28T09:38:08.5Z","midnight",32.158012,-143.908378,35.35645,-142.840002,21.5752667,-158.2733528,369.101877783863
19839,528,"2014-04-28T21:43:40.5Z","noon",35.400677,-145.291711,32.158012,-143.908378,21.5752667,-158.2733528,382.550669775126
19839,529,"2014-04-29T09:56:10.5Z","midnight",30.400677,-148.379051,35.400677,-145.291711,21.5752667,-158.2733528,626.149423794412
19839,530,"2014-04-29T21:57:15Z","noon",27.849803,-148.647801,30.400677,-148.379051,21.5752667,-158.2733528,284.842617717757
19839,531,"2014-04-30T09:52:06Z","midnight",30.643392,-147.324972,27.849803,-148.647801,21.5752667,-158.2733528,336.091959326845
19839,532,"2014-04-30T21:52:36Z","noon",30.948305,-147.449972,30.643392,-147.324972,21.5752667,-158.2733528,35.9455878961051
19839,533,"2014-05-01T10:03:00Z","midnight",25.948305,-150.017001,30.948305,-147.449972,21.5752667,-158.2733528,609.932438253702
19839,534,"2014-05-01T22:07:30Z","noon",26.722474,-151.142001,25.948305,-150.017001,21.5752667,-158.2733528,141.346667398762
19839,535,"2014-05-02T10:11:00Z","midnight",23.924813,-151.986414,26.722474,-151.142001,21.5752667,-158.2733528,322.451729409043
19839,536,"2014-05-02T22:25:00Z","noon",28.924813,-155.486414,23.924813,-151.986414,21.5752667,-158.2733528,656.073431833317
19839,537,"2014-05-03T10:30:00Z","midnight",29.256377,-156.708233,28.924813,-155.486414,21.5752667,-158.2733528,124.313650372382
19839,538,"2014-05-03T22:34:30Z","noon",31.857271,-157.833233,29.256377,-156.708233,21.5752667,-158.2733528,308.609890424235
19839,539,"2014-05-04T10:33:30Z","midnight",31.941786,-157.557478,31.857271,-157.833233,21.5752667,-158.2733528,27.6761333823312
19839,540,"2014-05-04T22:41:00Z","noon",35.82335,-159.432478,31.941786,-157.557478,21.5752667,-158.2733528,464.992493116275
19839,541,"2014-05-05T10:30:00Z","midnight",40.291643,-156.659163,35.82335,-159.432478,21.5752667,-158.2733528,552.929744052905
19839,542,"2014-05-05T22:35:30Z","noon",42.474437,-158.034163,40.291643,-156.659163,21.5752667,-158.2733528,268.449644757205
19839,543,"2014-05-06T10:33:00Z","midnight",42.936697,-157.388302,42.474437,-158.034163,21.5752667,-158.2733528,73.6689364872053
19839,544,"2014-05-06T22:34:00Z","noon",43.301175,-157.638302,42.936697,-157.388302,21.5752667,-158.2733528,45.3239344053268
19839,545,"2014-05-07T10:23:30Z","midnight",46.370654,-154.994902,43.301175,-157.638302,21.5752667,-158.2733528,399.866772711224
19839,546,"2014-05-07T22:15:00Z","noon",43.555553,-152.869902,46.370654,-154.994902,21.5752667,-158.2733528,354.841962074892
19839,547,"2014-05-08T09:48:00Z","midnight",48.555553,-146.103969,43.555553,-152.869902,21.5752667,-158.2733528,762.097241056809
19839,548,"2014-05-08T21:36:00Z","noon",47.867785,-143.103969,48.555553,-146.103969,21.5752667,-158.2733528,235.062426221514
19839,549,"2014-05-09T09:42:00Z","midnight",45.652363,-144.590506,47.867785,-143.103969,21.5752667,-158.2733528,271.109380659033
19839,550,"2014-05-09T21:45:30Z","noon",46.713369,-145.465506,45.652363,-144.590506,21.5752667,-158.2733528,135.853449565722
19839,551,"2014-05-10T09:33:30Z","midnight",49.580808,-142.454511,46.713369,-145.465506,21.5752667,-158.2733528,389.242145175476
19839,552,"2014-05-10T21:16:30Z","noon",44.761806,-138.204511,49.580808,-142.454511,21.5752667,-158.2733528,624.535593543909
19839,553,"2014-05-11T09:17:30Z","midnight",44.033635,-138.445979,44.761806,-138.204511,21.5752667,-158.2733528,83.210492106004
19839,554,"2014-05-11T21:30:00Z","noon",47.738192,-141.570979,44.033635,-138.445979,21.5752667,-158.2733528,477.595687498229
19839,555,"2014-05-12T09:56:00Z","midnight",42.738192,-148.064903,47.738192,-141.570979,21.5752667,-158.2733528,752.890269290555
19839,556,"2014-05-12T22:21:47Z","noon",47.287197,-154.510737,42.738192,-148.064903,21.5752667,-158.2733528,715.494160163828
19839,557,"2014-05-13T10:37:47Z","midnight",42.287197,-158.507105,47.287197,-154.510737,21.5752667,-158.2733528,638.988512291016
19839,558,"2014-05-13T22:32:15Z","noon",40.07792,-157.123772,42.287197,-158.507105,21.5752667,-158.2733528,271.560808149159
19839,559,"2014-05-14T10:50:20.5Z","midnight",35.07792,-161.645487,40.07792,-157.123772,21.5752667,-158.2733528,683.797837852763
19839,560,"2014-05-14T22:54:49.5Z","noon",34.278188,-162.76632,35.07792,-161.645487,21.5752667,-158.2733528,135.69043681842
19839,561,"2014-05-15T10:52:44Z","midnight",34.82553,-162.244613,34.278188,-162.76632,21.5752667,-158.2733528,77.3750879544564
19839,562,"2014-05-15T22:48:32Z","noon",33.003392,-161.194613,34.82553,-162.244613,21.5752667,-158.2733528,224.583654585913
19839,563,"2014-05-16T10:57:08.5Z","midnight",28.639641,-163.350298,33.003392,-161.194613,21.5752667,-158.2733528,527.043437154407
19839,564,"2014-05-16T22:57:30.5Z","noon",28.820119,-163.441964,28.639641,-163.350298,21.5752667,-158.2733528,21.9686636561458
19839,565,"2014-05-17T10:59:06Z","midnight",27.732644,-163.845848,28.820119,-163.441964,21.5752667,-158.2733528,127.225159501355
19839,566,"2014-05-17T23:08:35Z","noon",32.194862,-166.216682,27.732644,-163.845848,21.5752667,-158.2733528,546.166323688197
19839,567,"2014-05-18T11:18:41.5Z","midnight",27.194862,-168.752071,32.194862,-166.216682,21.5752667,-158.2733528,607.458461712302
19839,568,"2014-05-18T23:13:10.5Z","noon",24.297385,-167.372904,27.194862,-168.752071,21.5752667,-158.2733528,350.53739982691
19839,569,"2014-05-19T11:11:52Z","midnight",24.724865,-167.056436,24.297385,-167.372904,21.5752667,-158.2733528,57.3115327293197
19839,570,"2014-05-19T23:12:49Z","noon",25.215731,-167.293936,24.724865,-167.056436,21.5752667,-158.2733528,59.6012155298255
19839,571,"2014-05-20T10:47:30Z","midnight",30.215731,-160.977658,25.215731,-167.293936,21.5752667,-158.2733528,833.759446016442
19839,572,"2014-05-20T22:36:45Z","noon",31.823659,-158.290158,30.215731,-160.977658,21.5752667,-158.2733528,312.317229516946
19839,573,"2014-05-21T10:47:25Z","midnight",26.823659,-160.971951,31.823659,-158.290158,21.5752667,-158.2733528,613.691536768679
19839,574,"2014-05-21T22:55:25Z","noon",30.378666,-162.971951,26.823659,-160.971951,21.5752667,-158.2733528,440.863406852969
19839,575,"2014-05-22T10:35:54Z","midnight",35.378666,-158.110108,30.378666,-162.971951,21.5752667,-158.2733528,717.571481601958
19839,576,"2014-05-22T22:30:50.5Z","noon",36.001391,-156.845525,35.378666,-158.110108,21.5752667,-158.2733528,133.555676938225
19839,577,"2014-05-23T10:18:15.5Z","midnight",40.078521,-153.71917,36.001391,-156.845525,21.5752667,-158.2733528,529.52462153933
19839,578,"2014-05-23T22:03:12.5Z","noon",35.078521,-149.95667,40.078521,-153.71917,21.5752667,-158.2733528,647.175182365592
19839,579,"2014-05-24T10:28:33Z","midnight",30.078521,-156.313675,35.078521,-149.95667,21.5752667,-158.2733528,814.428043426489
19839,580,"2014-05-24T22:25:50.5Z","noon",25.078521,-155.636591,30.078521,-156.313675,21.5752667,-158.2733528,559.960753649764
19839,581,"2014-05-25T10:13:26Z","midnight",27.758195,-152.558156,25.078521,-155.636591,21.5752667,-158.2733528,427.46693604662
19839,582,"2014-05-25T22:16:57Z","noon",29.328074,-153.437323,27.758195,-152.558156,21.5752667,-158.2733528,194.54063876868
19839,583,"2014-05-26T10:07:01Z","midnight",33.206251,-150.979647,29.328074,-153.437323,21.5752667,-158.2733528,490.387603121696
19839,584,"2014-05-26T22:13:17.5Z","noon",35.568371,-152.548397,33.206251,-150.979647,21.5752667,-158.2733528,299.50426597218
19839,585,"2014-05-27T10:13:49.5Z","midnight",35.142009,-152.709343,35.568371,-152.548397,21.5752667,-158.2733528,49.6052399103809
19839,586,"2014-05-27T22:21:44Z","noon",37.896361,-154.686426,35.142009,-152.709343,21.5752667,-158.2733528,353.552247852098
19839,587,"2014-05-28T10:24:57Z","midnight",36.580877,-155.520103,37.896361,-154.686426,21.5752667,-158.2733528,163.836272957634
19839,588,"2014-05-28T22:26:37.5Z","noon",37.152636,-155.938853,36.580877,-155.520103,21.5752667,-158.2733528,73.6862443816761
19839,589,"2014-05-29T10:40:22.5Z","midnight",32.152636,-159.407703,37.152636,-155.938853,21.5752667,-158.2733528,640.015679153579
19839,590,"2014-05-29T22:41:22Z","noon",32.301474,-159.65562,32.152636,-159.407703,21.5752667,-158.2733528,28.5960243455843
19839,591,"2014-05-30T10:42:45.5Z","midnight",31.558316,-160.036663,32.301474,-159.65562,21.5752667,-158.2733528,90.1201351682323
19839,592,"2014-05-30T22:46:08.5Z","noon",32.869811,-160.882496,31.558316,-160.036663,21.5752667,-158.2733528,166.127235402574
19839,593,"2014-05-31T10:49:30Z","midnight",31.381059,-161.75692,32.869811,-160.882496,21.5752667,-158.2733528,184.888368413161
19839,594,"2014-05-31T22:57:30Z","noon",34.396765,-163.75692,31.381059,-161.75692,21.5752667,-158.2733528,383.799433738727
19839,595,"2014-06-01T10:59:30Z","midnight",33.484311,-164.293406,34.396765,-163.75692,21.5752667,-158.2733528,112.886485899915
19839,596,"2014-06-01T23:01:30Z","noon",34.212015,-164.793406,33.484311,-164.293406,21.5752667,-158.2733528,93.1642803991708
19839,597,"2014-06-02T10:55:00Z","midnight",36.289382,-163.206471,34.212015,-164.793406,21.5752667,-158.2733528,272.244467201348
19839,598,"2014-06-02T22:47:00Z","noon",33.49324,-161.206471,36.289382,-163.206471,21.5752667,-158.2733528,360.452941749175
19839,599,"2014-06-03T10:59:00Z","midnight",28.660903,-164.246042,33.49324,-161.206471,21.5752667,-158.2733528,610.25550262876
19839,600,"2014-06-03T23:03:00Z","noon",30.282919,-165.246042,28.660903,-164.246042,21.5752667,-158.2733528,204.694465439356
19839,601,"2014-06-04T11:05:30Z","midnight",29.129622,-165.912047,30.282919,-165.246042,21.5752667,-158.2733528,143.467576817921
19839,602,"2014-06-04T23:10:00Z","noon",30.916929,-167.037047,29.129622,-165.912047,21.5752667,-158.2733528,226.332296304791
19839,603,"2014-06-05T11:09:00Z","midnight",31.158891,-166.829412,30.916929,-167.037047,21.5752667,-158.2733528,33.3948654476059
19839,604,"2014-06-05T23:07:30Z","noon",30.579839,-166.454412,31.158891,-166.829412,21.5752667,-158.2733528,73.666472377904
19839,605,"2014-06-06T11:04:00Z","midnight",31.780167,-165.623059,30.579839,-166.454412,21.5752667,-158.2733528,155.141302117196
19839,606,"2014-06-06T23:05:30Z","noon",32.337155,-165.998059,31.780167,-165.623059,21.5752667,-158.2733528,71.3070619982552
19839,607,"2014-06-07T11:06:30Z","midnight",31.838479,-166.29291,32.337155,-165.998059,21.5752667,-158.2733528,62.0185574508637
19839,608,"2014-06-07T22:57:30Z","noon",28.332174,-164.04291,31.838479,-166.29291,21.5752667,-158.2733528,445.918248907825
19839,609,"2014-06-08T10:53:30Z","midnight",29.814434,-163.088885,28.332174,-164.04291,21.5752667,-158.2733528,189.105480689372
19839,610,"2014-06-08T22:59:30Z","noon",32.087884,-164.588885,29.814434,-163.088885,21.5752667,-158.2733528,290.449719841066
19839,611,"2014-06-09T10:57:00Z","midnight",32.880809,-164.010903,32.087884,-164.588885,21.5752667,-158.2733528,103.502467552209
19839,612,"2014-06-09T23:00:30Z","noon",34.107873,-164.885903,32.880809,-164.010903,21.5752667,-158.2733528,158.743938417935
19839,613,"2014-06-10T11:01:00Z","midnight",33.829646,-165.058879,34.107873,-164.885903,21.5752667,-158.2733528,34.8077206211782
19839,614,"2014-06-10T22:43:30Z","noon",28.829646,-160.683879,33.829646,-165.058879,21.5752667,-158.2733528,693.92417631159
19839,615,"2014-06-11T10:38:30Z","midnight",29.124398,-159.482729,28.829646,-160.683879,21.5752667,-158.2733528,121.350774005776
19839,616,"2014-06-11T22:48:30Z","noon",32.858162,-161.982729,29.124398,-159.482729,21.5752667,-158.2733528,478.659654441946
19839,617,"2014-06-12T10:50:30Z","midnight",32.055173,-162.532369,32.858162,-161.982729,21.5752667,-158.2733528,103.110707828452
19839,618,"2014-06-12T23:03:12Z","noon",36.352434,-165.707369,32.055173,-162.532369,21.5752667,-158.2733528,559.889730884838
19839,619,"2014-06-13T11:00:50.5Z","midnight",37.006004,-165.168126,36.352434,-165.707369,21.5752667,-158.2733528,87.1428530152222
19839,620,"2014-06-13T22:59:21.5Z","noon",36.545529,-164.797293,37.006004,-165.168126,21.5752667,-158.2733528,60.9307191060097
19839,621,"2014-06-14T11:01:53Z","midnight",35.671711,-165.479498,36.545529,-164.797293,21.5752667,-158.2733528,114.876381317835
19839,622,"2014-06-14T22:54:16Z","noon",33.123555,-163.575331,35.671711,-165.479498,21.5752667,-158.2733528,332.855869322725
19839,623,"2014-06-15T10:59:12.5Z","midnight",31.297228,-164.862228,33.123555,-163.575331,21.5752667,-158.2733528,236.424752329903
19839,624,"2014-06-15T23:03:59Z","noon",33.002875,-166.055978,31.297228,-164.862228,21.5752667,-158.2733528,220.451207327326
19839,625,"2014-06-16T11:02:52.5Z","midnight",33.332405,-165.830811,33.002875,-166.055978,21.5752667,-158.2733528,42.2123519359652
19839,626,"2014-06-16T23:00:30Z","noon",32.504683,-165.237061,33.332405,-165.830811,21.5752667,-158.2733528,107.436149335245
19839,627,"2014-06-17T10:50:30Z","midnight",35.807862,-162.789322,32.504683,-165.237061,21.5752667,-158.2733528,430.811787544802
19839,628,"2014-06-17T22:49:02Z","noon",35.338426,-162.422656,35.807862,-162.789322,21.5752667,-158.2733528,61.8421513676671
19839,629,"2014-06-18T11:11:50.5Z","midnight",30.338426,-168.177255,35.338426,-162.422656,21.5752667,-158.2733528,773.091541674619
19839,630,"2014-06-18T23:17:44Z","noon",29.33732,-169.650172,30.338426,-168.177255,21.5752667,-158.2733528,180.48308578875
19839,631,"2014-06-19T11:03:13Z","midnight",34.33732,-166.073684,29.33732,-169.650172,21.5752667,-158.2733528,650.451507297065
19839,632,"2014-06-19T22:53:41.5Z","noon",31.176915,-163.692434,34.33732,-166.073684,21.5752667,-158.2733528,415.993489059092
19839,633,"2014-06-20T10:57:20.5Z","midnight",29.800816,-164.657685,31.176915,-163.692434,21.5752667,-158.2733528,178.793709068183
19839,634,"2014-06-20T22:58:21.5Z","noon",30.183434,-164.911852,29.800816,-164.657685,21.5752667,-158.2733528,49.084026552695
19839,635,"2014-06-21T10:54:25Z","midnight",31.618114,-163.979167,30.183434,-164.911852,21.5752667,-158.2733528,182.668259320589
19839,636,"2014-06-21T22:46:21Z","noon",28.594947,-161.9625,31.618114,-163.979167,21.5752667,-158.2733528,388.095698201104
19839,637,"2014-06-22T10:36:37Z","midnight",32.208447,-159.581786,28.594947,-161.9625,21.5752667,-158.2733528,462.10401040483
19839,638,"2014-06-22T22:49:16Z","noon",36.400833,-162.744286,32.208447,-159.581786,21.5752667,-158.2733528,549.181824391875
19839,639,"2014-06-23T10:57:02.5Z","midnight",33.894033,-164.740452,36.400833,-162.744286,21.5752667,-158.2733528,332.601394500526
19839,640,"2014-06-23T22:46:12.5Z","noon",30.039973,-162.032119,33.894033,-164.740452,21.5752667,-158.2733528,498.870757112503
19839,641,"2014-06-24T10:45:50.5Z","midnight",30.189376,-161.992573,30.039973,-162.032119,21.5752667,-158.2733528,17.0427604136005
19839,642,"2014-06-24T22:54:10.5Z","noon",33.181,-164.075906,30.189376,-161.992573,21.5752667,-158.2733528,386.648738821644
19839,643,"2014-06-25T10:50:03.5Z","midnight",34.587841,-163.098474,33.181,-164.075906,21.5752667,-158.2733528,180.586019514185
19839,644,"2014-06-25T22:50:32.5Z","noon",34.74669,-163.219307,34.587841,-163.098474,21.5752667,-158.2733528,20.8352274771631
19839,645,"2014-06-26T10:45:11.5Z","midnight",36.482177,-161.933064,34.74669,-163.219307,21.5752667,-158.2733528,225.292139353881
19839,646,"2014-06-26T22:44:25.5Z","noon",36.243603,-161.741397,36.482177,-161.933064,21.5752667,-158.2733528,31.595779758407
19839,647,"2014-06-27T10:48:43Z","midnight",34.909861,-162.865003,36.243603,-161.741397,21.5752667,-158.2733528,179.775830872138
19839,648,"2014-06-27T22:53:49Z","noon",36.533713,-164.140003,34.909861,-162.865003,21.5752667,-158.2733528,214.123953722596
19839,649,"2014-06-28T10:52:43Z","midnight",36.919954,-163.915034,36.533713,-164.140003,21.5752667,-158.2733528,47.3974903683219
19839,650,"2014-06-28T22:11:39Z","noon",31.919954,-153.648367,36.919954,-163.915034,21.5752667,-158.2733528,1092.62955328604
19839,651,"2014-06-29T10:20:37.5Z","midnight",26.919954,-155.941401,31.919954,-153.648367,21.5752667,-158.2733528,598.64040377582
19839,652,"2014-06-29T22:49:49.5Z","noon",29.833343,-163.241401,26.919954,-155.941401,21.5752667,-158.2733528,783.995448693945
19839,653,"2014-06-30T10:43:07Z","midnight",32.365026,-161.612766,29.833343,-163.241401,21.5752667,-158.2733528,321.380566596019
19839,654,"2014-06-30T22:56:10Z","noon",36.706581,-164.875266,32.365026,-161.612766,21.5752667,-158.2733528,567.672289491405
19839,655,"2014-07-01T11:10:30Z","midnight",31.974847,-168.506125,36.706581,-164.875266,21.5752667,-158.2733528,622.731670319505
19839,656,"2014-07-01T23:01:00Z","noon",28.373079,-166.131125,31.974847,-168.506125,21.5752667,-158.2733528,460.961577592718
19839,657,"2014-07-02T10:51:00Z","midnight",32.233114,-163.677642,28.373079,-166.131125,21.5752667,-158.2733528,489.551769300469
19839,658,"2014-07-02T23:03:00Z","noon",36.286745,-166.677642,32.233114,-163.677642,21.5752667,-158.2733528,528.300517900818
19839,659,"2014-07-03T10:54:00Z","midnight",39.095221,-164.473065,36.286745,-166.677642,21.5752667,-158.2733528,367.600822509797
19839,660,"2014-07-03T22:46:00Z","noon",36.692262,-162.473065,39.095221,-164.473065,21.5752667,-158.2733528,319.656426398195
19839,661,"2014-07-04T10:49:30Z","midnight",35.672295,-163.39231,36.692262,-162.473065,21.5752667,-158.2733528,140.246669364769
19839,662,"2014-07-04T22:43:00Z","noon",33.479037,-161.76731,35.672295,-163.39231,21.5752667,-158.2733528,285.665473770117
19839,663,"2014-07-05T10:54:00Z","midnight",29.507368,-164.560296,33.479037,-161.76731,21.5752667,-158.2733528,514.881334193623
19839,664,"2014-07-05T22:55:30Z","noon",30.090959,-164.935296,29.507368,-164.560296,21.5752667,-158.2733528,74.29879214665
19839,665,"2014-07-06T10:50:30Z","midnight",32.083645,-163.726941,30.090959,-164.935296,21.5752667,-158.2733528,249.66663535465
19839,666,"2014-07-06T22:59:30Z","noon",35.235202,-165.976941,32.083645,-163.726941,21.5752667,-158.2733528,407.608183429776
19839,667,"2014-07-07T11:01:30Z","midnight",34.683955,-166.517165,35.235202,-165.976941,21.5752667,-158.2733528,78.6181453478978
19839,668,"2014-07-07T22:53:00Z","noon",31.64732,-164.392165,34.683955,-166.517165,21.5752667,-158.2733528,391.298093905195
19839,669,"2014-07-08T10:59:30Z","midnight",29.257345,-166.055892,31.64732,-164.392165,21.5752667,-158.2733528,309.919155708689
19839,670,"2014-07-08T23:09:30Z","noon",33.060503,-168.555892,29.257345,-166.055892,21.5752667,-158.2733528,485.159933472291
19839,671,"2014-07-09T11:02:30Z","midnight",35.633526,-166.843046,33.060503,-168.555892,21.5752667,-158.2733528,326.457335910146
19839,672,"2014-07-09T22:57:30Z","noon",33.91326,-165.593046,35.633526,-166.843046,21.5752667,-158.2733528,222.760924748467
19855,1,"2013-07-10T12:22:00Z","midnight",35.951223,173.246447,21.5752667,-158.2733528,21.5752667,-158.2733528,3185.46456488887
19855,2,"2013-07-11T00:35:30Z","noon",40.130825,169.837658,35.951223,173.246447,21.5752667,-158.2733528,552.254844005421
19855,3,"2013-07-11T12:39:00Z","midnight",39.269674,168.962658,40.130825,169.837658,21.5752667,-158.2733528,121.542686410523
19855,4,"2013-07-12T00:34:00Z","noon",37.734375,170.180657,39.269674,168.962658,21.5752667,-158.2733528,200.938239675854
19855,5,"2013-07-12T12:31:00Z","midnight",38.837421,170.930657,37.734375,170.180657,21.5752667,-158.2733528,139.026640702072
19855,6,"2013-07-13T00:34:23.5Z","noon",39.854217,170.052596,38.837421,170.930657,21.5752667,-158.2733528,135.954662104652
19855,7,"2013-07-13T12:47:08.5Z","midnight",35.999689,166.865096,39.854217,170.052596,21.5752667,-158.2733528,511.637637406874
19855,8,"2013-07-14T00:53:26Z","noon",38.063889,165.263955,35.999689,166.865096,21.5752667,-158.2733528,269.958349204274
19855,9,"2013-07-14T12:52:11Z","midnight",38.646362,165.576455,38.063889,165.263955,21.5752667,-158.2733528,70.2665517538886
19855,10,"2013-07-15T00:47:00Z","noon",36.978199,166.846047,38.646362,165.576455,21.5752667,-158.2733528,216.432784323056
19855,11,"2013-07-15T12:46:10Z","midnight",37.450306,167.054381,36.978199,166.846047,21.5752667,-158.2733528,55.6432214672023
19855,12,"2013-07-16T00:56:23Z","noon",40.619638,164.476016,37.450306,167.054381,21.5752667,-158.2733528,416.832166270534
19855,13,"2013-07-16T13:10:49.5Z","midnight",36.232305,160.8656,40.619638,164.476016,21.5752667,-158.2733528,580.310348380443
19855,14,"2013-07-17T01:01:06.5Z","noon",32.684476,163.27267,36.232305,160.8656,21.5752667,-158.2733528,451.990312292567
19855,15,"2013-07-17T12:58:34Z","midnight",33.859253,163.908087,32.684476,163.27267,21.5752667,-158.2733528,143.364371782152
19855,16,"2013-07-18T00:57:58Z","noon",33.63318,164.038147,33.859253,163.908087,21.5752667,-158.2733528,27.866357922362
19855,17,"2013-07-18T13:00:31Z","midnight",32.870579,163.400647,33.63318,164.038147,21.5752667,-158.2733528,103.463144917621
19855,18,"2013-07-19T00:51:55Z","noon",29.34937,165.532916,32.870579,163.400647,21.5752667,-158.2733528,441.002919313472
19855,19,"2013-07-19T12:53:50Z","midnight",28.728695,165.053749,29.34937,165.532916,21.5752667,-158.2733528,83.2653801342529
19855,20,"2013-07-20T00:36:02Z","noon",23.728695,169.488277,28.728695,165.053749,21.5752667,-158.2733528,710.300369021571
19855,21,"2013-07-20T12:31:15Z","midnight",22.780828,170.68411,23.728695,169.488277,21.5752667,-158.2733528,161.347767113393
19855,22,"2013-07-21T00:55:23.5Z","noon",27.780828,164.635525,22.780828,170.68411,21.5752667,-158.2733528,823.715783982852
19855,23,"2013-07-21T13:02:08.5Z","midnight",31.071072,162.948025,27.780828,164.635525,21.5752667,-158.2733528,400.684764208851
19855,24,"2013-07-22T00:48:53Z","noon",26.071072,166.25179,31.071072,162.948025,21.5752667,-158.2733528,642.700562671385
19855,25,"2013-07-22T12:50:27Z","midnight",24.485307,165.860123,26.071072,166.25179,21.5752667,-158.2733528,180.672718440881
19855,26,"2013-07-23T01:05:48Z","noon",29.485307,162.014194,24.485307,165.860123,21.5752667,-158.2733528,673.913752279475
19855,27,"2013-07-23T13:02:38Z","midnight",33.109636,162.805861,29.485307,162.014194,21.5752667,-158.2733528,409.961712717335
19855,28,"2013-07-24T01:04:03Z","noon",33.681629,162.445693,33.109636,162.805861,21.5752667,-158.2733528,71.8559323188626
19855,29,"2013-07-24T13:13:46.5Z","midnight",29.815769,160.014443,33.681629,162.445693,21.5752667,-158.2733528,487.429040307921
19855,30,"2013-07-25T01:07:26.5Z","noon",26.858375,161.594238,29.815769,160.014443,21.5752667,-158.2733528,363.367717232343
19855,31,"2013-07-25T12:57:32Z","midnight",31.667647,164.071321,26.858375,161.594238,21.5752667,-158.2733528,586.213378246478
19855,32,"2013-07-26T01:02:35.5Z","noon",33.796051,162.805694,31.667647,164.071321,21.5752667,-158.2733528,264.6181335647
19855,33,"2013-07-26T12:58:32.5Z","midnight",35.706408,163.818194,33.796051,162.805694,21.5752667,-158.2733528,231.685176014556
19855,34,"2013-07-27T00:55:10Z","noon",34.364138,164.663422,35.706408,163.818194,21.5752667,-158.2733528,167.922558447141
19855,35,"2013-07-27T13:12:15Z","midnight",29.364138,160.392589,34.364138,164.663422,21.5752667,-158.2733528,686.686518436608
19855,36,"2013-07-28T01:13:36Z","noon",27.606206,160.059115,29.364138,160.392589,21.5752667,-158.2733528,198.171136016564
19855,37,"2013-07-28T13:01:01Z","midnight",32.606206,163.204949,27.606206,160.059115,21.5752667,-158.2733528,632.897328929178
19855,38,"2013-07-29T00:53:23Z","noon",30.270803,165.119879,32.606206,163.204949,21.5752667,-158.2733528,316.90789474039
19855,39,"2013-07-29T13:03:23Z","midnight",25.596514,162.619879,30.270803,165.119879,21.5752667,-158.2733528,574.806692656144
19855,40,"2013-07-30T01:20:46Z","noon",30.596514,158.283231,25.596514,162.619879,21.5752667,-158.2733528,699.878324326873
19855,41,"2013-07-30T13:25:42.5Z","midnight",32.031474,157.047815,30.596514,158.283231,21.5752667,-158.2733528,198.069397394013
19855,42,"2013-07-31T01:27:10.5Z","noon",32.695475,156.692938,32.031474,157.047815,21.5752667,-158.2733528,81.0081805963109
19855,43,"2013-07-31T13:29:58.5Z","midnight",31.750593,155.992938,32.695475,156.692938,21.5752667,-158.2733528,123.994392376829
19855,44,"2013-08-01T01:33:54.5Z","noon",33.541255,155.024012,31.750593,155.992938,21.5752667,-158.2733528,218.801691454951
19855,45,"2013-08-01T13:32:30Z","midnight",34.51586,155.376095,33.541255,155.024012,21.5752667,-158.2733528,113.123690454633
19855,46,"2013-08-02T01:38:00Z","noon",36.836624,154.018128,34.51586,155.376095,21.5752667,-158.2733528,285.715935023284
19855,47,"2013-08-02T13:41:00Z","midnight",35.962338,153.268128,36.836624,154.018128,21.5752667,-158.2733528,118.13791581873
19855,48,"2013-08-03T01:39:30Z","noon",35.319099,153.662791,35.962338,153.268128,21.5752667,-158.2733528,79.9232459158178
19855,49,"2013-08-03T13:34:30Z","midnight",37.800632,154.912791,35.319099,153.662791,21.5752667,-158.2733528,297.655295366334
19855,50,"2013-08-04T01:34:00Z","noon",37.596955,155.060087,37.800632,154.912791,21.5752667,-158.2733528,26.0934569473463
19855,51,"2013-08-04T13:38:30Z","midnight",36.093483,153.935087,37.596955,155.060087,21.5752667,-158.2733528,194.855176525458
19855,52,"2013-08-05T01:32:30Z","noon",33.367653,155.460014,36.093483,153.935087,21.5752667,-158.2733528,333.585187945746
19855,53,"2013-08-05T13:28:30Z","midnight",35.612998,156.460014,33.367653,155.460014,21.5752667,-158.2733528,265.955861143797
19855,54,"2013-08-06T01:14:30Z","noon",30.612998,159.987568,35.612998,156.460014,21.5752667,-158.2733528,645.664251689689
19855,55,"2013-08-06T13:11:00Z","midnight",30.926743,160.862568,30.612998,159.987568,21.5752667,-158.2733528,90.5861044860168
19855,56,"2013-08-07T01:17:30Z","noon",34.173412,159.267741,30.926743,160.862568,21.5752667,-158.2733528,390.718959143225
19855,57,"2013-08-07T13:15:30Z","midnight",35.541368,159.767741,34.173412,159.267741,21.5752667,-158.2733528,158.803342987097
19855,58,"2013-08-08T00:57:00Z","noon",30.541368,164.42552,35.541368,159.767741,21.5752667,-158.2733528,705.196196366117
19855,59,"2013-08-08T12:49:30Z","midnight",30.410309,166.30052,30.541368,164.42552,21.5752667,-158.2733528,180.273947907408
19855,60,"2013-08-09T00:52:30Z","noon",32.018089,165.585891,30.410309,166.30052,21.5752667,-158.2733528,191.256574519175
19855,61,"2013-08-09T12:53:30Z","midnight",31.923962,165.335891,32.018089,165.585891,21.5752667,-158.2733528,25.8004218044793
19855,62,"2013-08-10T00:52:30Z","noon",31.384864,165.623836,31.923962,165.335891,21.5752667,-158.2733528,65.8498540561837
19855,63,"2013-08-10T12:47:30Z","midnight",34.463573,166.873836,31.384864,165.623836,21.5752667,-158.2733528,361.661184708921
19855,64,"2013-08-11T00:42:00Z","noon",31.55683,168.289332,34.463573,166.873836,21.5752667,-158.2733528,349.113323822377
19855,65,"2013-08-11T12:28:30Z","midnight",36.55683,171.664332,31.55683,168.289332,21.5752667,-158.2733528,636.884482938383
19855,66,"2013-08-12T00:19:30Z","noon",34.425588,173.957354,36.55683,171.664332,21.5752667,-158.2733528,315.030530161331
19855,67,"2013-08-12T12:16:00Z","midnight",36.684084,174.832354,34.425588,173.957354,21.5752667,-158.2733528,263.308686099463
19855,68,"2013-08-12T23:28:15Z","noon",31.684084,-173.230146,36.684084,174.832354,21.5752667,-158.2733528,1229.4912981253
19855,69,"2013-08-14T00:11:11Z","noon",26.684084,176.130028,31.684084,-173.230146,21.5752667,-158.2733528,1172.16366419116
19855,70,"2013-08-14T11:58:37.5Z","midnight",31.684084,179.269612,26.684084,176.130028,21.5752667,-158.2733528,633.943777576552
19855,71,"2013-08-14T23:35:02Z","noon",26.684084,-174.832472,31.684084,179.269612,21.5752667,-158.2733528,797.790131558409
19855,72,"2013-08-15T11:39:48.5Z","midnight",21.684084,-175.975804,26.684084,-174.832472,21.5752667,-158.2733528,567.929716857718
19855,73,"2013-08-15T23:57:29.5Z","noon",26.434617,179.603363,21.684084,-175.975804,21.5752667,-158.2733528,693.046717747814
19855,74,"2013-08-16T11:49:11Z","midnight",31.434617,-178.266743,26.434617,179.603363,21.5752667,-158.2733528,593.308714076686
19855,75,"2013-08-16T23:49:38.5Z","noon",32.60098,-178.381326,31.434617,-178.266743,21.5752667,-158.2733528,130.142755407235
19855,76,"2013-08-17T11:53:28.5Z","midnight",30.753274,-179.284498,32.60098,-178.381326,21.5752667,-158.2733528,222.5198658899
19855,77,"2013-08-17T23:54:00Z","noon",31.091366,-179.415748,30.753274,-179.284498,21.5752667,-158.2733528,39.6240591359873
19855,78,"2013-08-19T00:39:41Z","noon",26.091366,169.280615,31.091366,-179.415748,21.5752667,-158.2733528,1234.80545845518
19855,79,"2013-08-19T11:59:28.5Z","midnight",31.091366,179.332699,26.091366,169.280615,21.5752667,-158.2733528,1127.21078029902
19855,80,"2013-08-19T23:54:28Z","noon",28.864079,-179.415218,31.091366,179.332699,21.5752667,-158.2733528,275.45861403071
19855,81,"2013-08-20T12:01:37Z","midnight",23.97645,178.859218,28.864079,-179.415218,21.5752667,-158.2733528,569.969455378704
19855,82,"2013-08-21T00:01:56.5Z","noon",24.239573,178.842058,23.97645,178.859218,21.5752667,-158.2733528,29.3097361195393
19855,83,"2013-08-21T12:04:56Z","midnight",22.264528,178.094141,24.239573,178.842058,21.5752667,-158.2733528,232.525854671836
19855,84,"2013-08-22T00:12:24.5Z","noon",27.264528,176.291579,22.264528,178.094141,21.5752667,-158.2733528,584.976903502366
19855,85,"2013-08-22T11:59:47.5Z","midnight",32.264528,179.445745,27.264528,176.291579,21.5752667,-158.2733528,633.781826520207
19855,86,"2013-08-22T23:50:36.5Z","noon",31.444144,-178.258421,32.264528,179.445745,21.5752667,-158.2733528,235.237038040403
19855,87,"2013-08-23T11:48:05Z","midnight",33.873072,-177.558946,31.444144,-178.258421,21.5752667,-158.2733528,277.906439265388
19855,88,"2013-08-23T23:49:34.5Z","noon",34.881272,-177.931863,33.873072,-177.558946,21.5752667,-158.2733528,117.213983575045
19855,89,"2013-08-24T12:09:47Z","midnight",29.881272,177.086254,34.881272,-177.931863,21.5752667,-158.2733528,726.373245132136
19855,90,"2013-08-25T00:09:09Z","noon",24.881272,177.316698,29.881272,177.086254,21.5752667,-158.2733528,556.439500199276
19855,91,"2013-08-25T11:51:39Z","midnight",29.881272,-178.308302,24.881272,177.316698,21.5752667,-158.2733528,703.901790947133
19855,92,"2013-08-25T23:37:30Z","noon",24.881272,-174.770802,29.881272,-178.308302,21.5752667,-158.2733528,656.474314560997
19855,93,"2013-08-26T11:34:22.5Z","midnight",25.675688,-173.915599,24.881272,-174.770802,21.5752667,-158.2733528,123.275470623021
19855,94,"2013-08-26T23:51:26Z","noon",30.675688,-178.180182,25.675688,-173.915599,21.5752667,-158.2733528,695.424337076926
19855,95,"2013-08-27T12:34:33.5Z","midnight",25.675688,171.114292,30.675688,-178.180182,21.5752667,-158.2733528,1186.68010410701
19855,96,"2013-08-28T00:35:34Z","noon",20.675688,170.939632,25.675688,171.114292,21.5752667,-158.2733528,556.260951673668
19855,97,"2013-08-28T12:03:23Z","midnight",25.675688,178.985465,20.675688,170.939632,21.5752667,-158.2733528,992.324939647284
19855,98,"2013-08-29T00:09:32.5Z","noon",30.675688,177.524928,25.675688,178.985465,21.5752667,-158.2733528,574.088954355177
19855,99,"2013-08-29T12:16:32.5Z","midnight",33.4024,175.774928,30.675688,177.524928,21.5752667,-158.2733528,345.145831927211
19855,100,"2013-08-30T00:27:58.5Z","noon",38.4024,172.997186,33.4024,175.774928,21.5752667,-158.2733528,609.587321506558
19855,101,"2013-08-30T12:28:51Z","midnight",41.990013,172.778436,38.4024,172.997186,21.5752667,-158.2733528,399.356348153267
19855,102,"2013-08-31T00:32:52Z","noon",44.455156,171.856326,41.990013,172.778436,21.5752667,-158.2733528,284.106303860821
19855,103,"2013-08-31T12:37:50Z","midnight",42.27273,170.614659,44.455156,171.856326,21.5752667,-158.2733528,262.605463656525
19855,104,"2013-09-01T00:23:54.5Z","noon",37.27273,174.179349,42.27273,170.614659,21.5752667,-158.2733528,633.818124511876
19855,105,"2013-09-01T13:27:30Z","midnight",32.27273,159.179349,37.27273,174.179349,21.5752667,-158.2733528,1476.40577407413
19855,106,"2013-09-02T01:35:00Z","noon",27.27273,156.49117,32.27273,159.179349,21.5752667,-158.2733528,613.463525859401
19855,107,"2013-09-02T12:34:30Z","midnight",32.27273,171.49117,27.27273,156.49117,21.5752667,-158.2733528,1549.03657935129
19855,108,"2013-09-03T00:27:00Z","noon",30.030661,173.57712,32.27273,171.49117,21.5752667,-158.2733528,318.660561988684
19855,109,"2013-09-03T12:30:30Z","midnight",27.095947,172.70212,30.030661,173.57712,21.5752667,-158.2733528,337.324006758142
19855,110,"2013-09-04T00:27:30Z","noon",23.447599,173.539193,27.095947,172.70212,21.5752667,-158.2733528,414.312736128211
19855,111,"2013-09-04T12:30:30Z","midnight",20.256071,172.789193,23.447599,173.539193,21.5752667,-158.2733528,363.221871348107
19855,112,"2013-09-06T23:33:00Z","noon",15.256071,-172.65865,20.256071,172.789193,21.5752667,-158.2733528,1637.30170699544
19855,113,"2013-09-07T11:24:30Z","midnight",10.256071,-170.443752,15.256071,-172.65865,21.5752667,-158.2733528,605.610855537159
19855,114,"2013-09-07T23:56:00Z","noon",5.256071,-178.318752,10.256071,-170.443752,21.5752667,-158.2733528,1030.2410614244
19855,115,"2013-09-08T11:48:00Z","midnight",10.256071,-176.2281,5.256071,-178.318752,21.5752667,-158.2733528,601.772472895859
19855,116,"2013-09-08T23:43:30Z","noon",9.421043,-175.1031,10.256071,-176.2281,21.5752667,-158.2733528,154.313516729119
19855,117,"2013-09-09T11:36:00Z","midnight",14.421043,-173.13679,9.421043,-175.1031,21.5752667,-158.2733528,595.684448900141
19855,118,"2013-09-10T12:04:00Z","midnight",9.421043,179.95508,14.421043,-173.13679,21.5752667,-158.2733528,934.637990931754
19855,119,"2013-09-11T00:20:00Z","noon",4.421043,176.047412,9.421043,179.95508,21.5752667,-158.2733528,703.593158645672
19855,120,"2013-09-12T11:41:00Z","midnight",9.421043,-174.109894,4.421043,176.047412,21.5752667,-158.2733528,1220.13398513608
19855,121,"2013-09-12T23:34:16.5Z","noon",4.421043,-172.428644,9.421043,-174.109894,21.5752667,-158.2733528,586.111279909922
19855,122,"2013-09-15T23:45:34Z","noon",-0.578957,-174.972314,4.421043,-172.428644,21.5752667,-158.2733528,623.672399289244
19855,123,"2013-09-16T23:57:32.5Z","noon",2.064934,-177.872934,-0.578957,-174.972314,21.5752667,-158.2733528,436.372407390878
19855,124,"2013-09-19T00:13:01.5Z","noon",-2.935066,178.534328,2.064934,-177.872934,21.5752667,-158.2733528,684.538472722243
19855,125,"2013-09-21T00:11:03Z","noon",-7.935066,179.211361,-2.935066,178.534328,21.5752667,-158.2733528,560.999786303998
19855,126,"2013-09-21T12:10:22Z","midnight",-12.935066,179.382194,-7.935066,179.211361,21.5752667,-158.2733528,556.288190111504
19855,127,"2013-09-23T12:03:20Z","midnight",-17.935066,-178.678846,-12.935066,179.382194,21.5752667,-158.2733528,593.519662873843
19855,128,"2013-09-24T00:00:52Z","noon",-22.935066,-177.97312,-17.935066,-178.678846,21.5752667,-158.2733528,560.812158204684
19855,129,"2013-09-24T11:54:34.5Z","midnight",-17.935066,-176.400204,-22.935066,-177.97312,21.5752667,-158.2733528,579.607217121536
19855,130,"2013-09-24T23:47:28.5Z","noon",-12.935066,-174.625204,-17.935066,-176.400204,21.5752667,-158.2733528,587.601323729997
19855,131,"2013-09-25T12:02:31Z","midnight",-7.935066,-178.297533,-12.935066,-174.625204,21.5752667,-158.2733528,685.76107631879
19855,132,"2013-09-26T00:24:09Z","noon",-2.935066,176.381147,-7.935066,-178.297533,21.5752667,-158.2733528,809.846694337036
19855,133,"2013-09-27T11:57:19Z","midnight",2.064934,-176.82468,-2.935066,176.381147,21.5752667,-158.2733528,937.79465930804
19855,134,"2013-09-27T23:54:45.5Z","noon",7.064934,-176.185096,2.064934,-176.82468,21.5752667,-158.2733528,560.473321117958
19855,135,"2013-09-29T11:38:11.5Z","midnight",12.064934,-171.875671,7.064934,-176.185096,21.5752667,-158.2733528,729.541286080452
19855,136,"2013-09-29T23:28:36.5Z","noon",17.064934,-169.479838,12.064934,-171.875671,21.5752667,-158.2733528,612.812774728729
19855,137,"2013-09-30T11:22:42.5Z","midnight",22.064934,-167.923115,17.064934,-169.479838,21.5752667,-158.2733528,579.385609036944
19855,138,"2013-09-30T23:21:46Z","noon",27.064934,-167.687699,22.064934,-167.923115,21.5752667,-158.2733528,556.4836192498
19855,139,"2013-10-01T11:20:00Z","midnight",32.064934,-167.165876,27.064934,-167.687699,21.5752667,-158.2733528,558.257778320949
19855,140,"2013-10-01T23:26:00Z","noon",37.064934,-168.665876,32.064934,-167.165876,21.5752667,-158.2733528,572.663654665491
19855,141,"2013-10-02T23:02:30Z","noon",42.064934,-162.712383,37.064934,-168.665876,21.5752667,-158.2733528,754.289093704778
19855,142,"2013-10-03T12:38:00Z","midnight",47.064934,-177.712383,42.064934,-162.712383,21.5752667,-158.2733528,1309.09570786307
19855,143,"2013-10-04T00:21:30Z","noon",52.064934,177.689246,47.064934,-177.712383,21.5752667,-158.2733528,647.06651362079
19855,144,"2013-10-04T11:01:30Z","midnight",57.064934,-167.310754,52.064934,177.689246,21.5752667,-158.2733528,1112.02554384261
19855,145,"2013-10-04T23:23:30Z","noon",62.064934,-167.810754,57.064934,-167.310754,21.5752667,-158.2733528,556.68311703121
19855,146,"2013-10-05T11:18:30Z","midnight",67.064934,-166.487802,62.064934,-167.810754,21.5752667,-158.2733528,559.520521330997
19855,147,"2013-10-06T11:35:30Z","midnight",70,-170.666875,67.064934,-166.487802,21.5752667,-158.2733528,367.825738246238
19855,148,"2013-10-06T23:03:00Z","noon",70,-162.541875,70,-170.666875,21.5752667,-158.2733528,308.772474049162
19855,149,"2013-10-07T11:08:30Z","midnight",70,-163.848062,70,-162.541875,21.5752667,-158.2733528,49.6745235017715
19855,150,"2013-10-08T23:41:30Z","noon",70,-172.031447,70,-163.848062,21.5752667,-158.2733528,310.987944242258
19855,151,"2013-10-09T11:51:00Z","midnight",70,-174.342111,70,-172.031447,21.5752667,-158.2733528,87.8713839795024
19855,152,"2013-10-09T23:53:30Z","noon",70,-174.967111,70,-174.342111,21.5752667,-158.2733528,23.7692114056081
19855,153,"2013-10-10T11:50:00Z","midnight",67.857294,-174.030136,70,-174.967111,21.5752667,-158.2733528,241.177368437854
19855,154,"2013-10-10T23:44:30Z","noon",70,-172.655136,67.857294,-174.030136,21.5752667,-158.2733528,244.501454689157
19855,155,"2013-10-11T11:34:30Z","midnight",65,-170.0956,70,-172.655136,21.5752667,-158.2733528,566.417919727018
19855,156,"2013-10-11T23:19:30Z","noon",70,-166.3456,65,-170.0956,21.5752667,-158.2733528,578.1559904396
19855,157,"2013-10-12T11:12:00Z","midnight",65.013905,-164.413577,70,-166.3456,21.5752667,-158.2733528,560.416265106119
19855,158,"2013-10-12T22:50:14Z","noon",70,-158.971911,65.013905,-164.413577,21.5752667,-158.2733528,600.264810216631
19855,159,"2013-10-13T11:02:19.5Z","midnight",70,-161.940392,70,-158.971911,21.5752667,-158.2733528,112.882868657929
19855,160,"2013-10-13T23:24:58Z","noon",69.249516,-167.600809,70,-161.940392,21.5752667,-158.2733528,234.384672724436
19855,161,"2013-10-14T11:35:37.5Z","midnight",70,-170.213614,69.249516,-167.600809,21.5752667,-158.2733528,131.114404420264
19855,162,"2013-10-14T23:55:51Z","noon",65,-175.269864,70,-170.213614,21.5752667,-158.2733528,595.676976080701
19855,163,"2013-10-15T11:51:02.5Z","midnight",60,-174.018729,65,-175.269864,21.5752667,-158.2733528,559.645073300697
19855,164,"2013-10-15T23:48:56.5Z","noon",57.911539,-173.493729,60,-174.018729,21.5752667,-158.2733528,234.167514153008
19855,165,"2013-10-16T11:53:00Z","midnight",59.100885,-174.462051,57.911539,-173.493729,21.5752667,-158.2733528,143.710505674283
19855,166,"2013-10-16T23:32:19Z","noon",64.100885,-169.291217,59.100885,-174.462051,21.5752667,-158.2733528,619.124733081411
19855,167,"2013-10-17T11:27:41.5Z","midnight",66.187463,-168.091558,64.100885,-169.291217,21.5752667,-158.2733528,238.684968825776
19855,168,"2013-10-17T23:40:43.5Z","noon",61.187463,-171.349892,66.187463,-168.091558,21.5752667,-158.2733528,578.513081263124
19855,169,"2013-10-18T11:38:01.5Z","midnight",56.187463,-170.634395,61.187463,-171.349892,21.5752667,-158.2733528,557.501135472053
19855,170,"2013-10-18T23:32:53.5Z","noon",59.358768,-169.351062,56.187463,-170.634395,21.5752667,-158.2733528,360.732818184238
19855,171,"2013-10-19T11:28:10.5Z","midnight",54.735532,-168.134367,59.358768,-169.351062,21.5752667,-158.2733528,519.297802305263
19855,172,"2013-10-19T23:07:17.5Z","noon",59.735532,-162.913534,54.735532,-168.134367,21.5752667,-158.2733528,638.16072430519
19855,173,"2013-10-20T11:01:20Z","midnight",61.92091,-161.389445,59.735532,-162.913534,21.5752667,-158.2733528,256.641671758841
19855,174,"2013-10-20T22:57:19Z","noon",63.670733,-160.385278,61.92091,-161.389445,21.5752667,-158.2733528,201.149659110766
19855,175,"2013-10-21T10:40:12.5Z","midnight",58.670733,-156.076761,63.670733,-160.385278,21.5752667,-158.2733528,601.736890860415
19855,176,"2013-10-21T22:42:29.5Z","noon",53.670733,-156.647594,58.670733,-156.076761,21.5752667,-158.2733528,557.091022302802
19855,177,"2013-10-22T10:49:16Z","midnight",54.757662,-158.313029,53.670733,-156.647594,21.5752667,-158.2733528,162.268760327996
19855,178,"2013-10-22T22:41:29Z","noon",59.020576,-156.367196,54.757662,-158.313029,21.5752667,-158.2733528,488.473460643273
19855,179,"2013-10-23T10:45:40.5Z","midnight",59.810114,-157.389961,59.020576,-156.367196,21.5752667,-158.2733528,105.144414040583
19855,180,"2013-10-23T22:36:00Z","noon",63.647518,-154.971211,59.810114,-157.389961,21.5752667,-158.2733528,445.229881614558
19855,181,"2013-10-24T10:37:08.5Z","midnight",63.007817,-155.23468,63.647518,-154.971211,21.5752667,-158.2733528,72.3367898141077
19855,182,"2013-10-24T22:44:00Z","noon",60.405054,-156.949263,63.007817,-155.23468,21.5752667,-158.2733528,303.167190524124
19855,183,"2013-10-25T10:45:27.5Z","midnight",59.950938,-157.295139,60.405054,-156.949263,21.5752667,-158.2733528,53.9960985952388
19855,184,"2013-10-25T23:05:12.5Z","noon",54.950938,-162.232639,59.950938,-157.295139,21.5752667,-158.2733528,629.173905470381
19855,185,"2013-10-26T11:22:20.5Z","midnight",57.830346,-166.50054,54.950938,-162.232639,21.5752667,-158.2733528,413.982564064615
19855,186,"2013-10-26T23:14:50.5Z","noon",60.83674,-164.62554,57.830346,-166.50054,21.5752667,-158.2733528,350.7649113686
19855,187,"2013-10-27T10:52:46Z","midnight",55.83674,-159.094662,60.83674,-164.62554,21.5752667,-158.2733528,642.40328203915
19855,188,"2013-10-27T22:50:26.5Z","noon",50.83674,-158.513412,55.83674,-159.094662,21.5752667,-158.2733528,557.307006793758
19855,189,"2013-10-28T10:57:50.5Z","midnight",53.588276,-160.354616,50.83674,-158.513412,21.5752667,-158.2733528,330.647091119011
19855,190,"2013-10-28T23:00:10Z","noon",52.400765,-160.935866,53.588276,-160.354616,21.5752667,-158.2733528,137.655042453033
19855,191,"2013-10-29T10:52:22.5Z","midnight",47.400765,-158.982509,52.400765,-160.935866,21.5752667,-158.2733528,573.249244082642
19855,192,"2013-10-29T22:48:12.5Z","noon",49.465218,-157.940842,47.400765,-158.982509,21.5752667,-158.2733528,242.072820984378
19855,193,"2013-10-30T10:42:05Z","midnight",44.827995,-156.407527,49.465218,-157.940842,21.5752667,-158.2733528,528.482067451012
19855,194,"2013-10-30T22:32:13Z","noon",49.827995,-153.94086,44.827995,-156.407527,21.5752667,-158.2733528,586.146032384642
19855,195,"2013-10-31T10:28:18.5Z","midnight",47.570448,-152.965102,49.827995,-153.94086,21.5752667,-158.2733528,261.035906758792
19855,196,"2013-10-31T22:16:35.5Z","noon",52.570448,-150.035935,47.570448,-152.965102,21.5752667,-158.2733528,593.851316879081
19855,197,"2013-11-01T10:12:00Z","midnight",50.51384,-148.892748,52.570448,-150.035935,21.5752667,-158.2733528,241.956274431646
19855,198,"2013-11-01T21:32:30Z","noon",55.51384,-139.017748,50.51384,-148.892748,21.5752667,-158.2733528,862.023222416502
19855,199,"2013-11-02T09:27:00Z","midnight",60.51384,-137.650891,55.51384,-139.017748,21.5752667,-158.2733528,561.741630616297
19855,200,"2013-11-02T21:59:00Z","noon",55.51384,-145.650891,60.51384,-137.650891,21.5752667,-158.2733528,727.780808940302
19855,201,"2013-11-03T09:56:00Z","midnight",50.51384,-144.912452,55.51384,-145.650891,21.5752667,-158.2733528,558.156202982105
19855,202,"2013-11-03T21:33:30Z","noon",55.51384,-139.287452,50.51384,-144.912452,21.5752667,-158.2733528,670.872362680659
19855,203,"2013-11-04T09:40:00Z","midnight",59.011548,-140.927434,55.51384,-139.287452,21.5752667,-158.2733528,401.203663026778
19855,204,"2013-11-04T21:51:00Z","noon",55.400834,-143.677434,59.011548,-140.927434,21.5752667,-158.2733528,434.221073291325
19855,205,"2013-11-05T10:07:30Z","midnight",59.90818,-147.820833,55.400834,-143.677434,21.5752667,-158.2733528,558.276165212458
19855,206,"2013-11-05T22:27:30Z","noon",54.90818,-152.820833,59.90818,-147.820833,21.5752667,-158.2733528,631.093076517363
19855,207,"2013-11-06T10:11:00Z","midnight",49.90818,-148.717646,54.90818,-152.820833,21.5752667,-158.2733528,621.495038066926
19855,208,"2013-11-06T22:10:30Z","noon",45.464725,-148.592646,49.90818,-148.717646,21.5752667,-158.2733528,494.178038068848
19855,209,"2013-11-07T10:24:30Z","midnight",50.464725,-152.117863,45.464725,-148.592646,21.5752667,-158.2733528,614.638705687107
19855,210,"2013-11-07T21:49:30Z","noon",55.464725,-143.367863,50.464725,-152.117863,21.5752667,-158.2733528,806.680016249225
19855,211,"2013-11-08T09:53:00Z","midnight",60.464725,-144.271471,55.464725,-143.367863,21.5752667,-158.2733528,558.509347545411
19855,212,"2013-11-08T22:43:00Z","noon",55.464725,-156.771471,60.464725,-144.271471,21.5752667,-158.2733528,920.95337534563
19855,213,"2013-11-09T11:06:00Z","midnight",54.206314,-162.553453,55.464725,-156.771471,21.5752667,-158.2733528,395.688569741478
19855,214,"2013-11-09T23:03:00Z","noon",55.189881,-161.803453,54.206314,-162.553453,21.5752667,-158.2733528,119.513460748806
19855,215,"2013-11-10T11:09:30Z","midnight",56.585224,-163.463791,55.189881,-161.803453,21.5752667,-158.2733528,186.517871264416
19855,216,"2013-11-10T23:49:00Z","noon",51.585224,-173.338791,56.585224,-163.463791,21.5752667,-158.2733528,849.426001530679
19855,217,"2013-11-11T12:07:30Z","midnight",48.752751,-178.002459,51.585224,-173.338791,21.5752667,-158.2733528,457.573478095532
19855,218,"2013-11-11T23:53:30Z","noon",53.752751,-174.502459,48.752751,-178.002459,21.5752667,-158.2733528,606.808410872937
19855,219,"2013-11-12T11:54:00Z","midnight",53.478527,-174.669431,53.752751,-174.502459,21.5752667,-158.2733528,32.4203511363384
19855,220,"2013-11-13T00:09:15Z","noon",48.478527,-178.527177,53.478527,-174.669431,21.5752667,-158.2733528,617.880358221268
19855,221,"2013-11-13T11:57:05Z","midnight",43.478527,-175.48551,48.478527,-178.527177,21.5752667,-158.2733528,603.486350156667
19855,222,"2013-11-13T23:59:02.5Z","noon",40.819092,-175.975093,43.478527,-175.48551,21.5752667,-158.2733528,298.455678371986
19855,223,"2013-11-14T12:14:12.5Z","midnight",45.819092,-179.815244,40.819092,-175.975093,21.5752667,-158.2733528,636.693744892486
19855,224,"2013-11-15T00:12:11Z","noon",48.044524,-179.36068,45.819092,-179.815244,21.5752667,-158.2733528,249.850975234317
19855,225,"2013-11-15T12:14:43.5Z","midnight",48.519385,-179.996097,48.044524,-179.36068,21.5752667,-158.2733528,70.7017495874734
19855,226,"2013-11-16T00:15:45.5Z","noon",48.124299,179.690724,48.519385,-179.996097,21.5752667,-158.2733528,49.6605663912244
19855,227,"2013-11-16T12:13:28Z","midnight",46.735933,-179.736359,48.124299,179.690724,21.5752667,-158.2733528,160.280382754294
19855,228,"2013-11-17T00:11:55.5Z","noon",47.343574,-179.408903,46.735933,-179.736359,21.5752667,-158.2733528,71.9788586235383
19855,229,"2013-11-17T12:07:10.5Z","midnight",44.955568,-178.221403,47.343574,-179.408903,21.5752667,-158.2733528,280.840088556919
19855,230,"2013-11-18T00:14:53.5Z","noon",41.552086,179.788401,44.955568,-178.221403,21.5752667,-158.2733528,411.307170975879
19855,231,"2013-11-18T12:23:58.5Z","midnight",45.066319,177.517568,41.552086,179.788401,21.5752667,-158.2733528,431.759366670494
19855,232,"2013-11-19T00:24:59Z","noon",44.651423,177.20144,45.066319,177.517568,21.5752667,-158.2733528,52.4331387980584
19855,233,"2013-11-19T12:28:24Z","midnight",45.595469,176.347273,44.651423,177.20144,21.5752667,-158.2733528,124.539065940824
19855,234,"2013-11-20T00:25:27.5Z","noon",46.731694,177.015683,45.595469,176.347273,21.5752667,-158.2733528,136.42540737742
19855,235,"2013-11-20T12:26:44Z","midnight",46.786835,176.696933,46.731694,177.015683,21.5752667,-158.2733528,25.0431905521762
19855,236,"2013-11-21T00:32:10.5Z","noon",44.687355,175.266605,46.786835,176.696933,21.5752667,-158.2733528,258.487640372225
19855,237,"2013-11-21T12:42:17.5Z","midnight",48.060045,172.737438,44.687355,175.266605,21.5752667,-158.2733528,422.189910785526
19855,238,"2013-11-22T00:42:53.5Z","noon",47.850461,172.514683,48.060045,172.737438,21.5752667,-158.2733528,28.6055122481058
19855,239,"2013-11-22T12:21:44.5Z","midnight",42.850461,177.802183,47.850461,172.514683,21.5752667,-158.2733528,692.335951630442
19855,240,"2013-11-23T00:10:52Z","noon",43.5899,-179.554601,42.850461,177.802183,21.5752667,-158.2733528,229.40833236313
19855,241,"2013-11-23T12:02:57.5Z","midnight",39.864697,-177.577518,43.5899,-179.554601,21.5752667,-158.2733528,445.497154384925
19855,242,"2013-11-23T23:56:03Z","noon",42.812345,-175.850434,39.864697,-177.577518,21.5752667,-158.2733528,358.055411816099
19855,243,"2013-11-24T11:51:35.5Z","midnight",40.589046,-174.814098,42.812345,-175.850434,21.5752667,-158.2733528,261.757230573732
19855,244,"2013-11-24T23:53:52.5Z","noon",39.591093,-175.384931,40.589046,-174.814098,21.5752667,-158.2733528,121.12627664637
19855,245,"2013-11-25T12:02:52Z","midnight",43.01537,-177.713738,39.591093,-175.384931,21.5752667,-158.2733528,427.530927602024
19855,246,"2013-11-26T00:06:09.5Z","noon",41.689322,-178.620115,43.01537,-177.713738,21.5752667,-158.2733528,165.190808095389
19855,247,"2013-11-26T12:01:24.5Z","midnight",39.356108,-177.432615,41.689322,-178.620115,21.5752667,-158.2733528,278.172733250187
19855,248,"2013-11-26T23:57:18.5Z","noon",41.096134,-176.407615,39.356108,-177.432615,21.5752667,-158.2733528,212.145858725359
19855,249,"2013-11-27T11:52:01.5Z","midnight",38.534093,-175.172738,41.096134,-176.407615,21.5752667,-158.2733528,303.7734887405
19855,250,"2013-11-27T23:24:47.5Z","noon",43.534093,-168.364405,38.534093,-175.172738,21.5752667,-158.2733528,796.47531199833
19855,251,"2013-11-28T11:32:21Z","midnight",48.534093,-170.342361,43.534093,-168.364405,21.5752667,-158.2733528,576.504730567657
19855,252,"2013-11-29T00:03:52Z","noon",43.534093,-178.312237,48.534093,-170.342361,21.5752667,-158.2733528,828.425434747822
19855,253,"2013-11-29T11:59:07Z","midnight",38.534093,-177.124737,43.534093,-178.312237,21.5752667,-158.2733528,564.807791965716
19855,254,"2013-11-29T23:50:59.5Z","noon",40.76405,-175.093487,38.534093,-177.124737,21.5752667,-158.2733528,302.845275382065
19855,255,"2013-11-30T11:58:18.5Z","midnight",43.313775,-177.015616,40.76405,-175.093487,21.5752667,-158.2733528,324.905104891578
19855,256,"2013-12-01T00:00:57.5Z","noon",42.321596,-177.773246,43.313775,-177.015616,21.5752667,-158.2733528,126.451314776867
19855,257,"2013-12-01T11:59:00Z","midnight",41.308522,-177.283663,42.321596,-177.773246,21.5752667,-158.2733528,119.732154669688
19855,258,"2013-12-02T00:05:00Z","noon",38.889108,-178.880873,41.308522,-177.283663,21.5752667,-158.2733528,301.367611997756
19855,259,"2013-12-02T12:17:30Z","midnight",43.490164,177.994127,38.889108,-178.880873,21.5752667,-158.2733528,574.455680818647
19855,260,"2013-12-03T00:07:00Z","noon",47.024007,-179.480073,43.490164,177.994127,21.5752667,-158.2733528,439.816796464359
19855,261,"2013-12-03T12:26:00Z","midnight",52.024007,175.769927,47.024007,-179.480073,21.5752667,-158.2733528,652.867489301315
19855,262,"2013-12-04T00:40:30Z","noon",48.163486,172.043829,52.024007,175.769927,21.5752667,-158.2733528,504.745235740644
19855,263,"2013-12-04T12:20:30Z","midnight",43.163486,177.043829,48.163486,172.043829,21.5752667,-158.2733528,677.964940938599
19855,264,"2013-12-05T00:24:00Z","noon",39.828281,176.065928,43.163486,177.043829,21.5752667,-158.2733528,379.687351142356
19855,265,"2013-12-05T12:41:30Z","midnight",44.828281,171.690928,39.828281,176.065928,21.5752667,-158.2733528,661.923449318879
19855,266,"2013-12-06T00:43:00Z","noon",45.383766,171.211319,44.828281,171.690928,21.5752667,-158.2733528,72.3319694612886
19855,267,"2013-12-06T12:43:00Z","midnight",45.183444,171.211319,45.383766,171.211319,21.5752667,-158.2733528,22.2747900952914
19855,268,"2013-12-07T01:01:30Z","noon",40.183444,166.480102,45.183444,171.211319,21.5752667,-158.2733528,676.973679614755
19855,269,"2013-12-07T13:09:30Z","midnight",41.346824,164.480102,40.183444,166.480102,21.5752667,-158.2733528,212.36987707326
19855,270,"2013-12-08T01:02:30Z","noon",43.829558,166.122375,41.346824,164.480102,21.5752667,-158.2733528,307.047831890488
19855,271,"2013-12-08T13:02:30Z","midnight",43.654971,166.122375,43.829558,166.122375,21.5752667,-158.2733528,19.4131886580933
19855,272,"2013-12-09T01:04:30Z","noon",42.967038,165.513239,43.654971,166.122375,21.5752667,-158.2733528,90.9964005455742
19855,273,"2013-12-09T13:20:00Z","midnight",47.728295,161.638239,42.967038,165.513239,21.5752667,-158.2733528,609.723916672117
19855,274,"2013-12-10T01:28:00Z","noon",45.30117,159.527798,47.728295,161.638239,21.5752667,-158.2733528,314.481753449985
19855,275,"2013-12-10T13:43:30Z","midnight",49.649234,155.652798,45.30117,159.527798,21.5752667,-158.2733528,564.243190067604
19855,276,"2013-12-11T01:59:30Z","noon",44.990466,151.541155,49.649234,155.652798,21.5752667,-158.2733528,603.451375994988
19855,277,"2013-12-11T13:43:00Z","midnight",39.990466,155.666155,44.990466,151.541155,21.5752667,-158.2733528,650.558289660397
19855,278,"2013-12-12T01:36:00Z","noon",41.637869,157.303416,39.990466,155.666155,21.5752667,-158.2733528,229.20730748859
19855,279,"2013-12-12T13:34:00Z","midnight",40.791087,157.803416,41.637869,157.303416,21.5752667,-158.2733528,103.027982778099
19855,280,"2013-12-13T01:37:26.5Z","noon",39.50985,156.829271,40.791087,157.803416,21.5752667,-158.2733528,164.775220747606
19855,281,"2013-12-13T13:33:13.5Z","midnight",37.763081,157.883438,39.50985,156.829271,21.5752667,-158.2733528,214.726744038267
19855,282,"2013-12-14T01:27:39Z","noon",39.909925,159.162577,37.763081,157.883438,21.5752667,-158.2733528,263.166599447845
19855,283,"2013-12-14T13:32:03Z","midnight",41.411595,158.062577,39.909925,159.162577,21.5752667,-158.2733528,191.021226790304
19855,284,"2013-12-15T01:38:11Z","noon",39.157271,156.413859,41.411595,158.062577,21.5752667,-158.2733528,287.02797377672
19855,285,"2013-12-15T13:36:51Z","midnight",38.559327,156.747192,39.157271,156.413859,21.5752667,-158.2733528,72.4825361627936
19855,286,"2013-12-16T01:26:06Z","noon",42.465525,159.318642,38.559327,156.747192,21.5752667,-158.2733528,485.647570440664
19855,287,"2013-12-16T13:22:43.5Z","midnight",41.211524,160.162392,42.465525,159.318642,21.5752667,-158.2733528,155.975255407163
19855,288,"2013-12-17T01:20:11Z","noon",42.100863,160.681205,41.211524,160.162392,21.5752667,-158.2733528,107.874538583688
19855,289,"2013-12-17T13:12:04.5Z","midnight",39.107871,162.708288,42.100863,160.681205,21.5752667,-158.2733528,374.195427278808
19855,290,"2013-12-18T01:17:58Z","noon",36.812725,161.118322,39.107871,162.708288,21.5752667,-158.2733528,290.78157327669
19855,291,"2013-12-18T13:43:17Z","midnight",41.812725,154.789155,36.812725,161.118322,21.5752667,-158.2733528,777.758427447968
19855,292,"2013-12-19T01:45:47Z","noon",44.869168,154.046773,41.812725,154.789155,21.5752667,-158.2733528,345.11837089011
19855,293,"2013-12-19T13:33:08.5Z","midnight",40.588779,157.207189,44.869168,154.046773,21.5752667,-158.2733528,541.346616939333
19855,294,"2013-12-20T01:27:51.5Z","noon",42.433498,158.410417,40.588779,157.207189,21.5752667,-158.2733528,228.276392959316
19855,295,"2013-12-20T13:31:57.5Z","midnight",43.758411,157.385417,42.433498,158.410417,21.5752667,-158.2733528,169.202656127911
19855,296,"2013-12-21T01:33:38.5Z","noon",43.208899,156.846866,43.758411,157.385417,21.5752667,-158.2733528,74.9761820516147
19855,297,"2013-12-21T13:21:57.5Z","midnight",39.073091,159.767699,43.208899,156.846866,21.5752667,-158.2733528,520.791716875475
19855,298,"2013-12-22T01:02:23Z","noon",44.073091,164.543731,39.073091,159.767699,21.5752667,-158.2733528,683.064653520759
19855,299,"2013-12-22T12:39:45.5Z","midnight",39.073091,170.199981,44.073091,164.543731,21.5752667,-158.2733528,727.974018379127
19855,300,"2013-12-23T00:28:20Z","noon",42.068002,172.938623,39.073091,170.199981,21.5752667,-158.2733528,405.420870925378
19855,301,"2013-12-23T12:19:10Z","midnight",38.768127,175.23029,42.068002,172.938623,21.5752667,-158.2733528,415.017735387572
19855,302,"2013-12-24T00:10:39Z","noon",41.847236,177.242071,38.768127,175.23029,21.5752667,-158.2733528,382.494854600984
19855,303,"2013-12-24T11:55:39Z","midnight",36.847236,-179.007929,41.847236,177.242071,21.5752667,-158.2733528,642.55225134021
19855,304,"2013-12-25T00:05:38.5Z","noon",31.975565,178.3771,36.847236,-179.007929,21.5752667,-158.2733528,592.370994383019
19855,305,"2013-12-25T12:15:45.5Z","midnight",36.313899,175.847933,31.975565,178.3771,21.5752667,-158.2733528,535.555683532413
19855,306,"2013-12-26T00:10:40Z","noon",38.323307,177.004238,36.313899,175.847933,21.5752667,-158.2733528,245.715729213215
19855,307,"2013-12-26T12:10:21Z","midnight",38.237257,177.083405,38.323307,177.004238,21.5752667,-158.2733528,11.8027195526471
19855,308,"2013-12-27T00:02:10.5Z","noon",41.25263,179.011094,38.237257,177.083405,21.5752667,-158.2733528,373.584134206698
19855,309,"2013-12-27T11:54:24.5Z","midnight",38.441401,-179.047239,41.25263,179.011094,21.5752667,-158.2733528,353.799483684159
19855,310,"2013-12-27T23:40:31Z","noon",43.387258,-175.574323,38.441401,-179.047239,21.5752667,-158.2733528,622.437349955909
19855,311,"2013-12-28T11:41:01Z","midnight",43.612013,-175.814723,43.387258,-175.574323,21.5752667,-158.2733528,31.6316627604521
19855,312,"2013-12-28T23:46:33Z","noon",41.743646,-177.198056,43.612013,-175.814723,21.5752667,-158.2733528,236.52717731213
19855,313,"2013-12-29T12:00:55Z","midnight",46.431153,179.095646,41.743646,-177.198056,21.5752667,-158.2733528,599.252150712716
19855,314,"2013-12-29T23:59:26.5Z","noon",46.862721,179.464396,46.431153,179.095646,21.5752667,-158.2733528,55.6342964660192
19855,315,"2013-12-30T11:54:09Z","midnight",45.363939,-179.326444,46.862721,179.464396,21.5752667,-158.2733528,190.944555161535
19855,316,"2013-12-30T23:59:33.5Z","noon",43.640435,179.321473,45.363939,-179.326444,21.5752667,-158.2733528,219.595723793409
19855,317,"2013-12-31T11:45:41.5Z","midnight",38.794012,-177.324635,43.640435,179.321473,21.5752667,-158.2733528,607.406126616622
19855,318,"2013-12-31T23:32:54.5Z","noon",43.377979,-174.128802,38.794012,-177.324635,21.5752667,-158.2733528,575.686415056192
19855,319,"2014-01-01T11:44:30Z","midnight",47.098074,-177.026718,43.377979,-174.128802,21.5752667,-158.2733528,471.718234790899
19855,320,"2014-01-01T23:32:00Z","noon",50.474344,-173.901718,47.098074,-177.026718,21.5752667,-158.2733528,439.634120519061
19855,321,"2014-01-02T11:26:00Z","midnight",49.037387,-172.513407,50.474344,-173.901718,21.5752667,-158.2733528,188.345164279343
19855,322,"2014-01-02T23:40:00Z","noon",44.938078,-176.013407,49.037387,-172.513407,21.5752667,-158.2733528,527.36095000735
19855,323,"2014-01-03T11:26:00Z","midnight",40.233848,-172.623906,44.938078,-176.013407,21.5752667,-158.2733528,591.995951920311
19855,324,"2014-01-03T23:21:00Z","noon",42.051964,-171.373906,40.233848,-172.623906,21.5752667,-158.2733528,227.648478956647
19855,325,"2014-01-04T11:24:00Z","midnight",43.237305,-172.233113,42.051964,-171.373906,21.5752667,-158.2733528,149.366352872479
19855,326,"2014-01-04T23:23:00Z","noon",43.576798,-171.983113,43.237305,-172.233113,21.5752667,-158.2733528,42.8124812454005
19855,327,"2014-01-05T11:22:00Z","midnight",43.393116,-171.840928,43.576798,-171.983113,21.5752667,-158.2733528,23.4253841087716
19855,328,"2014-01-05T23:06:00Z","noon",48.37085,-167.840928,43.393116,-171.840928,21.5752667,-158.2733528,634.001340134913
19855,329,"2014-01-06T10:58:30Z","midnight",46.32596,-166.072252,48.37085,-167.840928,21.5752667,-158.2733528,263.530935355114
19855,330,"2014-01-06T22:39:00Z","noon",51.32596,-161.197252,46.32596,-166.072252,21.5752667,-158.2733528,660.322389354672
19855,331,"2014-01-07T10:36:30Z","midnight",51.250597,-160.676987,51.32596,-161.197252,21.5752667,-158.2733528,37.1377566130147
19855,332,"2014-01-07T22:51:30Z","noon",47.118568,-164.426987,51.250597,-160.676987,21.5752667,-158.2733528,534.050628688788
19855,333,"2014-01-08T10:53:30Z","midnight",47.909057,-165.030038,47.118568,-164.426987,21.5752667,-158.2733528,98.8797354291127
19855,334,"2014-01-08T23:05:00Z","noon",44.275579,-167.905038,47.909057,-165.030038,21.5752667,-158.2733528,460.773214486485
19855,335,"2014-01-09T10:58:30Z","midnight",42.190568,-166.381313,44.275579,-167.905038,21.5752667,-158.2733528,262.645217952893
19855,336,"2014-01-09T23:06:30Z","noon",39.117284,-168.381313,42.190568,-166.381313,21.5752667,-158.2733528,381.083240932519
19855,337,"2014-01-10T11:06:30Z","midnight",39.328003,-168.480719,39.117284,-168.381313,21.5752667,-158.2733528,24.9465782038297
19855,338,"2014-01-10T22:59:30Z","noon",42.037845,-166.730719,39.328003,-168.480719,21.5752667,-158.2733528,335.492944696519
19855,339,"2014-01-11T11:00:30Z","midnight",42.63634,-167.078168,42.037845,-166.730719,21.5752667,-158.2733528,72.4183019510556
19855,340,"2014-01-11T22:53:00Z","noon",45.269861,-165.203168,42.63634,-167.078168,21.5752667,-158.2733528,329.035055514595
19855,341,"2014-01-12T10:57:00Z","midnight",46.823819,-166.298572,45.269861,-165.203168,21.5752667,-158.2733528,192.359608372284
19855,342,"2014-01-12T22:53:06Z","noon",48.037982,-165.323572,46.823819,-166.298572,21.5752667,-158.2733528,153.639863023197
19855,343,"2014-01-13T10:48:21Z","midnight",46.810234,-164.229347,48.037982,-165.323572,21.5752667,-158.2733528,159.413657710518
19855,344,"2014-01-13T23:03:20Z","noon",41.810234,-167.975181,46.810234,-164.229347,21.5752667,-158.2733528,630.639809348351
19855,345,"2014-01-14T11:15:31Z","midnight",46.163056,-171.112078,41.810234,-167.975181,21.5752667,-158.2733528,545.095691857924
19855,346,"2014-01-14T23:08:09Z","noon",48.513594,-169.270412,46.163056,-171.112078,21.5752667,-158.2733528,295.903153409115
19855,347,"2014-01-15T10:55:51.5Z","midnight",44.748554,-166.286269,48.513594,-169.270412,21.5752667,-158.2733528,476.553176711906
19855,348,"2014-01-15T22:42:57.5Z","noon",48.983581,-163.061269,44.748554,-166.286269,21.5752667,-158.2733528,530.794800821866
19855,349,"2014-01-16T10:36:10.5Z","midnight",47.143903,-161.451842,48.983581,-163.061269,21.5752667,-158.2733528,236.946671918523
19855,350,"2014-01-16T22:51:01.5Z","noon",42.143903,-165.164342,47.143903,-161.451842,21.5752667,-158.2733528,628.604378672849
19855,351,"2014-01-17T10:54:45.5Z","midnight",43.516233,-166.18164,42.143903,-165.164342,21.5752667,-158.2733528,173.684618484754
19855,352,"2014-01-17T22:42:24.5Z","noon",47.860541,-163.09414,43.516233,-166.18164,21.5752667,-158.2733528,539.209371857956
19855,353,"2014-01-18T10:37:54.5Z","midnight",46.685348,-162.050591,47.860541,-163.09414,21.5752667,-158.2733528,152.557392187953
19855,354,"2014-01-18T22:44:50.5Z","noon",44.188228,-163.783925,46.685348,-162.050591,21.5752667,-158.2733528,308.832027596974
19855,355,"2014-01-19T10:49:47.5Z","midnight",46.335723,-165.100294,44.188228,-163.783925,21.5752667,-158.2733528,260.058258288138
19855,356,"2014-01-19T22:49:37.5Z","noon",46.394553,-165.058628,46.335723,-165.100294,21.5752667,-158.2733528,7.28105914296402
19855,357,"2014-01-20T10:44:29.5Z","midnight",44.876595,-163.851517,46.394553,-165.058628,21.5752667,-158.2733528,193.121192359452
19855,358,"2014-01-20T22:36:20.5Z","noon",47.793651,-161.814017,44.876595,-163.851517,21.5752667,-158.2733528,360.077123085143
19855,359,"2014-01-21T10:30:06Z","midnight",45.959363,-160.327112,47.793651,-161.814017,21.5752667,-158.2733528,233.172269336122
19855,360,"2014-01-21T22:28:47Z","noon",46.440432,-159.997945,45.959363,-160.327112,21.5752667,-158.2733528,59.1879874553651
19855,361,"2014-01-22T10:25:14Z","midnight",45.509036,-159.181188,46.440432,-159.997945,21.5752667,-158.2733528,121.282280420716
19855,362,"2014-01-22T22:26:07Z","noon",45.170994,-159.402021,45.509036,-159.181188,21.5752667,-158.2733528,41.3618679465919
19855,363,"2014-01-23T10:29:00Z","midnight",46.661482,-160.190771,45.170994,-159.402021,21.5752667,-158.2733528,176.607407210762
19855,364,"2014-01-23T22:31:40Z","noon",45.655451,-160.857438,46.661482,-160.190771,21.5752667,-158.2733528,123.085926078372
19855,365,"2014-01-24T10:30:18.5Z","midnight",45.545385,-160.582891,45.655451,-160.857438,21.5752667,-158.2733528,24.6172209755072
19855,366,"2014-01-24T22:34:49.5Z","noon",43.71769,-161.712058,45.545385,-160.582891,21.5752667,-158.2733528,221.998997768924
19855,367,"2014-01-25T10:40:28.5Z","midnight",46.420155,-163.186666,43.71769,-161.712058,21.5752667,-158.2733528,322.025928617053
19855,368,"2014-01-25T22:44:03Z","noon",45.003834,-164.080416,46.420155,-163.186666,21.5752667,-158.2733528,172.095409301083
19855,369,"2014-01-26T10:39:16.5Z","midnight",43.442717,-162.945797,45.003834,-164.080416,21.5752667,-158.2733528,195.717241886285
19855,370,"2014-01-26T22:42:29.5Z","noon",42.009757,-163.749964,43.442717,-162.945797,21.5752667,-158.2733528,172.344452026924
19855,371,"2014-01-27T10:43:21Z","midnight",42.859042,-164.020659,42.009757,-163.749964,21.5752667,-158.2733528,97.0138028170702
19855,372,"2014-01-27T22:38:07.5Z","noon",45.132108,-162.714409,42.859042,-164.020659,21.5752667,-158.2733528,273.49027611679
19855,373,"2014-01-28T10:34:05Z","midnight",43.869529,-161.757044,45.132108,-162.714409,21.5752667,-158.2733528,159.605807349599
19855,374,"2014-01-28T22:32:28.5Z","noon",44.577088,-161.354961,43.869529,-161.757044,21.5752667,-158.2733528,84.9504642573016
19855,375,"2014-01-29T10:35:24Z","midnight",46.324975,-162.136167,44.577088,-161.354961,21.5752667,-158.2733528,203.682539116643
19855,376,"2014-01-29T22:29:30.5Z","noon",48.674879,-160.663251,46.324975,-162.136167,21.5752667,-158.2733528,283.745106369842
19855,377,"2014-01-30T10:26:31.5Z","midnight",48.033993,-159.964244,48.674879,-160.663251,21.5752667,-158.2733528,88.0118288257369
19855,378,"2014-01-30T22:31:32.5Z","noon",45.953205,-161.218411,48.033993,-159.964244,21.5752667,-158.2733528,250.153662482294
19855,379,"2014-01-31T10:39:50Z","midnight",49.849122,-163.334996,45.953205,-161.218411,21.5752667,-158.2733528,460.995556265956
19855,380,"2014-01-31T22:23:34Z","noon",54.849122,-159.268329,49.849122,-163.334996,21.5752667,-158.2733528,620.558865579978
19855,381,"2014-02-01T10:21:30Z","midnight",55.212212,-158.792146,54.849122,-159.268329,21.5752667,-158.2733528,50.5070817145165
19855,382,"2014-02-01T22:13:00Z","noon",57.60983,-156.667146,55.212212,-158.792146,21.5752667,-158.2733528,296.891762426764
19855,383,"2014-02-02T10:16:30Z","midnight",59.045844,-157.579422,57.60983,-156.667146,21.5752667,-158.2733528,168.322277171616
19855,384,"2014-02-02T22:36:00Z","noon",54.045844,-162.454422,59.045844,-157.579422,21.5752667,-158.2733528,630.811531273341
19855,385,"2014-02-03T10:36:30Z","midnight",54.142845,-162.613471,54.045844,-162.454422,21.5752667,-158.2733528,14.9636055834927
19855,386,"2014-02-03T22:39:30Z","noon",53.115635,-163.363471,54.142845,-162.613471,21.5752667,-158.2733528,124.465418073387
19855,387,"2014-02-04T10:20:00Z","midnight",48.115635,-158.519279,53.115635,-163.363471,21.5752667,-158.2733528,652.286785373854
19855,388,"2014-02-04T21:49:00Z","noon",53.115635,-150.769279,48.115635,-158.519279,21.5752667,-158.2733528,778.970807642118
19855,389,"2014-02-05T09:49:30Z","midnight",58.115635,-150.921833,53.115635,-150.769279,21.5752667,-158.2733528,556.056772819677
19855,390,"2014-02-05T22:17:30Z","noon",53.115635,-157.921833,58.115635,-150.921833,21.5752667,-158.2733528,707.998568066014
19855,391,"2014-02-06T10:22:30Z","midnight",50.824695,-159.196125,53.115635,-157.921833,21.5752667,-158.2733528,269.271257234897
19855,392,"2014-02-06T22:25:30Z","noon",49.532309,-159.946125,50.824695,-159.196125,21.5752667,-158.2733528,153.307693382076
19855,393,"2014-02-07T10:30:00Z","midnight",52.138743,-161.092151,49.532309,-159.946125,21.5752667,-158.2733528,300.778342266369
19855,394,"2014-02-07T22:36:00Z","noon",49.558678,-162.592151,52.138743,-161.092151,21.5752667,-158.2733528,305.589491020501
19855,395,"2014-02-08T10:34:00Z","midnight",49.360108,-162.10991,49.558678,-162.592151,21.5752667,-158.2733528,41.2592053726925
19855,396,"2014-02-08T22:19:00Z","noon",54.360108,-158.35991,49.360108,-162.10991,21.5752667,-158.2733528,612.505551765319
19855,397,"2014-02-09T10:01:00Z","midnight",49.360108,-153.874403,54.360108,-158.35991,21.5752667,-158.2733528,635.30043572795
19855,398,"2014-02-09T22:00:00Z","noon",49.156065,-153.624403,49.360108,-153.874403,21.5752667,-158.2733528,29.0505362939806
19855,399,"2014-02-10T09:55:30Z","midnight",47.650223,-152.510638,49.156065,-153.624403,21.5752667,-158.2733528,186.533572344985
19855,400,"2014-02-10T21:46:00Z","noon",52.257605,-150.135638,47.650223,-152.510638,21.5752667,-158.2733528,539.68165471537
19855,401,"2014-02-11T09:49:30Z","midnight",54.548578,-151.018624,52.257605,-150.135638,21.5752667,-158.2733528,261.377480495963
19855,402,"2014-02-11T21:55:00Z","noon",52.164245,-152.393624,54.548578,-151.018624,21.5752667,-158.2733528,280.375823607769
19855,403,"2014-02-12T09:48:30Z","midnight",49.835219,-150.773374,52.164245,-152.393624,21.5752667,-158.2733528,282.689634869182
19855,404,"2014-02-12T21:44:45Z","noon",51.712666,-149.835874,49.835219,-150.773374,21.5752667,-158.2733528,218.918776894181
19855,405,"2014-02-13T09:47:11Z","midnight",53.72416,-150.445738,51.712666,-149.835874,21.5752667,-158.2733528,227.40620826713
19855,406,"2014-02-13T21:47:28Z","noon",53.594584,-150.516572,53.72416,-150.445738,21.5752667,-158.2733528,15.1453230724134
19855,407,"2014-02-14T09:29:47.5Z","midnight",48.594584,-146.096154,53.594584,-150.516572,21.5752667,-158.2733528,635.63686555705
19855,408,"2014-02-14T20:53:15.5Z","noon",53.594584,-136.962821,48.594584,-146.096154,21.5752667,-158.2733528,844.958590346126
19855,409,"2014-02-15T08:52:30Z","midnight",58.594584,-136.768395,53.594584,-136.962821,21.5752667,-158.2733528,556.104777161167
19855,410,"2014-02-15T21:20:10Z","noon",53.594584,-143.685062,58.594584,-136.768395,21.5752667,-158.2733528,701.51289689334
19855,411,"2014-02-16T09:18:55Z","midnight",50.898161,-143.364572,53.594584,-143.685062,21.5752667,-158.2733528,300.620553135243
19855,412,"2014-02-16T21:06:45Z","noon",55.898161,-140.322906,50.898161,-143.364572,21.5752667,-158.2733528,591.272520127137
19855,413,"2014-02-17T08:45:30Z","midnight",50.898161,-134.999299,55.898161,-140.322906,21.5752667,-158.2733528,658.117277695799
19855,414,"2014-02-17T20:37:11Z","noon",51.495337,-132.920132,50.898161,-134.999299,21.5752667,-158.2733528,159.361501590909
19855,415,"2014-02-18T08:41:54Z","midnight",55.161276,-134.085109,51.495337,-132.920132,21.5752667,-158.2733528,414.894455617309
19855,416,"2014-02-18T20:53:14Z","noon",50.161276,-136.918442,55.161276,-134.085109,21.5752667,-158.2733528,587.771015733682
19855,417,"2014-02-19T09:02:06.5Z","midnight",54.976559,-139.119957,50.161276,-136.918442,21.5752667,-158.2733528,555.650492343476
19855,418,"2014-02-19T20:47:42.5Z","noon",59.976559,-135.519957,54.976559,-139.119957,21.5752667,-158.2733528,595.961615415118
19855,419,"2014-02-20T08:47:24.5Z","midnight",62.503667,-135.424716,59.976559,-135.519957,21.5752667,-158.2733528,281.047700686056
19855,420,"2014-02-20T21:04:07.5Z","noon",57.503667,-139.603882,62.503667,-135.424716,21.5752667,-158.2733528,602.264167278052
19855,421,"2014-02-21T09:02:42.5Z","midnight",55.096354,-139.226513,57.503667,-139.603882,21.5752667,-158.2733528,268.690437585751
19855,422,"2014-02-21T21:02:52.5Z","noon",54.997187,-139.26818,55.096354,-139.226513,21.5752667,-158.2733528,11.3418463906172
19855,423,"2014-02-22T09:05:51Z","midnight",57.976727,-139.985812,54.997187,-139.26818,21.5752667,-158.2733528,334.221191211941
19855,424,"2014-02-22T21:09:21Z","noon",55.982556,-140.860812,57.976727,-139.985812,21.5752667,-158.2733528,227.987188147333
19855,425,"2014-02-23T09:43:15Z","midnight",60.982556,-149.30683,55.982556,-140.860812,21.5752667,-158.2733528,740.574201583355
19855,426,"2014-02-23T21:43:45Z","noon",65.982556,-149.43183,60.982556,-149.30683,21.5752667,-158.2733528,556.00897815372
19855,427,"2014-02-24T09:16:15Z","midnight",61.897478,-142.525037,65.982556,-149.43183,21.5752667,-158.2733528,565.157435689369
19855,428,"2014-02-24T21:25:35Z","noon",56.897478,-144.85837,61.897478,-142.525037,21.5752667,-158.2733528,571.354416749943
19855,429,"2014-02-25T09:20:35Z","midnight",54.718742,-143.57382,56.897478,-144.85837,21.5752667,-158.2733528,255.20402031058
19855,430,"2014-02-25T21:25:41.5Z","noon",50.545149,-144.850904,54.718742,-143.57382,21.5752667,-158.2733528,471.996157677207
19855,431,"2014-02-26T09:38:00.5Z","midnight",55.545149,-147.892824,50.545149,-144.850904,21.5752667,-158.2733528,591.850354473851
19855,432,"2014-02-26T21:35:34Z","noon",60.545149,-147.282407,55.545149,-147.892824,21.5752667,-158.2733528,557.127554374968
19855,433,"2014-02-27T09:28:15Z","midnight",59.746161,-145.413358,60.545149,-147.282407,21.5752667,-158.2733528,136.359568386993
19855,434,"2014-02-27T21:35:09Z","noon",54.746161,-147.138358,59.746161,-145.413358,21.5752667,-158.2733528,565.526503509979
19855,435,"2014-02-28T09:37:52.5Z","midnight",58.594198,-147.777154,54.746161,-147.138358,21.5752667,-158.2733528,429.653155915502
19855,436,"2014-02-28T21:36:58.5Z","noon",59.272585,-147.552154,58.594198,-147.777154,21.5752667,-158.2733528,76.5299393589343
19855,437,"2014-03-01T09:41:30Z","midnight",64.218192,-148.638446,59.272585,-147.552154,21.5752667,-158.2733528,552.870243423868
19855,438,"2014-03-01T21:41:30Z","noon",64.218192,-148.638446,64.218192,-148.638446,21.5752667,-158.2733528,0
19855,439,"2014-03-02T09:36:30Z","midnight",62.987189,-147.341054,64.218192,-148.638446,21.5752667,-158.2733528,151.155583214515
19855,440,"2014-03-02T21:23:00Z","noon",67.987189,-143.966054,62.987189,-147.341054,21.5752667,-158.2733528,577.155220156204
19855,441,"2014-03-03T09:19:00Z","midnight",70,-142.916298,67.987189,-143.966054,21.5752667,-158.2733528,227.68371135446
19855,442,"2014-03-03T21:35:30Z","noon",65,-147.041298,70,-142.916298,21.5752667,-158.2733528,582.705134996452
19855,443,"2014-03-04T09:46:30Z","midnight",69.889383,-149.739254,65,-147.041298,21.5752667,-158.2733528,555.584127716398
19855,444,"2014-03-04T20:49:30Z","noon",70,-135.489254,69.889383,-149.739254,21.5752667,-158.2733528,542.27916501976
19855,445,"2014-03-05T08:45:00Z","midnight",70,-134.309999,70,-135.489254,21.5752667,-158.2733528,44.8474355820386
19855,446,"2014-03-05T21:45:00Z","noon",67.750349,-149.309999,70,-134.309999,21.5752667,-158.2733528,648.962863925016
19855,447,"2014-03-06T09:47:00Z","midnight",70,-149.75361,67.750349,-149.309999,21.5752667,-158.2733528,250.778979629252
19855,448,"2014-03-06T21:33:00Z","noon",70,-146.25361,70,-149.75361,21.5752667,-158.2733528,133.089891635132
19855,449,"2014-03-07T09:21:00Z","midnight",70,-143.195169,70,-146.25361,21.5752667,-158.2733528,116.303084159623
19855,450,"2014-03-07T20:37:00Z","noon",70,-132.195169,70,-143.195169,21.5752667,-158.2733528,417.772616517943
19855,451,"2014-03-08T08:28:30Z","midnight",70,-130.009759,70,-132.195169,21.5752667,-158.2733528,83.1086706625199
19855,452,"2014-03-09T21:17:30Z","noon",70,-142.197465,70,-130.009759,21.5752667,-158.2733528,462.737818439174
19855,453,"2014-03-10T09:29:30Z","midnight",70,-145.133372,70,-142.197465,21.5752667,-158.2733528,111.644412994219
19855,454,"2014-03-10T21:32:00Z","noon",70,-145.758372,70,-145.133372,21.5752667,-158.2733528,23.769211405609
19855,455,"2014-03-11T09:34:30Z","midnight",70,-146.31757,70,-145.758372,21.5752667,-158.2733528,21.2667313402979
19855,456,"2014-03-11T21:43:00Z","noon",70,-148.44257,70,-146.31757,21.5752667,-158.2733528,80.8115825362022
19855,457,"2014-03-13T09:29:25.5Z","midnight",70,-144.912449,70,-148.44257,21.5752667,-158.2733528,134.234944620579
19855,458,"2014-03-14T21:26:10.5Z","noon",70,-144.029563,70,-144.912449,21.5752667,-158.2733528,33.5766600331408
19855,459,"2014-03-24T09:37:55Z","midnight",65,-146.203253,70,-144.029563,21.5752667,-158.2733528,563.526380162038
19855,460,"2014-03-24T21:44:16.5Z","noon",60,-147.792836,65,-146.203253,21.5752667,-158.2733528,561.887468750991
19855,461,"2014-03-25T09:50:15Z","midnight",55,-149.206787,60,-147.792836,21.5752667,-158.2733528,562.321782197104
19855,462,"2014-03-26T21:40:52Z","noon",50,-146.780893,55,-149.206787,21.5752667,-158.2733528,579.626051188
19855,463,"2014-03-27T09:43:09.5Z","midnight",45,-147.273586,50,-146.780893,21.5752667,-158.2733528,557.201680165259
19855,464,"2014-03-27T21:35:23Z","noon",40,-145.329836,45,-147.273586,21.5752667,-158.2733528,578.310348108339
19855,465,"2014-03-28T21:51:14.5Z","noon",35,-149.214133,40,-145.329836,21.5752667,-158.2733528,652.917386816176
19855,466,"2014-03-29T09:53:44Z","midnight",30,-149.756798,35,-149.214133,21.5752667,-158.2733528,558.295705021793
19855,467,"2014-03-29T21:58:35Z","noon",25,-150.969298,30,-149.756798,21.5752667,-158.2733528,568.676566636633
19855,468,"2014-03-30T09:49:09.5Z","midnight",30,-148.53293,25,-150.969298,21.5752667,-158.2733528,605.627248778101
19855,469,"2014-03-30T21:41:09.5Z","noon",26.216087,-146.53293,30,-148.53293,21.5752667,-158.2733528,464.203225219236
19855,470,"2014-03-31T09:43:24Z","midnight",21.216087,-147.013459,26.216087,-146.53293,21.5752667,-158.2733528,558.120559276601
19855,471,"2014-03-31T21:47:24Z","noon",26.216087,-148.013459,21.216087,-147.013459,21.5752667,-158.2733528,565.209265790149
19855,472,"2014-04-01T09:49:00Z","midnight",23.408413,-148.3339,26.216087,-148.013459,21.5752667,-158.2733528,313.86932724342
19855,473,"2014-04-01T21:59:30Z","noon",28.408413,-150.9589,23.408413,-148.3339,21.5752667,-158.2733528,614.787250462003
19855,474,"2014-04-02T10:01:00Z","midnight",33.408413,-151.254763,28.408413,-150.9589,21.5752667,-158.2733528,556.689751999321
19855,475,"2014-04-02T21:45:30Z","noon",28.408413,-147.379763,33.408413,-151.254763,21.5752667,-158.2733528,667.521724757124
19855,476,"2014-04-03T09:48:00Z","midnight",23.408413,-147.926145,28.408413,-147.379763,21.5752667,-158.2733528,558.651076768777
19855,477,"2014-04-04T09:31:00Z","midnight",18.408413,-143.598139,23.408413,-147.926145,21.5752667,-158.2733528,714.85509544933
19855,478,"2014-04-04T20:55:30Z","noon",13.408413,-134.723139,18.408413,-143.598139,21.5752667,-158.2733528,1099.53384052618
19855,479,"2014-04-05T08:55:30Z","midnight",8.408413,-134.645837,13.408413,-134.723139,21.5752667,-158.2733528,556.038650445642
19855,480,"2014-04-05T21:39:30Z","noon",13.408413,-145.645837,8.408413,-134.645837,21.5752667,-158.2733528,1323.03997883493
19855,481,"2014-04-06T09:44:00Z","midnight",18.408413,-146.69433,13.408413,-145.645837,21.5752667,-158.2733528,567.158859177336
19855,482,"2014-04-06T21:32:30Z","noon",13.408413,-143.81933,18.408413,-146.69433,21.5752667,-158.2733528,635.2575402363
19855,483,"2014-04-07T09:20:30Z","midnight",18.408413,-140.743708,13.408413,-143.81933,21.5752667,-158.2733528,645.904588985883
19855,484,"2014-04-07T21:33:00Z","noon",23.408413,-143.868708,18.408413,-140.743708,21.5752667,-158.2733528,643.719984801929
19855,485,"2014-04-08T09:32:30Z","midnight",28.408413,-143.669059,23.408413,-143.868708,21.5752667,-158.2733528,556.332733277484
19855,486,"2014-04-08T21:34:00Z","noon",33.408413,-144.044059,28.408413,-143.669059,21.5752667,-158.2733528,557.123025244614
19855,487,"2014-04-09T09:38:00Z","midnight",32.524776,-144.970469,33.408413,-144.044059,21.5752667,-158.2733528,130.855974720485
19855,488,"2014-04-09T21:42:30Z","noon",37.026048,-146.095469,32.524776,-144.970469,21.5752667,-158.2733528,510.943629025518
19855,489,"2014-04-10T09:31:00Z","midnight",42.026048,-143.148022,37.026048,-146.095469,21.5752667,-158.2733528,610.643621243958
19855,490,"2014-04-10T21:25:00Z","noon",40.667887,-141.648022,42.026048,-143.148022,21.5752667,-158.2733528,196.171241022332
19855,491,"2014-04-11T09:29:30Z","midnight",35.836935,-142.701802,40.667887,-141.648022,21.5752667,-158.2733528,544.988136047753
19855,492,"2014-04-11T21:52:30Z","noon",40.836935,-148.451802,35.836935,-142.701802,21.5752667,-158.2733528,748.382975488488
19855,493,"2014-04-12T10:22:30Z","midnight",35.836935,-155.88189,40.836935,-148.451802,21.5752667,-158.2733528,853.272249805589
19855,494,"2014-04-12T22:29:46Z","noon",35.090322,-157.698556,35.836935,-155.88189,21.5752667,-158.2733528,184.283291607866
19855,495,"2014-04-13T10:26:42Z","midnight",36.736689,-156.863363,35.090322,-157.698556,21.5752667,-158.2733528,197.914229915292
19855,496,"2014-04-13T22:11:28.5Z","noon",31.736689,-153.057113,36.736689,-156.863363,21.5752667,-158.2733528,656.761862254755
19855,497,"2014-04-14T10:11:45.5Z","midnight",26.736689,-153.060882,31.736689,-153.057113,21.5752667,-158.2733528,555.974753350143
19855,498,"2014-04-14T22:41:58Z","noon",31.736689,-160.612965,26.736689,-153.060882,21.5752667,-158.2733528,919.359752652049
19855,499,"2014-04-15T10:50:05Z","midnight",36.736689,-162.576604,31.736689,-160.612965,21.5752667,-158.2733528,584.501343090477
19855,500,"2014-04-15T22:41:11Z","noon",33.034,-160.351604,36.736689,-162.576604,21.5752667,-158.2733528,458.98243055654
19855,501,"2014-04-16T10:29:11.5Z","midnight",38.034,-157.289769,33.034,-160.351604,21.5752667,-158.2733528,621.078732133492
19855,502,"2014-04-16T22:34:20.5Z","noon",43.034,-158.577269,38.034,-157.289769,21.5752667,-158.2733528,566.500286791459
19855,503,"2014-04-17T10:24:20Z","midnight",48.034,-156.012944,43.034,-158.577269,21.5752667,-158.2733528,590.673227000467
19855,504,"2014-04-17T22:17:46Z","noon",45.128052,-154.371278,48.034,-156.012944,21.5752667,-158.2733528,346.609117879983
19855,505,"2014-04-18T10:25:28.5Z","midnight",40.128052,-156.237865,45.128052,-154.371278,21.5752667,-158.2733528,576.519998162454
19855,506,"2014-04-18T22:28:03.5Z","noon",41.470175,-156.883699,40.128052,-156.237865,21.5752667,-158.2733528,158.829044276946
19855,507,"2014-04-19T10:25:26.5Z","midnight",42.185411,-156.170846,41.470175,-156.883699,21.5752667,-158.2733528,99.0637071834258
19855,508,"2014-04-19T22:23:52Z","noon",41.29437,-155.777096,42.185411,-156.170846,21.5752667,-158.2733528,104.326099360802
19855,509,"2014-04-20T10:18:05.5Z","midnight",43.669357,-154.276532,41.29437,-155.777096,21.5752667,-158.2733528,291.334843259568
19855,510,"2014-04-20T22:17:24Z","noon",43.313324,-154.103615,43.669357,-154.276532,21.5752667,-158.2733528,41.9746328315905
19855,511,"2014-04-21T10:32:22Z","midnight",38.313324,-157.790398,43.313324,-154.103615,21.5752667,-158.2733528,636.523829274618
19855,512,"2014-04-21T22:26:07Z","noon",33.313324,-156.227898,38.313324,-157.790398,21.5752667,-158.2733528,573.520456494351
19855,513,"2014-04-22T10:05:57.5Z","midnight",38.313324,-151.135417,33.313324,-156.227898,21.5752667,-158.2733528,720.816694677992
19855,514,"2014-04-22T22:07:28Z","noon",42.102933,-151.512501,38.313324,-151.135417,21.5752667,-158.2733528,422.598861649084
19855,515,"2014-04-23T10:12:59Z","midnight",38.422275,-152.84081,42.102933,-151.512501,21.5752667,-158.2733528,424.489965644184
19855,516,"2014-04-23T22:10:15Z","noon",36.819668,-152.157477,38.422275,-152.84081,21.5752667,-158.2733528,188.088476030249
19855,517,"2014-04-24T10:07:12.5Z","midnight",37.934813,-151.348294,36.819668,-152.157477,21.5752667,-158.2733528,143.134574139865
19855,518,"2014-04-24T22:04:03.5Z","noon",36.097956,-150.560794,37.934813,-151.348294,21.5752667,-158.2733528,215.882208411404
19855,519,"2014-04-25T10:02:34Z","midnight",36.343389,-150.14125,36.097956,-150.560794,21.5752667,-158.2733528,46.4890429549758
19855,520,"2014-04-25T22:05:18.5Z","noon",37.898932,-150.826667,36.343389,-150.14125,21.5752667,-158.2733528,183.331815849703
19855,521,"2014-04-26T09:53:22Z","midnight",42.898932,-147.796805,37.898932,-150.826667,21.5752667,-158.2733528,612.20673239944
19855,522,"2014-04-26T21:54:10Z","noon",43.568821,-147.996805,42.898932,-147.796805,21.5752667,-158.2733528,76.229988708245
19855,523,"2014-04-27T09:51:16Z","midnight",44.205418,-147.229585,43.568821,-147.996805,21.5752667,-158.2733528,93.7594938058213
19855,524,"2014-04-27T21:40:59Z","noon",39.486551,-144.658752,44.205418,-147.229585,21.5752667,-158.2733528,566.200003426355
19855,525,"2014-04-28T09:48:15.5Z","midnight",35.025835,-146.437544,39.486551,-144.658752,21.5752667,-158.2733528,520.359741761128
19855,526,"2014-04-28T21:33:00.5Z","noon",30.025835,-142.625044,35.025835,-146.437544,21.5752667,-158.2733528,660.813974233588
19855,527,"2014-04-29T09:27:48Z","midnight",28.327217,-141.285301,30.025835,-142.625044,21.5752667,-158.2733528,229.326705321181
19855,528,"2014-04-29T22:07:22.5Z","noon",33.327217,-151.179051,28.327217,-141.285301,21.5752667,-158.2733528,1095.36178011244
19855,529,"2014-04-30T10:12:35Z","midnight",38.327217,-152.445805,33.327217,-151.179051,21.5752667,-158.2733528,567.564148015627
19855,530,"2014-04-30T22:06:52.5Z","noon",42.917004,-151.018722,38.327217,-152.445805,21.5752667,-158.2733528,524.356827454967
19855,531,"2014-05-01T10:12:30Z","midnight",39.938631,-152.392001,42.917004,-151.018722,21.5752667,-158.2733528,350.398286253483
19855,532,"2014-05-01T22:24:00Z","noon",44.692245,-155.267001,39.938631,-152.392001,21.5752667,-158.2733528,578.928465643831
19855,533,"2014-05-02T10:40:00Z","midnight",39.692245,-159.236414,44.692245,-155.267001,21.5752667,-158.2733528,644.819582779476
19855,534,"2014-05-02T22:54:30Z","noon",43.591485,-162.861414,39.692245,-159.236414,21.5752667,-158.2733528,527.820746114137
19855,535,"2014-05-03T10:58:00Z","midnight",41.68757,-163.708233,43.591485,-162.861414,21.5752667,-158.2733528,222.746045800588
19855,536,"2014-05-03T23:24:30Z","noon",46.68757,-170.333233,41.68757,-163.708233,21.5752667,-158.2733528,766.361516034242
19855,537,"2014-05-04T11:33:30Z","midnight",47.459664,-172.557478,46.68757,-170.333233,21.5752667,-158.2733528,189.04968899852
19855,538,"2014-05-04T23:29:30Z","noon",46.166677,-171.557478,47.459664,-172.557478,21.5752667,-158.2733528,162.667834080336
19855,539,"2014-05-05T12:04:00Z","midnight",41.166677,179.840837,46.166677,-171.557478,21.5752667,-158.2733528,886.699924559272
19855,540,"2014-05-06T00:17:30Z","noon",37.470117,176.486698,41.166677,179.840837,21.5752667,-158.2733528,502.106055359276
19855,541,"2014-05-06T12:15:00Z","midnight",38.119764,177.111698,37.470117,176.486698,21.5752667,-158.2733528,90.741542262011
19855,542,"2014-05-07T00:23:30Z","noon",41.618226,175.005098,38.119764,177.111698,21.5752667,-158.2733528,428.508632662911
19855,543,"2014-05-07T12:31:00Z","midnight",38.09957,173.130098,41.618226,175.005098,21.5752667,-158.2733528,422.693251680647
19855,544,"2014-05-08T00:42:00Z","noon",42.477374,170.396031,38.09957,173.130098,21.5752667,-158.2733528,539.124884276796
19855,545,"2014-05-08T12:44:30Z","midnight",41.096601,169.771031,42.477374,170.396031,21.5752667,-158.2733528,162.042309164754
19855,546,"2014-05-09T00:54:30Z","noon",44.643378,167.284494,41.096601,169.771031,21.5752667,-158.2733528,443.340971328324
19855,547,"2014-05-09T12:54:30Z","midnight",44.210591,167.284494,44.643378,167.284494,21.5752667,-158.2733528,48.1237187177188
19855,548,"2014-05-10T00:55:30Z","noon",44.538803,167.045489,44.210591,167.284494,21.5752667,-158.2733528,41.1433030653048
19855,549,"2014-05-10T12:39:00Z","midnight",48.939254,171.170489,44.538803,167.045489,21.5752667,-158.2733528,581.3758655963
19855,550,"2014-05-11T00:45:30Z","noon",50.564158,169.554021,48.939254,171.170489,21.5752667,-158.2733528,214.772279996738
19855,551,"2014-05-11T12:43:00Z","midnight",50.760157,170.179021,50.564158,169.554021,21.5752667,-158.2733528,49.1494573282714
19855,552,"2014-05-12T00:38:30Z","noon",49.682212,171.310097,50.760157,170.179021,21.5752667,-158.2733528,144.365202961136
19855,553,"2014-05-12T12:30:00Z","midnight",51.287439,173.435097,49.682212,171.310097,21.5752667,-158.2733528,233.354618115675
19855,554,"2014-05-13T00:36:20Z","noon",52.637336,171.855395,51.287439,173.435097,21.5752667,-158.2733528,185.044929322768
19855,555,"2014-05-13T12:32:45Z","midnight",52.993336,172.751228,52.637336,171.855395,21.5752667,-158.2733528,72.0515260034804
19855,556,"2014-05-14T00:14:43.5Z","noon",49.016125,177.25868,52.993336,172.751228,21.5752667,-158.2733528,542.951522399847
19855,557,"2014-05-14T12:16:08.5Z","midnight",48.296216,176.904513,49.016125,177.25868,21.5752667,-158.2733528,84.1709580140928
19855,558,"2014-05-15T00:40:50Z","noon",53.296216,170.730387,48.296216,176.904513,21.5752667,-158.2733528,704.73150076502
19855,559,"2014-05-15T12:35:28Z","midnight",54.272838,172.072053,53.296216,170.730387,21.5752667,-158.2733528,139.859421865675
19855,560,"2014-05-16T00:41:32Z","noon",55.293522,170.551786,54.272838,172.072053,21.5752667,-158.2733528,149.606496190372
19855,561,"2014-05-16T12:38:11.5Z","midnight",55.506386,171.387202,55.293522,170.551786,21.5752667,-158.2733528,57.8158931865606
19855,562,"2014-05-17T00:28:36Z","noon",53.914568,173.779152,55.506386,171.387202,21.5752667,-158.2733528,234.364235045824
19855,563,"2014-05-17T12:34:57.5Z","midnight",52.43255,172.189568,53.914568,173.779152,21.5752667,-158.2733528,195.899428961089
19855,564,"2014-05-18T00:51:27Z","noon",55.280913,168.058346,52.43255,172.189568,21.5752667,-158.2733528,416.654922832966
19855,565,"2014-05-18T12:56:53.5Z","midnight",54.095848,166.697929,55.280913,168.058346,21.5752667,-158.2733528,158.137642423751
19855,566,"2014-05-19T00:45:22.5Z","noon",52.029896,169.566481,54.095848,166.697929,21.5752667,-158.2733528,299.139055578721
19855,567,"2014-05-19T13:13:03Z","midnight",47.029896,162.647731,52.029896,169.566481,21.5752667,-158.2733528,746.630257047212
19855,568,"2014-05-20T01:16:36Z","noon",46.336541,161.747342,47.029896,162.647731,21.5752667,-158.2733528,103.253575143611
19855,569,"2014-05-20T13:17:38.5Z","midnight",45.758491,161.486926,46.336541,161.747342,21.5752667,-158.2733528,67.3449631506354
19855,570,"2014-05-21T01:10:51Z","noon",43.90698,163.169716,45.758491,161.486926,21.5752667,-158.2733528,244.924553697501
19855,571,"2014-05-21T13:17:49Z","midnight",41.540437,161.428049,43.90698,163.169716,21.5752667,-158.2733528,299.127332393354
19855,572,"2014-05-22T01:01:41.5Z","noon",36.540437,165.441975,41.540437,161.428049,21.5752667,-158.2733528,655.009362078087
19855,573,"2014-05-22T12:43:30Z","midnight",41.540437,169.989892,36.540437,165.441975,21.5752667,-158.2733528,680.486758006337
19855,574,"2014-05-23T00:42:50.5Z","noon",41.683614,170.134996,41.540437,169.989892,21.5752667,-158.2733528,19.9746869139839
19855,575,"2014-05-23T12:38:44.5Z","midnight",42.621102,171.159996,41.683614,170.134996,21.5752667,-158.2733528,134.185863511794
19855,576,"2014-05-24T00:48:11Z","noon",45.204239,168.777992,42.621102,171.159996,21.5752667,-158.2733528,344.796258984241
19855,577,"2014-05-24T12:31:56Z","midnight",48.758292,172.840492,45.204239,168.777992,21.5752667,-158.2733528,500.998610276914
19855,578,"2014-05-25T00:31:28Z","noon",48.658407,172.93351,48.758292,172.840492,21.5752667,-158.2733528,13.0362665794127
19855,579,"2014-05-25T12:54:05Z","midnight",43.658407,167.279344,48.658407,172.93351,21.5752667,-158.2733528,705.809473385291
19855,580,"2014-05-26T00:57:26Z","noon",43.756993,166.416186,43.658407,167.279344,21.5752667,-158.2733528,70.2409494569214
19855,581,"2014-05-26T13:22:40.5Z","midnight",38.756993,160.10577,43.756993,166.416186,21.5752667,-158.2733528,765.934921866655
19855,582,"2014-05-27T01:19:26Z","noon",34.381995,160.888574,38.756993,160.10577,21.5752667,-158.2733528,491.468445051632
19855,583,"2014-05-27T13:21:40.5Z","midnight",33.298759,160.328157,34.381995,160.888574,21.5752667,-158.2733528,131.099446396267
19855,584,"2014-05-28T01:05:29Z","noon",28.298759,164.346563,33.298759,160.328157,21.5752667,-158.2733528,675.432837913447
19855,585,"2014-05-28T12:52:12Z","midnight",31.943805,167.667397,28.298759,164.346563,21.5752667,-158.2733528,515.960004707436
19855,586,"2014-05-29T00:49:40Z","noon",30.923171,168.26938,31.943805,167.667397,21.5752667,-158.2733528,127.049827146759
19855,587,"2014-05-29T12:25:22.5Z","midnight",35.923171,174.342297,30.923171,168.26938,21.5752667,-158.2733528,791.32884281723
19855,588,"2014-05-30T00:26:14.5Z","noon",39.649205,174.092504,35.923171,174.342297,21.5752667,-158.2733528,414.896603579632
19855,589,"2014-05-30T12:11:21.5Z","midnight",43.62695,177.813337,39.649205,174.092504,21.5752667,-158.2733528,539.536895659937
19855,590,"2014-05-31T00:24:57.5Z","noon",46.876574,174.378497,43.62695,177.813337,21.5752667,-158.2733528,450.305683830644
19855,591,"2014-05-31T12:35:34Z","midnight",44.183905,171.726414,46.876574,174.378497,21.5752667,-158.2733528,363.714908912428
19855,592,"2014-06-01T00:37:19Z","noon",44.616041,171.252427,44.183905,171.726414,21.5752667,-158.2733528,61.0482972273519
19855,593,"2014-06-01T12:19:30Z","midnight",48.3708,175.706594,44.616041,171.252427,21.5752667,-158.2733528,538.854614317782
19855,594,"2014-06-02T00:22:30Z","noon",48.961167,174.918529,48.3708,175.706594,21.5752667,-158.2733528,87.5135838999771
19855,595,"2014-06-02T12:28:30Z","midnight",47.579243,173.418529,48.961167,174.918529,21.5752667,-158.2733528,189.564024238486
19855,596,"2014-06-03T00:32:00Z","noon",48.290299,172.503958,47.579243,173.418529,21.5752667,-158.2733528,104.370817193045
19855,597,"2014-06-03T12:21:00Z","midnight",50.184476,175.253958,48.290299,172.503958,21.5752667,-158.2733528,290.175394982343
19855,598,"2014-06-04T00:23:00Z","noon",50.533875,174.712953,50.184476,175.253958,21.5752667,-158.2733528,54.6105506383339
19855,599,"2014-06-04T12:35:00Z","midnight",48.154849,171.712953,50.533875,174.712953,21.5752667,-158.2733528,342.304917043567
19855,600,"2014-06-05T00:14:30Z","noon",43.609543,176.795588,48.154849,171.712953,21.5752667,-158.2733528,640.186812831506
19855,601,"2014-06-05T12:04:30Z","midnight",45.801182,179.295588,43.609543,176.795588,21.5752667,-158.2733528,313.693020357815
19855,602,"2014-06-06T00:35:30Z","noon",50.801182,171.501941,45.801182,179.295588,21.5752667,-158.2733528,800.092627613559
140,1,"2013-05-30T10:35:22.5Z","midnight",21.348085,-158.19083,21.5752667,-158.2733528,21.5752667,-158.2733528,26.6658992065362
140,2,"2013-05-30T22:20:28.5Z","noon",16.348085,-154.46583,21.348085,-158.19083,21.5752667,-158.2733528,680.167214612335
140,3,"2013-05-31T10:25:23.5Z","midnight",11.348085,-155.729836,16.348085,-154.46583,21.5752667,-158.2733528,572.46543807039
140,4,"2013-05-31T22:20:47.5Z","noon",7.75238,-154.579836,11.348085,-155.729836,21.5752667,-158.2733528,419.231874722039
140,5,"2013-06-01T10:30:31.5Z","midnight",2.75238,-157.049656,7.75238,-154.579836,21.5752667,-158.2733528,619.555814318361
140,6,"2013-06-01T22:44:35Z","noon",7.75238,-160.564239,2.75238,-157.049656,21.5752667,-158.2733528,678.569495273615
140,7,"2013-06-02T10:30:16.5Z","midnight",12.75238,-157.025221,7.75238,-160.564239,21.5752667,-158.2733528,677.461974952937
140,8,"2013-06-02T22:06:06.5Z","noon",7.75238,-150.983554,12.75238,-157.025221,21.5752667,-158.2733528,863.604121951429
140,9,"2013-06-03T10:08:20Z","midnight",2.960048,-151.579375,7.75238,-150.983554,21.5752667,-158.2733528,536.947677840383
140,10,"2013-06-03T22:36:40Z","noon",7.960048,-158.662709,2.960048,-151.579375,21.5752667,-158.2733528,960.960630114405
140,11,"2013-06-04T10:33:45Z","midnight",12.960048,-157.974547,7.960048,-158.662709,21.5752667,-158.2733528,561.04025212388
140,12,"2013-06-04T22:35:00Z","noon",17.960048,-158.287047,12.960048,-157.974547,21.5752667,-158.2733528,556.981661129254
140,13,"2013-06-05T10:41:15Z","midnight",17.596514,-159.891912,17.960048,-158.287047,21.5752667,-158.2733528,174.671768223196
140,14,"2013-06-05T22:43:15.5Z","noon",18.619452,-160.393995,17.596514,-159.891912,21.5752667,-158.2733528,125.513865212269
140,15,"2013-06-06T10:46:15.5Z","midnight",16.993613,-161.187643,18.619452,-160.393995,21.5752667,-158.2733528,199.354703579496
140,16,"2013-06-07T10:34:42Z","noon",21.993613,-176.187643,16.993613,-161.187643,21.5752667,-158.2733528,1666.59603612927
140,17,"2013-06-08T10:27:43Z","midnight",16.993613,-161.187643,21.993613,-176.187643,21.5752667,-158.2733528,1666.59603612927
140,18,"2013-06-08T22:29:46Z","noon",15.524421,-157.155552,16.993613,-161.187643,21.5752667,-158.2733528,460.356938869577
140,19,"2013-06-09T10:32:30Z","midnight",14.02195,-157.885903,15.524421,-157.155552,21.5752667,-158.2733528,184.600772083457
140,20,"2013-06-09T22:35:00Z","noon",15.333662,-158.510903,14.02195,-157.885903,21.5752667,-158.2733528,160.603146634057
140,21,"2013-06-10T10:27:30Z","midnight",19.051938,-156.683879,15.333662,-158.510903,21.5752667,-158.2733528,456.719459957663
140,22,"2013-06-10T22:34:57Z","noon",22.589202,-158.546379,19.051938,-156.683879,21.5752667,-158.2733528,438.360090535113
140,23,"2013-06-11T10:42:27Z","midnight",18.958411,-160.470229,22.589202,-158.546379,21.5752667,-158.2733528,450.533679927928
140,24,"2013-06-11T22:18:28Z","noon",13.958411,-154.474396,18.958411,-160.470229,21.5752667,-158.2733528,847.093709529714
140,25,"2013-06-12T23:14:21Z","noon",8.958411,-168.494869,13.958411,-154.474396,21.5752667,-158.2733528,1625.28728790063
140,26,"2013-06-13T10:34:31.5Z","midnight",13.958411,-158.58896,8.958411,-168.494869,21.5752667,-158.2733528,1213.90016036788
140,27,"2013-06-13T22:14:59.5Z","noon",13.1007,-153.705626,13.958411,-158.58896,21.5752667,-158.2733528,536.464602634499
140,28,"2013-06-14T10:15:44.5Z","midnight",12.666879,-153.944081,13.1007,-153.705626,21.5752667,-158.2733528,54.7271297525276
140,29,"2013-06-14T22:17:41.5Z","noon",13.691735,-154.431581,12.666879,-153.944081,21.5752667,-158.2733528,125.587508220659
140,30,"2013-06-15T10:17:47Z","midnight",13.609123,-154.505978,13.691735,-154.431581,21.5752667,-158.2733528,12.2068476955103
140,31,"2013-06-15T22:17:47Z","noon",13.609123,-154.505978,13.609123,-154.505978,21.5752667,-158.2733528,0
140,32,"2013-06-16T10:16:59Z","midnight",13.994479,-154.357894,13.609123,-154.505978,21.5752667,-158.2733528,45.7361362449742
140,33,"2013-06-16T22:38:13Z","noon",18.994479,-159.666228,13.994479,-154.357894,21.5752667,-158.2733528,793.191811718922
140,34,"2013-06-17T10:38:34Z","midnight",23.966336,-159.805989,18.994479,-159.666228,21.5752667,-158.2733528,553.034207237284
140,35,"2013-06-17T22:37:53Z","noon",23.665812,-159.635156,23.966336,-159.805989,21.5752667,-158.2733528,37.665364562977
140,36,"2013-06-18T10:45:34Z","midnight",20.132136,-161.608505,23.665812,-159.635156,21.5752667,-158.2733528,442.51737519908
140,37,"2013-06-18T22:45:21Z","noon",20.030065,-161.554338,20.132136,-161.608505,21.5752667,-158.2733528,12.6814182639158
140,38,"2013-06-19T10:36:36Z","midnight",23.983026,-159.419518,20.030065,-161.554338,21.5752667,-158.2733528,491.540283142278
140,39,"2013-06-19T22:26:15Z","noon",19.249406,-156.832018,23.983026,-159.419518,21.5752667,-158.2733528,590.368010006208
140,40,"2013-06-20T10:26:45Z","midnight",18.995278,-157.009769,19.249406,-156.832018,21.5752667,-158.2733528,33.8708215240772
140,41,"2013-06-20T22:23:09Z","noon",17.24669,-156.109769,18.995278,-157.009769,21.5752667,-158.2733528,216.448490488705
140,42,"2013-06-21T10:28:41.5Z","midnight",14.455538,-157.547917,17.24669,-156.109769,21.5752667,-158.2733528,346.386367886109
140,43,"2013-06-21T22:42:03.5Z","noon",19.455538,-160.889583,14.455538,-157.547917,21.5752667,-158.2733528,659.794424955993
140,44,"2013-06-22T11:04:46Z","midnight",14.455538,-166.619286,19.455538,-160.889583,21.5752667,-158.2733528,824.725364387032
140,45,"2013-06-22T23:02:51Z","noon",9.455538,-166.14012,14.455538,-166.619286,21.5752667,-158.2733528,558.411014449374
140,46,"2013-06-23T10:37:59Z","midnight",14.455538,-159.975869,9.455538,-166.14012,21.5752667,-158.2733528,870.875028236442
140,47,"2013-06-23T22:39:34.5Z","noon",19.455538,-160.373786,14.455538,-159.975869,21.5752667,-158.2733528,557.581900988976
140,48,"2013-06-24T10:46:56.5Z","midnight",18.365173,-162.267573,19.455538,-160.373786,21.5752667,-158.2733528,233.203860014941
140,49,"2013-06-24T22:35:13.5Z","noon",13.365173,-159.338406,18.365173,-162.267573,21.5752667,-158.2733528,638.111762634
140,50,"2013-06-25T10:25:33Z","midnight",17.383375,-156.971391,13.365173,-159.338406,21.5752667,-158.2733528,513.814608773994
140,51,"2013-06-25T22:36:17.5Z","noon",22.383375,-159.656807,17.383375,-156.971391,21.5752667,-158.2733528,622.805940227037
140,52,"2013-06-26T10:36:25Z","midnight",22.414415,-159.739314,22.383375,-159.656807,21.5752667,-158.2733528,9.15752431138989
140,53,"2013-06-26T22:15:27Z","noon",17.414415,-154.497647,22.414415,-159.739314,21.5752667,-158.2733528,780.458289280736
140,54,"2013-06-27T10:35:00Z","midnight",12.414415,-159.435836,17.414415,-154.497647,21.5752667,-158.2733528,768.387329938958
140,55,"2013-06-27T22:50:19Z","noon",9.871955,-163.265003,12.414415,-159.435836,21.5752667,-158.2733528,504.391206202191
140,56,"2013-06-28T10:31:57.5Z","midnight",14.871955,-158.72545,9.871955,-163.265003,21.5752667,-158.2733528,742.984934719474
140,57,"2013-06-28T22:40:33.5Z","noon",19.871955,-160.87545,14.871955,-158.72545,21.5752667,-158.2733528,600.935489439246
140,58,"2013-06-29T10:39:59Z","midnight",23.571301,-160.780984,19.871955,-160.87545,21.5752667,-158.2733528,411.46417744702
140,59,"2013-06-29T22:31:04Z","noon",19.457388,-158.551817,23.571301,-160.780984,21.5752667,-158.2733528,512.249787937725
140,60,"2013-06-30T10:30:21Z","midnight",19.845681,-158.421099,19.457388,-158.551817,21.5752667,-158.2733528,45.2941666285152
140,61,"2013-06-30T22:32:51Z","noon",21.025581,-159.046099,19.845681,-158.421099,21.5752667,-158.2733528,146.471648594074
140,62,"2013-07-01T10:33:53.5Z","midnight",20.590625,-159.354042,21.025581,-159.046099,21.5752667,-158.2733528,57.9973058937287
140,63,"2013-07-01T22:20:49Z","noon",15.590625,-156.085292,20.590625,-159.354042,21.5752667,-158.2733528,654.504023165112
140,64,"2013-07-02T10:23:34Z","midnight",12.686939,-156.819309,15.590625,-156.085292,21.5752667,-158.2733528,332.431838000549
140,65,"2013-07-02T22:24:08.5Z","noon",12.992187,-156.963059,12.686939,-156.819309,21.5752667,-158.2733528,37.3489020977947
140,66,"2013-07-03T10:19:55Z","midnight",15.253019,-155.952232,12.992187,-156.963059,21.5752667,-158.2733528,274.003607106336
140,67,"2013-07-03T22:34:55Z","noon",20.253019,-159.702232,15.253019,-155.952232,21.5752667,-158.2733528,683.139301599445
140,68,"2013-07-04T10:35:39.5Z","midnight",22.306218,-159.931894,20.253019,-159.702232,21.5752667,-158.2733528,229.541898299811
140,69,"2013-07-04T22:32:20Z","noon",20.747104,-159.100644,22.306218,-159.931894,21.5752667,-158.2733528,193.515082322309
140,70,"2013-07-05T10:31:29.5Z","midnight",21.226821,-158.933213,20.747104,-159.100644,21.5752667,-158.2733528,56.1028126967702
140,71,"2013-07-05T22:29:54Z","noon",20.468009,-158.535296,21.226821,-158.933213,21.5752667,-158.2733528,93.963132835216
140,72,"2013-07-06T10:29:30Z","midnight",20.745635,-158.476941,20.468009,-158.535296,21.5752667,-158.2733528,31.4624025874286
140,73,"2013-07-06T22:22:32.5Z","noon",17.309308,-156.737357,20.745635,-158.476941,21.5752667,-158.2733528,423.588806611716
140,74,"2013-07-07T10:25:05.5Z","midnight",16.078472,-157.415082,17.309308,-156.737357,21.5752667,-158.2733528,154.73069896974
140,75,"2013-07-07T22:39:30Z","noon",21.078472,-161.017165,16.078472,-157.415082,21.5752667,-158.2733528,673.143967630102
140,76,"2013-07-08T10:40:15.5Z","midnight",22.901809,-161.245476,21.078472,-161.017165,21.5752667,-158.2733528,204.107654319959
140,77,"2013-07-08T22:40:18.5Z","noon",22.925091,-161.257976,22.901809,-161.245476,21.5752667,-158.2733528,2.88810760102202
140,78,"2013-07-09T10:43:14Z","midnight",21.654701,-162.02638,22.925091,-161.257976,21.5752667,-158.2733528,161.87781589292
140,79,"2013-07-09T22:46:45Z","noon",23.313718,-162.905546,21.654701,-162.02638,21.5752667,-158.2733528,205.399506729881
140,80,"2013-07-10T10:49:17.5Z","midnight",22.237325,-163.57647,23.313718,-162.905546,21.5752667,-158.2733528,138.046777845846
140,81,"2013-07-10T22:48:36.5Z","noon",21.910481,-163.405637,22.237325,-163.57647,21.5752667,-158.2733528,40.3821709794761
140,82,"2013-07-11T10:55:38.5Z","midnight",18.539643,-165.197759,21.910481,-163.405637,21.5752667,-158.2733528,418.855654488765
140,83,"2013-07-11T22:53:10.5Z","noon",17.264414,-164.581092,18.539643,-165.197759,21.5752667,-158.2733528,156.09075433914
140,84,"2013-07-12T11:06:58.5Z","midnight",12.264414,-168.063093,17.264414,-164.581092,21.5752667,-158.2733528,670.201812878311
140,85,"2013-07-12T23:26:31.5Z","noon",17.264414,-172.950593,12.264414,-168.063093,21.5752667,-158.2733528,764.890424015056
140,86,"2013-07-13T11:21:58Z","midnight",22.264414,-171.841154,17.264414,-172.950593,21.5752667,-158.2733528,567.956271751059
140,87,"2013-07-13T23:27:01.5Z","noon",25.074773,-173.105737,22.264414,-171.841154,21.5752667,-158.2733528,337.987114285501
140,88,"2013-07-14T11:30:03.5Z","midnight",23.812695,-173.892295,25.074773,-173.105737,21.5752667,-158.2733528,161.349316169324
140,89,"2013-07-14T23:25:22.5Z","noon",21.538711,-172.721462,23.812695,-173.892295,21.5752667,-158.2733528,279.934761077734
140,90,"2013-07-15T11:30:18.5Z","midnight",19.173036,-173.981036,21.538711,-172.721462,21.5752667,-158.2733528,293.998395392116
140,91,"2013-07-15T23:36:56Z","noon",22.524865,-175.637286,19.173036,-173.981036,21.5752667,-158.2733528,410.510327457461
140,92,"2013-07-16T11:33:31.5Z","midnight",24.339509,-174.8094,22.524865,-175.637286,21.5752667,-158.2733528,218.742361594928
140,93,"2013-07-16T23:36:31.5Z","noon",25.749805,-175.5594,24.339509,-174.8094,21.5752667,-158.2733528,174.068652122076
140,94,"2013-07-17T11:46:15Z","midnight",21.185231,-178.012746,25.749805,-175.5594,21.5752667,-158.2733528,565.843531565133
140,95,"2013-07-17T23:53:04Z","noon",24.560509,-179.716913,21.185231,-178.012746,21.5752667,-158.2733528,413.920131871237
140,96,"2013-07-18T11:49:19Z","midnight",26.516695,-178.799353,24.560509,-179.716913,21.5752667,-158.2733528,236.193923828483
140,97,"2013-07-18T23:55:00Z","noon",29.071026,179.779814,26.516695,-178.799353,21.5752667,-158.2733528,316.54325456506
140,98,"2013-07-19T11:55:37.5Z","midnight",29.009876,179.605833,29.071026,179.779814,21.5752667,-158.2733528,18.229201198437
140,99,"2013-07-19T23:58:07.5Z","noon",30.096383,178.980833,29.009876,179.605833,21.5752667,-158.2733528,135.094951862123
140,100,"2013-07-20T11:56:45Z","midnight",30.909185,179.30911,30.096383,178.980833,21.5752667,-158.2733528,95.6952063867226
140,101,"2013-07-21T00:06:24Z","noon",34.780586,176.883442,30.909185,179.30911,21.5752667,-158.2733528,486.432567598859
140,102,"2013-07-21T12:07:06.5Z","midnight",34.759307,176.706359,34.780586,176.883442,21.5752667,-158.2733528,16.34706375528
140,103,"2013-07-22T00:12:46.5Z","noon",36.86079,175.278873,34.759307,176.706359,21.5752667,-158.2733528,266.773819807136
140,104,"2013-07-22T12:14:04Z","midnight",36.656296,174.955957,36.86079,175.278873,21.5752667,-158.2733528,36.6686779006353
140,105,"2013-07-23T00:11:30.5Z","noon",35.708561,175.587111,36.656296,174.955957,21.5752667,-158.2733528,119.642060023877
140,106,"2013-07-23T12:19:52.5Z","midnight",32.661762,173.495444,35.708561,175.587111,21.5752667,-158.2733528,389.580296417468
140,107,"2013-07-24T00:27:07Z","noon",35.551915,171.679027,32.661762,173.495444,21.5752667,-158.2733528,362.25909239842
140,108,"2013-07-24T12:39:20.5Z","midnight",30.788221,168.622777,35.551915,171.679027,21.5752667,-158.2733528,601.155148308876
140,109,"2013-07-25T00:21:51.5Z","noon",25.788221,172.990071,30.788221,168.622777,21.5752667,-158.2733528,701.237856610129
140,110,"2013-07-25T12:12:48Z","midnight",27.123852,175.254655,25.788221,172.990071,21.5752667,-158.2733528,269.952953135665
140,111,"2013-07-26T00:51:08Z","noon",32.123852,165.670277,27.123852,175.254655,21.5752667,-158.2733528,1079.73089836147
140,112,"2013-07-26T12:55:48.5Z","midnight",37.123852,164.501527,32.123852,165.670277,21.5752667,-158.2733528,566.150942087952
140,113,"2013-07-27T00:49:42.5Z","noon",38.970335,166.028006,37.123852,164.501527,21.5752667,-158.2733528,244.98688131866
140,114,"2013-07-27T13:01:40.5Z","midnight",34.719753,163.036339,38.970335,166.028006,21.5752667,-158.2733528,542.372469567465
140,115,"2013-07-28T01:11:47.5Z","noon",38.624732,160.511199,34.719753,163.036339,21.5752667,-158.2733528,489.085064689359
140,116,"2013-07-28T13:07:31Z","midnight",40.45927,161.579949,38.624732,160.511199,21.5752667,-158.2733528,223.62651006008
140,117,"2013-07-29T01:10:16.5Z","noon",41.389666,160.896962,40.45927,161.579949,21.5752667,-158.2733528,118.302252286421
140,118,"2013-07-29T13:23:52.5Z","midnight",36.800158,157.496962,41.389666,160.896962,21.5752667,-158.2733528,588.542273032329
140,119,"2013-07-30T01:28:58Z","noon",38.747416,156.233231,36.800158,157.496962,21.5752667,-158.2733528,243.344855690463
140,120,"2013-07-30T13:27:27Z","midnight",39.651575,156.612398,38.747416,156.233231,21.5752667,-158.2733528,105.713414882666
140,121,"2013-07-31T01:23:20Z","noon",38.114791,157.653355,39.651575,156.612398,21.5752667,-158.2733528,193.178048293793
140,122,"2013-07-31T13:29:51Z","midnight",35.858431,156.024188,38.114791,157.653355,21.5752667,-158.2733528,289.619834316057
140,123,"2013-08-01T01:46:52.5Z","noon",40.858431,151.782345,35.858431,156.024188,21.5752667,-158.2733528,667.554348733152
140,124,"2013-08-01T14:04:55.5Z","midnight",35.858431,147.269845,40.858431,151.782345,21.5752667,-158.2733528,680.883895459572
140,125,"2013-08-02T02:00:47Z","noon",33.97728,148.322294,35.858431,147.269845,21.5752667,-158.2733528,230.13032026378
140,126,"2013-08-02T14:02:44Z","midnight",33.453803,147.834794,33.97728,148.322294,21.5752667,-158.2733528,73.6290864652182
140,127,"2013-08-03T02:01:04Z","noon",32.674046,148.271124,33.453803,147.834794,21.5752667,-158.2733528,95.7653637702985
140,128,"2013-08-03T13:56:34Z","midnight",35.121899,149.396124,32.674046,148.271124,21.5752667,-158.2733528,291.314147678399
140,129,"2013-08-04T01:48:17.5Z","noon",31.207423,151.48717,35.121899,149.396124,21.5752667,-158.2733528,476.769123981247
140,130,"2013-08-04T13:48:07.5Z","midnight",31.667614,151.528837,31.207423,151.48717,21.5752667,-158.2733528,51.3233663332255
140,131,"2013-08-05T01:36:37Z","noon",26.667614,154.430848,31.667614,151.528837,21.5752667,-158.2733528,623.218466920299
140,132,"2013-08-05T13:27:50.5Z","midnight",30.655141,156.624598,26.667614,154.430848,21.5752667,-158.2733528,492.316835027469
140,133,"2013-08-06T01:29:46Z","noon",31.648455,156.170902,30.655141,156.624598,21.5752667,-158.2733528,118.589295175182
140,134,"2013-08-06T13:29:27.5Z","midnight",32.207646,156.247985,31.648455,156.170902,21.5752667,-158.2733528,62.6032820737762
140,135,"2013-08-07T01:32:30Z","noon",33.726339,155.517741,32.207646,156.247985,21.5752667,-158.2733528,182.092798685349
140,136,"2013-08-07T13:24:32Z","midnight",37.846761,157.509408,33.726339,155.517741,21.5752667,-158.2733528,492.095136702003
140,137,"2013-08-08T01:22:12.5Z","noon",36.81139,158.123437,37.846761,157.509408,21.5752667,-158.2733528,127.286251686973
140,138,"2013-08-08T13:23:46.5Z","midnight",36.539688,157.73177,36.81139,158.123437,21.5752667,-158.2733528,46.1825010189887
140,139,"2013-08-09T01:35:21Z","noon",41.486797,154.873391,36.539688,157.73177,21.5752667,-158.2733528,602.888296112955
140,140,"2013-08-09T13:43:55.5Z","midnight",38.367667,152.729641,41.486797,154.873391,21.5752667,-158.2733528,392.021096493198
140,141,"2013-08-10T01:24:40.5Z","noon",33.367667,157.580086,38.367667,152.729641,21.5752667,-158.2733528,706.956481046733
140,142,"2013-08-10T13:35:00Z","midnight",28.367667,154.998836,33.367667,157.580086,21.5752667,-158.2733528,608.047477918899
140,143,"2013-08-11T01:37:31Z","noon",23.95946,154.410165,28.367667,154.998836,21.5752667,-158.2733528,493.675548133945
140,144,"2013-08-11T13:37:17Z","midnight",24.51458,154.468499,23.95946,154.410165,21.5752667,-158.2733528,62.0092527482904
140,145,"2013-08-12T01:51:43.5Z","noon",29.51458,150.901104,24.51458,154.468499,21.5752667,-158.2733528,658.670295573633
140,146,"2013-08-12T13:47:42.5Z","midnight",34.51458,151.905271,29.51458,150.901104,21.5752667,-158.2733528,563.967205449688
140,147,"2013-08-13T01:18:15Z","noon",29.51458,159.315375,34.51458,151.905271,21.5752667,-158.2733528,892.388383959526
140,148,"2013-08-13T13:25:00Z","midnight",24.51458,157.627875,29.51458,159.315375,21.5752667,-158.2733528,580.535064660951
140,149,"2013-08-14T01:58:04Z","noon",29.51458,149.409195,24.51458,157.627875,21.5752667,-158.2733528,985.386116885762
140,150,"2013-08-14T14:05:51Z","midnight",30.723033,147.463362,29.51458,149.409195,21.5752667,-158.2733528,230.390178963743
140,151,"2013-08-15T02:19:48Z","noon",35.723033,144.02628,30.723033,147.463362,21.5752667,-158.2733528,641.223973620494
140,152,"2013-08-15T14:17:09Z","midnight",40.227389,144.68878,35.723033,144.02628,21.5752667,-158.2733528,504.211703718997
140,153,"2013-08-16T02:21:31.5Z","noon",42.213316,143.64784,40.227389,144.68878,21.5752667,-158.2733528,237.362654213851
140,154,"2013-08-16T14:40:17Z","midnight",37.213316,138.958257,42.213316,143.64784,21.5752667,-158.2733528,685.320637982312
140,155,"2013-08-17T02:29:05.5Z","noon",32.213316,141.811336,37.213316,138.958257,21.5752667,-158.2733528,614.007229548889
140,156,"2013-08-17T14:16:50.5Z","midnight",34.320245,144.873836,32.213316,141.811336,21.5752667,-158.2733528,368.688503336284
140,157,"2013-08-18T02:18:51.5Z","noon",35.49684,144.427138,34.320245,144.873836,21.5752667,-158.2733528,137.025172083209
140,158,"2013-08-18T14:52:13Z","midnight",30.49684,136.087554,35.49684,144.427138,21.5752667,-158.2733528,955.408491567841
140,159,"2013-08-19T02:54:39.5Z","noon",25.49684,135.536865,30.49684,136.087554,21.5752667,-158.2733528,558.594387601506
140,160,"2013-08-19T14:24:05Z","midnight",30.49684,143.180615,25.49684,135.536865,21.5752667,-158.2733528,933.53238985403
140,161,"2013-08-20T02:19:07.5Z","noon",33.481441,144.482134,30.49684,143.180615,21.5752667,-158.2733528,353.833796364162
140,162,"2013-08-20T14:24:24.5Z","midnight",30.544391,143.161301,33.481441,144.482134,21.5752667,-158.2733528,349.512873134546
140,163,"2013-08-21T02:25:21.5Z","noon",31.208625,142.987891,30.544391,143.161301,21.5752667,-158.2733528,75.6908128756003
140,164,"2013-08-21T14:17:51.5Z","midnight",36.208625,144.862891,31.208625,142.987891,21.5752667,-158.2733528,582.359680790384
140,165,"2013-08-22T02:17:09.5Z","noon",36.288247,145.104079,36.208625,144.862891,21.5752667,-158.2733528,23.3703178816367
140,166,"2013-08-22T14:18:28Z","midnight",36.139545,144.776995,36.288247,145.104079,21.5752667,-158.2733528,33.6819171249736
140,167,"2013-08-23T02:19:29Z","noon",36.777377,144.591054,36.139545,144.776995,21.5752667,-158.2733528,72.8470438648587
140,168,"2013-08-23T14:16:06Z","midnight",39.510951,145.436887,36.777377,144.591054,21.5752667,-158.2733528,312.825400030761
140,169,"2013-08-24T02:15:09.5Z","noon",38.956733,145.742504,39.510951,145.436887,21.5752667,-158.2733528,67.0122265617773
140,170,"2013-08-24T14:22:31.5Z","midnight",34.944224,143.900838,38.956733,145.742504,21.5752667,-158.2733528,475.205809342388
140,171,"2013-08-25T02:20:27Z","noon",33.476601,144.491698,34.944224,143.900838,21.5752667,-158.2733528,171.998216806339
140,172,"2013-08-25T14:17:50.5Z","midnight",36.04248,145.143782,33.476601,144.491698,21.5752667,-158.2733528,291.462534512321
140,173,"2013-08-26T02:17:29.5Z","noon",35.800552,145.305234,36.04248,145.143782,21.5752667,-158.2733528,30.5783904736268
140,174,"2013-08-26T14:19:31.5Z","midnight",35.108614,144.796901,35.800552,145.305234,21.5752667,-158.2733528,89.6641582427545
140,175,"2013-08-27T02:21:33.5Z","noon",36.558313,144.364292,35.108614,144.796901,21.5752667,-158.2733528,165.848962431314
140,176,"2013-08-27T14:39:38Z","midnight",31.558313,139.845542,36.558313,144.364292,21.5752667,-158.2733528,694.336087526756
140,177,"2013-08-28T02:29:00.5Z","noon",26.558313,142.579215,31.558313,139.845542,21.5752667,-158.2733528,616.132547248768
140,178,"2013-08-28T14:08:56.5Z","midnight",31.444378,147.595882,26.558313,142.579215,21.5752667,-158.2733528,729.997052826408
140,179,"2013-08-29T01:56:33Z","noon",26.444378,150.772845,31.444378,147.595882,21.5752667,-158.2733528,636.043145961502
140,180,"2013-08-29T14:05:50Z","midnight",21.444378,148.452011,26.444378,150.772845,21.5752667,-158.2733528,603.886017449976
140,181,"2013-08-30T13:20:51Z","midnight",26.444378,159.778436,21.444378,148.452011,21.5752667,-158.2733528,1277.48933539496
140,182,"2013-08-31T01:14:25.5Z","noon",23.573904,161.466743,26.444378,159.778436,21.5752667,-158.2733528,361.677935164462
140,183,"2013-08-31T13:11:21Z","midnight",27.657709,162.235493,23.573904,161.466743,21.5752667,-158.2733528,460.589109393998
140,184,"2013-09-01T01:12:27Z","noon",28.789444,162.043932,27.657709,162.235493,21.5752667,-158.2733528,127.234943740372
140,185,"2013-09-01T12:58:01.5Z","midnight",33.789444,165.650182,28.789444,162.043932,21.5752667,-158.2733528,652.966559243679
140,186,"2013-09-02T00:47:32Z","noon",33.498664,168.357836,33.789444,165.650182,21.5752667,-158.2733528,252.714737075876
140,187,"2013-09-02T12:45:32.5Z","midnight",36.264782,168.855753,33.498664,168.357836,21.5752667,-158.2733528,310.911972390501
140,188,"2013-09-03T00:41:09.5Z","noon",32.144127,170.037536,36.264782,168.855753,21.5752667,-158.2733528,470.8953797652
140,189,"2013-09-03T12:38:48Z","midnight",35.425644,170.62712,32.144127,170.037536,21.5752667,-158.2733528,368.931303883886
140,190,"2013-09-04T00:43:09Z","noon",39.277568,169.626693,35.425644,170.62712,21.5752667,-158.2733528,437.338385196505
140,191,"2013-09-04T12:50:59Z","midnight",34.277568,167.66836,39.277568,169.626693,21.5752667,-158.2733528,582.645577200225
140,192,"2013-09-05T00:49:27Z","noon",31.341038,168.139801,34.277568,167.66836,21.5752667,-158.2733528,329.484921510993
140,193,"2013-09-05T12:52:43Z","midnight",28.556461,167.323134,31.341038,168.139801,21.5752667,-158.2733528,319.468178483037
140,194,"2013-09-06T00:51:50Z","noon",27.446556,167.633017,28.556461,167.323134,21.5752667,-158.2733528,127.110214026487
140,195,"2013-09-06T13:00:05Z","midnight",22.446556,165.570517,27.446556,167.633017,21.5752667,-158.2733528,593.55015375001
140,196,"2013-09-08T00:49:41.5Z","noon",27.446556,168.348984,22.446556,165.570517,21.5752667,-158.2733528,622.490080799557
140,197,"2013-09-08T12:56:48Z","midnight",22.446556,166.5719,27.446556,168.348984,21.5752667,-158.2733528,584.101391889745
140,198,"2013-09-09T00:50:00Z","noon",17.446556,168.36321,22.446556,166.5719,21.5752667,-158.2733528,586.629046286853
140,199,"2013-09-09T12:54:11Z","midnight",12.446556,167.317377,17.446556,168.36321,21.5752667,-158.2733528,567.20551643642
140,200,"2013-09-11T00:59:20.5Z","noon",7.446556,166.211995,12.446556,167.317377,21.5752667,-158.2733528,568.994244049415
140,201,"2013-09-11T12:41:03Z","midnight",12.446556,170.784912,7.446556,166.211995,21.5752667,-158.2733528,748.179712033532
140,202,"2013-09-12T00:30:51Z","noon",17.446556,173.427606,12.446556,170.784912,21.5752667,-158.2733528,624.220187348179
140,203,"2013-09-23T01:30:32Z","midnight",12.446556,-171.572394,17.446556,173.427606,21.5752667,-158.2733528,1703.82512814524
140,204,"2013-10-08T02:10:07.5Z","noon",17.446556,173.427606,12.446556,-171.572394,21.5752667,-158.2733528,1703.82512814524
140,205,"2013-10-09T01:59:28Z","noon",22.446556,158.427606,17.446556,173.427606,21.5752667,-158.2733528,1662.37529666766
140,206,"2013-10-09T13:59:07.5Z","midnight",27.446556,153.626639,22.446556,158.427606,21.5752667,-158.2733528,736.973110746272
140,207,"2013-10-10T14:22:42.5Z","midnight",32.446556,147.79278,27.446556,153.626639,21.5752667,-158.2733528,790.305963945847
140,208,"2013-10-11T02:04:59Z","noon",37.446556,152.283567,32.446556,147.79278,21.5752667,-158.2733528,690.184313870226
140,209,"2013-10-11T14:01:44Z","midnight",42.446556,153.096067,37.446556,152.283567,21.5752667,-158.2733528,560.263938481853
140,210,"2013-10-12T02:13:04Z","noon",47.446556,150.319756,42.446556,153.096067,21.5752667,-158.2733528,597.262567456721
140,211,"2013-10-14T01:49:30Z","noon",52.446556,156.317636,47.446556,150.319756,21.5752667,-158.2733528,701.844407272765
140,212,"2013-10-14T13:41:11.5Z","midnight",49.451866,158.394719,52.446556,156.317636,21.5752667,-158.2733528,363.358620263707
140,213,"2013-10-15T01:29:26.5Z","noon",54.451866,161.381271,49.451866,158.394719,21.5752667,-158.2733528,592.314669939738
140,214,"2013-10-15T13:35:00Z","midnight",59.451866,159.991688,54.451866,161.381271,21.5752667,-158.2733528,562.291227676249
140,215,"2013-10-16T01:54:40Z","noon",54.451866,155.121283,59.451866,159.991688,21.5752667,-158.2733528,629.164464531719
140,216,"2013-10-16T14:08:25Z","midnight",56.392379,151.683783,54.451866,155.121283,21.5752667,-158.2733528,305.898243787201
140,217,"2013-10-17T02:12:00Z","noon",53.471518,150.831358,56.392379,151.683783,21.5752667,-158.2733528,329.312040216865
140,218,"2013-10-17T14:10:45Z","midnight",50.641747,151.143858,53.471518,150.831358,21.5752667,-158.2733528,315.37988704215
140,219,"2013-10-18T02:09:10Z","noon",52.046452,151.580188,50.641747,151.143858,21.5752667,-158.2733528,159.108176179552
140,220,"2013-10-18T14:00:16Z","midnight",47.046452,153.805188,52.046452,151.580188,21.5752667,-158.2733528,578.611104604494
140,221,"2013-10-19T14:13:05Z","midnight",45.18815,150.638549,47.046452,153.805188,21.5752667,-158.2733528,319.75383468844
140,222,"2013-10-20T01:56:32Z","noon",50.18815,154.810555,45.18815,150.638549,21.5752667,-158.2733528,637.432618001154
140,223,"2013-10-20T14:02:51Z","midnight",55.18815,153.231389,50.18815,154.810555,21.5752667,-158.2733528,566.031755263198
140,224,"2013-10-21T02:08:45Z","noon",56.768723,151.787823,55.18815,153.231389,21.5752667,-158.2733528,197.358438252361
140,225,"2013-10-21T14:06:55.5Z","midnight",54.329915,152.244073,56.768723,151.787823,21.5752667,-158.2733528,272.695785186159
140,226,"2013-10-22T02:17:12.5Z","noon",49.329915,149.701554,54.329915,152.244073,21.5752667,-158.2733528,582.681213306975
140,227,"2013-10-22T14:22:47Z","midnight",49.86793,148.307804,49.329915,149.701554,21.5752667,-158.2733528,116.909387832483
140,228,"2013-10-23T02:18:45Z","noon",52.624435,149.341289,49.86793,148.307804,21.5752667,-158.2733528,314.828611727487
140,229,"2013-10-23T14:11:41Z","midnight",47.624435,151.107955,52.624435,149.341289,21.5752667,-158.2733528,570.013850207056
140,230,"2013-10-24T02:12:11Z","noon",45.973549,151.004903,47.624435,151.107955,21.5752667,-158.2733528,183.737620084576
140,231,"2013-10-24T14:18:30Z","midnight",49.411178,149.425737,45.973549,151.004903,21.5752667,-158.2733528,400.078647656345
140,232,"2013-10-25T02:04:43.5Z","noon",54.411178,152.888194,49.411178,149.425737,21.5752667,-158.2733528,604.396224384075
140,233,"2013-10-25T14:18:02Z","midnight",59.411178,149.561111,54.411178,152.888194,21.5752667,-158.2733528,591.340649695921
140,234,"2013-10-26T02:28:59Z","noon",57.274609,146.839043,59.411178,149.561111,21.5752667,-158.2733528,285.741647440706
140,235,"2013-10-26T14:14:21.5Z","midnight",52.274609,150.495293,57.274609,146.839043,21.5752667,-158.2733528,603.191800244865
140,236,"2013-10-27T02:19:41Z","noon",47.274609,149.176171,52.274609,150.495293,21.5752667,-158.2733528,563.95995410133
140,237,"2013-10-27T14:18:57.5Z","midnight",43.015003,149.357421,47.274609,149.176171,21.5752667,-158.2733528,473.859442447344
140,238,"2013-10-28T02:19:42.5Z","noon",42.456045,149.178717,43.015003,149.357421,21.5752667,-158.2733528,63.8438970309172
140,239,"2013-10-28T14:20:00Z","midnight",41.72225,149.1058,42.456045,149.178717,21.5752667,-158.2733528,81.8158233072186
140,240,"2013-10-29T02:10:45Z","noon",46.72225,151.423741,41.72225,149.1058,21.5752667,-158.2733528,585.781329270166
140,241,"2013-10-29T14:15:29Z","midnight",49.752641,150.240408,46.72225,151.423741,21.5752667,-158.2733528,348.161826708477
140,242,"2013-10-30T02:24:23.5Z","noon",44.752641,148.01539,49.752641,150.240408,21.5752667,-158.2733528,580.712487310888
140,243,"2013-10-30T14:21:57Z","midnight",41.821485,148.625807,44.752641,148.01539,21.5752667,-158.2733528,329.650378146653
140,244,"2013-10-31T02:16:02.5Z","noon",45.682688,150.101565,41.821485,148.625807,21.5752667,-158.2733528,445.385245818637
140,245,"2013-10-31T14:27:51Z","midnight",50.682688,147.149481,45.682688,150.101565,21.5752667,-158.2733528,597.378079592609
140,246,"2013-11-01T02:24:12.5Z","noon",52.976079,148.055168,50.682688,147.149481,21.5752667,-158.2733528,262.492554760759
140,247,"2013-11-01T14:06:21.5Z","midnight",47.976079,152.517668,52.976079,148.055168,21.5752667,-158.2733528,639.10607847848
140,248,"2013-11-02T01:56:54Z","noon",48.031473,154.874109,47.976079,152.517668,21.5752667,-158.2733528,175.416952958822
140,249,"2013-11-02T14:18:09Z","midnight",53.031473,149.561609,48.031473,154.874109,21.5752667,-158.2733528,670.491590735579
140,250,"2013-11-03T02:20:00Z","noon",55.858188,149.087548,53.031473,149.561609,21.5752667,-158.2733528,315.805336611478
140,251,"2013-11-03T14:04:25.5Z","midnight",50.858188,152.981298,55.858188,149.087548,21.5752667,-158.2733528,612.852863176165
140,252,"2013-11-04T02:14:57Z","noon",45.858188,150.335066,50.858188,152.981298,21.5752667,-158.2733528,589.249843508055
140,253,"2013-11-04T14:22:36.5Z","midnight",46.223722,148.420483,45.858188,150.335066,21.5752667,-158.2733528,153.26097390154
140,254,"2013-11-05T02:17:05Z","noon",48.967776,149.783333,46.223722,148.420483,21.5752667,-158.2733528,321.768934284941
140,255,"2013-11-05T14:08:11.5Z","midnight",43.967776,152.00625,48.967776,149.783333,21.5752667,-158.2733528,581.386369894077
140,256,"2013-11-06T02:08:43Z","noon",43.411074,151.853187,43.967776,152.00625,21.5752667,-158.2733528,63.1139310489565
140,257,"2013-11-06T14:25:12Z","midnight",48.411074,147.732354,43.411074,151.853187,21.5752667,-158.2733528,640.669235000912
140,258,"2013-11-07T02:19:46Z","noon",52.860756,149.06547,48.411074,147.732354,21.5752667,-158.2733528,503.61112450798
140,259,"2013-11-07T14:07:33.5Z","midnight",47.860756,152.117554,52.860756,149.06547,21.5752667,-158.2733528,596.503179507526
140,260,"2013-11-08T02:18:02Z","noon",42.860756,149.470196,47.860756,152.117554,21.5752667,-158.2733528,593.106458970973
140,261,"2013-11-08T14:20:16.5Z","midnight",42.2509,148.909779,42.860756,149.470196,21.5752667,-158.2733528,81.887581918842
140,262,"2013-11-09T02:10:21.5Z","noon",47.168603,151.356963,42.2509,148.909779,21.5752667,-158.2733528,579.931890658195
140,263,"2013-11-09T14:22:41.5Z","midnight",51.634727,148.27363,47.168603,151.356963,21.5752667,-158.2733528,544.302515491641
140,264,"2013-11-10T02:31:44Z","noon",48.009109,145.977876,51.634727,148.27363,21.5752667,-158.2733528,435.437128972306
140,265,"2013-11-10T14:22:45.5Z","midnight",43.241377,148.221626,48.009109,145.977876,21.5752667,-158.2733528,558.055695619939
140,266,"2013-11-11T02:20:47Z","noon",44.210625,148.676708,43.241377,148.221626,21.5752667,-158.2733528,113.809786976845
140,267,"2013-11-11T14:24:14.5Z","midnight",45.259814,147.812124,44.210625,148.676708,21.5752667,-158.2733528,135.181184995066
140,268,"2013-11-12T02:21:54Z","noon",46.309221,148.355569,45.259814,147.812124,21.5752667,-158.2733528,124.063876889783
140,269,"2013-11-12T14:27:18Z","midnight",48.027701,147.005569,46.309221,148.355569,21.5752667,-158.2733528,216.622130807365
140,270,"2013-11-13T02:28:42.5Z","noon",47.452588,146.60824,48.027701,147.005569,21.5752667,-158.2733528,70.5144734443032
140,271,"2013-11-13T14:15:48.5Z","midnight",42.452588,149.83324,47.452588,146.60824,21.5752667,-158.2733528,611.016234227202
140,272,"2013-11-14T02:19:33Z","noon",39.105802,148.849339,42.452588,149.83324,21.5752667,-158.2733528,381.2469715492
140,273,"2013-11-14T14:27:03Z","midnight",42.353189,146.974339,39.105802,148.849339,21.5752667,-158.2733528,394.116308655067
140,274,"2013-11-15T02:14:35.5Z","noon",47.353189,150.037237,42.353189,146.974339,21.5752667,-158.2733528,606.009995222838
140,275,"2013-11-15T14:10:43Z","midnight",45.661876,151.005987,47.353189,150.037237,21.5752667,-158.2733528,202.147093368226
140,276,"2013-11-16T02:10:48Z","noon",45.627213,150.930308,45.661876,151.005987,21.5752667,-158.2733528,7.03324833114937
140,277,"2013-11-16T14:10:23Z","midnight",44.970756,151.034474,45.627213,150.930308,21.5752667,-158.2733528,73.4479493821941
140,278,"2013-11-17T01:54:44Z","noon",49.970756,154.889013,44.970756,151.034474,21.5752667,-158.2733528,626.726840486912
140,279,"2013-11-17T13:53:35.5Z","midnight",49.9685,155.17443,49.970756,154.889013,21.5752667,-158.2733528,20.4145140808298
140,280,"2013-11-18T02:19:10.5Z","noon",44.9685,148.717568,49.9685,155.17443,21.5752667,-158.2733528,737.461280273055
140,281,"2013-11-18T14:19:55.5Z","midnight",39.9685,148.530068,44.9685,148.717568,21.5752667,-158.2733528,556.186827503599
140,282,"2013-11-19T02:10:26.5Z","noon",43.70579,150.836856,39.9685,148.530068,21.5752667,-158.2733528,457.352960311193
140,283,"2013-11-19T14:00:50Z","midnight",38.959503,153.23894,43.70579,150.836856,21.5752667,-158.2733528,564.517389099264
140,284,"2013-11-20T01:59:50Z","noon",39.434981,153.421933,38.959503,153.23894,21.5752667,-158.2733528,55.1722362918104
140,285,"2013-11-20T14:04:51Z","midnight",41.318536,152.167766,39.434981,153.421933,21.5752667,-158.2733528,234.83837130934
140,286,"2013-11-21T01:54:45Z","noon",45.475991,154.622855,41.318536,152.167766,21.5752667,-158.2733528,502.981110177555
140,287,"2013-11-21T13:48:45Z","midnight",42.677913,156.122855,45.475991,154.622855,21.5752667,-158.2733528,333.391431216623
140,288,"2013-11-22T02:03:45Z","noon",37.677913,152.3001,42.677913,156.122855,21.5752667,-158.2733528,643.707189372191
140,289,"2013-11-22T14:01:03Z","midnight",34.062762,152.9751,37.677913,152.3001,21.5752667,-158.2733528,406.5577708489
140,290,"2013-11-23T01:53:38Z","noon",37.734108,154.753732,34.062762,152.9751,21.5752667,-158.2733528,438.519657680288
140,291,"2013-11-23T13:53:50Z","midnight",37.477994,154.703732,37.734108,154.753732,21.5752667,-158.2733528,28.8171742193643
140,292,"2013-11-24T01:49:24Z","noon",39.505343,155.733819,37.477994,154.703732,21.5752667,-158.2733528,242.59807919388
140,293,"2013-11-24T13:41:44Z","midnight",35.600448,157.650485,39.505343,155.733819,21.5752667,-158.2733528,465.886484810838
140,294,"2013-11-25T01:37:45Z","noon",37.491796,158.565428,35.600448,157.650485,21.5752667,-158.2733528,225.628568746496
140,295,"2013-11-25T13:54:10Z","midnight",42.491796,154.461262,37.491796,158.565428,21.5752667,-158.2733528,656.574442750259
140,296,"2013-11-26T01:56:33.5Z","noon",43.117843,153.779885,42.491796,154.461262,21.5752667,-158.2733528,89.0831907396276
140,297,"2013-11-26T13:54:16.5Z","midnight",41.895518,154.350718,43.117843,153.779885,21.5752667,-158.2733528,143.744605149183
140,298,"2013-11-27T02:00:10Z","noon",39.459882,152.791845,41.895518,154.350718,21.5752667,-158.2733528,301.034025857516
140,299,"2013-11-27T14:10:33Z","midnight",43.321903,150.196012,39.459882,152.791845,21.5752667,-158.2733528,480.879759941786
140,300,"2013-11-28T02:17:48.5Z","noon",40.467031,148.293056,43.321903,150.196012,21.5752667,-158.2733528,354.349264172988
140,301,"2013-11-28T14:16:25.5Z","midnight",39.601774,148.638889,40.467031,148.293056,21.5752667,-158.2733528,100.616303288571
140,302,"2013-11-29T02:19:31.5Z","noon",38.284254,147.77318,39.601774,148.638889,21.5752667,-158.2733528,164.521953521585
140,303,"2013-11-29T14:34:53.5Z","midnight",43.284254,143.931513,38.284254,147.77318,21.5752667,-158.2733528,643.034323078553
140,304,"2013-11-30T02:26:38Z","noon",46.871667,145.903134,43.284254,143.931513,21.5752667,-158.2733528,427.851253988007
140,305,"2013-11-30T14:09:39Z","midnight",41.871667,150.148967,46.871667,145.903134,21.5752667,-158.2733528,650.14832837247
140,306,"2013-12-01T02:21:41.5Z","noon",36.871667,147.04342,41.871667,150.148967,21.5752667,-158.2733528,616.624832096577
140,307,"2013-12-01T14:22:32.5Z","midnight",35.501347,146.83092,36.871667,147.04342,21.5752667,-158.2733528,153.561298525094
140,308,"2013-12-02T02:23:29.5Z","noon",35.070529,146.49621,35.501347,146.83092,21.5752667,-158.2733528,56.7258341822661
140,309,"2013-12-02T14:20:12.5Z","midnight",33.326864,147.317043,35.070529,146.49621,21.5752667,-158.2733528,208.062109785587
140,310,"2013-12-03T02:21:25Z","noon",32.755156,146.91576,33.326864,147.317043,21.5752667,-158.2733528,73.7587446665653
140,311,"2013-12-03T14:26:40Z","midnight",34.972329,145.60326,32.755156,146.91576,21.5752667,-158.2733528,274.704890399653
140,312,"2013-12-04T02:16:06.5Z","noon",39.44633,148.141745,34.972329,145.60326,21.5752667,-158.2733528,545.854509465321
140,313,"2013-12-04T14:16:31.5Z","midnight",39.396462,148.037579,39.44633,148.141745,21.5752667,-158.2733528,10.5265210186101
140,314,"2013-12-05T02:20:56Z","noon",37.605534,146.832594,39.396462,148.037579,21.5752667,-158.2733528,225.055991376218
140,315,"2013-12-05T14:22:11Z","midnight",37.922146,146.520094,37.605534,146.832594,21.5752667,-158.2733528,44.6546336246115
140,316,"2013-12-06T02:23:32.5Z","noon",37.361436,146.075903,37.922146,146.520094,21.5752667,-158.2733528,73.5995200832057
140,317,"2013-12-06T14:25:29Z","midnight",37.971663,145.590486,37.361436,146.075903,21.5752667,-158.2733528,80.1852063011118
140,318,"2013-12-07T02:22:29.5Z","noon",39.166384,146.232185,37.971663,145.590486,21.5752667,-158.2733528,144.084382617372
140,319,"2013-12-07T14:22:46Z","midnight",39.094937,146.163435,39.166384,146.232185,21.5752667,-158.2733528,9.91367432406587
140,320,"2013-12-08T02:22:33Z","noon",39.179485,146.109875,39.094937,146.163435,21.5752667,-158.2733528,10.4748881049566
140,321,"2013-12-08T14:20:34Z","midnight",38.231883,146.605708,39.179485,146.109875,21.5752667,-158.2733528,113.813636301913
140,322,"2013-12-09T02:15:28Z","noon",40.203607,147.771572,38.231883,146.605708,21.5752667,-158.2733528,241.1496341125
140,323,"2013-12-09T14:19:24Z","midnight",41.488883,146.788239,40.203607,147.771572,21.5752667,-158.2733528,165.122785545111
140,324,"2013-12-10T02:26:15Z","noon",38.934236,144.965298,41.488883,146.788239,21.5752667,-158.2733528,323.482366754335
140,325,"2013-12-10T14:30:27Z","midnight",40.378027,143.915298,38.934236,144.965298,21.5752667,-158.2733528,183.98987161323
140,326,"2013-12-11T02:35:33Z","noon",38.440433,142.528655,40.378027,143.915298,21.5752667,-158.2733528,246.184094662638
140,327,"2013-12-11T14:32:07Z","midnight",36.943703,143.386988,38.440433,142.528655,21.5752667,-158.2733528,182.760792510792
140,328,"2013-12-12T02:27:08.5Z","noon",38.905313,144.518,36.943703,143.386988,21.5752667,-158.2733528,239.615272734503
140,329,"2013-12-12T14:15:01Z","midnight",33.905313,147.54925,38.905313,144.518,21.5752667,-158.2733528,618.523164184594
140,330,"2013-12-13T02:11:37.5Z","noon",35.275373,148.283438,33.905313,147.54925,21.5752667,-158.2733528,166.50780314147
140,331,"2013-12-13T13:58:34.5Z","midnight",30.275373,151.545938,35.275373,148.283438,21.5752667,-158.2733528,634.038565242432
140,332,"2013-12-14T01:57:22Z","noon",29.895244,151.73341,30.275373,151.545938,21.5752667,-158.2733528,45.956180212405
140,333,"2013-12-14T13:54:40Z","midnight",28.527021,152.40841,29.895244,151.73341,21.5752667,-158.2733528,165.643454334412
140,334,"2013-12-15T01:44:09.5Z","noon",33.351314,154.920109,28.527021,152.40841,21.5752667,-158.2733528,587.431283803615
140,335,"2013-12-15T13:37:08Z","midnight",30.103109,156.676359,33.351314,154.920109,21.5752667,-158.2733528,397.526734513783
140,336,"2013-12-16T01:15:52Z","noon",35.103109,161.876976,30.103109,156.676359,21.5752667,-158.2733528,738.950667119256
140,337,"2013-12-16T12:59:05Z","midnight",32.080975,166.072809,35.103109,161.876976,21.5752667,-158.2733528,513.678563925011
140,338,"2013-12-17T00:50:26Z","noon",35.78176,168.118705,32.080975,166.072809,21.5752667,-158.2733528,452.699072769216
140,339,"2013-12-17T12:34:31.5Z","midnight",30.78176,172.095788,35.78176,168.118705,21.5752667,-158.2733528,667.509256111189
140,340,"2013-12-18T00:18:36Z","noon",35.726569,175.959989,30.78176,172.095788,21.5752667,-158.2733528,656.68297564886
140,341,"2013-12-18T12:13:19Z","midnight",33.457308,177.280822,35.726569,175.959989,21.5752667,-158.2733528,279.792656083987
140,342,"2013-12-18T23:58:47Z","noon",38.457308,-179.085845,33.457308,177.280822,21.5752667,-158.2733528,644.877175112645
140,343,"2013-12-19T11:57:55Z","midnight",38.912857,-178.986561,38.457308,-179.085845,21.5752667,-158.2733528,51.3825381944957
140,344,"2013-12-19T23:55:05.5Z","noon",39.95265,-178.280311,38.912857,-178.986561,21.5752667,-158.2733528,130.562874771616
140,345,"2013-12-20T11:31:28Z","midnight",34.95265,-172.491667,39.95265,-178.280311,21.5752667,-158.2733528,754.763695285504
140,346,"2013-12-20T23:19:21Z","noon",35.482454,-169.4625,34.95265,-172.491667,21.5752667,-158.2733528,281.40037570573
140,347,"2013-12-21T11:21:41Z","midnight",36.407292,-170.163551,35.482454,-169.4625,21.5752667,-158.2733528,120.656919151937
140,348,"2013-12-21T23:12:28Z","noon",39.916251,-167.859384,36.407292,-170.163551,21.5752667,-158.2733528,439.07128576735
140,349,"2013-12-22T11:12:59Z","midnight",40.093908,-168.106269,39.916251,-167.859384,21.5752667,-158.2733528,28.8517725058683
140,350,"2013-12-22T23:13:04Z","noon",40.063901,-168.127102,40.093908,-168.106269,21.5752667,-158.2733528,3.77820836251479
140,351,"2013-12-23T11:25:32.5Z","midnight",44.261227,-171.36346,40.063901,-168.127102,21.5752667,-158.2733528,537.461654947041
140,352,"2013-12-23T23:19:58.5Z","noon",45.948815,-169.971793,44.261227,-171.36346,21.5752667,-158.2733528,217.114108260767
140,353,"2013-12-24T11:10:00Z","midnight",42.85996,-167.595429,45.948815,-169.971793,21.5752667,-158.2733528,391.879193327054
140,354,"2013-12-24T23:20:10.5Z","noon",39.311364,-170.139179,42.85996,-167.595429,21.5752667,-158.2733528,448.440163997251
140,355,"2013-12-25T11:19:19Z","midnight",39.018049,-170.04165,39.311364,-170.139179,21.5752667,-158.2733528,33.6815398502236
140,356,"2013-12-25T23:05:59Z","noon",43.632874,-166.708317,39.018049,-170.04165,21.5752667,-158.2733528,583.649213940412
140,357,"2013-12-26T11:04:09.5Z","midnight",43.078473,-166.368679,43.632874,-166.708317,21.5752667,-158.2733528,67.4857333661208
140,358,"2013-12-26T23:10:47Z","noon",40.825016,-168.024929,43.078473,-166.368679,21.5752667,-158.2733528,285.548060173275
140,359,"2013-12-27T11:08:16Z","midnight",39.971726,-167.511823,40.825016,-168.024929,21.5752667,-158.2733528,104.356737532461
140,360,"2013-12-27T23:09:45.5Z","noon",39.425602,-167.884739,39.971726,-167.511823,21.5752667,-158.2733528,68.5971292065075
140,361,"2013-12-28T11:07:40.5Z","midnight",38.705893,-167.479306,39.425602,-167.884739,21.5752667,-158.2733528,87.3477201766465
140,362,"2013-12-28T23:02:44Z","noon",40.523391,-166.243889,38.705893,-167.479306,21.5752667,-158.2733528,228.120204714442
140,363,"2013-12-29T10:55:52Z","midnight",38.039706,-164.641854,40.523391,-166.243889,21.5752667,-158.2733528,308.666390172755
140,364,"2013-12-29T22:53:14Z","noon",39.042065,-163.983521,38.039706,-164.641854,21.5752667,-158.2733528,125.302904477496
140,365,"2013-12-30T11:05:23.5Z","midnight",43.391981,-167.13686,39.042065,-163.983521,21.5752667,-158.2733528,550.820426603708
140,366,"2013-12-30T22:58:34.5Z","noon",45.537925,-165.432694,43.391981,-167.13686,21.5752667,-158.2733528,274.260859664553
140,367,"2013-12-31T10:47:24.5Z","midnight",42.026162,-162.753802,45.537925,-165.432694,21.5752667,-158.2733528,445.730686194427
140,368,"2013-12-31T22:51:58Z","noon",40.415244,-163.893385,42.026162,-162.753802,21.5752667,-158.2733528,202.900223697089
140,369,"2014-01-01T10:49:48Z","midnight",39.724357,-163.351718,40.415244,-163.893385,21.5752667,-158.2733528,89.5890120878867
140,370,"2014-01-01T22:32:27.5Z","noon",44.724357,-159.016302,39.724357,-163.351718,21.5752667,-158.2733528,660.483866852311
140,371,"2014-01-02T10:27:44.5Z","midnight",44.217234,-157.948824,44.724357,-159.016302,21.5752667,-158.2733528,101.755796328938
140,372,"2014-01-02T22:33:18.5Z","noon",42.365305,-159.34049,44.217234,-157.948824,21.5752667,-158.2733528,234.707762692088
140,373,"2014-01-03T10:40:22Z","midnight",44.824891,-161.215572,42.365305,-159.34049,21.5752667,-158.2733528,312.387981268366
140,374,"2014-01-03T22:42:20Z","noon",44.195054,-161.707239,44.824891,-161.215572,21.5752667,-158.2733528,80.1548874311899
140,375,"2014-01-04T10:32:35Z","midnight",40.990624,-159.378946,44.195054,-161.707239,21.5752667,-158.2733528,404.043782396705
140,376,"2014-01-04T22:33:01Z","noon",40.832877,-159.48728,40.990624,-159.378946,21.5752667,-158.2733528,19.7623172800227
140,377,"2014-01-05T10:28:58.5Z","midnight",39.473968,-158.584678,40.832877,-159.48728,21.5752667,-158.2733528,169.457937317378
140,378,"2014-01-05T22:35:20Z","noon",36.953683,-160.174261,39.473968,-158.584678,21.5752667,-158.2733528,312.751397736604
140,379,"2014-01-06T11:19:24Z","midnight",41.953683,-171.297252,36.953683,-160.174261,21.5752667,-158.2733528,1103.72626540286
140,380,"2014-01-06T23:07:12.5Z","noon",46.953683,-168.249335,41.953683,-171.297252,21.5752667,-158.2733528,606.203497977723
140,381,"2014-01-07T10:12:25Z","midnight",41.953683,-154.656153,46.953683,-168.249335,21.5752667,-158.2733528,1211.46197565535
140,382,"2014-01-07T22:10:39Z","noon",38.589535,-154.214487,41.953683,-154.656153,21.5752667,-158.2733528,375.946549629438
140,383,"2014-01-08T10:22:56.5Z","midnight",43.339293,-157.390455,38.589535,-154.214487,21.5752667,-158.2733528,591.535216798985
140,384,"2014-01-08T22:15:21.5Z","noon",45.841587,-155.494622,43.339293,-157.390455,21.5752667,-158.2733528,316.134844275498
140,385,"2014-01-09T09:52:05.5Z","midnight",40.841587,-149.77923,45.841587,-155.494622,21.5752667,-158.2733528,722.602738178155
140,386,"2014-01-09T21:43:31.5Z","noon",40.976138,-147.637563,40.841587,-149.77923,21.5752667,-158.2733528,180.592902602706
140,387,"2014-01-10T09:49:16Z","midnight",43.279712,-149.172386,40.976138,-147.637563,21.5752667,-158.2733528,285.698310481252
140,388,"2014-01-10T21:56:24.5Z","noon",40.657306,-150.957802,43.279712,-149.172386,21.5752667,-158.2733528,326.808980251841
140,389,"2014-01-11T09:48:23.5Z","midnight",37.657504,-149.051084,40.657306,-150.957802,21.5752667,-158.2733528,371.85002113651
140,390,"2014-01-11T21:42:24Z","noon",40.095744,-147.553168,37.657504,-149.051084,21.5752667,-158.2733528,300.51916632888
140,391,"2014-01-12T09:35:52Z","midnight",37.658105,-146.015239,40.095744,-147.553168,21.5752667,-158.2733528,301.968884224745
140,392,"2014-01-12T21:14:28Z","noon",42.658105,-140.665239,37.658105,-146.015239,21.5752667,-158.2733528,717.876797512593
140,393,"2014-01-13T09:20:46.5Z","midnight",47.658105,-142.335597,42.658105,-140.665239,21.5752667,-158.2733528,571.153978107672
140,394,"2014-01-13T21:50:47Z","noon",42.658105,-149.837681,47.658105,-142.335597,21.5752667,-158.2733528,808.697985568318
140,395,"2014-01-14T10:01:11Z","midnight",41.457558,-152.528745,42.658105,-149.837681,21.5752667,-158.2733528,259.172735443782
140,396,"2014-01-14T22:03:27Z","noon",40.565665,-153.095412,41.457558,-152.528745,21.5752667,-158.2733528,109.981662144251
140,397,"2014-01-15T10:12:46.5Z","midnight",44.362881,-155.515436,40.565665,-153.095412,21.5752667,-158.2733528,466.510689931071
140,398,"2014-01-15T22:22:41Z","noon",40.607138,-157.992519,44.362881,-155.515436,21.5752667,-158.2733528,464.338700030996
140,399,"2014-01-16T10:24:05Z","midnight",41.456189,-158.428925,40.607138,-157.992519,21.5752667,-158.2733528,101.257895579878
140,400,"2014-01-16T22:28:04Z","noon",39.836426,-159.424759,41.456189,-158.428925,21.5752667,-158.2733528,198.737762596161
140,401,"2014-01-17T10:27:26Z","midnight",39.870806,-159.35039,39.836426,-159.424759,21.5752667,-158.2733528,7.41051376303231
140,402,"2014-01-17T22:09:48Z","noon",44.870806,-154.942057,39.870806,-159.35039,21.5752667,-158.2733528,663.278311739125
140,403,"2014-01-18T10:08:19Z","midnight",46.350243,-154.652675,44.870806,-154.942057,21.5752667,-158.2733528,166.038381565809
140,404,"2014-01-18T22:21:38Z","noon",41.360025,-157.981841,46.350243,-154.652675,21.5752667,-158.2733528,615.610667358727
140,405,"2014-01-19T10:15:34Z","midnight",39.115064,-156.544044,41.360025,-157.981841,21.5752667,-158.2733528,277.854068275982
140,406,"2014-01-19T22:04:38.5Z","noon",43.615952,-153.812794,39.115064,-156.544044,21.5752667,-158.2733528,549.850195275171
140,407,"2014-01-20T09:53:55.5Z","midnight",39.545732,-151.20985,43.615952,-153.812794,21.5752667,-158.2733528,501.636572382661
140,408,"2014-01-20T21:51:54Z","noon",40.428228,-150.7036,39.545732,-151.20985,21.5752667,-158.2733528,107.188880355654
140,409,"2014-01-21T09:43:09Z","midnight",36.792181,-148.589612,40.428228,-150.7036,21.5752667,-158.2733528,444.039494390282
140,410,"2014-01-21T21:27:30Z","noon",41.792181,-144.677112,36.792181,-148.589612,21.5752667,-158.2733528,649.798713159106
140,411,"2014-01-22T09:27:05Z","midnight",43.848066,-144.643688,41.792181,-144.677112,21.5752667,-158.2733528,228.620229045314
140,412,"2014-01-22T21:25:50Z","noon",44.340417,-144.331188,43.848066,-144.643688,21.5752667,-158.2733528,60.1666210211726
140,413,"2014-01-23T09:41:10Z","midnight",49.340417,-148.232438,44.340417,-144.331188,21.5752667,-158.2733528,629.994797403572
140,414,"2014-01-23T21:54:17.5Z","noon",45.587192,-151.513688,49.340417,-148.232438,21.5752667,-158.2733528,484.672476064175
140,415,"2014-01-24T10:01:33Z","midnight",48.620889,-153.393308,45.587192,-151.513688,21.5752667,-158.2733528,366.072715071459
140,416,"2014-01-24T21:47:10.5Z","noon",53.081639,-149.799558,48.620889,-153.393308,21.5752667,-158.2733528,556.315205973185
140,417,"2014-01-25T09:47:55Z","midnight",53.707604,-150.047082,53.081639,-149.799558,21.5752667,-158.2733528,71.5127862624416
140,418,"2014-01-25T22:00:54Z","noon",49.769964,-153.292916,53.707604,-150.047082,21.5752667,-158.2733528,491.464977393439
140,419,"2014-01-26T09:52:31.5Z","midnight",47.259142,-151.258297,49.769964,-153.292916,21.5752667,-158.2733528,316.842284925729
140,420,"2014-01-26T21:55:38.5Z","noon",46.064806,-152.037464,47.259142,-151.258297,21.5752667,-158.2733528,145.505742305341
140,421,"2014-01-27T09:51:06Z","midnight",44.686236,-150.958159,46.064806,-152.037464,21.5752667,-158.2733528,174.938582955172
140,422,"2014-01-27T21:52:59Z","noon",43.886619,-151.428992,44.686236,-150.958159,21.5752667,-158.2733528,96.4889060640745
140,423,"2014-01-28T09:55:18Z","midnight",45.345597,-152.061211,43.886619,-151.428992,21.5752667,-158.2733528,169.771797229473
140,424,"2014-01-28T21:28:10Z","noon",50.345597,-145.277878,45.345597,-152.061211,21.5752667,-158.2733528,751.291588985918
140,425,"2014-01-29T09:35:16.5Z","midnight",55.345597,-147.104917,50.345597,-145.277878,21.5752667,-158.2733528,569.300248977098
140,426,"2014-01-29T21:59:19Z","noon",50.345597,-153.115334,55.345597,-147.104917,21.5752667,-158.2733528,686.512743165136
140,427,"2014-01-30T09:49:48.5Z","midnight",46.645393,-150.785078,50.345597,-153.115334,21.5752667,-158.2733528,445.778080464193
140,428,"2014-01-30T21:47:02Z","noon",47.768617,-150.091328,46.645393,-150.785078,21.5752667,-158.2733528,135.444482376146
140,429,"2014-01-31T09:53:07Z","midnight",50.60236,-151.655829,47.768617,-150.091328,21.5752667,-158.2733528,334.965473735885
140,430,"2014-01-31T22:06:04Z","noon",45.60236,-154.893329,50.60236,-151.655829,21.5752667,-158.2733528,605.57417777533
140,431,"2014-02-01T09:58:19Z","midnight",42.352738,-152.996313,45.60236,-154.893329,21.5752667,-158.2733528,391.898717772019
140,432,"2014-02-01T21:45:50Z","noon",47.352738,-149.875479,42.352738,-152.996313,21.5752667,-158.2733528,607.839690238648
140,433,"2014-02-02T09:41:55.5Z","midnight",46.922936,-148.935672,47.352738,-149.875479,21.5752667,-158.2733528,85.6568965159194
140,434,"2014-02-02T21:52:04Z","noon",42.126632,-151.471089,46.922936,-148.935672,21.5752667,-158.2733528,569.859682986609
140,435,"2014-02-03T10:04:48.5Z","midnight",47.126632,-154.690555,42.126632,-151.471089,21.5752667,-158.2733528,611.433229669973
140,436,"2014-02-03T22:12:37Z","noon",45.148413,-156.642638,47.126632,-154.690555,21.5752667,-158.2733528,266.454362952292
140,437,"2014-02-04T10:14:59.5Z","midnight",46.8713,-157.267196,45.148413,-156.642638,21.5752667,-158.2733528,197.553096358855
140,438,"2014-02-04T21:51:45.5Z","noon",51.8713,-151.458862,46.8713,-157.267196,21.5752667,-158.2733528,696.645784746389
140,439,"2014-02-05T10:01:43.5Z","midnight",56.8713,-153.978083,51.8713,-151.458862,21.5752667,-158.2733528,579.324910355785
140,440,"2014-02-05T22:27:46.5Z","noon",51.8713,-160.490583,56.8713,-153.978083,21.5752667,-158.2733528,697.251963629956
140,441,"2014-02-06T10:23:57Z","midnight",49.652672,-159.558625,51.8713,-160.490583,21.5752667,-158.2733528,255.254283549379
140,442,"2014-02-06T22:30:33Z","noon",46.634011,-161.208625,49.652672,-159.558625,21.5752667,-158.2733528,357.26512394668
140,443,"2014-02-07T10:37:09.5Z","midnight",50.342708,-162.881735,46.634011,-161.208625,21.5752667,-158.2733528,430.396897611814
140,444,"2014-02-07T22:48:44Z","noon",45.342708,-165.775485,50.342708,-162.881735,21.5752667,-158.2733528,596.325368398935
140,445,"2014-02-08T10:44:23.5Z","midnight",43.126254,-164.707826,45.342708,-165.775485,21.5752667,-158.2733528,260.717261943196
140,446,"2014-02-08T22:38:19Z","noon",46.422675,-163.189076,43.126254,-164.707826,21.5752667,-158.2733528,385.631157558201
140,447,"2014-02-09T10:37:53Z","midnight",46.939425,-163.095236,46.422675,-163.189076,21.5752667,-158.2733528,57.9041849887094
140,448,"2014-02-09T22:44:21Z","noon",43.380198,-164.711903,46.939425,-163.095236,21.5752667,-158.2733528,415.5460717913
140,449,"2014-02-10T10:45:29.5Z","midnight",44.802327,-165.008555,43.380198,-164.711903,21.5752667,-158.2733528,159.898098818945
140,450,"2014-02-10T22:43:39.5Z","noon",45.835929,-164.550221,44.802327,-165.008555,21.5752667,-158.2733528,120.388028707746
140,451,"2014-02-11T10:42:22.5Z","midnight",45.912099,-164.237374,45.835929,-164.550221,21.5752667,-158.2733528,25.6582464090457
140,452,"2014-02-11T22:51:38Z","noon",40.912099,-166.551957,45.912099,-164.237374,21.5752667,-158.2733528,586.496559141576
140,453,"2014-02-12T10:58:35.5Z","midnight",45.39937,-168.29629,40.912099,-166.551957,21.5752667,-158.2733528,518.599500128946
140,454,"2014-02-12T22:52:38.5Z","noon",48.74908,-166.80879,45.39937,-168.29629,21.5752667,-158.2733528,389.11099592356
140,455,"2014-02-13T10:44:29Z","midnight",44.909239,-164.770738,48.74908,-166.80879,21.5752667,-158.2733528,454.206077290926
140,456,"2014-02-13T22:45:52Z","noon",44.031849,-165.116572,44.909239,-164.770738,21.5752667,-158.2733528,101.346975426024
140,457,"2014-02-14T10:51:42Z","midnight",48.471437,-166.573238,44.031849,-165.116572,21.5752667,-158.2733528,506.179314847266
140,458,"2014-02-14T22:49:27.5Z","noon",49.723468,-166.012821,48.471437,-166.573238,21.5752667,-158.2733528,145.074403047755
140,459,"2014-02-15T10:26:40.5Z","midnight",44.723468,-160.312145,49.723468,-166.012821,21.5752667,-158.2733528,702.726064182584
140,460,"2014-02-15T22:21:57.5Z","noon",39.723468,-159.132979,44.723468,-160.312145,21.5752667,-158.2733528,564.370923667594
140,461,"2014-02-16T10:11:50.5Z","midnight",34.723468,-156.595822,39.723468,-159.132979,21.5752667,-158.2733528,599.56920472091
140,462,"2014-02-16T22:03:46.5Z","noon",37.901535,-154.579156,34.723468,-156.595822,21.5752667,-158.2733528,396.873287221641
140,463,"2014-02-17T10:27:55Z","midnight",42.901535,-160.603465,37.901535,-154.579156,21.5752667,-158.2733528,754.126790275692
140,464,"2014-02-17T22:40:52.5Z","noon",47.284727,-163.843049,42.901535,-160.603465,21.5752667,-158.2733528,549.620329159334
140,465,"2014-02-18T10:35:21.5Z","midnight",44.433861,-162.449692,47.284727,-163.843049,21.5752667,-158.2733528,334.846480551693
140,466,"2014-02-18T22:50:21Z","noon",39.433861,-166.197609,44.433861,-162.449692,21.5752667,-158.2733528,636.396375553138
140,467,"2014-02-19T10:59:58Z","midnight",41.180782,-168.58454,39.433861,-166.197609,21.5752667,-158.2733528,280.510951359703
140,468,"2014-02-19T23:02:09Z","noon",39.252167,-169.130373,41.180782,-168.58454,21.5752667,-158.2733528,219.401680902816
140,469,"2014-02-20T11:07:09Z","midnight",44.252167,-170.360132,39.252167,-169.130373,21.5752667,-158.2733528,565.236413580829
140,470,"2014-02-20T23:09:26.5Z","noon",42.7668,-170.933049,44.252167,-170.360132,21.5752667,-158.2733528,171.504631733979
140,471,"2014-02-21T11:11:19Z","midnight",45.559855,-171.378596,42.7668,-170.933049,21.5752667,-158.2733528,312.598841714054
140,472,"2014-02-21T23:22:44.5Z","noon",40.559855,-174.234846,45.559855,-171.378596,21.5752667,-158.2733528,602.351162947786
140,473,"2014-02-22T23:11:47.5Z","noon",43.323889,-171.471229,40.559855,-174.234846,21.5752667,-158.2733528,382.975406239576
140,474,"2014-02-23T11:11:37.5Z","midnight",44.504423,-171.40058,43.323889,-171.471229,21.5752667,-158.2733528,131.391305027791
140,475,"2014-02-23T23:01:08.5Z","noon",49.504423,-168.779747,44.504423,-171.40058,21.5752667,-158.2733528,590.328390100099
140,476,"2014-02-24T10:56:34Z","midnight",51.056476,-167.604203,49.504423,-168.779747,21.5752667,-158.2733528,191.726178164148
140,477,"2014-02-24T22:53:12Z","noon",53.595419,-166.762537,51.056476,-167.604203,21.5752667,-158.2733528,288.047975672289
140,478,"2014-02-25T10:46:34Z","midnight",49.857016,-165.069654,53.595419,-166.762537,21.5752667,-158.2733528,431.701472361667
140,479,"2014-02-25T22:40:41Z","noon",54.561496,-163.59882,49.857016,-165.069654,21.5752667,-158.2733528,532.595902989426
140,480,"2014-02-26T10:31:26Z","midnight",49.561496,-161.249074,54.561496,-163.59882,21.5752667,-158.2733528,578.630379083423
140,481,"2014-02-26T22:26:58.5Z","noon",52.416654,-160.13449,49.561496,-161.249074,21.5752667,-158.2733528,326.912831038119
140,482,"2014-02-27T10:19:34Z","midnight",47.416654,-158.242524,52.416654,-160.13449,21.5752667,-158.2733528,572.185088279383
140,483,"2014-02-27T22:16:25.5Z","noon",50.272646,-157.457108,47.416654,-158.242524,21.5752667,-158.2733528,322.725627219601
140,484,"2014-02-28T10:16:13.5Z","midnight",51.92709,-157.364654,50.272646,-157.457108,21.5752667,-158.2733528,184.078972871898
140,485,"2014-02-28T22:22:29.5Z","noon",46.92709,-158.931321,51.92709,-157.364654,21.5752667,-158.2733528,567.365880033564
140,486,"2014-03-01T10:28:17Z","midnight",51.92709,-160.33428,46.92709,-158.931321,21.5752667,-158.2733528,565.127918725114
140,487,"2014-03-02T10:50:56.5Z","midnight",56.92709,-165.95147,51.92709,-160.33428,21.5752667,-158.2733528,663.694048010725
140,488,"2014-03-03T11:31:45.5Z","midnight",61.92709,-176.105882,56.92709,-165.95147,21.5752667,-158.2733528,797.678681148984
140,489,"2014-03-03T23:47:23Z","noon",57.845082,179.987868,61.92709,-176.105882,21.5752667,-158.2733528,503.291379118299
140,490,"2014-03-05T22:37:10Z","noon",62.845082,-165.012132,57.845082,179.987868,21.5752667,-158.2733528,991.353636627178
140,491,"2014-03-06T10:27:37Z","midnight",67.845082,-159.907777,62.845082,-165.012132,21.5752667,-158.2733528,603.815615504316
140,492,"2014-03-21T00:26:01Z","midnight",70,-144.907777,67.845082,-159.907777,21.5752667,-158.2733528,643.844206009894
140,493,"2014-04-01T01:27:21Z","noon",65,-159.907777,70,-144.907777,21.5752667,-158.2733528,842.478992388436
140,494,"2014-04-01T13:35:01Z","midnight",60,-174.907777,65,-159.907777,21.5752667,-158.2733528,946.076647012042
140,495,"2014-04-02T01:52:24Z","noon",55,170.092223,60,-174.907777,21.5752667,-158.2733528,1051.04931699676
140,496,"2014-04-02T13:54:44Z","midnight",50,155.092223,55,170.092223,21.5752667,-158.2733528,1154.29028222907
140,497,"2014-04-03T01:52:33Z","noon",45,150.936355,50,155.092223,21.5752667,-158.2733528,637.39245953712
140,498,"2014-04-03T13:42:52.5Z","midnight",40,153.355105,45,150.936355,21.5752667,-158.2733528,590.201058877753
140,499,"2014-04-04T01:42:03Z","noon",38.866243,153.639361,40,153.355105,21.5752667,-158.2733528,128.409789193944
140,500,"2014-04-04T13:49:38Z","midnight",33.866243,151.743528,38.866243,153.639361,21.5752667,-158.2733528,581.269465767465
140,501,"2014-04-05T01:56:25.5Z","noon",36.446095,150.122913,33.866243,151.743528,21.5752667,-158.2733528,322.474144830858
140,502,"2014-04-05T13:48:43.5Z","midnight",41.446095,152.047913,36.446095,150.122913,21.5752667,-158.2733528,580.317661221897
140,503,"2014-04-06T01:35:30Z","noon",36.446095,155.43067,41.446095,152.047913,21.5752667,-158.2733528,628.106872124844
140,504,"2014-04-06T13:36:37Z","midnight",31.446095,155.151503,36.446095,155.43067,21.5752667,-158.2733528,556.569786071121
140,505,"2014-04-07T01:46:05.5Z","noon",36.446095,152.858375,31.446095,155.151503,21.5752667,-158.2733528,594.795729295214
140,506,"2014-04-07T13:44:55Z","midnight",37.002149,153.152125,36.446095,152.858375,21.5752667,-158.2733528,67.1446537898207
140,507,"2014-04-08T01:43:23Z","noon",35.367966,153.610108,37.002149,153.152125,21.5752667,-158.2733528,186.30267286217
140,508,"2014-04-08T13:48:07Z","midnight",30.367966,152.426775,35.367966,153.610108,21.5752667,-158.2733528,566.837144909906
140,509,"2014-04-09T01:49:46.5Z","noon",30.676069,152.085781,30.367966,152.426775,21.5752667,-158.2733528,47.3346256947587
140,510,"2014-04-09T13:37:25Z","midnight",35.676069,155.175365,30.676069,152.085781,21.5752667,-158.2733528,625.831025747273
140,511,"2014-04-10T01:19:47.5Z","noon",30.676069,159.654061,35.676069,155.175365,21.5752667,-158.2733528,694.677098574955
140,512,"2014-04-10T13:12:45Z","midnight",30.597696,161.414478,30.676069,159.654061,21.5752667,-158.2733528,168.649152569272
140,513,"2014-04-11T01:09:17Z","noon",26.565628,162.352364,30.597696,161.414478,21.5752667,-158.2733528,457.595734053546
140,514,"2014-04-11T13:09:05.5Z","midnight",25.874691,162.400281,26.565628,162.352364,21.5752667,-158.2733528,76.9772318365783
140,515,"2014-04-12T01:22:14.5Z","noon",30.874691,159.182694,25.874691,162.400281,21.5752667,-158.2733528,638.81137220212
140,516,"2014-04-12T13:21:26Z","midnight",35.874691,159.384777,30.874691,159.182694,21.5752667,-158.2733528,556.290754228269
140,517,"2014-04-13T00:59:24Z","noon",30.874691,164.961637,35.874691,159.384777,21.5752667,-158.2733528,759.490565023878
140,518,"2014-04-13T12:47:07Z","midnight",28.773789,168.03247,30.874691,164.961637,21.5752667,-158.2733528,377.23291938832
140,519,"2014-04-14T00:44:49Z","noon",26.327639,168.674535,28.773789,168.03247,21.5752667,-158.2733528,279.265610882776
140,520,"2014-04-14T12:30:55Z","midnight",31.327639,172.149535,26.327639,168.674535,21.5752667,-158.2733528,650.810730064096
140,521,"2014-04-15T00:27:57Z","noon",35.827856,172.956729,31.327639,172.149535,21.5752667,-158.2733528,505.951215671478
140,522,"2014-04-15T12:27:43Z","midnight",35.127473,173.015062,35.827856,172.956729,21.5752667,-158.2733528,78.0579523381538
140,523,"2014-04-16T00:35:47Z","noon",40.127473,171.062315,35.127473,173.015062,21.5752667,-158.2733528,581.917863806202
140,524,"2014-04-16T12:35:02Z","midnight",40.679269,171.249815,40.127473,171.062315,21.5752667,-158.2733528,63.3776759361161
140,525,"2014-04-17T00:35:06.5Z","noon",40.728302,171.293306,40.679269,171.249815,21.5752667,-158.2733528,6.57016696210232
140,526,"2014-04-17T12:33:03.5Z","midnight",41.188259,171.805806,40.728302,171.293306,21.5752667,-158.2733528,66.8421392701272
140,527,"2014-04-18T00:33:59Z","noon",41.758533,171.635051,41.188259,171.805806,21.5752667,-158.2733528,64.9877736546166
140,528,"2014-04-18T12:33:36Z","midnight",41.172037,171.730885,41.758533,171.635051,21.5752667,-158.2733528,65.702431690843
140,529,"2014-04-19T00:26:39Z","noon",36.632314,173.527071,41.172037,171.730885,21.5752667,-158.2733528,528.145711296562
140,530,"2014-04-19T12:39:00.5Z","midnight",31.632314,170.437487,36.632314,173.527071,21.5752667,-158.2733528,624.375508793088
140,531,"2014-04-20T01:00:15.5Z","noon",36.632314,165.181802,31.632314,170.437487,21.5752667,-158.2733528,736.685355378716
140,532,"2014-04-20T13:00:45Z","midnight",40.476527,165.058885,36.632314,165.181802,21.5752667,-158.2733528,427.590445787325
140,533,"2014-04-21T01:04:29Z","noon",42.580414,164.180436,40.476527,165.058885,21.5752667,-158.2733528,245.099729815364
140,534,"2014-04-21T13:08:30.5Z","midnight",39.564457,163.174186,42.580414,164.180436,21.5752667,-158.2733528,345.79683018457
140,535,"2014-04-22T01:14:01.5Z","noon",42.634921,161.847916,39.564457,163.174186,21.5752667,-158.2733528,359.037584177476
140,536,"2014-04-22T13:19:41Z","midnight",38.76514,160.433333,42.634921,161.847916,21.5752667,-158.2733528,446.498615005374
140,537,"2014-04-23T01:25:15Z","noon",41.867113,159.092523,38.76514,160.433333,21.5752667,-158.2733528,363.16010223553
140,538,"2014-04-23T13:27:56.5Z","midnight",39.713559,158.419606,41.867113,159.092523,21.5752667,-158.2733528,246.07146826863
140,539,"2014-04-24T01:23:20.5Z","noon",37.044873,159.618372,39.713559,158.419606,21.5752667,-158.2733528,314.595473932307
140,540,"2014-04-24T13:27:53.5Z","midnight",33.51512,158.480872,37.044873,159.618372,21.5752667,-158.2733528,405.83461531527
140,541,"2014-04-25T01:33:01.5Z","noon",36.73038,157.244167,33.51512,158.480872,21.5752667,-158.2733528,374.784710275355
140,542,"2014-04-25T13:29:51Z","midnight",37.920361,158.037917,36.73038,157.244167,21.5752667,-158.2733528,149.779980374323
140,543,"2014-04-26T01:31:47Z","noon",38.985806,157.599028,37.920361,158.037917,21.5752667,-158.2733528,124.483395847387
140,544,"2014-04-26T13:29:25.5Z","midnight",39.600973,158.188611,38.985806,157.599028,21.5752667,-158.2733528,85.1654930366477
140,545,"2014-04-27T01:24:10.5Z","noon",36.751442,159.543331,39.600973,158.188611,21.5752667,-158.2733528,338.246254611958
140,546,"2014-04-27T13:24:54Z","midnight",35.732627,159.362081,36.751442,159.543331,21.5752667,-158.2733528,114.447185368754
140,547,"2014-04-28T01:32:52Z","noon",39.997478,157.410372,35.732627,159.362081,21.5752667,-158.2733528,504.1905500027
140,548,"2014-04-28T13:35:05.5Z","midnight",38.270035,156.854122,39.997478,157.410372,21.5752667,-158.2733528,197.982626753622
140,549,"2014-04-29T01:31:58.5Z","noon",36.613855,157.670949,38.270035,156.854122,21.5752667,-158.2733528,197.772223655635
140,550,"2014-04-29T13:29:16.5Z","midnight",37.477961,158.345949,36.613855,157.670949,21.5752667,-158.2733528,113.228881718414
140,551,"2014-04-30T01:30:43.5Z","noon",38.222136,158.018778,37.477961,158.345949,21.5752667,-158.2733528,87.5926388935385
140,552,"2014-04-30T13:43:20Z","midnight",33.222136,154.866695,38.222136,158.018778,21.5752667,-158.2733528,624.45167282309
140,553,"2014-05-01T01:47:22.5Z","noon",33.014574,153.889249,33.222136,154.866695,21.5752667,-158.2733528,93.9099879102894
140,554,"2014-05-01T14:06:11Z","midnight",28.014574,149.187166,33.014574,153.889249,21.5752667,-158.2733528,715.33598778777
140,555,"2014-05-02T02:21:01.5Z","noon",30.131264,145.507336,28.014574,149.187166,21.5752667,-158.2733528,428.079886928618
140,556,"2014-05-02T14:05:13Z","midnight",35.131264,149.459419,30.131264,145.507336,21.5752667,-158.2733528,667.729773588586
140,557,"2014-05-03T02:09:42.5Z","noon",40.131264,148.364683,35.131264,149.459419,21.5752667,-158.2733528,564.256170252942
140,558,"2014-05-03T14:12:10Z","midnight",38.637099,147.7501,40.131264,148.364683,21.5752667,-158.2733528,174.336138753629
140,559,"2014-05-04T02:09:49Z","noon",37.534304,148.363355,38.637099,147.7501,21.5752667,-158.2733528,133.85585687664
140,560,"2014-05-04T14:12:34Z","midnight",35.699766,147.675855,37.534304,148.363355,21.5752667,-158.2733528,213.017650175998
140,561,"2014-05-05T02:18:01.5Z","noon",38.301578,146.334587,35.699766,147.675855,21.5752667,-158.2733528,312.856939457931
140,562,"2014-05-05T14:21:21.5Z","midnight",36.258307,145.501253,38.301578,146.334587,21.5752667,-158.2733528,238.86187447738
140,563,"2014-05-06T02:28:56.5Z","noon",39.694233,143.626282,36.258307,145.501253,21.5752667,-158.2733528,415.876054287486
140,564,"2014-05-06T14:22:49.5Z","midnight",41.718228,145.155448,39.694233,143.626282,21.5752667,-158.2733528,259.344796880305
140,565,"2014-05-07T02:25:05.5Z","noon",42.588258,144.607182,41.718228,145.155448,21.5752667,-158.2733528,106.778923560918
140,566,"2014-05-07T14:25:59Z","midnight",41.786203,144.384265,42.588258,144.607182,21.5752667,-158.2733528,91.0558290752663
140,567,"2014-05-08T02:25:16Z","noon",41.51078,144.579364,41.786203,144.384265,21.5752667,-158.2733528,34.6512620458887
140,568,"2014-05-08T14:28:35.5Z","midnight",39.746454,143.748114,41.51078,144.579364,21.5752667,-158.2733528,208.345717217212
140,569,"2014-05-09T02:19:59.5Z","noon",36.041646,145.911577,39.746454,143.748114,21.5752667,-158.2733528,453.553411561178
140,570,"2014-05-09T14:13:46Z","midnight",38.335357,147.467827,36.041646,145.911577,21.5752667,-158.2733528,289.909532988642
140,571,"2014-05-10T02:15:00Z","noon",38.8464,147.170489,38.335357,147.467827,21.5752667,-158.2733528,62.4254364090303
140,572,"2014-05-10T14:14:10.5Z","midnight",38.761935,147.376739,38.8464,147.170489,21.5752667,-158.2733528,20.189808461356
140,573,"2014-05-11T02:19:45.5Z","noon",40.939021,145.989437,38.761935,147.376739,21.5752667,-158.2733528,269.486784170418
140,574,"2014-05-11T14:19:10Z","midnight",40.748162,146.137354,40.939021,145.989437,21.5752667,-158.2733528,24.6011015763667
140,575,"2014-05-12T02:16:28.5Z","noon",39.729247,146.816347,40.748162,146.137354,21.5752667,-158.2733528,127.113633597015
140,576,"2014-05-12T14:26:28.5Z","midnight",35.208817,144.316347,39.729247,146.816347,21.5752667,-158.2733528,548.873797902511
140,577,"2014-05-13T02:33:24.5Z","noon",38.125556,142.586645,35.208817,144.316347,21.5752667,-158.2733528,359.129566746922
140,578,"2014-05-13T14:23:06Z","midnight",41.598182,145.163728,38.125556,142.586645,21.5752667,-158.2733528,444.337840801444
140,579,"2014-05-14T02:16:30.5Z","noon",39.194055,146.812847,41.598182,145.163728,21.5752667,-158.2733528,301.591126873258
140,580,"2014-05-14T14:12:39Z","midnight",40.250921,147.77743,39.194055,146.812847,21.5752667,-158.2733528,143.581016841759
140,581,"2014-05-15T02:10:26Z","noon",39.437735,148.330387,40.250921,147.77743,21.5752667,-158.2733528,102.003238143313
140,582,"2014-05-15T14:07:06Z","midnight",40.286903,149.16372,39.437735,148.330387,21.5752667,-158.2733528,118.213295524164
140,583,"2014-05-16T02:04:36Z","noon",39.382577,149.785119,40.286903,149.16372,21.5752667,-158.2733528,113.695417392099
140,584,"2014-05-16T14:03:21Z","midnight",39.48575,150.097619,39.382577,149.785119,21.5752667,-158.2733528,29.1872723092505
140,585,"2014-05-17T01:51:57.5Z","noon",35.053389,152.939568,39.48575,150.097619,21.5752667,-158.2733528,553.225011059158
140,586,"2014-05-17T13:51:34.5Z","midnight",34.881656,153.035402,35.053389,152.939568,21.5752667,-158.2733528,20.9978196176393
140,587,"2014-05-18T01:37:12Z","noon",29.881656,156.620846,34.881656,153.035402,21.5752667,-158.2733528,649.843822325874
140,588,"2014-05-18T13:35:00Z","midnight",29.132042,157.170846,29.881656,156.620846,21.5752667,-158.2733528,98.8967968293219
140,589,"2014-05-19T01:44:15.5Z","noon",33.333273,154.845648,29.132042,157.170846,21.5752667,-158.2733528,516.780460110902
140,590,"2014-05-19T13:28:55.5Z","midnight",38.333273,158.678981,33.333273,154.845648,21.5752667,-158.2733528,654.458477121659
140,591,"2014-05-20T01:25:41Z","noon",37.828503,159.476509,38.333273,158.678981,21.5752667,-158.2733528,89.570552407752
140,592,"2014-05-20T13:17:44.5Z","midnight",40.299554,161.461926,37.828503,159.476509,21.5752667,-158.2733528,323.829604114351
140,593,"2014-05-21T01:06:06Z","noon",36.131251,164.357216,40.299554,161.461926,21.5752667,-158.2733528,527.942039904834
140,594,"2014-05-21T13:09:35Z","midnight",34.473903,163.486383,36.131251,164.357216,21.5752667,-158.2733528,200.515041240803
140,595,"2014-05-22T01:11:31Z","noon",35.23819,162.985725,34.473903,163.486383,21.5752667,-158.2733528,96.4845050057661
140,596,"2014-05-22T13:06:49.5Z","midnight",36.735103,164.158642,35.23819,162.985725,21.5752667,-158.2733528,197.079952888016
140,597,"2014-05-23T00:55:43Z","noon",32.358885,166.916246,36.735103,164.158642,21.5752667,-158.2733528,548.17898023527
140,598,"2014-05-23T13:02:07.5Z","midnight",29.309883,165.314163,32.358885,166.916246,21.5752667,-158.2733528,371.927025509971
140,599,"2014-05-24T01:07:56.5Z","noon",31.847658,163.838409,29.309883,165.314163,21.5752667,-158.2733528,315.565715867852
140,600,"2014-05-24T12:52:51Z","midnight",36.847658,167.611325,31.847658,163.838409,21.5752667,-158.2733528,654.894719594957
140,601,"2014-05-25T00:51:54Z","noon",37.079136,167.825177,36.847658,167.611325,21.5752667,-158.2733528,31.9923051375755
140,602,"2014-05-25T12:45:36Z","midnight",38.982785,169.400177,37.079136,167.825177,21.5752667,-158.2733528,252.64778693188
140,603,"2014-05-26T00:43:52Z","noon",38.404651,169.807853,38.982785,169.400177,21.5752667,-158.2733528,73.378673619513
140,604,"2014-05-26T12:48:08.5Z","midnight",36.68123,168.739103,38.404651,169.807853,21.5752667,-158.2733528,213.544156684191
140,605,"2014-05-27T00:39:37Z","noon",33.510463,170.842741,36.68123,168.739103,21.5752667,-158.2733528,401.138413113221
140,606,"2014-05-27T12:40:03Z","midnight",33.112524,170.734407,33.510463,170.842741,21.5752667,-158.2733528,45.3795000498357
140,607,"2014-05-28T00:47:50Z","noon",36.027577,168.759063,33.112524,170.734407,21.5752667,-158.2733528,371.16085078934
140,608,"2014-05-28T12:54:12Z","midnight",33.442605,167.167397,36.027577,168.759063,21.5752667,-158.2733528,322.125028239587
140,609,"2014-05-29T01:02:58.5Z","noon",36.651173,164.942297,33.442605,167.167397,21.5752667,-158.2733528,410.232922895133
140,610,"2014-05-29T12:56:47Z","midnight",38.508275,166.490214,36.651173,164.942297,21.5752667,-158.2733528,247.475575072309
140,611,"2014-05-30T00:57:50Z","noon",38.845582,166.194587,38.508275,166.490214,21.5752667,-158.2733528,45.4459349784775
140,612,"2014-05-30T13:03:06.5Z","midnight",36.900644,164.875837,38.845582,166.194587,21.5752667,-158.2733528,245.288093793982
140,613,"2014-05-31T01:05:00.5Z","noon",37.537425,164.365997,36.900644,164.875837,21.5752667,-158.2733528,83.9739878065146
140,614,"2014-05-31T13:08:09Z","midnight",36.278818,163.58058,37.537425,164.365997,21.5752667,-158.2733528,156.404058518638
140,615,"2014-06-01T01:11:49Z","noon",37.511022,162.627427,36.278818,163.58058,21.5752667,-158.2733528,161.110707924613
140,616,"2014-06-01T13:11:49Z","midnight",37.320564,162.627427,37.511022,162.627427,21.5752667,-158.2733528,21.1779633388692
140,617,"2014-06-02T01:10:26Z","noon",36.862292,162.935196,37.320564,162.627427,21.5752667,-158.2733528,57.8087705111694
140,618,"2014-06-02T13:08:22Z","midnight",37.363005,163.451863,36.862292,162.935196,21.5752667,-158.2733528,72.1026640895923
140,619,"2014-06-03T00:44:21.5Z","noon",32.363005,169.414375,37.363005,163.451863,21.5752667,-158.2733528,777.497220160964
140,620,"2014-06-03T12:52:15.5Z","midnight",27.363005,167.439375,32.363005,169.414375,21.5752667,-158.2733528,587.649755807987
140,621,"2014-06-04T01:22:56Z","noon",32.363005,159.729619,27.363005,167.439375,21.5752667,-158.2733528,927.861235463283
140,622,"2014-06-04T13:15:35Z","midnight",37.363005,161.567119,32.363005,159.729619,21.5752667,-158.2733528,580.662993753455
140,623,"2014-06-05T01:23:38Z","noon",41.287978,159.512255,37.363005,161.567119,21.5752667,-158.2733528,470.829019435155
140,624,"2014-06-05T13:31:14.5Z","midnight",38.928778,157.610171,41.287978,159.512255,21.5752667,-158.2733528,308.175516925239
140,625,"2014-06-06T01:26:37.5Z","noon",37.498455,158.720691,38.928778,157.610171,21.5752667,-158.2733528,186.298437132093
140,626,"2014-06-06T13:29:39Z","midnight",36.376767,157.964441,37.498455,158.720691,21.5752667,-158.2733528,141.681995321638
140,627,"2014-06-07T01:26:37Z","noon",35.364461,158.677923,36.376767,157.964441,21.5752667,-158.2733528,129.627435915975
140,628,"2014-06-07T13:48:48Z","midnight",30.364461,153.13209,35.364461,158.677923,21.5752667,-158.2733528,759.579014809432
140,629,"2014-06-08T02:00:06.5Z","noon",31.322212,150.259031,30.364461,153.13209,21.5752667,-158.2733528,294.223765956025
140,630,"2014-06-08T13:47:22.5Z","midnight",35.728421,153.442365,31.322212,150.259031,21.5752667,-158.2733528,571.854716439772
140,631,"2014-06-09T01:47:14Z","noon",35.681391,153.430764,35.728421,153.442365,21.5752667,-158.2733528,5.3333761251135
140,632,"2014-06-09T13:42:18.5Z","midnight",37.156591,154.662014,35.681391,153.430764,21.5752667,-158.2733528,197.59280265567
140,633,"2014-06-10T01:50:05.5Z","noon",39.504659,152.668205,37.156591,154.662014,21.5752667,-158.2733528,313.690812593548
140,634,"2014-06-10T13:54:52.5Z","midnight",37.975502,151.472371,39.504659,152.668205,21.5752667,-158.2733528,199.165135930782
140,635,"2014-06-11T01:47:31.5Z","noon",35.646977,153.261021,37.975502,151.472371,21.5752667,-158.2733528,303.948595705286
140,636,"2014-06-11T13:44:58Z","midnight",36.37867,153.900604,35.646977,153.261021,21.5752667,-158.2733528,99.6429796753361
140,637,"2014-06-12T01:53:22Z","noon",38.950925,151.750965,36.37867,153.900604,21.5752667,-158.2733528,342.917540086814
140,638,"2014-06-12T13:58:10.5Z","midnight",37.415409,150.548881,38.950925,151.750965,21.5752667,-158.2733528,200.473404492585
140,639,"2014-06-13T01:56:10.5Z","noon",36.792798,150.99854,37.415409,150.548881,21.5752667,-158.2733528,79.8941593363162
140,640,"2014-06-13T14:04:02.5Z","midnight",34.129519,149.031874,36.792798,150.99854,21.5752667,-158.2733528,345.560186335016
140,641,"2014-06-14T02:00:19Z","noon",32.830608,149.912169,34.129519,149.031874,21.5752667,-158.2733528,165.908402263995
140,642,"2014-06-14T13:49:39.5Z","midnight",36.341569,152.576752,32.830608,149.912169,21.5752667,-158.2733528,460.287315039609
140,643,"2014-06-15T01:55:14Z","noon",38.059566,151.131522,36.341569,152.576752,21.5752667,-158.2733528,229.94473858288
140,644,"2014-06-15T13:53:36Z","midnight",38.477817,151.539855,38.059566,151.131522,21.5752667,-158.2733528,58.5976482298884
140,645,"2014-06-16T02:00:25Z","noon",40.407951,149.783772,38.477817,151.539855,21.5752667,-158.2733528,262.287452462384
140,646,"2014-06-16T14:03:07.5Z","midnight",39.600723,149.106689,40.407951,149.783772,21.5752667,-158.2733528,106.688746406706
140,647,"2014-06-17T02:01:38Z","noon",39.178333,149.427344,39.600723,149.106689,21.5752667,-158.2733528,54.454439507504
140,648,"2014-06-17T13:59:23.5Z","midnight",39.761975,149.987761,39.178333,149.427344,21.5752667,-158.2733528,80.7821829608983
140,649,"2014-06-18T01:59:38Z","noon",39.829216,149.874828,39.761975,149.987761,21.5752667,-158.2733528,12.2063478737966
140,650,"2014-06-18T14:06:20.5Z","midnight",37.856991,148.197745,39.829216,149.874828,21.5752667,-158.2733528,263.025885710415
140,651,"2014-06-19T02:08:58.5Z","noon",38.632226,147.486732,37.856991,148.197745,21.5752667,-158.2733528,106.236151518527
140,652,"2014-06-19T14:08:46Z","midnight",38.661866,147.538816,38.632226,147.486732,21.5752667,-158.2733528,5.5965750332648
140,653,"2014-06-20T02:08:13Z","noon",38.50215,147.623565,38.661866,147.538816,21.5752667,-158.2733528,19.2268253346715
140,654,"2014-06-20T14:06:22.5Z","midnight",39.01129,148.083981,38.50215,147.623565,21.5752667,-158.2733528,69.2744125142729
140,655,"2014-06-21T02:14:23.5Z","noon",41.204456,146.027083,39.01129,148.083981,21.5752667,-158.2733528,300.099158406293
140,656,"2014-06-21T14:10:31Z","midnight",42.185111,146.995833,41.204456,146.027083,21.5752667,-158.2733528,135.497832390465
140,657,"2014-06-22T02:07:21Z","noon",41.37593,147.73488,42.185111,146.995833,21.5752667,-158.2733528,108.861836774329
140,658,"2014-06-22T14:10:07.5Z","midnight",40.639248,147.04113,41.37593,147.73488,21.5752667,-158.2733528,100.492118002707
140,659,"2014-06-23T02:09:52.5Z","noon",40.57219,147.051214,40.639248,147.04113,21.5752667,-158.2733528,7.50494683887528
140,660,"2014-06-23T14:09:44.5Z","midnight",40.612303,147.084548,40.57219,147.051214,21.5752667,-158.2733528,5.27417426535397
140,661,"2014-06-24T02:01:44.5Z","noon",38.37199,149.032427,40.612303,147.084548,21.5752667,-158.2733528,299.971957969529
140,662,"2014-06-24T13:55:07Z","midnight",40.253975,150.688677,38.37199,149.032427,21.5752667,-158.2733528,253.159688360008
140,663,"2014-06-25T02:03:22Z","noon",42.402356,148.574443,40.253975,150.688677,21.5752667,-158.2733528,297.019660328606
140,664,"2014-06-25T14:03:01Z","midnight",42.51137,148.661943,42.402356,148.574443,21.5752667,-158.2733528,14.0878124474634
140,665,"2014-06-26T02:03:56.5Z","noon",42.739663,148.379436,42.51137,148.661943,21.5752667,-158.2733528,34.3313875593262
140,666,"2014-06-26T14:03:25Z","midnight",42.899129,148.510686,42.739663,148.379436,21.5752667,-158.2733528,20.7126187214362
140,667,"2014-06-27T02:01:23.5Z","noon",42.399193,148.966247,42.899129,148.510686,21.5752667,-158.2733528,66.9211251420152
140,668,"2014-06-27T14:03:28Z","midnight",41.915145,148.447497,42.399193,148.966247,21.5752667,-158.2733528,68.7414730594588
140,669,"2014-06-28T02:01:17Z","noon",41.351147,148.9433,41.915145,148.447497,21.5752667,-158.2733528,75.0390117097051
140,670,"2014-06-28T13:58:42.5Z","midnight",42.063496,149.58705,41.351147,148.9433,21.5752667,-158.2733528,95.5500385339886
140,671,"2014-06-29T02:01:38.5Z","noon",42.797441,148.804433,42.063496,149.58705,21.5752667,-158.2733528,103.854689341182
140,672,"2014-06-29T14:17:54Z","midnight",38.476381,144.739849,42.797441,148.804433,21.5752667,-158.2733528,590.161445783971
140,673,"2014-06-30T02:19:00Z","noon",38.797534,144.416401,38.476381,144.739849,21.5752667,-158.2733528,45.4365972973172
140,674,"2014-06-30T14:05:08.5Z","midnight",42.598864,147.880984,38.797534,144.416401,21.5752667,-158.2733528,513.674448828864
140,675,"2014-07-01T02:07:59Z","noon",43.297737,147.123042,42.598864,147.880984,21.5752667,-158.2733528,99.219244283413
140,676,"2014-07-01T14:19:54Z","midnight",40.29151,144.143875,43.297737,147.123042,21.5752667,-158.2733528,415.551892218585
140,677,"2014-07-02T02:19:10Z","noon",40.088484,144.280691,40.29151,144.143875,21.5752667,-158.2733528,25.3911587809713
140,678,"2014-07-02T14:11:11.5Z","midnight",42.295669,146.274441,40.088484,144.280691,21.5752667,-158.2733528,296.737898322045
140,679,"2014-07-03T02:03:29Z","noon",40.246248,148.156102,42.295669,146.274441,21.5752667,-158.2733528,276.860981765244
140,680,"2014-07-03T14:11:15Z","midnight",38.091376,146.214435,40.246248,148.156102,21.5752667,-158.2733528,292.26867171321
140,681,"2014-07-04T02:11:28.5Z","noon",38.159184,146.11394,38.091376,146.214435,21.5752667,-158.2733528,11.58121760005
140,682,"2014-07-04T14:06:48Z","midnight",39.632666,147.28269,38.159184,146.11394,21.5752667,-158.2733528,192.544501616234
140,683,"2014-07-05T02:10:42Z","noon",40.725448,146.264704,39.632666,147.28269,21.5752667,-158.2733528,149.143876546386
140,684,"2014-07-05T14:10:43.5Z","midnight",40.829172,146.258454,40.725448,146.264704,21.5752667,-158.2733528,11.5455828787535
140,685,"2014-07-06T02:13:18Z","noon",41.52585,145.573059,40.829172,146.258454,21.5752667,-158.2733528,96.3925187048457
140,686,"2014-07-06T14:12:25Z","midnight",41.880097,145.793893,41.52585,145.573059,21.5752667,-158.2733528,43.4478507348423
140,687,"2014-07-07T02:09:11Z","noon",41.010418,146.562002,41.880097,145.793893,21.5752667,-158.2733528,115.974987500246
140,688,"2014-07-07T14:09:43Z","midnight",40.992477,146.428668,41.010418,146.562002,21.5752667,-158.2733528,11.3655776373571
140,689,"2014-07-08T02:04:47Z","noon",39.595482,147.623274,40.992477,146.428668,21.5752667,-158.2733528,185.455077200481
140,690,"2014-07-08T14:13:40.5Z","midnight",37.012179,145.400358,39.595482,147.623274,21.5752667,-158.2733528,346.57798085049
140,691,"2014-07-09T02:15:20.5Z","noon",37.542615,144.946537,37.012179,145.400358,21.5752667,-158.2733528,71.3522108389328
140,692,"2014-07-09T14:10:47.5Z","midnight",39.08756,146.084037,37.542615,144.946537,21.5752667,-158.2733528,198.390509698614
140,693,"2014-07-10T02:06:42Z","noon",37.83134,147.071447,39.08756,146.084037,21.5752667,-158.2733528,164.020484616754
140,694,"2014-07-10T14:00:49.5Z","midnight",39.772439,148.540197,37.83134,147.071447,21.5752667,-158.2733528,250.56214180118
140,695,"2014-07-11T02:03:18.5Z","noon",40.493383,147.885575,39.772439,148.540197,21.5752667,-158.2733528,97.588426931659
140,696,"2014-07-11T14:05:56Z","midnight",39.894805,147.229325,40.493383,147.885575,21.5752667,-158.2733528,86.8156661107063
140,697,"2014-07-12T02:13:01Z","noon",41.903329,145.426491,39.894805,147.229325,21.5752667,-158.2733528,269.872385882082
140,698,"2014-07-12T14:08:34Z","midnight",43.259718,146.538991,41.903329,145.426491,21.5752667,-158.2733528,176.189712688802
140,699,"2014-07-13T02:03:17.5Z","noon",41.851609,147.827596,43.259718,146.538991,21.5752667,-158.2733528,188.821916993246
140,700,"2014-07-13T14:07:12.5Z","midnight",40.93318,146.848429,41.851609,147.827596,21.5752667,-158.2733528,130.769234326598
140,701,"2014-07-14T02:05:28Z","noon",40.42726,147.255622,40.93318,146.848429,21.5752667,-158.2733528,65.906752226956
140,702,"2014-07-14T14:07:15.5Z","midnight",40.087883,146.807705,40.42726,147.255622,21.5752667,-158.2733528,53.560971455374
140,703,"2014-07-15T02:10:16Z","noon",40.973852,146.029381,40.087883,146.807705,21.5752667,-158.2733528,118.456334946484
140,704,"2014-07-15T14:08:32.5Z","midnight",41.669929,146.460631,40.973852,146.029381,21.5752667,-158.2733528,85.3679443003857
140,705,"2014-07-16T02:03:07.5Z","noon",40.083194,147.7906,41.669929,146.460631,21.5752667,-158.2733528,208.879775285028
140,706,"2014-07-16T13:59:15Z","midnight",41.439233,148.75935,40.083194,147.7906,21.5752667,-158.2733528,171.441144171218
140,707,"2014-07-17T02:02:15.5Z","noon",42.293959,147.98517,41.439233,148.75935,21.5752667,-158.2733528,114.639916106284
140,708,"2014-07-17T14:00:25.5Z","midnight",43.020995,148.443504,42.293959,147.98517,21.5752667,-158.2733528,89.1079940808048
140,709,"2014-07-18T02:02:11.5Z","noon",43.498943,147.981897,43.020995,148.443504,21.5752667,-158.2733528,64.9743132878439
140,710,"2014-07-18T13:59:30.5Z","midnight",44.436097,148.65273,43.498943,147.981897,21.5752667,-158.2733528,117.222486807318
140,711,"2014-07-19T01:51:59Z","noon",42.395246,150.516249,44.436097,148.65273,21.5752667,-158.2733528,272.293906387731
140,712,"2014-07-19T13:51:23.5Z","midnight",42.801847,150.664166,42.395246,150.516249,21.5752667,-158.2733528,46.8049917393672
140,713,"2014-07-20T01:27:23.5Z","noon",37.801847,156.648693,42.801847,150.664166,21.5752667,-158.2733528,752.364732685009
140,714,"2014-07-20T13:19:02.5Z","midnight",38.21017,158.736193,37.801847,156.648693,21.5752667,-158.2733528,188.444162044898
140,715,"2014-07-21T01:49:08.5Z","noon",43.21017,151.198025,38.21017,158.736193,21.5752667,-158.2733528,843.644821847009
140,716,"2014-07-21T13:51:30.5Z","midnight",46.475847,150.606359,43.21017,151.198025,21.5752667,-158.2733528,366.107500911318
140,717,"2014-07-22T01:46:54.5Z","noon",45.324018,151.74554,46.475847,150.606359,21.5752667,-158.2733528,155.478080672093
140,718,"2014-07-22T13:48:50Z","midnight",45.090852,151.26429,45.324018,151.74554,21.5752667,-158.2733528,45.7560968035409
140,719,"2014-07-23T01:49:59Z","noon",45.391368,150.968361,45.090852,151.26429,21.5752667,-158.2733528,40.6626756205866
140,720,"2014-07-23T13:52:24Z","midnight",45.032773,150.364194,45.391368,150.968361,21.5752667,-158.2733528,61.8852445075636
140,721,"2014-07-24T01:39:35Z","noon",41.329968,153.56236,45.032773,150.364194,21.5752667,-158.2733528,486.492466381593
140,722,"2014-07-24T13:36:13.5Z","midnight",42.645068,154.401943,41.329968,153.56236,21.5752667,-158.2733528,161.859095396692
140,723,"2014-07-25T01:45:23.5Z","noon",45.242307,152.106738,42.645068,154.401943,21.5752667,-158.2733528,342.270651993554
140,724,"2014-07-25T13:57:30Z","midnight",42.045972,149.079655,45.242307,152.106738,21.5752667,-158.2733528,430.796183196767
140,725,"2014-07-26T01:56:54Z","noon",41.858869,149.22861,42.045972,149.079655,21.5752667,-158.2733528,24.1779882051732
140,726,"2014-07-26T14:03:02.5Z","midnight",40.168376,147.693194,41.858869,149.22861,21.5752667,-158.2733528,227.872568399076
140,727,"2014-07-27T01:55:18.5Z","noon",37.422752,149.628006,40.168376,147.693194,21.5752667,-158.2733528,348.291367994867
140,728,"2014-07-27T13:54:33.5Z","midnight",38.015039,149.815506,37.422752,149.628006,21.5752667,-158.2733528,67.8927800475947
140,729,"2014-07-28T02:09:19Z","noon",42.992423,146.129949,38.015039,149.815506,21.5752667,-158.2733528,634.987231811852
140,730,"2014-07-28T14:16:42Z","midnight",40.946832,144.284115,42.992423,146.129949,21.5752667,-158.2733528,273.889635210439
140,731,"2014-07-29T02:14:20.5Z","noon",40.139837,144.880296,40.946832,144.284115,21.5752667,-158.2733528,102.906717045409
140,732,"2014-07-29T14:10:23Z","midnight",41.820266,145.869879,40.139837,144.880296,21.5752667,-158.2733528,204.484546082816
140,733,"2014-07-30T02:11:10Z","noon",42.077765,145.683231,41.820266,145.869879,21.5752667,-158.2733528,32.5282575895091
140,734,"2014-07-30T14:13:48.5Z","midnight",41.549065,145.022815,42.077765,145.683231,21.5752667,-158.2733528,80.3223355882912
140,735,"2014-07-31T02:12:19.5Z","noon",41.041894,145.405438,41.549065,145.022815,21.5752667,-158.2733528,64.8238762376082
140,736,"2014-07-31T14:11:27.5Z","midnight",41.700587,145.622105,41.041894,145.405438,21.5752667,-158.2733528,75.4417232331233
140,737,"2014-08-01T02:11:40.5Z","noon",41.774487,145.582345,41.700587,145.622105,21.5752667,-158.2733528,8.85481660074024
140,738,"2014-08-01T14:13:10Z","midnight",41.63368,145.209429,41.774487,145.582345,21.5752667,-158.2733528,34.6923945319256
140,739,"2014-08-02T02:10:29.5Z","noon",40.687246,145.895211,41.63368,145.209429,21.5752667,-158.2733528,119.878548116889
140,740,"2014-08-02T14:07:00Z","midnight",42.299733,146.768128,40.687246,145.895211,21.5752667,-158.2733528,193.476791125185
140,741,"2014-08-04T02:08:25.5Z","noon",37.702699,146.453837,42.299733,146.768128,21.5752667,-158.2733528,511.8662334744
140,742,"2014-08-04T14:01:40Z","midnight",40.769591,148.14342,37.702699,146.453837,21.5752667,-158.2733528,370.750271598489
140,743,"2014-08-05T02:05:42Z","noon",42.245193,147.160014,40.769591,148.14342,21.5752667,-158.2733528,183.37536937771
140,744,"2014-08-05T14:07:47Z","midnight",41.912057,146.639181,42.245193,147.160014,21.5752667,-158.2733528,56.7441216821074
140,745,"2014-08-06T02:05:45Z","noon",41.156466,147.175068,41.912057,146.639181,21.5752667,-158.2733528,95.1236892839883
140,746,"2014-08-06T14:01:14.5Z","midnight",43.234267,148.302152,41.156466,147.175068,21.5752667,-158.2733528,248.992830437002
140,747,"2014-08-07T01:53:24.5Z","noon",40.302892,150.290658,43.234267,148.302152,21.5752667,-158.2733528,365.268966984786
140,748,"2014-08-07T13:54:18.5Z","midnight",40.386672,150.065658,40.302892,150.290658,21.5752667,-158.2733528,21.2224198555779
140,749,"2014-08-08T01:58:39.5Z","noon",42.077799,149.010937,40.386672,150.065658,21.5752667,-158.2733528,207.696915093993
140,750,"2014-08-08T13:58:22Z","midnight",42.643833,149.083854,42.077799,149.010937,21.5752667,-158.2733528,63.2245996181427
140,751,"2014-08-09T01:44:26Z","noon",37.643833,152.602558,42.643833,149.083854,21.5752667,-158.2733528,631.168771223138
140,752,"2014-08-09T13:49:58.5Z","midnight",34.638543,151.217141,37.643833,152.602558,21.5752667,-158.2733528,356.565727355139
140,753,"2014-08-10T02:04:08.5Z","noon",39.638543,147.713419,34.638543,151.217141,21.5752667,-158.2733528,636.701303754018
140,754,"2014-08-10T14:14:03.5Z","midnight",37.177052,145.234252,39.638543,147.713419,21.5752667,-158.2733528,348.647228182266
140,755,"2014-08-11T02:10:18.5Z","noon",35.355432,146.212249,37.177052,145.234252,21.5752667,-158.2733528,220.714139844431
140,756,"2014-08-11T14:14:49.5Z","midnight",33.492122,145.083082,35.355432,146.212249,21.5752667,-158.2733528,231.629617214351
140,757,"2014-08-12T02:22:34.5Z","noon",37.420449,143.188604,33.492122,145.083082,21.5752667,-158.2733528,469.272612073765
140,758,"2014-08-12T14:19:48.5Z","midnight",39.220357,143.880271,37.420449,143.188604,21.5752667,-158.2733528,209.036649251395
140,759,"2014-08-13T02:18:03.5Z","noon",38.407087,144.363292,39.220357,143.880271,21.5752667,-158.2733528,99.6452170618549
140,760,"2014-08-13T14:14:43.5Z","midnight",40.460939,145.196625,38.407087,144.363292,21.5752667,-158.2733528,239.325753841083
140,761,"2014-08-14T02:17:45.5Z","noon",41.786721,144.486278,40.460939,145.196625,21.5752667,-158.2733528,158.973103535941
140,762,"2014-08-14T14:20:34Z","midnight",41.101141,143.784195,41.786721,144.486278,21.5752667,-158.2733528,96.1037055309261
140,763,"2014-08-15T02:14:19Z","noon",38.163056,145.397113,41.101141,143.784195,21.5752667,-158.2733528,354.68087928361
140,764,"2014-08-15T14:15:43Z","midnight",38.011718,145.047113,38.163056,145.397113,21.5752667,-158.2733528,34.9494227311214
140,765,"2014-08-16T02:19:36Z","noon",39.919839,144.12909,38.011718,145.047113,21.5752667,-158.2733528,226.528596612756
140,766,"2014-08-16T14:17:15.5Z","midnight",41.584029,144.714507,39.919839,144.12909,21.5752667,-158.2733528,191.505821794462
140,767,"2014-08-17T02:15:58.5Z","noon",40.98999,145.090502,41.584029,144.714507,21.5752667,-158.2733528,73.1441043675312
140,768,"2014-08-17T14:14:59Z","midnight",42.038679,145.338419,40.98999,145.090502,21.5752667,-158.2733528,118.421643940402
140,769,"2014-08-18T02:06:42Z","noon",37.939453,147.466721,42.038679,145.338419,21.5752667,-158.2733528,490.506630387392
140,770,"2014-08-18T14:14:54.5Z","midnight",33.834119,145.414638,37.939453,147.466721,21.5752667,-158.2733528,492.465471741673
140,771,"2014-08-19T02:16:15.5Z","noon",34.655466,145.136865,33.834119,145.414638,21.5752667,-158.2733528,94.8313054615862
140,772,"2014-08-19T14:16:05.5Z","midnight",35.360289,145.178532,34.655466,145.136865,21.5752667,-158.2733528,78.4645617018585
140,773,"2014-08-20T02:26:23.5Z","noon",40.360289,142.665468,35.360289,145.178532,21.5752667,-158.2733528,598.073032489251
140,774,"2014-08-20T14:24:55Z","midnight",42.395129,143.034218,40.360289,142.665468,21.5752667,-158.2733528,228.345459161409
140,775,"2014-08-21T02:14:51.5Z","noon",37.395129,145.612891,42.395129,143.034218,21.5752667,-158.2733528,597.833125166805
140,776,"2014-08-21T14:14:51.5Z","midnight",37.662477,145.612891,37.395129,145.612891,21.5752667,-158.2733528,29.7277412485701
140,777,"2014-08-22T02:08:23Z","noon",33.605609,147.297829,37.662477,145.612891,21.5752667,-158.2733528,476.08455283845
140,778,"2014-08-22T14:05:13Z","midnight",36.318588,148.089495,33.605609,147.297829,21.5752667,-158.2733528,310.171941776105
140,779,"2014-08-23T02:04:36Z","noon",35.927691,148.311887,36.318588,148.089495,21.5752667,-158.2733528,47.8357648119114
140,780,"2014-08-23T14:05:48.5Z","midnight",35.833197,148.009804,35.927691,148.311887,21.5752667,-158.2733528,29.1739158251844
140,781,"2014-08-24T02:13:22.5Z","noon",40.443249,146.188338,35.833197,148.009804,21.5752667,-158.2733528,536.759142030533
140,782,"2014-08-24T14:10:53Z","midnight",42.540693,146.811254,40.443249,146.188338,21.5752667,-158.2733528,238.924218008691
140,783,"2014-08-25T02:00:50.5Z","noon",37.540693,149.393782,42.540693,146.811254,21.5752667,-158.2733528,597.78122948589
140,784,"2014-08-25T14:04:57.5Z","midnight",34.443612,148.364615,37.540693,149.393782,21.5752667,-158.2733528,356.602173624198
140,785,"2014-08-26T02:13:47Z","noon",39.443612,146.232318,34.443612,148.364615,21.5752667,-158.2733528,587.327884818317
140,786,"2014-08-26T14:11:07.5Z","midnight",42.584419,146.896901,39.443612,146.232318,21.5752667,-158.2733528,353.661475208546
140,787,"2014-08-27T02:06:17Z","noon",39.690094,148.183042,42.584419,146.896901,21.5752667,-158.2733528,339.366933259618
140,788,"2014-08-27T14:16:32Z","midnight",34.690094,145.620542,39.690094,148.183042,21.5752667,-158.2733528,600.449983094583
140,789,"2014-08-28T02:12:27.5Z","noon",29.844675,146.716715,34.690094,145.620542,21.5752667,-158.2733528,548.542409323938
140,790,"2014-08-28T14:06:14Z","midnight",34.844675,148.272965,29.844675,146.716715,21.5752667,-158.2733528,574.848995100776
140,791,"2014-08-29T02:08:05.5Z","noon",37.077384,147.887428,34.844675,148.272965,21.5752667,-158.2733528,250.678327976329
140,792,"2014-08-29T14:06:51Z","midnight",38.817077,148.197845,37.077384,147.887428,21.5752667,-158.2733528,195.350206895584
140,793,"2014-08-30T02:07:51.5Z","noon",39.524469,148.026353,38.817077,148.197845,21.5752667,-158.2733528,80.0355571462265
140,794,"2014-08-30T14:12:10.5Z","midnight",37.245245,146.947186,39.524469,148.026353,21.5752667,-158.2733528,270.32378778348
140,795,"2014-08-31T02:07:46.5Z","noon",33.656611,148.129243,37.245245,146.947186,21.5752667,-158.2733528,413.141613780497
140,796,"2014-08-31T14:05:50Z","midnight",36.186743,148.614659,33.656611,148.129243,21.5752667,-158.2733528,284.796148259296
140,797,"2014-09-01T01:59:38.5Z","noon",31.186743,150.246015,36.186743,148.614659,21.5752667,-158.2733528,576.069450257234
140,798,"2014-09-01T13:57:13.5Z","midnight",33.829079,150.850182,31.186743,150.246015,21.5752667,-158.2733528,299.224526051257
140,799,"2014-09-02T02:04:40Z","noon",38.829079,149.074503,33.829079,150.850182,21.5752667,-158.2733528,578.245365278329
140,800,"2014-09-02T14:04:25.5Z","midnight",41.191597,149.13492,38.829079,149.074503,21.5752667,-158.2733528,262.750382146573
140,801,"2014-09-03T02:03:10.5Z","noon",40.239439,149.53337,41.191597,149.13492,21.5752667,-158.2733528,111.072929828328
140,802,"2014-09-03T14:03:07.5Z","midnight",41.303415,149.54587,40.239439,149.53337,21.5752667,-158.2733528,118.313415515599
140,803,"2014-09-04T01:49:47.5Z","noon",36.303415,152.966277,41.303415,149.54587,21.5752667,-158.2733528,629.906592630122
140,804,"2014-09-04T13:50:54Z","midnight",31.303415,152.689193,36.303415,152.966277,21.5752667,-158.2733528,556.562910469745
140,805,"2014-09-05T01:57:59Z","noon",36.015444,151.006467,31.303415,152.689193,21.5752667,-158.2733528,546.580574435257
140,806,"2014-09-05T14:02:37.5Z","midnight",32.279577,149.846051,36.015444,151.006467,21.5752667,-158.2733528,428.904006514136
140,807,"2014-09-06T02:05:08.5Z","noon",34.989719,149.305934,32.279577,149.846051,21.5752667,-158.2733528,305.472645461289
140,808,"2014-09-06T14:02:31Z","midnight",38.752255,149.962184,34.989719,149.305934,21.5752667,-158.2733528,422.424051956647
140,809,"2014-09-07T01:57:23Z","noon",33.752255,151.335415,38.752255,149.962184,21.5752667,-158.2733528,569.425362533352
140,810,"2014-09-07T13:59:01.5Z","midnight",32.660294,150.924998,33.752255,151.335415,21.5752667,-158.2733528,127.28261768218
140,811,"2014-09-08T01:53:41.5Z","noon",27.660294,152.348984,32.660294,150.924998,21.5752667,-158.2733528,572.561285079085
140,812,"2014-09-08T13:51:11.5Z","midnight",30.237942,152.973984,27.660294,152.348984,21.5752667,-158.2733528,292.999752737662
140,813,"2014-09-09T01:49:48Z","noon",28.29464,153.41321,30.237942,152.973984,21.5752667,-158.2733528,220.244793367775
140,814,"2014-09-09T13:53:07Z","midnight",24.355297,152.584043,28.29464,153.41321,21.5752667,-158.2733528,445.756533322838
140,815,"2014-09-10T01:46:12.5Z","noon",19.355297,154.402997,24.355297,152.584043,21.5752667,-158.2733528,586.78240308261
140,816,"2014-09-10T13:40:57.5Z","midnight",22.635698,155.715497,19.355297,154.402997,21.5752667,-158.2733528,389.371880657148
140,817,"2014-09-11T01:50:24Z","noon",27.635698,153.447412,22.635698,155.715497,21.5752667,-158.2733528,600.982879843324
140,818,"2014-09-11T13:51:56.5Z","midnight",32.635698,153.061995,27.635698,153.447412,21.5752667,-158.2733528,557.207115517456
140,819,"2014-09-12T01:45:12Z","noon",27.635698,154.840106,32.635698,153.061995,21.5752667,-158.2733528,581.642989968032
140,820,"2014-09-23T01:30:55Z","midnight",22.635698,139.840106,27.635698,154.840106,21.5752667,-158.2733528,1607.59912546861
140,821,"2014-10-05T00:36:08Z","noon",27.635698,154.840106,22.635698,139.840106,21.5752667,-158.2733528,1607.59912546861
140,822,"2014-10-12T12:11:40.5Z","midnight",32.635698,169.840106,27.635698,154.840106,21.5752667,-158.2733528,1544.08642151073
140,823,"2014-10-13T12:43:12.5Z","midnight",37.635698,172.838775,32.635698,169.840106,21.5752667,-158.2733528,619.144675100756
140,824,"2014-10-14T13:21:23.5Z","midnight",42.635698,163.344719,37.635698,172.838775,21.5752667,-158.2733528,979.079730276248
140,825,"2014-10-15T01:28:09Z","noon",47.635698,161.704188,42.635698,163.344719,21.5752667,-158.2733528,570.635042257553
140,826,"2014-10-15T13:15:59Z","midnight",43.830175,164.745854,47.635698,161.704188,21.5752667,-158.2733528,484.459088933728
140,827,"2014-10-16T01:15:35Z","noon",44.33773,164.892116,43.830175,164.745854,21.5752667,-158.2733528,57.6339570027038
140,828,"2014-10-16T13:22:32.5Z","midnight",49.33773,163.152533,44.33773,164.892116,21.5752667,-158.2733528,571.460306959518
140,829,"2014-10-17T01:28:32.5Z","noon",44.33773,161.695942,49.33773,163.152533,21.5752667,-158.2733528,566.876221404845
140,830,"2014-10-18T01:16:56Z","noon",46.728106,164.638522,44.33773,161.695942,21.5752667,-158.2733528,350.920736317086
140,831,"2014-10-18T13:22:56Z","midnight",50.777531,163.138522,46.728106,164.638522,21.5752667,-158.2733528,463.482321733002
140,832,"2014-10-19T01:27:00.5Z","noon",47.059221,162.157299,50.777531,163.138522,21.5752667,-158.2733528,419.617026591671
140,833,"2014-10-19T13:21:19Z","midnight",42.059221,163.580216,47.059221,162.157299,21.5752667,-158.2733528,567.261378678968
140,834,"2014-10-20T01:21:10Z","noon",39.766865,163.652222,42.059221,163.580216,21.5752667,-158.2733528,254.970130825958
140,835,"2014-10-20T13:24:54Z","midnight",42.366123,162.718889,39.766865,163.652222,21.5752667,-158.2733528,299.422781857682
140,836,"2014-10-21T01:22:37.5Z","noon",44.581861,163.319073,42.366123,162.718889,21.5752667,-158.2733528,251.091504444896
140,837,"2014-10-21T13:33:45Z","midnight",49.581861,160.537823,44.581861,163.319073,21.5752667,-158.2733528,594.412544480523
140,838,"2014-10-22T01:39:16.5Z","noon",48.116288,159.184887,49.581861,160.537823,21.5752667,-158.2733528,190.669018324356
140,839,"2014-10-22T13:48:11.5Z","midnight",53.116288,156.955721,48.116288,159.184887,21.5752667,-158.2733528,577.716624404161
140,840,"2014-10-23T01:55:55Z","noon",48.116288,155.049622,53.116288,156.955721,21.5752667,-158.2733528,571.952832893176
140,841,"2014-10-23T13:49:06Z","midnight",43.116288,156.753789,48.116288,155.049622,21.5752667,-158.2733528,571.514617955969
140,842,"2014-10-24T01:46:30Z","noon",43.101854,157.425737,43.116288,156.753789,21.5752667,-158.2733528,54.5710645923415
140,843,"2014-10-24T13:53:43Z","midnight",47.617211,155.62157,43.101854,157.425737,21.5752667,-158.2733528,521.456480833972
140,844,"2014-10-25T01:53:38Z","noon",47.676892,155.661111,47.617211,155.62157,21.5752667,-158.2733528,7.267281055523
140,845,"2014-10-25T13:53:05Z","midnight",46.168847,155.798611,47.676892,155.661111,21.5752667,-158.2733528,168.011691358797
140,846,"2014-10-26T01:53:05Z","noon",46.168847,155.814043,46.168847,155.798611,21.5752667,-158.2733528,1.18836330452345
140,847,"2014-10-26T13:55:15Z","midnight",46.631575,155.272377,46.168847,155.814043,21.5752667,-158.2733528,66.1256536769575
140,848,"2014-10-27T01:43:34.5Z","noon",51.631575,158.203254,46.631575,155.272377,21.5752667,-158.2733528,595.340484207917
140,849,"2014-10-27T13:52:55Z","midnight",56.631575,155.867838,51.631575,158.203254,21.5752667,-158.2733528,576.331831233158
140,850,"2014-10-28T01:47:46.5Z","noon",59.109631,157.16205,56.631575,155.867838,21.5752667,-158.2733528,285.965053385766
140,851,"2014-10-28T13:30:16.5Z","midnight",54.109631,161.53705,59.109631,157.16205,21.5752667,-158.2733528,616.767607253787
140,852,"2014-10-29T01:31:33.5Z","noon",49.282937,161.221658,54.109631,161.53705,21.5752667,-158.2733528,537.142394127197
140,853,"2014-10-29T13:21:07.5Z","midnight",44.282937,163.829991,49.282937,161.221658,21.5752667,-158.2733528,590.286177011236
140,854,"2014-10-30T01:11:37.5Z","noon",47.798724,166.207057,44.282937,163.829991,21.5752667,-158.2733528,431.796447453327
140,855,"2014-10-30T13:15:32Z","midnight",49.117646,165.229973,47.798724,166.207057,21.5752667,-158.2733528,163.396940568741
140,856,"2014-10-31T01:24:15Z","noon",44.117646,163.049481,49.117646,165.229973,21.5752667,-158.2733528,580.313492520693
140,857,"2014-10-31T13:26:07.5Z","midnight",44.255152,162.580731,44.117646,163.049481,21.5752667,-158.2733528,40.3823430295078
140,858,"2014-11-01T01:19:03.5Z","noon",48.374972,164.342668,44.255152,162.580731,21.5752667,-158.2733528,477.634972287387
140,859,"2014-11-01T13:20:04.5Z","midnight",48.089151,164.088502,48.374972,164.342668,21.5752667,-158.2733528,36.9390023105794
140,860,"2014-11-02T01:27:53.5Z","noon",43.598661,162.126192,48.089151,164.088502,21.5752667,-158.2733528,521.894392106129
140,861,"2014-11-02T13:35:00Z","midnight",46.909285,160.349109,43.598661,162.126192,21.5752667,-158.2733528,393.501489574568
140,862,"2014-11-03T01:20:29Z","noon",51.909285,163.966715,46.909285,160.349109,21.5752667,-158.2733528,614.309641344269
140,863,"2014-11-03T13:35:29Z","midnight",56.909285,160.216715,51.909285,163.966715,21.5752667,-158.2733528,606.408047723669
140,864,"2014-11-04T01:44:26.5Z","noon",55.320358,157.96215,56.909285,160.216715,21.5752667,-158.2733528,225.256709811577
140,865,"2014-11-04T13:21:52.5Z","midnight",50.320358,163.603816,55.320358,157.96215,21.5752667,-158.2733528,672.447522723203
140,866,"2014-11-05T01:13:03.5Z","noon",48.837667,165.789583,50.320358,163.603816,21.5752667,-158.2733528,228.051270893475
140,867,"2014-11-05T13:25:36Z","midnight",53.450556,162.654167,48.837667,165.789583,21.5752667,-158.2733528,557.481228514888
140,868,"2014-11-06T01:16:38.5Z","noon",56.586442,164.871937,53.450556,162.654167,21.5752667,-158.2733528,376.217231717418
140,869,"2014-11-06T13:16:26Z","midnight",55.859473,164.92402,56.586442,164.871937,21.5752667,-158.2733528,80.8993568281801
140,870,"2014-11-07T01:31:17.5Z","noon",50.859473,161.18422,55.859473,164.92402,21.5752667,-158.2733528,608.63208674526
140,871,"2014-11-07T13:21:04Z","midnight",45.859473,163.74047,50.859473,161.18422,21.5752667,-158.2733528,587.082845959443
140,872,"2014-11-08T01:06:51.5Z","noon",50.859473,167.263946,45.859473,163.74047,21.5752667,-158.2733528,613.72673913177
140,873,"2014-11-08T13:12:44Z","midnight",52.871821,165.795196,50.859473,167.263946,21.5752667,-158.2733528,245.426237197108
140,874,"2014-11-09T01:13:34Z","noon",52.569845,165.55488,52.871821,165.795196,21.5752667,-158.2733528,37.2754617848832
140,875,"2014-11-09T13:09:07Z","midnight",50.265887,166.66738,52.569845,165.55488,21.5752667,-158.2733528,267.543265195737
140,876,"2014-11-10T00:55:13Z","noon",55.16186,170.107043,50.265887,166.66738,21.5752667,-158.2733528,591.483326994695
140,877,"2014-11-10T12:26:00Z","midnight",50.16186,177.411209,55.16186,170.107043,21.5752667,-158.2733528,742.032382289112
140,878,"2014-11-11T00:22:19Z","noon",45.16186,178.293374,50.16186,177.411209,21.5752667,-158.2733528,559.874650477744
140,879,"2014-11-11T12:11:07Z","midnight",40.16186,-178.906626,45.16186,178.293374,21.5752667,-158.2733528,601.169220766632
140,880,"2014-11-11T23:58:56.5Z","noon",44.496813,-175.862876,40.16186,-178.906626,21.5752667,-158.2733528,542.994106033356
140,881,"2014-11-12T11:40:52Z","midnight",39.496813,-171.386098,44.496813,-175.862876,21.5752667,-158.2733528,667.565067188222
140,882,"2014-11-12T23:40:37.5Z","noon",34.496813,-171.325681,39.496813,-171.386098,21.5752667,-158.2733528,556.000478478026
140,883,"2014-11-13T11:35:23Z","midnight",30.694027,-170.06051,34.496813,-171.325681,21.5752667,-158.2733528,439.13386269682
140,884,"2014-11-13T23:34:26Z","noon",31.296711,-169.82301,30.694027,-170.06051,21.5752667,-158.2733528,70.7356112547926
140,885,"2014-11-14T11:45:41Z","midnight",36.296711,-172.683994,31.296711,-169.82301,21.5752667,-158.2733528,615.540476371374
140,886,"2014-11-14T23:49:19Z","noon",35.408955,-173.592328,36.296711,-172.683994,21.5752667,-158.2733528,128.241478865616
140,887,"2014-11-15T11:50:25Z","midnight",35.571475,-173.919013,35.408955,-173.592328,21.5752667,-158.2733528,34.6607557829575
140,888,"2014-11-15T23:30:20Z","noon",40.571475,-168.89818,35.571475,-173.919013,21.5752667,-158.2733528,708.436080345962
140,889,"2014-11-16T11:22:30Z","midnight",41.387329,-166.994692,40.571475,-168.89818,21.5752667,-158.2733528,183.740184532328
140,890,"2014-11-16T23:19:26.5Z","noon",42.792001,-166.230109,41.387329,-166.994692,21.5752667,-158.2733528,168.451406411764
140,891,"2014-11-17T11:27:18.5Z","midnight",45.668101,-168.254737,42.792001,-166.230109,21.5752667,-158.2733528,358.157861365956
140,892,"2014-11-17T23:24:12Z","noon",46.885986,-167.477653,45.668101,-168.254737,21.5752667,-158.2733528,148.005005067194
140,893,"2014-11-18T11:21:55.5Z","midnight",45.550425,-166.969932,46.885986,-167.477653,21.5752667,-158.2733528,153.558141595415
140,894,"2014-11-18T23:07:18Z","noon",50.550425,-163.313682,45.550425,-166.969932,21.5752667,-158.2733528,618.654705741841
140,895,"2014-11-19T11:06:12.5Z","midnight",49.984272,-163.10481,50.550425,-163.313682,21.5752667,-158.2733528,64.6800883375229
140,896,"2014-11-19T23:25:17.5Z","noon",44.984272,-167.875644,49.984272,-163.10481,21.5752667,-158.2733528,661.225347367279
140,897,"2014-11-20T11:29:08.5Z","midnight",44.022419,-168.905151,44.984272,-167.875644,21.5752667,-158.2733528,134.552015311519
140,898,"2014-11-20T23:27:55.5Z","noon",44.509664,-168.600984,44.022419,-168.905151,21.5752667,-158.2733528,59.3462581078044
140,899,"2014-11-21T11:25:13Z","midnight",43.015637,-167.993812,44.509664,-168.600984,21.5752667,-158.2733528,173.134566148318
140,900,"2014-11-21T23:18:51.5Z","noon",45.521269,-166.404229,43.015637,-167.993812,21.5752667,-158.2733528,305.998279814258
140,901,"2014-11-22T11:21:45.5Z","midnight",46.206532,-167.201983,45.521269,-166.404229,21.5752667,-158.2733528,98.089987560604
140,902,"2014-11-22T23:26:32.5Z","noon",44.415886,-168.397817,46.206532,-167.201983,21.5752667,-158.2733528,219.969545218448
140,903,"2014-11-23T11:24:28.5Z","midnight",43.236821,-167.956684,44.415886,-168.397817,21.5752667,-158.2733528,135.797405829205
140,904,"2014-11-23T23:21:06Z","noon",44.54618,-167.112934,43.236821,-167.956684,21.5752667,-158.2733528,160.524963757735
140,905,"2014-11-24T11:27:22.5Z","midnight",46.471341,-168.759931,44.54618,-167.112934,21.5752667,-158.2733528,249.579914407916
140,906,"2014-11-24T23:24:22.5Z","noon",47.496514,-168.009931,46.471341,-168.759931,21.5752667,-158.2733528,127.401197456308
140,907,"2014-11-25T11:15:26.5Z","midnight",43.977659,-165.857488,47.496514,-168.009931,21.5752667,-158.2733528,425.40109659024
140,908,"2014-11-25T23:19:56.5Z","noon",42.232742,-166.982488,43.977659,-165.857488,21.5752667,-158.2733528,214.441163336278
140,909,"2014-11-26T11:20:08.5Z","midnight",41.988328,-167.115949,42.232742,-166.982488,21.5752667,-158.2733528,29.3227600036442
140,910,"2014-11-26T22:28:17Z","noon",46.988328,-154.151365,41.988328,-167.115949,21.5752667,-158.2733528,1167.01793895763
140,911,"2014-11-27T10:33:08.5Z","midnight",51.988328,-155.451905,46.988328,-154.151365,21.5752667,-158.2733528,563.829687285225
140,912,"2014-11-27T23:08:07.5Z","noon",49.20131,-164.197738,51.988328,-155.451905,21.5752667,-158.2733528,690.141418640332
140,913,"2014-11-28T10:57:22Z","midnight",45.43829,-161.596527,49.20131,-164.197738,21.5752667,-158.2733528,462.020769103216
140,914,"2014-11-28T23:08:28Z","noon",41.333089,-164.371527,45.43829,-161.596527,21.5752667,-158.2733528,508.503261688359
140,915,"2014-11-29T11:35:21Z","midnight",46.333089,-171.18307,41.333089,-164.371527,21.5752667,-158.2733528,778.935200233835
140,916,"2014-11-29T23:34:27Z","noon",50.323398,-170.95807,46.333089,-171.18307,21.5752667,-158.2733528,444.013204307454
140,917,"2014-11-30T11:15:42.5Z","midnight",45.323398,-166.365616,50.323398,-170.95807,21.5752667,-158.2733528,652.902756723062
140,918,"2014-11-30T23:14:15.5Z","noon",44.665475,-166.003116,45.323398,-166.365616,21.5752667,-158.2733528,78.5146079038324
140,919,"2014-12-01T11:14:45.5Z","midnight",44.576821,-166.223246,44.665475,-166.003116,21.5752667,-158.2733528,20.0177139885574
140,920,"2014-12-01T23:10:47.5Z","noon",45.908728,-165.23158,44.576821,-166.223246,21.5752667,-158.2733528,167.214953880139
140,921,"2014-12-02T11:02:17Z","midnight",42.722723,-163.201707,45.908728,-165.23158,21.5752667,-158.2733528,389.306417569355
140,922,"2014-12-02T22:50:13.5Z","noon",46.796448,-160.187123,42.722723,-163.201707,21.5752667,-158.2733528,511.606328456833
140,923,"2014-12-03T10:44:39Z","midnight",44.752259,-158.892573,46.796448,-160.187123,21.5752667,-158.2733528,248.480578458878
140,924,"2014-12-03T22:39:57.5Z","noon",46.281567,-157.719657,44.752259,-158.892573,21.5752667,-158.2733528,193.046086269164
140,925,"2014-12-04T10:42:54Z","midnight",46.972103,-158.556171,46.281567,-157.719657,21.5752667,-158.2733528,99.8799947352889
140,926,"2014-12-04T22:47:11Z","noon",45.629416,-159.627005,46.972103,-158.556171,21.5752667,-158.2733528,170.459019705156
140,927,"2014-12-05T10:42:42.5Z","midnight",43.93919,-158.611156,45.629416,-159.627005,21.5752667,-158.2733528,204.325556941252
140,928,"2014-12-05T22:35:28.5Z","noon",46.290662,-156.802822,43.93919,-158.611156,21.5752667,-158.2733528,297.473124443988
140,929,"2014-12-06T10:43:35Z","midnight",48.492231,-158.934514,46.290662,-156.802822,21.5752667,-158.2733528,292.681897193542
140,930,"2014-12-06T22:28:48.5Z","noon",52.298961,-155.240764,48.492231,-158.934514,21.5752667,-158.2733528,497.57340827126
140,931,"2014-12-07T10:22:48.5Z","midnight",50.650275,-153.846982,52.298961,-155.240764,21.5752667,-158.2733528,207.177940088389
140,932,"2014-12-07T22:17:23.5Z","noon",51.977391,-152.492815,50.650275,-153.846982,21.5752667,-158.2733528,175.020767570555
140,933,"2014-12-08T09:51:25Z","midnight",46.977391,-146.106792,51.977391,-152.492815,21.5752667,-158.2733528,721.916584552825
140,934,"2014-12-08T22:04:10.5Z","noon",41.977391,-149.296375,46.977391,-146.106792,21.5752667,-158.2733528,610.722903423639
140,935,"2014-12-09T09:43:04Z","midnight",36.977391,-144.128428,41.977391,-149.296375,21.5752667,-158.2733528,710.927756999365
140,936,"2014-12-09T21:18:07.5Z","noon",41.348143,-137.893011,36.977391,-144.128428,21.5752667,-158.2733528,724.341852364022
140,937,"2014-12-10T09:19:33Z","midnight",41.709599,-138.359702,41.348143,-137.893011,21.5752667,-158.2733528,55.8981767980235
140,938,"2014-12-10T21:04:14.5Z","noon",46.670794,-134.532619,41.709599,-138.359702,21.5752667,-158.2733528,630.234052533111
140,939,"2014-12-11T09:02:19Z","midnight",45.956876,-134.163012,46.670794,-134.532619,21.5752667,-158.2733528,84.3066109670276
140,940,"2014-12-11T20:53:40Z","noon",48.442731,-132.000512,45.956876,-134.163012,21.5752667,-158.2733528,321.055936458021
140,941,"2014-12-12T08:58:20Z","midnight",49.554989,-133.279917,48.442731,-132.000512,21.5752667,-158.2733528,154.938765589315
140,942,"2014-12-12T20:43:59Z","noon",52.959006,-129.692417,49.554989,-133.279917,21.5752667,-158.2733528,453.297334721981
140,943,"2014-12-13T08:40:13Z","midnight",52.008258,-128.864479,52.959006,-129.692417,21.5752667,-158.2733528,119.662764094457
140,944,"2014-12-13T20:32:34Z","noon",53.673241,-126.951979,52.008258,-128.864479,21.5752667,-158.2733528,225.317807596538
140,945,"2014-12-14T08:40:13Z","midnight",55.096054,-128.97909,53.673241,-126.951979,21.5752667,-158.2733528,205.554843040329
140,946,"2014-12-14T21:04:02Z","noon",50.096054,-134.933257,55.096054,-128.97909,21.5752667,-158.2733528,685.654397656261
140,947,"2014-12-15T09:36:15.5Z","midnight",55.096054,-143.104891,50.096054,-134.933257,21.5752667,-158.2733528,782.452828607691
140,948,"2014-12-15T21:37:13Z","noon",56.367896,-143.344475,55.096054,-143.104891,21.5752667,-158.2733528,142.215435761487
140,949,"2014-12-16T09:49:08.5Z","midnight",58.241445,-146.441774,56.367896,-143.344475,21.5752667,-158.2733528,279.247898327388
140,950,"2014-12-16T21:51:22Z","noon",57.89777,-146.998024,58.241445,-146.441774,21.5752667,-158.2733528,50.3038803019995
140,951,"2014-12-17T09:47:02.5Z","midnight",57.141169,-146.033379,57.89777,-146.998024,21.5752667,-158.2733528,101.957905400179
140,952,"2014-12-17T21:53:07.5Z","noon",56.104739,-147.554212,57.141169,-146.033379,21.5752667,-158.2733528,148.104037042697
140,953,"2014-12-18T10:12:07.5Z","midnight",59.066364,-152.421261,56.104739,-147.554212,21.5752667,-158.2733528,438.650076742713
140,954,"2014-12-18T22:42:00.5Z","noon",54.066364,-159.892095,59.066364,-152.421261,21.5752667,-158.2733528,719.266340476398
140,955,"2014-12-19T10:47:06.5Z","midnight",54.953761,-161.284477,54.066364,-159.892095,21.5752667,-158.2733528,133.47142974728
140,956,"2014-12-19T22:49:28.5Z","noon",54.50073,-161.876144,54.953761,-161.284477,21.5752667,-158.2733528,63.0946973403311
140,957,"2014-12-20T10:51:13.5Z","midnight",54.80571,-162.43125,54.50073,-161.876144,21.5752667,-158.2733528,49.2460180715005
140,958,"2014-12-20T23:11:56Z","noon",50.350351,-167.608333,54.80571,-162.43125,21.5752667,-158.2733528,606.117599699192
140,959,"2014-12-21T11:27:28Z","midnight",53.77094,-171.609384,50.350351,-167.608333,21.5752667,-158.2733528,468.335344536269
140,960,"2014-12-21T23:49:45.5Z","noon",48.77094,-177.182301,53.77094,-171.609384,21.5752667,-158.2733528,677.350060157752
140,961,"2014-12-22T11:57:00.5Z","midnight",50.439389,-179.112519,48.77094,-177.182301,21.5752667,-158.2733528,231.855921802453
140,962,"2014-12-22T23:45:10.5Z","noon",53.101499,-176.154186,50.439389,-179.112519,21.5752667,-158.2733528,359.181255788521
140,963,"2014-12-23T11:34:20.5Z","midnight",50.681367,-173.56346,53.101499,-176.154186,21.5752667,-158.2733528,322.483288461362
140,964,"2014-12-23T23:58:35.5Z","noon",45.681367,-179.62596,50.681367,-173.56346,21.5752667,-158.2733528,714.444931766993
140,965,"2014-12-24T11:47:30Z","midnight",40.681367,-176.970429,45.681367,-179.62596,21.5752667,-158.2733528,596.119108416185
140,966,"2014-12-24T23:39:46Z","noon",42.93668,-175.037096,40.681367,-176.970429,21.5752667,-158.2733528,297.580221318931
140,967,"2014-12-25T11:29:43.5Z","midnight",39.47113,-172.643733,42.93668,-175.037096,21.5752667,-158.2733528,434.216833768411
140,968,"2014-12-25T23:15:00.5Z","noon",44.457009,-168.964567,39.47113,-172.643733,21.5752667,-158.2733528,632.20634693842
140,969,"2014-12-26T11:09:31Z","midnight",42.729733,-167.708262,44.457009,-168.964567,21.5752667,-158.2733528,217.075644906992
140,970,"2014-12-26T23:12:37Z","noon",41.683781,-168.483262,42.729733,-167.708262,21.5752667,-158.2733528,132.668593391683
140,971,"2014-12-27T11:32:56.5Z","midnight",46.683781,-173.680573,41.683781,-168.483262,21.5752667,-158.2733528,693.096225941356
140,972,"2014-12-27T23:44:13Z","noon",44.685535,-176.499323,46.683781,-173.680573,21.5752667,-158.2733528,311.915111561306
140,973,"2014-12-28T11:41:47.5Z","midnight",43.984385,-176.008473,44.685535,-176.499323,21.5752667,-158.2733528,87.1918673656883
140,974,"2014-12-28T23:47:28.5Z","noon",42.113581,-177.429306,43.984385,-176.008473,21.5752667,-158.2733528,237.905379306155
140,975,"2014-12-29T11:41:11.5Z","midnight",39.970374,-175.973104,42.113581,-177.429306,21.5752667,-158.2733528,267.77278814629
140,976,"2014-12-29T23:39:09Z","noon",40.70719,-175.462687,39.970374,-175.973104,21.5752667,-158.2733528,92.6497889670948
140,977,"2014-12-30T11:34:49Z","midnight",39.204252,-174.49311,40.70719,-175.462687,21.5752667,-158.2733528,186.432994294938
140,978,"2014-12-30T23:32:03.5Z","noon",40.222065,-173.803527,39.204252,-174.49311,21.5752667,-158.2733528,127.623049518861
140,979,"2014-12-31T11:39:39Z","midnight",42.961164,-175.814218,40.222065,-173.803527,21.5752667,-158.2733528,347.428283541554
140,980,"2014-12-31T23:39:15.5Z","noon",43.09154,-175.716302,42.961164,-175.814218,21.5752667,-158.2733528,16.538413582584
140,981,"2015-01-01T11:37:02Z","midnight",42.44952,-175.160052,43.09154,-175.716302,21.5752667,-158.2733528,84.6044725838462
140,982,"2015-01-01T23:51:50Z","noon",37.44952,-178.860052,42.44952,-175.160052,21.5752667,-158.2733528,639.04185192401
140,983,"2015-01-02T11:42:05Z","midnight",32.939472,-176.53424,37.44952,-178.860052,21.5752667,-158.2733528,544.153526301861
140,984,"2015-01-02T23:30:23.5Z","noon",37.844591,-173.611324,32.939472,-176.53424,21.5752667,-158.2733528,606.2798092667
140,985,"2015-01-03T11:42:55Z","midnight",42.584085,-176.853072,37.844591,-173.611324,21.5752667,-158.2733528,594.443556901246
140,986,"2015-01-03T23:44:53.5Z","noon",41.899323,-177.346822,42.584085,-176.853072,21.5752667,-158.2733528,86.3108915163463
140,987,"2015-01-04T11:37:22Z","midnight",39.282391,-175.57478,41.899323,-177.346822,21.5752667,-158.2733528,327.185725032904
140,988,"2015-01-04T23:52:32.5Z","noon",34.282391,-179.36853,39.282391,-175.57478,21.5752667,-158.2733528,650.423004157783
140,989,"2015-01-05T12:01:55.5Z","midnight",37.141304,178.177822,34.282391,-179.36853,21.5752667,-158.2733528,387.434464739801
140,990,"2015-01-05T23:56:51Z","noon",39.156921,179.446572,37.141304,178.177822,21.5752667,-158.2733528,250.075226362622
140,991,"2015-01-06T12:18:01Z","midnight",44.156921,174.048582,39.156921,179.446572,21.5752667,-158.2733528,713.948339345647
140,992,"2015-01-07T00:50:08Z","noon",39.156921,165.91468,44.156921,174.048582,21.5752667,-158.2733528,874.314523199243
140,993,"2015-01-07T12:56:38.5Z","midnight",37.727716,164.287597,39.156921,165.91468,21.5752667,-158.2733528,212.914470521298
140,994,"2015-01-08T01:01:30.5Z","noon",35.692272,162.967878,37.727716,164.287597,21.5752667,-158.2733528,255.071181568982
140,995,"2015-01-08T13:20:19Z","midnight",40.692272,158.265795,35.692272,162.967878,21.5752667,-158.2733528,691.105184783933
140,996,"2015-01-09T01:19:50Z","noon",43.336422,158.285354,40.692272,158.265795,21.5752667,-158.2733528,294.020502855846
140,997,"2015-01-09T13:20:21Z","midnight",43.71809,158.156187,43.336422,158.285354,21.5752667,-158.2733528,43.6984829814687
140,998,"2015-01-10T01:29:30Z","noon",40.397487,155.769281,43.71809,158.156187,21.5752667,-158.2733528,418.481403300804
140,999,"2015-01-10T13:31:12Z","midnight",41.254933,155.344281,40.397487,155.769281,21.5752667,-158.2733528,101.828757707019
140,1000,"2015-01-11T01:15:08Z","noon",46.254933,159.263499,41.254933,155.344281,21.5752667,-158.2733528,638.70079683135
140,1001,"2015-01-11T13:00:56Z","midnight",42.175915,162.813499,46.254933,159.263499,21.5752667,-158.2733528,534.437999799712
140,1002,"2015-01-12T01:01:50Z","noon",41.842697,162.493095,42.175915,162.813499,21.5752667,-158.2733528,45.5372453283505
140,1003,"2015-01-12T13:01:50Z","midnight",42.082138,162.493095,41.842697,162.493095,21.5752667,-158.2733528,26.6246244306992
140,1004,"2015-01-13T00:52:06Z","noon",45.503595,164.833153,42.082138,162.493095,21.5752667,-158.2733528,424.238317563705
140,1005,"2015-01-13T12:45:57.5Z","midnight",43.64696,166.368569,45.503595,164.833153,21.5752667,-158.2733528,239.595393944602
140,1006,"2015-01-14T00:47:06.5Z","noon",43.233099,165.990005,43.64696,166.368569,21.5752667,-158.2733528,55.2443963486725
140,1007,"2015-01-14T12:49:35.5Z","midnight",44.387882,165.369172,43.233099,165.990005,21.5752667,-158.2733528,137.729795951218
140,1008,"2015-01-15T01:06:53.5Z","noon",39.387882,160.955398,44.387882,165.369172,21.5752667,-158.2733528,665.044278075693
140,1009,"2015-01-15T12:56:57Z","midnight",34.387882,163.440814,39.387882,160.955398,21.5752667,-158.2733528,598.231125583062
140,1010,"2015-01-16T01:02:34.5Z","noon",30.474997,161.948158,34.387882,163.440814,21.5752667,-158.2733528,457.070747330503
140,1011,"2015-01-16T13:11:43.5Z","midnight",35.244915,159.660658,30.474997,161.948158,21.5752667,-158.2733528,571.75524952164
140,1012,"2015-01-17T00:58:49Z","noon",40.244915,162.803777,35.244915,159.660658,21.5752667,-158.2733528,620.759260538514
140,1013,"2015-01-17T12:42:24.5Z","midnight",35.244915,166.90586,40.244915,162.803777,21.5752667,-158.2733528,662.531393133708
140,1014,"2015-01-18T00:38:32.5Z","noon",35.700917,167.791075,35.244915,166.90586,21.5752667,-158.2733528,94.851221825774
140,1015,"2015-01-18T12:37:10.5Z","midnight",35.347872,168.132742,35.700917,167.791075,21.5752667,-158.2733528,49.9714579442075
140,1016,"2015-01-19T00:30:16.5Z","noon",38.530455,169.778872,35.347872,168.132742,21.5752667,-158.2733528,382.9157024942
140,1017,"2015-01-19T12:16:32Z","midnight",33.530455,173.214289,38.530455,169.778872,21.5752667,-158.2733528,635.905906495061
140,1018,"2015-01-19T23:54:59.5Z","noon",38.530455,178.599706,33.530455,173.214289,21.5752667,-158.2733528,737.012419261502
140,1019,"2015-01-20T11:54:55Z","midnight",42.4717,178.542233,38.530455,178.599706,21.5752667,-158.2733528,438.273355737507
140,1020,"2015-01-20T23:33:10Z","noon",47.4717,-176.020267,42.4717,178.542233,21.5752667,-158.2733528,701.099072933848
140,1021,"2015-01-21T11:16:05Z","midnight",44.666443,-171.822945,47.4717,-176.020267,21.5752667,-158.2733528,449.486687933297
140,1022,"2015-01-21T23:05:53Z","noon",48.292511,-169.272945,44.666443,-171.822945,21.5752667,-158.2733528,447.924667276043
140,1023,"2015-01-22T10:46:09Z","midnight",43.292511,-164.410355,48.292511,-169.272945,21.5752667,-158.2733528,671.431338973192
140,1024,"2015-01-22T22:45:24Z","noon",41.495576,-164.222855,43.292511,-164.410355,21.5752667,-158.2733528,200.402282405926
140,1025,"2015-01-23T10:47:08.5Z","midnight",42.625175,-164.726188,41.495576,-164.222855,21.5752667,-158.2733528,132.299781995494
140,1026,"2015-01-23T22:37:51.5Z","noon",46.286457,-162.405354,42.625175,-164.726188,21.5752667,-158.2733528,446.796932193314
140,1027,"2015-01-24T10:47:22.5Z","midnight",49.994936,-164.849558,46.286457,-162.405354,21.5752667,-158.2733528,450.42097727581
140,1028,"2015-01-24T22:50:21.5Z","noon",49.009233,-165.595391,49.994936,-164.849558,21.5752667,-158.2733528,122.121328030082
140,1029,"2015-01-25T10:40:17.5Z","midnight",45.788581,-163.140832,49.009233,-165.595391,21.5752667,-158.2733528,402.911487760355
140,1030,"2015-01-25T22:39:35Z","noon",46.06282,-162.963749,45.788581,-163.140832,21.5752667,-158.2733528,33.4287424449038
140,1031,"2015-01-26T10:41:50.5Z","midnight",47.365086,-163.587464,46.06282,-162.963749,21.5752667,-158.2733528,152.411751670643
140,1032,"2015-01-26T22:47:22Z","noon",45.219293,-164.968714,47.365086,-163.587464,21.5752667,-158.2733528,261.127290897214
140,1033,"2015-01-27T10:50:04Z","midnight",46.751838,-165.699825,45.219293,-164.968714,21.5752667,-158.2733528,179.527177819947
140,1034,"2015-01-27T22:50:17.5Z","noon",46.664219,-165.756075,46.751838,-165.699825,21.5752667,-158.2733528,10.6450498583477
140,1035,"2015-01-28T10:52:23.5Z","midnight",47.951264,-166.334128,46.664219,-165.756075,21.5752667,-158.2733528,149.600923815146
140,1036,"2015-02-02T22:59:20.5Z","noon",42.951264,-168.289839,47.951264,-166.334128,21.5752667,-158.2733528,576.471344511651
150,1,"2013-05-30T10:35:06.5Z","midnight",21.523924,-158.124163,21.5752667,-158.2733528,21.5752667,-158.2733528,16.4518911089594
150,2,"2013-05-30T22:19:38.5Z","noon",16.523924,-154.257496,21.523924,-158.124163,21.5752667,-158.2733528,688.60534599982
150,3,"2013-05-31T10:30:07Z","midnight",11.523924,-156.911086,16.523924,-154.257496,21.5752667,-158.2733528,625.297030001432
150,4,"2013-05-31T22:35:07Z","noon",10.165186,-158.161086,11.523924,-156.911086,21.5752667,-158.2733528,203.619685033855
150,5,"2013-06-01T10:23:00Z","midnight",15.165186,-155.168406,10.165186,-158.161086,21.5752667,-158.2733528,643.772233428793
150,6,"2013-06-01T21:53:00Z","noon",10.165186,-147.668406,15.165186,-155.168406,21.5752667,-158.2733528,985.209105306279
150,7,"2013-06-02T22:37:47.5Z","noon",14.08884,-158.904387,10.165186,-147.668406,21.5752667,-158.2733528,1296.74328461515
150,8,"2013-06-03T10:55:30Z","midnight",9.08884,-163.371042,14.08884,-158.904387,21.5752667,-158.2733528,738.687510611351
150,9,"2013-06-03T23:01:45Z","noon",7.561989,-164.933542,9.08884,-163.371042,21.5752667,-158.2733528,241.611530161857
150,10,"2013-06-04T10:41:45Z","midnight",12.561989,-159.974547,7.561989,-164.933542,21.5752667,-158.2733528,776.965009707978
150,11,"2013-06-04T22:30:30Z","noon",12.434764,-157.162047,12.561989,-159.974547,21.5752667,-158.2733528,305.650616666699
150,12,"2013-06-05T10:21:28Z","midnight",17.127762,-154.946079,12.434764,-157.162047,21.5752667,-158.2733528,573.618975131552
150,13,"2013-06-05T22:08:58Z","noon",12.127762,-151.821079,17.127762,-154.946079,21.5752667,-158.2733528,649.664696404621
150,14,"2013-06-06T10:10:00.5Z","midnight",9.803162,-152.125143,12.127762,-151.821079,21.5752667,-158.2733528,260.605925059039
150,15,"2013-06-06T22:20:00.5Z","noon",14.803162,-154.625143,9.803162,-152.125143,21.5752667,-158.2733528,618.726069079918
150,16,"2013-06-07T10:35:30Z","midnight",9.803162,-158.54291,14.803162,-154.625143,21.5752667,-158.2733528,700.096319684106
150,17,"2013-06-07T22:28:00Z","noon",4.803162,-156.66791,9.803162,-158.54291,21.5752667,-158.2733528,593.165334437039
150,18,"2013-06-08T10:30:30Z","midnight",0.794711,-157.338885,4.803162,-156.66791,21.5752667,-158.2733528,451.903471101407
150,19,"2013-06-08T22:40:30Z","noon",5.794711,-159.838885,0.794711,-157.338885,21.5752667,-158.2733528,621.353426069648
150,20,"2013-06-09T10:24:15Z","midnight",10.794711,-155.823403,5.794711,-159.838885,21.5752667,-158.2733528,710.062275987329
150,21,"2013-06-09T22:18:00Z","noon",12.097673,-154.260903,10.794711,-155.823403,21.5752667,-158.2733528,223.577880742506
150,22,"2013-06-10T10:16:45Z","midnight",12.709436,-153.996379,12.097673,-154.260903,21.5752667,-158.2733528,73.8419564120476
150,23,"2013-06-10T21:54:33.5Z","noon",7.709436,-148.448462,12.709436,-153.996379,21.5752667,-158.2733528,823.074612970094
150,24,"2013-06-11T22:42:39Z","noon",10.46319,-160.520229,7.709436,-148.448462,21.5752667,-158.2733528,1360.19039470007
150,25,"2013-06-12T10:28:31.5Z","midnight",15.46319,-157.038619,10.46319,-160.520229,21.5752667,-158.2733528,671.814134490742
150,26,"2013-06-12T22:26:23.5Z","noon",16.658158,-156.505285,15.46319,-157.038619,21.5752667,-158.2733528,144.579522826942
150,27,"2013-06-13T10:27:41.5Z","midnight",15.957007,-156.880626,16.658158,-156.505285,21.5752667,-158.2733528,87.6526233869822
150,28,"2013-06-13T22:27:40.5Z","noon",15.948629,-156.87646,15.957007,-156.880626,21.5752667,-158.2733528,1.03258963286243
150,29,"2013-06-14T10:25:30Z","midnight",16.984167,-156.383665,15.948629,-156.87646,21.5752667,-158.2733528,126.570230426227
150,30,"2013-06-14T22:30:30Z","noon",19.399476,-157.633665,16.984167,-156.383665,21.5752667,-158.2733528,299.270175290537
150,31,"2013-06-15T10:33:00Z","midnight",18.160162,-158.310145,19.399476,-157.633665,21.5752667,-158.2733528,155.118871677121
150,32,"2013-06-15T22:18:22.5Z","noon",13.160162,-154.653895,18.160162,-158.310145,21.5752667,-158.2733528,679.873945588838
150,33,"2013-06-16T10:16:10Z","midnight",11.859217,-154.153728,13.160162,-154.653895,21.5752667,-158.2733528,154.511976753889
150,34,"2013-06-16T22:13:18.5Z","noon",10.341926,-153.439144,11.859217,-154.153728,21.5752667,-158.2733528,185.859973042906
150,35,"2013-06-17T10:18:01Z","midnight",7.771339,-154.668489,10.341926,-153.439144,21.5752667,-158.2733528,316.104554973358
150,36,"2013-06-17T22:41:45Z","noon",12.771339,-160.601822,7.771339,-154.668489,21.5752667,-158.2733528,854.541465210729
150,37,"2013-06-18T10:35:18.5Z","midnight",17.771339,-159.043922,12.771339,-160.601822,21.5752667,-158.2733528,580.528177259062
150,38,"2013-06-18T22:24:48.5Z","noon",17.915998,-156.418922,17.771339,-159.043922,21.5752667,-158.2733528,278.308653531335
150,39,"2013-06-19T10:28:45Z","midnight",15.970092,-157.457018,17.915998,-156.418922,21.5752667,-158.2733528,242.91828737737
150,40,"2013-06-19T22:28:00Z","noon",15.597186,-157.269518,15.970092,-157.457018,21.5752667,-158.2733528,46.0639509305448
150,41,"2013-06-20T10:24:15Z","midnight",17.426901,-156.384769,15.597186,-157.269518,21.5752667,-158.2733528,224.253646021063
150,42,"2013-06-20T22:31:45Z","noon",20.95305,-158.259769,17.426901,-156.384769,21.5752667,-158.2733528,438.735890759012
150,43,"2013-06-21T10:43:00Z","midnight",15.95305,-161.125,20.95305,-158.259769,21.5752667,-158.2733528,632.743363730482
150,44,"2013-06-21T22:46:55Z","noon",17.499065,-162.104167,15.95305,-161.125,21.5752667,-158.2733528,201.058425702235
150,45,"2013-06-22T10:36:20.5Z","midnight",22.39619,-159.513036,17.499065,-162.104167,21.5752667,-158.2733528,608.117231817915
150,46,"2013-06-22T22:36:10.5Z","noon",22.32234,-159.47137,22.39619,-159.513036,21.5752667,-158.2733528,9.26237463457719
150,47,"2013-06-23T10:53:23.5Z","midnight",17.32234,-163.827952,22.32234,-159.47137,21.5752667,-158.2733528,718.748800283926
150,48,"2013-06-23T21:54:38.5Z","noon",12.32234,-149.140452,17.32234,-163.827952,21.5752667,-158.2733528,1673.01950284075
150,49,"2013-06-24T22:25:41Z","noon",16.072164,-156.95299,12.32234,-149.140452,21.5752667,-158.2733528,939.552240262483
150,50,"2013-06-25T10:26:05Z","midnight",15.887079,-157.104724,16.072164,-156.95299,21.5752667,-158.2733528,26.2039914470069
150,51,"2013-06-25T22:34:29Z","noon",19.925356,-159.204724,15.887079,-157.104724,21.5752667,-158.2733528,500.977058429655
150,52,"2013-06-26T10:34:01.5Z","midnight",20.159774,-159.141397,19.925356,-159.204724,21.5752667,-158.2733528,26.8924112734338
150,53,"2013-06-26T22:11:17.5Z","noon",15.159774,-153.458064,20.159774,-159.141397,21.5752667,-158.2733528,819.388078828358
150,54,"2013-06-27T10:10:55Z","midnight",10.159774,-153.415003,15.159774,-153.458064,21.5752667,-158.2733528,555.994246516609
150,55,"2013-06-27T22:35:55Z","noon",15.159774,-159.665003,10.159774,-153.415003,21.5752667,-158.2733528,876.659753921886
150,56,"2013-06-28T10:37:01.5Z","midnight",20.159774,-159.992117,15.159774,-159.665003,21.5752667,-158.2733528,557.053018831582
150,57,"2013-06-28T22:32:01.5Z","noon",18.589211,-158.742117,20.159774,-159.992117,21.5752667,-158.2733528,218.380894108747
150,58,"2013-06-29T10:30:12.5Z","midnight",19.490399,-158.337234,18.589211,-158.742117,21.5752667,-158.2733528,108.869997485392
150,59,"2013-06-29T22:32:14Z","noon",20.436983,-158.843484,19.490399,-158.337234,21.5752667,-158.2733528,117.805090451034
150,60,"2013-06-30T10:31:16.5Z","midnight",20.927348,-158.652349,20.436983,-158.843484,21.5752667,-158.2733528,58.0383314372303
150,61,"2013-06-30T22:14:15Z","noon",15.927348,-154.396099,20.927348,-158.652349,21.5752667,-158.2733528,714.517094275443
150,62,"2013-07-01T10:18:00Z","midnight",10.927348,-155.381125,15.927348,-154.396099,21.5752667,-158.2733528,566.082363060888
150,63,"2013-07-01T22:40:43.5Z","noon",15.927348,-161.062375,10.927348,-155.381125,21.5752667,-158.2733528,828.473951199578
150,64,"2013-07-02T10:40:24Z","midnight",20.927348,-161.027642,15.927348,-161.062375,21.5752667,-158.2733528,555.986696855667
150,65,"2013-07-02T22:25:49.5Z","noon",15.927348,-157.383892,20.927348,-161.027642,21.5752667,-158.2733528,675.821538451638
150,66,"2013-07-03T10:25:29.5Z","midnight",15.283828,-157.345982,15.927348,-157.383892,21.5752667,-158.2733528,71.671244875508
150,67,"2013-07-03T22:40:17.5Z","noon",20.283828,-161.045982,15.283828,-157.345982,21.5752667,-158.2733528,680.038647516258
150,68,"2013-07-04T10:40:37.5Z","midnight",22.332938,-161.17356,20.283828,-161.045982,21.5752667,-158.2733528,228.233552135412
150,69,"2013-07-04T22:21:55.5Z","noon",17.332938,-156.49856,22.332938,-161.17356,21.5752667,-158.2733528,740.273627790189
150,70,"2013-07-05T10:21:16.5Z","midnight",13.543868,-156.379046,17.332938,-156.49856,21.5752667,-158.2733528,421.519961451903
150,71,"2013-07-05T22:24:31.5Z","noon",15.235629,-157.191546,13.543868,-156.379046,21.5752667,-158.2733528,207.472732220767
150,72,"2013-07-06T10:25:56.5Z","midnight",14.569526,-157.587357,15.235629,-157.191546,21.5752667,-158.2733528,85.4101299008893
150,73,"2013-07-06T22:38:41.5Z","noon",19.569526,-160.774857,14.569526,-157.587357,21.5752667,-158.2733528,651.007879342395
150,74,"2013-07-07T10:40:10.5Z","midnight",20.289199,-161.185915,19.569526,-160.774857,21.5752667,-158.2733528,90.8308891545655
150,75,"2013-07-07T22:42:36Z","noon",21.437006,-161.792165,20.289199,-161.185915,21.5752667,-158.2733528,142.328119325487
150,76,"2013-07-08T10:43:48.5Z","midnight",20.967937,-162.132976,21.437006,-161.792165,21.5752667,-158.2733528,62.9979999374457
150,77,"2013-07-08T22:46:59Z","noon",22.454286,-162.926726,20.967937,-162.132976,21.5752667,-158.2733528,184.496743009886
150,78,"2013-07-09T10:45:53.5Z","midnight",23.068752,-162.690963,22.454286,-162.926726,21.5752667,-158.2733528,72.4758624025179
150,79,"2013-07-09T22:40:41.5Z","noon",20.628026,-161.390963,23.068752,-162.690963,21.5752667,-158.2733528,302.743344105775
150,80,"2013-07-10T10:52:42.5Z","midnight",15.628026,-164.430637,20.628026,-161.390963,21.5752667,-158.2733528,642.028662599566
150,81,"2013-07-10T23:11:55Z","noon",20.628026,-169.23272,15.628026,-164.430637,21.5752667,-158.2733528,752.592788646361
150,82,"2013-07-11T11:07:51.5Z","midnight",25.628026,-168.251925,20.628026,-169.23272,21.5752667,-158.2733528,564.93965530661
150,83,"2013-07-11T23:14:55.5Z","noon",28.995306,-170.018592,25.628026,-168.251925,21.5752667,-158.2733528,413.090208119704
150,84,"2013-07-12T11:29:10.5Z","midnight",23.995306,-173.613093,28.995306,-170.018592,21.5752667,-158.2733528,660.995402495458
150,85,"2013-07-12T23:24:27.5Z","noon",20.668197,-172.433926,23.995306,-173.613093,21.5752667,-158.2733528,389.322539651268
150,86,"2013-07-13T11:19:58.5Z","midnight",22.957034,-171.343237,20.668197,-172.433926,21.5752667,-158.2733528,278.29687862481
150,87,"2013-07-13T23:30:35Z","noon",27.702069,-173.995321,22.957034,-171.343237,21.5752667,-158.2733528,591.070336511831
150,88,"2013-07-14T11:30:49Z","midnight",27.768793,-174.081878,27.702069,-173.995321,21.5752667,-158.2733528,11.2968286992452
150,89,"2013-07-14T23:28:10.5Z","noon",26.627545,-173.421462,27.768793,-174.081878,21.5752667,-158.2733528,142.722402481069
150,90,"2013-07-15T11:34:25.5Z","midnight",23.96153,-175.010203,26.627545,-173.421462,21.5752667,-158.2733528,336.725815185767
150,91,"2013-07-15T23:45:21Z","noon",28.803129,-177.741453,23.96153,-175.010203,21.5752667,-158.2733528,603.138238892449
150,92,"2013-07-16T11:44:56.5Z","midnight",29.159946,-177.663567,28.803129,-177.741453,21.5752667,-158.2733528,40.3930658492955
150,93,"2013-07-16T23:49:12.5Z","noon",30.902693,-178.730234,29.159946,-177.663567,21.5752667,-158.2733528,219.305724297412
150,94,"2013-07-17T11:58:51.5Z","midnight",27.031026,178.83517,30.902693,-178.730234,21.5752667,-158.2733528,491.317400250939
150,95,"2013-07-17T23:56:08.5Z","noon",25.806899,179.514337,27.031026,178.83517,21.5752667,-158.2733528,151.992316142896
150,96,"2013-07-18T11:55:39Z","midnight",26.22263,179.617314,25.806899,179.514337,21.5752667,-158.2733528,47.3586613731808
150,97,"2013-07-18T23:59:15Z","noon",27.835484,178.717314,26.22263,179.617314,21.5752667,-158.2733528,200.272536534905
150,98,"2013-07-19T11:55:38.5Z","midnight",29.603581,179.601666,27.835484,178.717314,21.5752667,-158.2733528,214.68306889459
150,99,"2013-07-20T00:01:53.5Z","noon",32.16392,178.023693,29.603581,179.601666,21.5752667,-158.2733528,322.055130548101
150,100,"2013-07-20T11:59:15Z","midnight",33.426182,178.68411,32.16392,178.023693,21.5752667,-158.2733528,153.33106480184
150,101,"2013-07-21T00:02:24Z","noon",34.616179,177.883442,33.426182,178.68411,21.5752667,-158.2733528,151.504562223688
150,102,"2013-07-21T12:33:29.5Z","midnight",29.616179,170.110525,34.616179,177.883442,21.5752667,-158.2733528,918.707255822246
150,103,"2013-07-22T00:47:43Z","noon",27.939291,166.543457,29.616179,170.110525,21.5752667,-158.2733528,394.467446240512
150,104,"2013-07-22T12:42:20.5Z","midnight",30.533476,167.887207,27.939291,166.543457,21.5752667,-158.2733528,316.549349130457
150,105,"2013-07-23T00:46:43Z","noon",32.351475,166.785028,30.533476,167.887207,21.5752667,-158.2733528,227.588458272782
150,106,"2013-07-23T12:46:00Z","midnight",32.899535,166.964194,32.351475,166.785028,21.5752667,-158.2733528,63.2091006806893
150,107,"2013-07-24T00:44:30Z","noon",32.289724,167.333193,32.899535,166.964194,21.5752667,-158.2733528,76.1109085635846
150,108,"2013-07-24T12:40:27.5Z","midnight",34.180439,168.34361,32.289724,167.333193,21.5752667,-158.2733528,230.28129131939
150,109,"2013-07-25T00:49:47.5Z","noon",37.641532,166.006738,34.180439,168.34361,21.5752667,-158.2733528,438.600303465763
150,110,"2013-07-25T12:50:34Z","midnight",37.657971,165.812988,37.641532,166.006738,21.5752667,-158.2733528,17.1553406395277
150,111,"2013-07-26T01:01:17.5Z","noon",41.216331,163.130694,37.657971,165.812988,21.5752667,-158.2733528,457.779297093062
150,112,"2013-07-26T13:07:27Z","midnight",39.532213,161.59111,41.216331,163.130694,21.5752667,-158.2733528,228.196252443487
150,113,"2013-07-27T00:50:05.5Z","noon",34.532213,165.932172,39.532213,161.59111,21.5752667,-158.2733528,676.250410136615
150,114,"2013-07-27T13:05:45Z","midnight",29.532213,162.017589,34.532213,165.932172,21.5752667,-158.2733528,667.138203975984
150,115,"2013-07-28T01:30:36.5Z","noon",34.532213,155.807032,29.532213,162.017589,21.5752667,-158.2733528,807.020196150071
150,116,"2013-07-28T13:27:27Z","midnight",38.433039,156.596615,34.532213,155.807032,21.5752667,-158.2733528,439.45312285024
150,117,"2013-07-29T01:27:35.5Z","noon",38.483675,156.567796,38.433039,156.596615,21.5752667,-158.2733528,6.16432689935185
150,118,"2013-07-29T13:32:12Z","midnight",37.117021,155.415712,38.483675,156.567796,21.5752667,-158.2733528,182.586882728113
150,119,"2013-07-30T01:32:43Z","noon",37.312369,155.295731,37.117021,155.415712,21.5752667,-158.2733528,24.1808929926914
150,120,"2013-07-30T13:38:48.5Z","midnight",35.258884,153.772815,37.312369,155.295731,21.5752667,-158.2733528,266.016699787648
150,121,"2013-07-31T01:49:22Z","noon",39.290318,151.145022,35.258884,153.772815,21.5752667,-158.2733528,504.924264574689
150,122,"2013-07-31T14:02:00Z","midnight",34.742351,147.986688,39.290318,151.145022,21.5752667,-158.2733528,578.148787558624
150,123,"2013-08-01T01:36:02.5Z","noon",29.742351,154.490679,34.742351,147.986688,21.5752667,-158.2733528,826.219131768002
150,124,"2013-08-01T13:28:23Z","midnight",26.384015,156.405262,29.742351,154.490679,21.5752667,-158.2733528,417.998346972182
150,125,"2013-08-02T01:31:50.5Z","noon",28.188796,155.557711,26.384015,156.405262,21.5752667,-158.2733528,217.457006521006
150,126,"2013-08-02T13:22:09Z","midnight",33.188796,157.980628,28.188796,155.557711,21.5752667,-158.2733528,602.257021610533
150,127,"2013-08-03T01:28:32.5Z","noon",35.983,156.402374,33.188796,157.980628,21.5752667,-158.2733528,342.635776906626
150,128,"2013-08-03T13:47:50.5Z","midnight",30.983,151.577374,35.983,156.402374,21.5752667,-158.2733528,713.45396686391
150,129,"2013-08-04T01:52:11.5Z","noon",29.450574,150.51217,30.983,151.577374,21.5752667,-158.2733528,198.771310768292
150,130,"2013-08-04T13:30:01.5Z","midnight",34.450574,156.053837,29.450574,150.51217,21.5752667,-158.2733528,762.920308809965
150,131,"2013-08-05T01:26:44Z","noon",38.352764,156.901681,34.450574,156.053837,21.5752667,-158.2733528,440.482013028835
150,132,"2013-08-05T13:26:56Z","midnight",38.680124,156.851681,38.352764,156.901681,21.5752667,-158.2733528,36.6597796552457
150,133,"2013-08-06T01:21:02.5Z","noon",36.233606,158.352152,38.680124,156.851681,21.5752667,-158.2733528,302.55489673138
150,134,"2013-08-06T13:15:27.5Z","midnight",38.976026,159.747985,36.233606,158.352152,21.5752667,-158.2733528,328.78858641079
150,135,"2013-08-07T01:14:45.5Z","noon",38.694077,159.953158,38.976026,159.747985,21.5752667,-158.2733528,36.0377328733664
150,136,"2013-08-07T13:19:48.5Z","midnight",37.001665,158.690658,38.694077,159.953158,21.5752667,-158.2733528,218.403855067879
150,137,"2013-08-08T01:20:34.5Z","noon",37.334049,158.53177,37.001665,158.690658,21.5752667,-158.2733528,39.5500562459069
150,138,"2013-08-08T13:23:32Z","midnight",36.468291,157.792187,37.334049,158.53177,21.5752667,-158.2733528,116.585095673083
150,139,"2013-08-09T01:28:32Z","noon",38.644176,156.577558,36.468291,157.792187,21.5752667,-158.2733528,264.572369467669
150,140,"2013-08-09T13:36:24Z","midnight",35.594172,154.610891,38.644176,156.577558,21.5752667,-158.2733528,381.320162117774
150,141,"2013-08-10T01:36:51Z","noon",35.80591,154.536336,35.594172,154.610891,21.5752667,-158.2733528,24.4878014398837
150,142,"2013-08-10T13:38:50Z","midnight",35.320334,154.040502,35.80591,154.536336,21.5752667,-158.2733528,70.1913439344
150,143,"2013-08-11T01:32:41Z","noon",32.1983,155.618499,35.320334,154.040502,21.5752667,-158.2733528,376.541949272973
150,144,"2013-08-11T13:40:40.5Z","midnight",28.123407,153.620582,32.1983,155.618499,21.5752667,-158.2733528,492.10731026177
150,145,"2013-08-12T01:53:34.5Z","noon",33.123407,150.438604,28.123407,153.620582,21.5752667,-158.2733528,633.786463156947
150,146,"2013-08-12T14:08:03.5Z","midnight",28.123407,146.817771,33.123407,150.438604,21.5752667,-158.2733528,654.965852501994
150,147,"2013-08-13T02:13:33.5Z","noon",30.873504,145.488292,28.123407,146.817771,21.5752667,-158.2733528,331.753965754619
150,148,"2013-08-13T14:01:29Z","midnight",35.873504,148.507042,30.873504,145.488292,21.5752667,-158.2733528,622.547943816597
150,149,"2013-08-14T01:18:27Z","noon",30.873504,159.313362,35.873504,148.507042,21.5752667,-158.2733528,1146.15607181813
150,150,"2013-08-14T13:20:49Z","midnight",25.873504,158.721695,30.873504,159.313362,21.5752667,-158.2733528,558.97646335603
150,151,"2013-08-15T02:02:20.5Z","noon",30.873504,148.390863,25.873504,158.721695,21.5752667,-158.2733528,1152.75887824577
150,152,"2013-08-15T14:06:14Z","midnight",34.778867,147.417946,30.873504,148.390863,21.5752667,-158.2733528,443.661887304503
150,153,"2013-08-16T02:06:21Z","noon",34.842153,147.44159,34.778867,147.417946,21.5752667,-158.2733528,7.3607124190418
150,154,"2013-08-16T14:00:44Z","midnight",38.301077,148.845757,34.842153,147.44159,21.5752667,-158.2733528,404.523807021721
150,155,"2013-08-17T01:08:27.5Z","noon",33.301077,161.969669,38.301077,148.845757,21.5752667,-158.2733528,1305.98154089936
150,156,"2013-08-18T01:46:11.5Z","noon",28.301077,152.593804,33.301077,161.969669,21.5752667,-158.2733528,1053.32855691683
150,157,"2013-08-18T13:45:45Z","midnight",24.886384,152.704221,28.301077,152.593804,21.5752667,-158.2733528,379.85514804327
150,158,"2013-08-19T01:55:37.5Z","noon",29.886384,150.295199,24.886384,152.704221,21.5752667,-158.2733528,604.659812454003
150,159,"2013-08-19T13:48:00Z","midnight",34.886384,152.201449,29.886384,150.295199,21.5752667,-158.2733528,584.038822010023
150,160,"2013-08-20T01:43:00Z","noon",33.898005,153.513384,34.886384,152.201449,21.5752667,-158.2733528,162.999072877788
150,161,"2013-08-20T13:44:38.5Z","midnight",33.482308,153.102968,33.898005,153.513384,21.5752667,-158.2733528,59.8199366357847
150,162,"2013-08-21T01:19:54Z","noon",28.482308,159.352474,33.482308,153.102968,21.5752667,-158.2733528,814.545414031046
150,163,"2013-08-21T13:13:47.5Z","midnight",23.482308,160.879558,28.482308,159.352474,21.5752667,-158.2733528,576.525554468604
150,164,"2013-08-22T01:38:37.5Z","noon",28.482308,154.737412,23.482308,160.879558,21.5752667,-158.2733528,827.984983308355
150,165,"2013-08-22T13:48:05.5Z","midnight",32.59407,152.370745,28.482308,154.737412,21.5752667,-158.2733528,510.260114800374
150,166,"2013-08-23T01:31:45Z","noon",27.59407,156.524387,32.59407,152.370745,21.5752667,-158.2733528,684.523023728372
150,167,"2013-08-23T13:23:30Z","midnight",27.256699,158.586887,27.59407,156.524387,21.5752667,-158.2733528,206.98934903152
150,168,"2013-08-24T01:12:15Z","noon",22.256699,161.469588,27.256699,158.586887,21.5752667,-158.2733528,627.491300383505
150,169,"2013-08-24T13:18:39Z","midnight",17.256699,159.869588,22.256699,161.469588,21.5752667,-158.2733528,580.619359956927
150,170,"2013-08-25T01:46:48Z","noon",22.256699,152.904198,17.256699,159.869588,21.5752667,-158.2733528,916.458980764258
150,171,"2013-08-25T13:45:10.5Z","midnight",27.256699,153.310448,22.256699,152.904198,21.5752667,-158.2733528,557.484338417127
150,172,"2013-08-26T01:41:24Z","noon",32.256699,154.328151,27.256699,153.310448,21.5752667,-158.2733528,564.57686879246
150,173,"2013-08-26T13:45:28Z","midnight",32.592134,153.311484,32.256699,154.328151,21.5752667,-158.2733528,102.453858055889
150,174,"2013-08-27T01:55:23.5Z","noon",37.592134,150.905959,32.592134,153.311484,21.5752667,-158.2733528,597.436529410486
150,175,"2013-08-27T14:09:08.5Z","midnight",32.592134,147.468459,37.592134,150.905959,21.5752667,-158.2733528,637.77648880087
150,176,"2013-08-28T02:04:13Z","noon",27.592134,148.777132,32.592134,147.468459,21.5752667,-158.2733528,570.034623976635
150,177,"2013-08-28T13:49:22.5Z","midnight",32.592134,152.487549,27.592134,148.777132,21.5752667,-158.2733528,660.578019961494
150,178,"2013-08-29T01:24:40.5Z","noon",27.592134,158.741595,32.592134,152.487549,21.5752667,-158.2733528,818.893533144076
150,179,"2013-08-29T13:37:38Z","midnight",22.592134,155.502011,27.592134,158.741595,21.5752667,-158.2733528,644.528155926165
150,180,"2013-08-30T01:40:29.5Z","noon",17.592134,154.868019,22.592134,155.502011,21.5752667,-158.2733528,559.89925070082
150,181,"2013-08-30T13:14:25.5Z","midnight",22.592134,161.384686,17.592134,154.868019,21.5752667,-158.2733528,878.490451317975
150,182,"2013-08-31T01:09:44.5Z","noon",27.592134,162.637576,22.592134,161.384686,21.5752667,-158.2733528,570.095736347409
150,183,"2013-08-31T13:06:55Z","midnight",32.592134,163.343826,27.592134,162.637576,21.5752667,-158.2733528,560.105959058018
150,184,"2013-09-01T01:11:34Z","noon",36.71813,162.264765,32.592134,163.343826,21.5752667,-158.2733528,469.275310275368
150,185,"2013-09-01T13:22:15Z","midnight",31.71813,159.593932,36.71813,162.264765,21.5752667,-158.2733528,607.717489206316
150,186,"2013-09-02T01:11:00Z","noon",26.71813,162.49117,31.71813,159.593932,21.5752667,-158.2733528,622.94672397551
150,187,"2013-09-02T13:02:14.5Z","midnight",26.192656,164.680753,26.71813,162.49117,21.5752667,-158.2733528,225.666320694307
150,188,"2013-09-03T01:13:29.5Z","noon",31.192656,161.954203,26.192656,164.680753,21.5752667,-158.2733528,616.237897985894
150,189,"2013-09-03T13:19:25Z","midnight",32.675815,160.472953,31.192656,161.954203,21.5752667,-158.2733528,216.181164708338
150,190,"2013-09-04T01:14:59Z","noon",28.062992,161.66836,32.675815,160.472953,21.5752667,-158.2733528,525.573374045615
150,191,"2013-09-04T13:10:35.5Z","midnight",33.062992,162.766277,28.062992,161.66836,21.5752667,-158.2733528,565.812660844542
150,192,"2013-09-05T01:07:31.5Z","noon",30.457973,163.621051,33.062992,162.766277,21.5752667,-158.2733528,300.722767493939
150,193,"2013-09-05T13:08:45Z","midnight",30.099888,163.314801,30.457973,163.621051,21.5752667,-158.2733528,49.4998099001398
150,194,"2013-09-06T01:07:42.5Z","noon",28.897257,163.664267,30.099888,163.314801,21.5752667,-158.2733528,137.93686234664
150,195,"2013-09-06T13:05:59Z","midnight",31.922894,164.095517,28.897257,163.664267,21.5752667,-158.2733528,338.966543539104
150,196,"2013-09-07T01:06:59Z","noon",33.028193,163.935415,31.922894,164.095517,21.5752667,-158.2733528,123.817798916726
150,197,"2013-09-07T13:03:18.5Z","midnight",37.938251,164.854165,33.028193,163.935415,21.5752667,-158.2733528,552.264927933501
150,198,"2013-09-08T01:00:51Z","noon",35.458755,165.5594,37.938251,164.854165,21.5752667,-158.2733528,282.782953255967
150,199,"2013-09-08T13:04:45Z","midnight",32.228575,164.5844,35.458755,165.5594,21.5752667,-158.2733528,370.287785273961
150,200,"2013-09-09T00:53:01.5Z","noon",27.228575,167.60696,32.228575,164.5844,21.5752667,-158.2733528,627.835283890204
150,201,"2013-09-10T01:12:30.5Z","noon",22.228575,162.827997,27.228575,167.60696,21.5752667,-158.2733528,736.077265699443
150,202,"2013-09-10T13:00:29Z","midnight",17.228575,165.834247,22.228575,162.827997,21.5752667,-158.2733528,638.770651092204
150,203,"2013-09-11T00:59:43.5Z","noon",14.434242,166.116162,17.228575,165.834247,21.5752667,-158.2733528,312.175472951696
150,204,"2013-09-11T13:04:15Z","midnight",9.434242,164.984912,14.434242,166.116162,21.5752667,-158.2733528,569.423561350088
150,205,"2013-09-12T01:15:45.5Z","noon",14.434242,162.200523,9.434242,164.984912,21.5752667,-158.2733528,633.087842905368
150,206,"2013-09-12T13:15:45.5Z","midnight",19.434242,162.200523,14.434242,162.200523,21.5752667,-158.2733528,555.974633222794
150,207,"2013-09-13T01:22:45Z","noon",24.434242,160.545562,19.434242,162.200523,21.5752667,-158.2733528,581.566268652
150,208,"2013-09-13T13:39:52Z","midnight",19.434242,156.266395,24.434242,160.545562,21.5752667,-158.2733528,709.73673029755
150,209,"2013-09-14T01:37:26Z","noon",14.434242,156.967845,19.434242,156.266395,21.5752667,-158.2733528,560.955229163863
150,210,"2013-09-14T13:32:24Z","midnight",17.328968,158.226178,14.434242,156.967845,21.5752667,-158.2733528,348.873555250093
150,211,"2013-09-15T01:30:39Z","noon",12.519913,158.756852,17.328968,158.226178,21.5752667,-158.2733528,537.771568723844
150,212,"2013-09-15T13:31:47.5Z","midnight",9.924126,158.471436,12.519913,158.756852,21.5752667,-158.2733528,290.311878481791
150,213,"2013-09-16T01:36:21.5Z","noon",14.924126,157.422899,9.924126,158.471436,21.5752667,-158.2733528,567.505785424895
150,214,"2013-09-16T13:41:26.5Z","midnight",9.924126,156.152066,14.924126,157.422899,21.5752667,-158.2733528,572.83345739648
150,215,"2013-09-17T01:46:18.5Z","noon",14.924126,155.028383,9.924126,156.152066,21.5752667,-158.2733528,569.197910450458
150,216,"2013-09-17T13:37:39Z","midnight",19.924126,157.192966,14.924126,155.028383,21.5752667,-158.2733528,601.499232959936
150,217,"2013-09-18T13:07:59.5Z","midnight",14.924126,164.700282,19.924126,157.192966,21.5752667,-158.2733528,971.015359489146
150,218,"2013-09-19T01:10:58.5Z","noon",9.924126,164.046828,14.924126,164.700282,21.5752667,-158.2733528,560.481341799354
150,219,"2013-09-19T13:13:21.5Z","midnight",4.924126,163.450995,9.924126,164.046828,21.5752667,-158.2733528,559.840303524799
150,220,"2013-09-20T01:18:00Z","noon",-0.075874,162.3825,4.924126,163.450995,21.5752667,-158.2733528,568.497716540731
150,221,"2013-09-20T13:08:21Z","midnight",-5.075874,164.795,-0.075874,162.3825,21.5752667,-158.2733528,617.153778791478
150,222,"2013-09-21T01:09:45Z","noon",-10.075874,164.536361,-5.075874,164.795,21.5752667,-158.2733528,556.704565445762
150,223,"2013-09-21T13:12:15Z","midnight",-15.075874,163.911361,-10.075874,164.536361,21.5752667,-158.2733528,560.093987716171
150,224,"2013-09-22T01:02:31.5Z","noon",-20.075874,166.433307,-15.075874,163.911361,21.5752667,-158.2733528,616.860277248561
150,225,"2013-09-24T13:03:58Z","midnight",-15.075874,166.25188,-20.075874,166.433307,21.5752667,-158.2733528,556.306891431613
150,226,"2013-09-25T00:55:13Z","noon",-10.075874,168.527467,-15.075874,166.25188,21.5752667,-158.2733528,608.320376215643
150,227,"2013-09-27T01:20:00.5Z","noon",-5.075874,162.502404,-10.075874,168.527467,21.5752667,-158.2733528,865.936458133986
150,228,"2013-09-28T01:22:39Z","noon",-0.075874,161.926553,-5.075874,162.502404,21.5752667,-158.2733528,559.640025707435
150,229,"2013-09-28T13:50:59.5Z","midnight",4.924126,154.841136,-0.075874,161.926553,21.5752667,-158.2733528,963.497596503384
150,230,"2013-09-29T02:08:59.5Z","noon",9.924126,150.424329,4.924126,154.841136,21.5752667,-158.2733528,739.003180385277
150,231,"2013-10-05T13:44:15Z","midnight",14.924126,157.074698,9.924126,150.424329,21.5752667,-158.2733528,911.169881071211
150,232,"2013-10-06T01:28:34Z","noon",19.924126,161.066458,14.924126,157.074698,21.5752667,-158.2733528,698.786846042341
150,233,"2013-10-06T13:16:14.5Z","midnight",24.924126,164.147708,19.924126,161.066458,21.5752667,-158.2733528,639.7771405216
150,234,"2013-10-07T01:06:09.5Z","noon",29.924126,166.737354,24.924126,164.147708,21.5752667,-158.2733528,611.849258940507
150,235,"2013-10-07T12:50:14Z","midnight",34.924126,170.718604,29.924126,166.737354,21.5752667,-158.2733528,669.725431269625
150,236,"2013-10-08T00:42:57.5Z","noon",39.924126,172.60397,34.924126,170.718604,21.5752667,-158.2733528,580.325127452517
150,237,"2013-10-08T12:46:33.5Z","midnight",44.924126,171.70397,39.924126,172.60397,21.5752667,-158.2733528,560.850058462887
150,238,"2013-10-09T00:56:36Z","noon",49.924126,169.257889,44.924126,171.70397,21.5752667,-158.2733528,585.551529031263
150,239,"2013-10-09T13:07:38.5Z","midnight",54.924126,166.497472,49.924126,169.257889,21.5752667,-158.2733528,586.518751411353
150,240,"2013-10-10T00:58:58.5Z","noon",59.924126,168.726114,54.924126,166.497472,21.5752667,-158.2733528,571.676964510095
150,241,"2013-10-10T12:45:05Z","midnight",64.924126,172.19903,59.924126,168.726114,21.5752667,-158.2733528,583.793082099129
150,242,"2013-10-11T00:46:21Z","noon",69.845324,171.9419,64.924126,172.19903,21.5752667,-158.2733528,547.321449623465
150,243,"2013-10-11T12:45:46.5Z","midnight",66.420279,172.08565,69.845324,171.9419,21.5752667,-158.2733528,380.893885090074
150,244,"2013-10-12T00:48:16.5Z","noon",64.210749,171.517673,66.420279,172.08565,21.5752667,-158.2733528,247.097542037925
150,245,"2013-10-12T12:58:51Z","midnight",69.210749,168.873923,64.210749,171.517673,21.5752667,-158.2733528,567.86211027558
150,246,"2013-10-13T01:02:08.5Z","noon",67.317629,168.105441,69.210749,168.873923,21.5752667,-158.2733528,212.866337351958
150,247,"2013-10-13T12:51:17Z","midnight",62.317629,170.820025,67.317629,168.105441,21.5752667,-158.2733528,570.481041513781
150,248,"2013-10-14T12:58:12Z","midnight",57.505589,169.142636,62.317629,170.820025,21.5752667,-158.2733528,543.136052484581
150,249,"2013-10-15T00:55:52.5Z","noon",59.655104,169.772938,57.505589,169.142636,21.5752667,-158.2733528,241.788578482781
150,250,"2013-10-15T12:53:13Z","midnight",54.951925,170.437521,59.655104,169.772938,21.5752667,-158.2733528,524.483888586418
150,251,"2013-10-16T00:53:24.5Z","noon",54.759932,170.435866,54.951925,170.437521,21.5752667,-158.2733528,21.3489103683053
150,252,"2013-10-16T12:58:51.5Z","midnight",57.662234,169.073366,54.759932,170.435866,21.5752667,-158.2733528,333.520895805788
150,253,"2013-10-17T00:58:24Z","noon",58.034105,169.231358,57.662234,169.073366,21.5752667,-158.2733528,42.3938433024204
150,254,"2013-10-17T12:57:00Z","midnight",54.983768,169.581358,58.034105,169.231358,21.5752667,-158.2733528,339.859915727267
150,255,"2013-10-18T00:59:36Z","noon",52.643862,168.971855,54.983768,169.581358,21.5752667,-158.2733528,263.241810461066
150,256,"2013-10-18T12:58:07.5Z","midnight",49.436011,169.340605,52.643862,168.971855,21.5752667,-158.2733528,357.625935982252
150,257,"2013-10-19T00:50:50Z","noon",54.436011,171.201049,49.436011,169.340605,21.5752667,-158.2733528,570.362856224678
150,258,"2013-10-19T12:53:46Z","midnight",56.368446,170.467716,54.436011,171.201049,21.5752667,-158.2733528,219.805348969051
150,259,"2013-10-20T00:55:54Z","noon",54.802723,169.968889,56.368446,170.467716,21.5752667,-158.2733528,176.89896497856
150,260,"2013-10-20T12:55:26.5Z","midnight",52.8933,170.083472,54.802723,169.968889,21.5752667,-158.2733528,212.451070581402
150,261,"2013-10-21T00:50:58.5Z","noon",56.128922,171.231573,52.8933,170.083472,21.5752667,-158.2733528,367.325159315474
150,262,"2013-10-21T12:59:31.5Z","midnight",59.819994,169.094073,56.128922,171.231573,21.5752667,-158.2733528,429.288727957266
150,263,"2013-10-22T01:06:58Z","noon",55.418859,167.261971,59.819994,169.094073,21.5752667,-158.2733528,501.347441352923
150,264,"2013-10-22T12:54:22.5Z","midnight",50.418859,170.409887,55.418859,167.261971,21.5752667,-158.2733528,594.530154613484
150,265,"2013-10-23T00:53:08Z","noon",45.418859,170.745455,50.418859,170.409887,21.5752667,-158.2733528,556.535061746977
150,266,"2013-10-23T13:03:57Z","midnight",50.418859,168.041289,45.418859,170.745455,21.5752667,-158.2733528,591.263070335633
150,267,"2013-10-24T01:02:10Z","noon",53.55206,168.50907,50.418859,168.041289,21.5752667,-158.2733528,349.863502772876
150,268,"2013-10-24T12:53:36Z","midnight",48.55206,170.650737,53.55206,168.50907,21.5752667,-158.2733528,575.705350110024
150,269,"2013-10-25T00:53:45Z","noon",45.957527,170.631944,48.55206,170.650737,21.5752667,-158.2733528,288.502390437122
150,270,"2013-10-25T13:05:18Z","midnight",50.957527,167.744444,45.957527,170.631944,21.5752667,-158.2733528,595.233111326506
150,271,"2013-10-26T01:02:40.5Z","noon",54.435892,168.416127,50.957527,167.744444,21.5752667,-158.2733528,389.41104684777
150,272,"2013-10-26T12:59:46.5Z","midnight",51.597576,169.141127,54.435892,168.416127,21.5752667,-158.2733528,319.305973306346
150,273,"2013-10-27T01:06:43.5Z","noon",46.961656,167.415754,51.597576,169.141127,21.5752667,-158.2733528,530.425841131033
150,274,"2013-10-27T13:12:12.5Z","midnight",49.598799,166.044921,46.961656,167.415754,21.5752667,-158.2733528,310.272529830022
150,275,"2013-10-28T00:57:56Z","noon",54.598799,169.622467,49.598799,166.044921,21.5752667,-158.2733528,607.114432905714
150,276,"2013-10-28T12:36:24.5Z","midnight",49.598799,175.003717,54.598799,169.622467,21.5752667,-158.2733528,666.070132547887
150,277,"2013-10-29T00:31:23Z","noon",47.114229,176.265408,49.598799,175.003717,21.5752667,-158.2733528,291.564769596976
150,278,"2013-10-29T12:33:15.5Z","midnight",47.349482,175.796658,47.114229,176.265408,21.5752667,-158.2733528,44.0107084093946
150,279,"2013-10-30T00:21:36Z","noon",52.349482,178.713307,47.349482,175.796658,21.5752667,-158.2733528,593.875454079241
150,280,"2013-10-30T12:10:59Z","midnight",47.349482,-178.632527,52.349482,178.713307,21.5752667,-158.2733528,587.535370282774
150,281,"2013-10-30T23:59:58Z","noon",52.349482,-175.87836,47.349482,-178.632527,21.5752667,-158.2733528,589.888343389839
150,282,"2013-10-31T12:15:25Z","midnight",57.349482,-179.742185,52.349482,-175.87836,21.5752667,-158.2733528,608.278141367598
150,283,"2013-11-01T00:24:45.5Z","noon",55.110707,177.917668,57.349482,-179.742185,21.5752667,-158.2733528,287.871419929402
150,284,"2013-11-01T11:58:52Z","midnight",50.110707,-175.609415,55.110707,177.917668,21.5752667,-158.2733528,706.57823985544
150,285,"2013-11-01T23:54:31.5Z","noon",45.110707,-174.523998,50.110707,-175.609415,21.5752667,-158.2733528,561.879796471136
150,286,"2013-11-02T12:02:40.5Z","midnight",46.66759,-176.569641,45.110707,-174.523998,21.5752667,-158.2733528,234.583055877518
150,287,"2013-11-03T00:04:49.5Z","noon",45.408182,-177.118702,46.66759,-176.569641,21.5752667,-158.2733528,146.31145968657
150,288,"2013-11-03T12:07:05.5Z","midnight",45.929823,-177.685369,45.408182,-177.118702,21.5752667,-158.2733528,72.82298989347
150,289,"2013-11-04T00:10:47.5Z","noon",43.743191,-178.62535,45.929823,-177.685369,21.5752667,-158.2733528,254.183041887276
150,290,"2013-11-04T12:06:08Z","midnight",40.030522,-177.460767,43.743191,-178.62535,21.5752667,-158.2733528,423.923639965756
150,291,"2013-11-04T23:34:02Z","noon",45.030522,-169.435767,40.030522,-177.460767,21.5752667,-158.2733528,860.365503244964
150,292,"2013-11-05T11:44:30Z","midnight",50.030522,-172.070833,45.030522,-169.435767,21.5752667,-158.2733528,590.025110376551
150,293,"2013-11-06T00:08:21Z","noon",49.774704,-178.055146,50.030522,-172.070833,21.5752667,-158.2733528,429.420196088989
150,294,"2013-11-06T12:01:24.5Z","midnight",45.57898,-176.31973,49.774704,-178.055146,21.5752667,-158.2733528,484.260726377471
150,295,"2013-11-07T00:14:02Z","noon",40.57898,-179.501196,45.57898,-176.31973,21.5752667,-158.2733528,612.954419733115
150,296,"2013-11-07T12:23:42Z","midnight",43.28073,178.082137,40.57898,-179.501196,21.5752667,-158.2733528,360.821583571037
150,297,"2013-11-08T00:16:32.5Z","noon",47.03896,179.843112,43.28073,178.082137,21.5752667,-158.2733528,440.082863091998
150,298,"2013-11-08T12:28:34Z","midnight",51.723714,176.836862,47.03896,179.843112,21.5752667,-158.2733528,564.427279680994
150,299,"2013-11-09T00:25:51Z","noon",52.786322,177.484047,51.723714,176.836862,21.5752667,-158.2733528,126.100182962851
150,300,"2013-11-09T12:15:01Z","midnight",47.786322,-179.80762,52.786322,177.484047,21.5752667,-158.2733528,588.221248513592
150,301,"2013-11-10T00:34:40Z","noon",42.786322,175.244543,47.786322,-179.80762,21.5752667,-158.2733528,677.132036631208
150,302,"2013-11-10T12:47:40.5Z","midnight",43.73982,171.992459,42.786322,175.244543,21.5752667,-158.2733528,283.850416096248
150,303,"2013-11-11T00:47:57.5Z","noon",43.594322,171.882958,43.73982,171.992459,21.5752667,-158.2733528,18.420719030602
150,304,"2013-11-11T12:58:12Z","midnight",47.85253,169.322541,43.594322,171.882958,21.5752667,-158.2733528,513.439512787476
150,305,"2013-11-12T00:52:01Z","noon",50.414705,170.826402,47.85253,169.322541,21.5752667,-158.2733528,305.170863216809
150,306,"2013-11-12T12:48:51Z","midnight",48.556352,171.618069,50.414705,170.826402,21.5752667,-158.2733528,214.403255098773
150,307,"2013-11-13T00:52:24Z","noon",47.040997,170.685323,48.556352,171.618069,21.5752667,-158.2733528,182.331469324626
150,308,"2013-11-13T12:55:18Z","midnight",47.727277,169.960323,47.040997,170.685323,21.5752667,-158.2733528,93.821857911426
150,309,"2013-11-14T01:06:02.5Z","noon",42.828851,167.226422,47.727277,169.960323,21.5752667,-158.2733528,585.078750698532
150,310,"2013-11-14T13:03:19Z","midnight",40.932846,167.907672,42.828851,167.226422,21.5752667,-158.2733528,218.237425676772
150,311,"2013-11-15T00:59:47Z","noon",42.697606,168.73932,40.932846,167.907672,21.5752667,-158.2733528,207.980775362735
150,312,"2013-11-15T12:47:30.5Z","midnight",37.697606,171.80807,42.697606,168.73932,21.5752667,-158.2733528,613.920299154575
150,313,"2013-11-16T00:32:47Z","noon",42.697606,175.434474,37.697606,171.80807,21.5752667,-158.2733528,635.429564063217
150,314,"2013-11-16T12:10:44Z","midnight",37.697606,-179.053026,42.697606,175.434474,21.5752667,-158.2733528,726.502650601594
150,315,"2013-11-17T00:03:03.5Z","noon",35.447774,-177.192237,37.697606,-179.053026,21.5752667,-158.2733528,300.311796685176
150,316,"2013-11-17T12:10:44.5Z","midnight",39.132872,-179.11307,35.447774,-177.192237,21.5752667,-158.2733528,443.568243702539
150,317,"2013-11-18T00:06:08Z","noon",41.409192,-178.022015,39.132872,-179.11307,21.5752667,-158.2733528,269.503620092082
150,318,"2013-11-18T12:12:53.5Z","midnight",44.033768,-179.711599,41.409192,-178.022015,21.5752667,-158.2733528,322.812889239092
150,319,"2013-11-19T00:06:00.5Z","noon",46.877892,-178.05481,44.033768,-179.711599,21.5752667,-158.2733528,341.614537069455
150,320,"2013-11-19T11:52:59.5Z","midnight",41.877892,-174.800644,46.877892,-178.05481,21.5752667,-158.2733528,613.04372547861
150,321,"2013-11-19T23:50:46.5Z","noon",41.849589,-174.246477,41.877892,-174.800644,21.5752667,-158.2733528,45.9986337973425
150,322,"2013-11-20T11:49:15Z","midnight",40.728636,-173.932234,41.849589,-174.246477,21.5752667,-158.2733528,127.379202995019
150,323,"2013-11-20T23:28:25Z","noon",45.728636,-168.723901,40.728636,-173.932234,21.5752667,-158.2733528,697.640287540733
150,324,"2013-11-21T11:25:32Z","midnight",47.707367,-168.072979,45.728636,-168.723901,21.5752667,-158.2733528,225.548740950945
150,325,"2013-11-21T23:49:24Z","noon",42.707367,-174.039645,47.707367,-168.072979,21.5752667,-158.2733528,725.910335453931
150,326,"2013-11-22T11:58:40.5Z","midnight",41.460094,-176.43115,42.707367,-174.039645,21.5752667,-158.2733528,241.200863336742
150,327,"2013-11-22T23:49:51.5Z","noon",45.131207,-174.226983,41.460094,-176.43115,21.5752667,-158.2733528,445.436731269047
150,328,"2013-11-23T11:49:13Z","midnight",44.497681,-174.142101,45.131207,-174.226983,21.5752667,-158.2733528,70.7623455449069
150,329,"2013-11-24T00:01:22.5Z","noon",39.497681,-177.259931,44.497681,-174.142101,21.5752667,-158.2733528,612.648578893125
150,330,"2013-11-24T12:05:38.5Z","midnight",40.854974,-178.326598,39.497681,-177.259931,21.5752667,-158.2733528,176.038267109696
150,331,"2013-11-25T00:12:31Z","noon",37.718987,179.873762,40.854974,-178.326598,21.5752667,-158.2733528,381.530577107936
150,332,"2013-11-25T12:22:07Z","midnight",41.679792,177.473762,37.718987,179.873762,21.5752667,-158.2733528,485.877885142133
150,333,"2013-11-26T00:30:01.5Z","noon",38.1826,175.413218,41.679792,177.473762,21.5752667,-158.2733528,426.681729289756
150,334,"2013-11-26T12:42:54.5Z","midnight",43.1826,172.192385,38.1826,175.413218,21.5752667,-158.2733528,618.635328631781
150,335,"2013-11-27T00:44:15Z","noon",42.839665,171.771012,43.1826,172.192385,21.5752667,-158.2733528,51.2630550808974
150,336,"2013-11-27T12:52:30Z","midnight",45.651078,169.708512,42.839665,171.771012,21.5752667,-158.2733528,353.124298427892
150,337,"2013-11-28T01:01:30.5Z","noon",42.216287,167.368056,45.651078,169.708512,21.5752667,-158.2733528,425.386604616696
150,338,"2013-11-28T13:11:35.5Z","midnight",45.725446,164.847223,42.216287,167.368056,21.5752667,-158.2733528,439.205228006858
150,339,"2013-11-29T01:26:26Z","noon",40.725446,161.046097,45.725446,164.847223,21.5752667,-158.2733528,635.39306802541
150,340,"2013-11-29T13:30:26Z","midnight",41.317234,160.046097,40.725446,161.046097,21.5752667,-158.2733528,106.620104453149
150,341,"2013-11-30T01:33:11Z","noon",40.183146,159.265634,41.317234,160.046097,21.5752667,-158.2733528,142.211865413825
150,342,"2013-11-30T13:37:14.5Z","midnight",41.567674,158.251051,40.183146,159.265634,21.5752667,-158.2733528,176.002790600468
150,343,"2013-12-01T01:32:13.5Z","noon",43.504918,159.410087,41.567674,158.251051,21.5752667,-158.2733528,235.408702833134
150,344,"2013-12-01T13:43:17.5Z","midnight",47.101963,156.64342,43.504918,159.410087,21.5752667,-158.2733528,454.677001169525
150,345,"2013-12-02T01:44:52.5Z","noon",46.581774,156.150377,47.101963,156.64342,21.5752667,-158.2733528,68.934512438793
150,346,"2013-12-02T13:41:26.5Z","midnight",45.162516,157.00871,46.581774,156.150377,21.5752667,-158.2733528,171.231825427393
150,347,"2013-12-03T01:49:35Z","noon",42.196426,154.874093,45.162516,157.00871,21.5752667,-158.2733528,371.777801573869
150,348,"2013-12-03T13:41:01Z","midnight",38.514266,157.01576,42.196426,154.874093,21.5752667,-158.2733528,447.811011275086
150,349,"2013-12-04T01:43:38Z","noon",37.392395,156.260495,38.514266,157.01576,21.5752667,-158.2733528,141.231701091423
150,350,"2013-12-04T13:43:09Z","midnight",36.968503,156.381329,37.392395,156.260495,21.5752667,-158.2733528,48.3349863863923
150,351,"2013-12-05T01:18:14Z","noon",41.968503,162.507594,36.968503,156.381329,21.5752667,-158.2733528,764.862272894194
150,352,"2013-12-05T13:33:58.5Z","midnight",46.968503,158.572178,41.968503,162.507594,21.5752667,-158.2733528,637.471922306107
150,353,"2013-12-06T02:04:04Z","noon",41.968503,150.944653,46.968503,158.572178,21.5752667,-158.2733528,821.146918724368
150,354,"2013-12-06T14:08:01.5Z","midnight",42.392876,149.955069,41.968503,150.944653,21.5752667,-158.2733528,94.2094007286151
150,355,"2013-12-07T01:58:09.5Z","noon",45.813465,152.315518,42.392876,149.955069,21.5752667,-158.2733528,424.438931697821
150,356,"2013-12-07T14:00:59Z","midnight",46.528602,151.609268,45.813465,152.315518,21.5752667,-158.2733528,96.3367240932556
150,357,"2013-12-08T02:14:56.5Z","noon",41.736786,148.011958,46.528602,151.609268,21.5752667,-158.2733528,605.08588454926
150,358,"2013-12-08T14:01:39.5Z","midnight",36.736786,151.332791,41.736786,148.011958,21.5752667,-158.2733528,625.093733667543
150,359,"2013-12-09T01:47:13Z","noon",41.736786,154.834072,36.736786,151.332791,21.5752667,-158.2733528,632.339941545882
150,360,"2013-12-09T14:05:59.5Z","midnight",46.736786,150.140322,41.736786,154.834072,21.5752667,-158.2733528,669.74429305641
150,361,"2013-12-10T02:09:19.5Z","noon",47.003028,149.196548,46.736786,150.140322,21.5752667,-158.2733528,77.6123523512548
150,362,"2013-12-10T13:56:36Z","midnight",42.656868,152.377798,47.003028,149.196548,21.5752667,-158.2733528,544.389615828537
150,363,"2013-12-11T01:46:36Z","noon",46.004241,154.766155,42.656868,152.377798,21.5752667,-158.2733528,417.836431592393
150,364,"2013-12-11T13:52:11Z","midnight",47.564673,153.370322,46.004241,154.766155,21.5752667,-158.2733528,203.465724561387
150,365,"2013-12-12T02:20:47.5Z","noon",42.564673,146.1055,47.564673,153.370322,21.5752667,-158.2733528,795.991597473105
150,366,"2013-12-12T14:19:53Z","midnight",37.564673,146.332583,42.564673,146.1055,21.5752667,-158.2733528,556.309711083114
150,367,"2013-12-13T02:14:53Z","noon",39.059739,147.468854,37.564673,146.332583,21.5752667,-158.2733528,193.555118161803
150,368,"2013-12-13T14:10:34Z","midnight",37.218659,148.548021,39.059739,147.468854,21.5752667,-158.2733528,225.421923620181
150,369,"2013-12-14T02:08:12.5Z","noon",38.173554,149.022993,37.218659,148.548021,21.5752667,-158.2733528,114.106925279143
150,370,"2013-12-14T14:11:28.5Z","midnight",39.356091,148.206327,38.173554,149.022993,21.5752667,-158.2733528,149.34221831007
150,371,"2013-12-15T02:12:27.5Z","noon",38.975124,147.845109,39.356091,148.206327,21.5752667,-158.2733528,52.5763888044085
150,372,"2013-12-15T14:12:19Z","midnight",38.831513,147.880525,38.975124,147.845109,21.5752667,-158.2733528,16.260228927961
150,373,"2013-12-16T02:11:45Z","noon",39.051678,147.906142,38.831513,147.880525,21.5752667,-158.2733528,24.5812762994562
150,374,"2013-12-16T14:12:49Z","midnight",39.384964,147.639476,39.051678,147.906142,21.5752667,-158.2733528,43.6022615853112
150,375,"2013-12-17T02:15:36Z","noon",38.304048,146.827038,39.384964,147.639476,21.5752667,-158.2733528,139.270804837196
150,376,"2013-12-17T14:17:52Z","midnight",39.121006,146.260371,38.304048,146.827038,21.5752667,-158.2733528,103.292930717107
150,377,"2013-12-18T02:18:09Z","noon",39.011941,146.072489,39.121006,146.260371,21.5752667,-158.2733528,20.2528994133547
150,378,"2013-12-18T14:37:42.5Z","midnight",44.011941,141.182905,39.011941,146.072489,21.5752667,-158.2733528,688.814718955386
150,379,"2013-12-19T02:33:43.5Z","noon",46.92564,142.061356,44.011941,141.182905,21.5752667,-158.2733528,331.144899880921
150,380,"2013-12-19T14:20:09Z","midnight",42.549722,145.455106,46.92564,142.061356,21.5752667,-158.2733528,555.397973158075
150,381,"2013-12-20T02:22:19Z","noon",41.793613,144.795833,42.549722,145.455106,21.5752667,-158.2733528,100.101915498192
150,382,"2013-12-20T14:14:04Z","midnight",38.709564,146.858333,41.793613,144.795833,21.5752667,-158.2733528,384.985786745847
150,383,"2013-12-21T02:13:23Z","noon",38.972955,146.911449,38.709564,146.858333,21.5752667,-158.2733528,29.6468274388187
150,384,"2013-12-21T14:02:54.5Z","midnight",34.70026,149.530199,38.972955,146.911449,21.5752667,-158.2733528,529.11767385383
150,385,"2013-12-22T01:46:59Z","noon",39.70026,153.393731,34.70026,149.530199,21.5752667,-158.2733528,652.674656372848
150,386,"2013-12-22T13:35:08.5Z","midnight",36.404538,156.354148,39.70026,153.393731,21.5752667,-158.2733528,448.812206733894
150,387,"2013-12-23T01:45:32Z","noon",31.906738,153.638623,36.404538,156.354148,21.5752667,-158.2733528,559.00604296902
150,388,"2013-12-23T13:44:30.5Z","midnight",31.440439,153.894873,31.906738,153.638623,21.5752667,-158.2733528,57.2404551066965
150,389,"2013-12-24T00:58:13.5Z","noon",36.440439,165.348321,31.440439,153.894873,21.5752667,-158.2733528,1192.73663287252
150,390,"2013-12-24T13:14:02.5Z","midnight",41.440439,161.394154,36.440439,165.348321,21.5752667,-158.2733528,652.551805323741
150,391,"2013-12-25T02:08:19Z","noon",36.440439,147.70835,41.440439,161.394154,21.5752667,-158.2733528,1305.70386775052
150,392,"2013-12-25T14:18:26.5Z","midnight",39.039412,145.1771,36.440439,147.70835,21.5752667,-158.2733528,364.734937994961
150,393,"2013-12-26T02:10:25Z","noon",41.984839,147.066738,39.039412,145.1771,21.5752667,-158.2733528,364.372103453969
150,394,"2013-12-26T14:20:28Z","midnight",45.353591,144.554238,41.984839,147.066738,21.5752667,-158.2733528,425.566984458062
150,395,"2013-12-27T02:42:58Z","noon",40.353591,138.813177,45.353591,144.554238,21.5752667,-158.2733528,726.319331311725
150,396,"2013-12-27T14:39:00.5Z","midnight",35.75736,139.802761,40.353591,138.813177,21.5752667,-158.2733528,518.358992686266
150,397,"2013-12-28T02:30:39.5Z","noon",39.110975,141.774861,35.75736,139.802761,21.5752667,-158.2733528,411.525105043845
150,398,"2013-12-28T14:29:40.5Z","midnight",38.790441,142.020694,39.110975,141.774861,21.5752667,-158.2733528,41.4999923579681
150,399,"2013-12-29T02:37:29Z","noon",35.628219,139.953979,38.790441,142.020694,21.5752667,-158.2733528,396.374721744972
150,400,"2013-12-29T14:37:15Z","midnight",35.59711,140.012313,35.628219,139.953979,21.5752667,-158.2733528,6.30662215375269
150,401,"2013-12-30T02:28:45.5Z","noon",39.035439,142.021473,35.59711,140.012313,21.5752667,-158.2733528,421.561549333575
150,402,"2013-12-30T14:33:50Z","midnight",41.028342,140.752723,39.035439,142.021473,21.5752667,-158.2733528,246.519270063941
150,403,"2013-12-31T02:27:48Z","noon",43.162103,142.148282,41.028342,140.752723,21.5752667,-158.2733528,263.718328920842
150,404,"2013-12-31T14:24:56Z","midnight",42.263067,142.864948,43.162103,142.148282,21.5752667,-158.2733528,115.852731303191
150,405,"2014-01-01T02:21:15Z","noon",43.536994,143.785782,42.263067,142.864948,21.5752667,-158.2733528,160.284158479374
150,406,"2014-01-01T14:12:36Z","midnight",40.56488,145.948282,43.536994,143.785782,21.5752667,-158.2733528,375.598807764289
150,407,"2014-01-02T02:17:27Z","noon",38.700535,144.624093,40.56488,145.948282,21.5752667,-158.2733528,236.286526380555
150,408,"2014-01-02T14:11:36Z","midnight",36.429439,146.086593,38.700535,144.624093,21.5752667,-158.2733528,283.520146578269
150,409,"2014-01-03T02:08:58Z","noon",37.522788,146.634428,36.429439,146.086593,21.5752667,-158.2733528,130.952516229418
150,410,"2014-01-03T14:10:48.5Z","midnight",38.396807,146.174011,37.522788,146.634428,21.5752667,-158.2733528,105.235273987641
150,411,"2014-01-04T01:54:46Z","noon",43.396807,150.07522,38.396807,146.174011,21.5752667,-158.2733528,645.280682229499
150,412,"2014-01-04T13:53:00.5Z","midnight",43.845963,150.514804,43.396807,150.07522,21.5752667,-158.2733528,61.208102990142
150,413,"2014-01-05T01:58:30Z","noon",41.907017,149.034072,43.845963,150.514804,21.5752667,-158.2733528,247.056733470589
150,414,"2014-01-05T13:52:50.5Z","midnight",39.929569,150.448655,41.907017,149.034072,21.5752667,-158.2733528,249.941368673989
150,415,"2014-01-06T01:49:38Z","noon",41.156516,151.144415,39.929569,150.448655,21.5752667,-158.2733528,148.556949450535
150,416,"2014-01-06T13:47:03Z","midnight",40.338273,151.790248,41.156516,151.144415,21.5752667,-158.2733528,106.009184308088
150,417,"2014-01-07T01:51:55.5Z","noon",38.39694,150.466763,40.338273,151.790248,21.5752667,-158.2733528,244.004894686102
150,418,"2014-01-07T13:57:35Z","midnight",40.819442,149.05218,38.39694,150.466763,21.5752667,-158.2733528,295.361683454724
150,419,"2014-01-08T01:20:35Z","noon",45.819442,158.199128,40.819442,149.05218,21.5752667,-158.2733528,924.581228903547
150,420,"2014-01-08T13:31:32Z","midnight",50.819442,155.461628,45.819442,158.199128,21.5752667,-158.2733528,591.566886455633
150,421,"2014-01-09T01:58:50.5Z","noon",48.053937,148.53327,50.819442,155.461628,21.5752667,-158.2733528,587.468578707218
150,422,"2014-01-09T13:55:22Z","midnight",47.199345,149.40202,48.053937,148.53327,21.5752667,-158.2733528,115.187802992431
150,423,"2014-01-10T02:02:33.5Z","noon",44.843967,147.504698,47.199345,149.40202,21.5752667,-158.2733528,300.070398005954
150,424,"2014-01-10T13:45:12.5Z","midnight",39.843967,151.842198,44.843967,147.504698,21.5752667,-158.2733528,660.209884509999
150,425,"2014-01-11T01:18:07.5Z","noon",44.843967,158.515582,39.843967,151.842198,21.5752667,-158.2733528,780.443416069712
150,426,"2014-01-11T13:17:42.5Z","midnight",48.316076,158.619749,44.843967,158.515582,21.5752667,-158.2733528,386.16287299704
150,427,"2014-01-12T01:39:18.5Z","noon",43.316076,153.124345,48.316076,158.619749,21.5752667,-158.2733528,699.953966534793
150,428,"2014-01-12T13:43:21Z","midnight",42.573471,152.113928,43.316076,153.124345,21.5752667,-158.2733528,116.542128114008
150,429,"2014-01-13T01:41:45Z","noon",43.175421,152.420653,42.573471,152.113928,21.5752667,-158.2733528,71.4481849741652
150,430,"2014-01-13T13:39:55.5Z","midnight",42.746572,152.876903,43.175421,152.420653,21.5752667,-158.2733528,60.4345292670693
150,431,"2014-01-14T01:32:37.5Z","noon",45.409751,154.610838,42.746572,152.876903,21.5752667,-158.2733528,326.902288249346
150,432,"2014-01-14T13:20:22.5Z","midnight",41.067696,157.673338,45.409751,154.610838,21.5752667,-158.2733528,542.715094056145
150,433,"2014-01-15T01:33:00.5Z","noon",36.067696,154.426231,41.067696,157.673338,21.5752667,-158.2733528,623.416416638864
150,434,"2014-01-15T13:38:33Z","midnight",38.334088,153.040814,36.067696,154.426231,21.5752667,-158.2733528,280.286631660622
150,435,"2014-01-16T01:27:48Z","noon",42.806921,155.641908,38.334088,153.040814,21.5752667,-158.2733528,543.644496320625
150,436,"2014-01-16T13:14:58.5Z","midnight",37.806921,158.848158,42.806921,155.641908,21.5752667,-158.2733528,618.764054934359
150,437,"2014-01-17T01:05:46Z","noon",41.663904,161.066277,37.806921,158.848158,21.5752667,-158.2733528,468.899310811953
150,438,"2014-01-17T13:09:37.5Z","midnight",43.515615,160.101693,41.663904,161.066277,21.5752667,-158.2733528,220.518848374172
150,439,"2014-01-18T01:19:10Z","noon",39.565959,157.634825,43.515615,160.101693,21.5752667,-158.2733528,484.741693105354
150,440,"2014-01-18T13:22:15.5Z","midnight",41.220987,156.861909,39.565959,157.634825,21.5752667,-158.2733528,195.322434150636
150,441,"2014-01-19T01:20:29.5Z","noon",41.961374,157.224706,41.220987,156.861909,21.5752667,-158.2733528,87.6814526336188
150,442,"2014-01-19T13:19:11Z","midnight",41.753759,157.551789,41.961374,157.224706,21.5752667,-158.2733528,35.591264967462
150,443,"2014-01-20T00:39:06Z","noon",46.753759,167.4964,41.753759,157.551789,21.5752667,-158.2733528,966.497779514342
150,444,"2014-01-20T12:41:04Z","midnight",51.753759,167.004733,46.753759,167.4964,21.5752667,-158.2733528,557.114957765135
150,445,"2014-01-21T01:33:00Z","noon",46.753759,153.947888,51.753759,167.004733,21.5752667,-158.2733528,1096.36876258668
150,446,"2014-01-21T13:29:15Z","midnight",41.753759,154.885388,46.753759,153.947888,21.5752667,-158.2733528,560.953802184971
150,447,"2014-01-22T01:09:15Z","noon",45.072193,159.814645,41.753759,154.885388,21.5752667,-158.2733528,542.655328239835
150,448,"2014-01-22T13:13:15Z","midnight",46.984603,158.814645,45.072193,159.814645,21.5752667,-158.2733528,226.225567723953
150,449,"2014-01-23T01:20:45Z","noon",44.063559,156.871729,46.984603,158.814645,21.5752667,-158.2733528,358.31159203591
150,450,"2014-01-23T13:22:01.5Z","midnight",44.98873,156.552979,44.063559,156.871729,21.5752667,-158.2733528,105.931944031237
150,451,"2014-01-24T01:39:47Z","noon",39.98873,152.048359,44.98873,156.552979,21.5752667,-158.2733528,667.232648685633
150,452,"2014-01-24T13:37:13Z","midnight",35.952859,152.690025,39.98873,152.048359,21.5752667,-158.2733528,452.275432014901
150,453,"2014-01-25T01:34:46.5Z","noon",37.226286,153.238334,35.952859,152.690025,21.5752667,-158.2733528,149.821126161877
150,454,"2014-01-25T13:38:19Z","midnight",39.42647,152.352918,37.226286,153.238334,21.5752667,-158.2733528,256.547343886379
150,455,"2014-01-26T01:42:41Z","noon",37.209263,151.20212,39.42647,152.352918,21.5752667,-158.2733528,266.193461917225
150,456,"2014-01-26T13:53:14Z","midnight",42.209263,148.56462,37.209263,151.20212,21.5752667,-158.2733528,599.923150160553
150,457,"2014-01-27T01:45:40.5Z","noon",46.068912,150.398091,42.209263,148.56462,21.5752667,-158.2733528,453.392114569997
150,458,"2014-01-27T13:38:28.5Z","midnight",43.438945,152.198091,46.068912,150.398091,21.5752667,-158.2733528,325.127607653569
150,459,"2014-01-28T01:39:36Z","noon",42.923546,151.863789,43.438945,152.198091,21.5752667,-158.2733528,63.3965837528353
150,460,"2014-01-28T13:48:45Z","midnight",47.376935,149.576289,42.923546,151.863789,21.5752667,-158.2733528,526.620655991853
150,461,"2014-01-29T01:38:00Z","noon",51.388893,152.213833,47.376935,149.576289,21.5752667,-158.2733528,485.167089043026
150,462,"2014-01-29T13:24:45Z","midnight",46.860518,155.526333,51.388893,152.213833,21.5752667,-158.2733528,558.109041200151
150,463,"2014-01-30T01:09:45Z","noon",51.860518,159.229506,46.860518,155.526333,21.5752667,-158.2733528,617.078746087501
150,464,"2014-01-30T13:31:17.5Z","midnight",56.860518,153.844089,51.860518,159.229506,21.5752667,-158.2733528,655.95084534189
150,465,"2014-01-31T01:18:39.5Z","noon",61.848445,156.958754,56.860518,153.844089,21.5752667,-158.2733528,581.88315628244
150,466,"2014-01-31T12:19:50Z","midnight",56.848445,171.665004,61.848445,156.958754,21.5752667,-158.2733528,998.553269435868
150,467,"2014-02-01T00:22:50.5Z","noon",51.848445,170.872437,56.848445,171.665004,21.5752667,-158.2733528,558.332204544259
150,468,"2014-02-01T12:38:37.5Z","midnight",49.805663,166.926604,51.848445,170.872437,21.5752667,-158.2733528,358.249585641406
150,469,"2014-02-02T00:23:25.5Z","noon",54.805663,170.689328,49.805663,166.926604,21.5752667,-158.2733528,611.792874628906
150,470,"2014-02-02T12:07:04Z","midnight",49.933519,174.778911,54.805663,170.689328,21.5752667,-158.2733528,608.513666472388
150,471,"2014-02-03T00:16:59.5Z","noon",45.542798,172.263612,49.933519,174.778911,21.5752667,-158.2733528,523.126455981778
150,472,"2014-02-03T12:19:34.5Z","midnight",47.37298,171.617779,45.542798,172.263612,21.5752667,-158.2733528,209.431561164253
150,473,"2014-02-04T00:32:14Z","noon",42.37298,168.422388,47.37298,171.617779,21.5752667,-158.2733528,610.198802060544
150,474,"2014-02-04T12:22:56Z","midnight",37.37298,170.747388,42.37298,168.422388,21.5752667,-158.2733528,590.250439146364
150,475,"2014-02-05T00:25:27.5Z","noon",34.174314,170.088583,37.37298,170.747388,21.5752667,-158.2733528,360.60386711098
150,476,"2014-02-05T13:05:19.5Z","midnight",39.174314,160.121917,34.174314,170.088583,21.5752667,-158.2733528,1047.43952780247
150,477,"2014-02-06T00:47:45Z","noon",44.174314,164.491375,39.174314,160.121917,21.5752667,-158.2733528,663.701086421215
150,478,"2014-02-06T12:09:46Z","midnight",46.953411,173.987208,44.174314,164.491375,21.5752667,-158.2733528,800.558212717467
150,479,"2014-02-07T00:29:29.5Z","noon",41.953411,169.034932,46.953411,173.987208,21.5752667,-158.2733528,680.58022996671
150,480,"2014-02-07T12:38:39.5Z","midnight",41.821518,166.743265,41.953411,169.034932,21.5752667,-158.2733528,190.264287247746
150,481,"2014-02-08T00:31:47.5Z","noon",45.748043,168.442174,41.821518,166.743265,21.5752667,-158.2733528,457.384059162683
150,482,"2014-02-08T12:40:12.5Z","midnight",50.695953,166.338007,45.748043,168.442174,21.5752667,-158.2733528,571.775303454685
150,483,"2014-02-09T01:05:03.5Z","noon",45.695953,160.111014,50.695953,166.338007,21.5752667,-158.2733528,722.064572370083
150,484,"2014-02-09T13:00:47Z","midnight",40.695953,161.179764,45.695953,160.111014,21.5752667,-158.2733528,562.668756554413
150,485,"2014-02-10T01:00:35.5Z","noon",35.695953,161.216445,40.695953,161.179764,21.5752667,-158.2733528,555.983857032908
150,486,"2014-02-10T13:08:13.5Z","midnight",40.17385,159.308112,35.695953,161.216445,21.5752667,-158.2733528,525.254693416044
150,487,"2014-02-11T01:16:21Z","noon",35.17385,157.268876,40.17385,159.308112,21.5752667,-158.2733528,584.175390921269
150,488,"2014-02-11T13:24:09.5Z","midnight",40.17385,155.316793,35.17385,157.268876,21.5752667,-158.2733528,581.868878419786
150,489,"2014-02-12T01:32:20Z","noon",35.17385,153.268293,40.17385,155.316793,21.5752667,-158.2733528,584.425935777061
150,490,"2014-02-12T13:49:27.5Z","midnight",40.17385,148.987043,35.17385,153.268293,21.5752667,-158.2733528,671.42236792906
150,491,"2014-02-13T02:01:49.5Z","noon",39.111042,145.893845,40.17385,148.987043,21.5752667,-158.2733528,290.001314320866
150,492,"2014-02-13T14:03:17Z","midnight",41.056948,145.529262,39.111042,145.893845,21.5752667,-158.2733528,218.586030736032
150,493,"2014-02-14T01:51:53.5Z","noon",46.056948,148.378846,41.056948,145.529262,21.5752667,-158.2733528,601.419863473736
150,494,"2014-02-14T13:55:22Z","midnight",51.056948,147.510096,46.056948,148.378846,21.5752667,-158.2733528,559.627710693088
150,495,"2014-02-15T01:49:17Z","noon",54.569073,149.035771,51.056948,147.510096,21.5752667,-158.2733528,403.741544049104
150,496,"2014-02-15T13:33:55.5Z","midnight",49.569073,152.875355,54.569073,149.035771,21.5752667,-158.2733528,614.581154978888
150,497,"2014-02-16T01:41:06.5Z","noon",44.569073,151.087511,49.569073,152.875355,21.5752667,-158.2733528,572.179694886522
150,498,"2014-02-16T13:37:26.5Z","midnight",39.734955,152.004178,44.569073,151.087511,21.5752667,-158.2733528,542.80418686737
150,499,"2014-02-17T01:36:33.5Z","noon",40.47369,152.236118,39.734955,152.004178,21.5752667,-158.2733528,84.478907372633
150,500,"2014-02-17T13:37:35.5Z","midnight",42.362885,151.977785,40.47369,152.236118,21.5752667,-158.2733528,211.170124828574
150,501,"2014-02-18T01:33:47.5Z","noon",45.353174,152.941974,42.362885,151.977785,21.5752667,-158.2733528,341.365955087411
150,502,"2014-02-18T13:37:44Z","midnight",49.3291,151.956558,45.353174,152.941974,21.5752667,-158.2733528,448.283271295596
150,503,"2014-02-19T01:34:47Z","noon",51.289325,152.711293,49.3291,151.956558,21.5752667,-158.2733528,224.456523600338
150,504,"2014-02-19T13:23:25.5Z","midnight",46.289325,155.550877,51.289325,152.711293,21.5752667,-158.2733528,593.499528864693
150,505,"2014-02-20T01:25:03.5Z","noon",42.65358,155.162784,46.289325,155.550877,21.5752667,-158.2733528,405.446022291558
150,506,"2014-02-20T13:19:44.5Z","midnight",38.815241,156.491951,42.65358,155.162784,21.5752667,-158.2733528,441.234966143494
150,507,"2014-02-21T00:17:31Z","noon",43.815241,171.491951,38.815241,156.491951,21.5752667,-158.2733528,1367.95013438899
150,508,"2014-02-21T12:10:49Z","midnight",48.815241,173.746404,43.815241,171.491951,21.5752667,-158.2733528,582.23985406853
150,509,"2014-02-22T01:00:26.5Z","noon",45.683856,161.366271,48.815241,173.746404,21.5752667,-158.2733528,995.802474073294
150,510,"2014-02-22T13:05:19Z","midnight",50.683856,160.147521,45.683856,161.366271,21.5752667,-158.2733528,563.247051348108
150,511,"2014-02-23T00:52:14.5Z","noon",55.683856,163.445253,50.683856,160.147521,21.5752667,-158.2733528,597.653594487147
150,512,"2014-02-23T12:41:19Z","midnight",54.231949,166.176503,55.683856,163.445253,21.5752667,-158.2733528,237.606520181384
150,513,"2014-02-24T00:32:38.5Z","noon",59.231949,168.377047,54.231949,166.176503,21.5752667,-158.2733528,571.866841721459
150,514,"2014-02-24T12:44:42Z","midnight",64.231949,165.362463,59.231949,168.377047,21.5752667,-158.2733528,578.034360921968
150,515,"2014-02-25T01:16:56Z","noon",59.231949,157.33868,64.231949,165.362463,21.5752667,-158.2733528,697.235609157247
150,516,"2014-02-26T01:10:02.5Z","noon",54.231949,159.098843,59.231949,157.33868,21.5752667,-158.2733528,566.194217697428
150,517,"2014-02-26T13:32:50.5Z","midnight",59.231949,153.398843,54.231949,159.098843,21.5752667,-158.2733528,655.21665192782
150,518,"2014-02-27T01:35:59.5Z","noon",63.601689,152.651226,59.231949,153.398843,21.5752667,-158.2733528,487.50924922589
150,519,"2014-03-02T01:01:21.5Z","noon",58.601689,161.444363,63.601689,152.651226,21.5752667,-158.2733528,728.35235045489
150,520,"2014-03-04T00:34:45Z","noon",63.601689,168.198246,58.601689,161.444363,21.5752667,-158.2733528,663.173082954112
150,521,"2014-03-04T12:32:52Z","midnight",68.601689,168.669079,63.601689,168.198246,21.5752667,-158.2733528,556.3748574572
150,522,"2014-03-06T01:00:49Z","noon",65.913324,161.792223,68.601689,168.669079,21.5752667,-158.2733528,419.964047554536
150,523,"2014-03-07T13:04:43Z","midnight",70,160.875664,65.913324,161.792223,21.5752667,-158.2733528,456.011470302054
150,524,"2014-03-10T13:20:51.5Z","midnight",70,157.027044,70,160.875664,21.5752667,-158.2733528,146.342202763389
150,525,"2014-03-11T01:20:28Z","noon",70,157.190763,70,157.027044,21.5752667,-158.2733528,6.22637982398539
150,526,"2014-03-11T13:25:44Z","midnight",70,155.874096,70,157.190763,21.5752667,-158.2733528,50.0730643359617
150,527,"2014-03-13T13:23:37Z","midnight",65,156.539635,70,155.874096,21.5752667,-158.2733528,556.686995617639
150,528,"2014-03-14T01:19:19Z","noon",70,157.685021,65,156.539635,21.5752667,-158.2733528,558.081831593313
150,529,"2014-03-15T13:14:45Z","midnight",70,158.898415,70,157.685021,21.5752667,-158.2733528,46.1457101577241
150,530,"2014-03-16T01:24:45Z","noon",70,156.47139,70,158.898415,21.5752667,-158.2733528,92.2958629806625
150,531,"2014-03-18T12:56:58.5Z","midnight",70,163.564447,70,156.47139,21.5752667,-158.2733528,269.603265591073
150,532,"2014-03-20T00:40:00.5Z","noon",70,167.959246,70,163.564447,21.5752667,-158.2733528,167.102001993298
150,533,"2014-03-21T12:33:21Z","midnight",70,169.701585,70,167.959246,21.5752667,-158.2733528,66.2604740489582
150,534,"2014-03-22T00:33:51Z","noon",70,169.655,70,169.701585,21.5752667,-158.2733528,1.77166965459621
150,535,"2014-03-23T01:03:13Z","noon",65,162.39231,70,169.655,21.5752667,-158.2733528,635.12803691175
150,536,"2014-03-23T13:03:00Z","midnight",60,162.446476,65,162.39231,21.5752667,-158.2733528,555.981535706807
150,537,"2014-03-24T01:02:25.5Z","noon",55,162.669664,60,162.446476,21.5752667,-158.2733528,556.133662404353
150,538,"2014-03-24T12:51:11Z","midnight",50,165.48008,55,162.669664,21.5752667,-158.2733528,587.49856756513
150,539,"2014-03-25T00:56:16Z","noon",45,164.289046,50,165.48008,21.5752667,-158.2733528,563.107296549986
150,540,"2014-03-25T12:57:47.5Z","midnight",40,163.907796,45,164.289046,21.5752667,-158.2733528,556.850528758054
150,541,"2014-03-26T00:51:17Z","noon",35,165.614941,40,163.907796,21.5752667,-158.2733528,575.975163811556
150,542,"2014-03-26T12:56:29Z","midnight",30,164.314941,35,165.614941,21.5752667,-158.2733528,569.166035096646
150,543,"2014-03-28T01:07:56Z","noon",25,161.612951,30,164.314941,21.5752667,-158.2733528,616.47840721267
2855,1,"2009-06-27T10:38:55Z","midnight",21.697559,-160.415003,21.5752667,-158.2733528,21.5752667,-158.2733528,221.777274522429
2855,2,"2009-06-27T22:38:55Z","noon",21.697559,-160.415003,21.697559,-160.415003,21.5752667,-158.2733528,0
2855,3,"2009-06-28T10:39:30Z","midnight",21.475825,-160.610867,21.697559,-160.415003,21.5752667,-158.2733528,31.9065423613486
2855,4,"2009-06-28T22:39:42.5Z","noon",21.568084,-160.66295,21.475825,-160.610867,21.5752667,-158.2733528,11.587387345709
2855,5,"2009-06-29T10:44:00.5Z","midnight",19.668908,-161.787234,21.568084,-160.66295,21.5752667,-158.2733528,241.423384045677
2855,6,"2009-06-29T22:45:30.5Z","noon",20.354621,-162.162234,19.668908,-161.787234,21.5752667,-158.2733528,85.7252042391424
2855,7,"2009-06-30T10:44:29.5Z","midnight",20.862377,-161.956516,20.354621,-162.162234,21.5752667,-158.2733528,60.3833170947102
2855,8,"2009-06-30T22:47:32Z","noon",22.215095,-162.716932,20.862377,-161.956516,21.5752667,-158.2733528,169.735570927896
2855,9,"2009-07-01T10:45:30Z","midnight",23.157005,-162.256125,22.215095,-162.716932,21.5752667,-158.2733528,114.910427608252
2855,10,"2009-07-01T22:47:00Z","noon",23.799293,-162.631125,23.157005,-162.256125,21.5752667,-158.2733528,81.014992570947
2855,11,"2009-07-02T10:50:30Z","midnight",22.350245,-163.552642,23.799293,-162.631125,21.5752667,-158.2733528,186.675946016934
2855,12,"2009-07-02T22:49:00Z","noon",21.68571,-163.177642,22.350245,-163.552642,21.5752667,-158.2733528,83.3936081844827
2855,13,"2009-07-03T10:49:00Z","midnight",21.754904,-163.223065,21.68571,-163.177642,21.5752667,-158.2733528,9.01192407439458
2855,14,"2009-07-03T22:54:30Z","noon",24.151838,-164.598065,21.754904,-163.223065,21.5752667,-158.2733528,301.418435146575
2855,15,"2009-07-04T10:54:30Z","midnight",24.232864,-164.64231,24.151838,-164.598065,21.5752667,-158.2733528,10.0654905916488
2855,16,"2009-07-04T22:58:00Z","noon",25.697284,-165.51731,24.232864,-164.64231,21.5752667,-158.2733528,185.188939286221
2855,17,"2009-07-05T10:58:00Z","midnight",25.788591,-165.560296,25.697284,-165.51731,21.5752667,-158.2733528,11.0280391045317
2855,18,"2009-07-05T23:00:00Z","noon",26.604781,-166.060296,25.788591,-165.560296,21.5752667,-158.2733528,103.562993012382
2855,19,"2009-07-06T11:00:00Z","midnight",26.705351,-166.101941,26.604781,-166.060296,21.5752667,-158.2733528,11.9241131884581
2855,20,"2009-07-06T23:05:30Z","noon",28.871555,-167.476941,26.705351,-166.101941,21.5752667,-158.2733528,276.242718475002
2855,21,"2009-07-07T11:05:30Z","midnight",28.984175,-167.517165,28.871555,-167.476941,21.5752667,-158.2733528,13.1203754423883
2855,22,"2009-07-07T22:59:30Z","noon",26.610255,-166.017165,28.984175,-167.517165,21.5752667,-158.2733528,302.394812389026
2855,23,"2009-07-08T11:13:30Z","midnight",21.610255,-169.555892,26.610255,-166.017165,21.5752667,-158.2733528,661.790337686325
2855,24,"2009-07-08T23:24:00Z","noon",25.269971,-172.180892,21.610255,-169.555892,21.5752667,-158.2733528,487.111812502659
2855,25,"2009-07-09T11:10:00Z","midnight",30.269971,-168.718046,25.269971,-172.180892,21.5752667,-158.2733528,651.95360603192
2855,26,"2009-07-09T23:11:00Z","noon",31.292238,-168.968046,30.269971,-168.718046,21.5752667,-158.2733528,116.152596936531
2855,27,"2009-07-10T11:10:30Z","midnight",31.615009,-168.878553,31.292238,-168.968046,21.5752667,-158.2733528,36.8807543580618
2855,28,"2009-07-10T23:04:30Z","noon",29.370832,-167.378553,31.615009,-168.878553,21.5752667,-158.2733528,287.961026643952
2855,29,"2009-07-11T11:15:00Z","midnight",25.223508,-170.037342,29.370832,-167.378553,21.5752667,-158.2733528,530.693195534115
2855,30,"2009-07-11T23:04:00Z","noon",20.223508,-167.287342,25.223508,-170.037342,21.5752667,-158.2733528,623.362744950026
2855,31,"2009-07-12T11:00:00Z","midnight",22.229965,-166.319343,20.223508,-167.287342,21.5752667,-158.2733528,244.627241382987
2855,32,"2009-07-12T23:15:22.5Z","noon",27.229965,-170.163093,22.229965,-166.319343,21.5752667,-158.2733528,677.972510194687
2855,33,"2009-07-13T11:34:37.5Z","midnight",22.229965,-175.005737,27.229965,-170.163093,21.5752667,-158.2733528,740.301754898809
2855,34,"2009-07-13T23:40:38Z","noon",23.350618,-176.507821,22.229965,-175.005737,21.5752667,-158.2733528,198.085088868059
2855,35,"2009-07-14T11:25:38Z","midnight",28.350618,-172.786045,23.350618,-176.507821,21.5752667,-158.2733528,669.068970758065
2855,36,"2009-07-14T23:34:44.5Z","noon",33.25268,-175.063128,28.350618,-172.786045,21.5752667,-158.2733528,586.818092694196
2855,37,"2009-07-15T11:29:44.5Z","midnight",35.165057,-173.839369,33.25268,-175.063128,21.5752667,-158.2733528,240.581553929326
2855,38,"2009-07-15T23:15:01Z","noon",30.165057,-170.158119,35.165057,-173.839369,21.5752667,-158.2733528,653.967694135684
2855,39,"2009-07-16T11:16:43.5Z","midnight",29.299836,-170.6094,30.165057,-170.158119,21.5752667,-158.2733528,105.615495575145
2855,40,"2009-07-16T23:36:25Z","noon",34.299836,-175.532317,29.299836,-170.6094,21.5752667,-158.2733528,724.719570054377
2855,41,"2009-07-17T11:38:52.5Z","midnight",35.839539,-176.168996,34.299836,-175.532317,21.5752667,-158.2733528,180.744989606726
2855,42,"2009-07-17T23:38:42.5Z","noon",35.783896,-176.12733,35.839539,-176.168996,21.5752667,-158.2733528,7.23863275290632
2855,43,"2009-07-18T11:39:32.5Z","midnight",35.720894,-176.355603,35.783896,-176.12733,21.5752667,-158.2733528,21.7580338672123
2855,44,"2009-07-18T23:41:00Z","noon",36.20954,-176.720186,35.720894,-176.355603,21.5752667,-158.2733528,63.4735031927639
2855,45,"2009-07-19T11:58:10.5Z","midnight",31.20954,178.968333,36.20954,-176.720186,21.5752667,-158.2733528,684.029044764853
2855,46,"2009-07-19T23:58:52.5Z","noon",30.400128,178.793333,31.20954,178.968333,21.5752667,-158.2733528,91.5412007306332
2855,47,"2009-07-20T11:56:53.5Z","midnight",31.412902,179.273693,30.400128,178.793333,21.5752667,-158.2733528,121.582945507008
2855,48,"2009-07-20T23:19:41.5Z","noon",26.412902,-171.426307,31.412902,179.273693,21.5752667,-158.2733528,1061.65281228489
2855,49,"2009-07-21T11:12:47Z","midnight",21.412902,-169.712391,26.412902,-171.426307,21.5752667,-158.2733528,582.605693653267
2855,50,"2009-07-21T23:12:47Z","noon",17.443824,-169.712391,21.412902,-169.712391,21.5752667,-158.2733528,441.341337056532
2855,51,"2009-07-22T11:20:45Z","midnight",13.082042,-171.714877,17.443824,-169.712391,21.5752667,-158.2733528,530.423938052178
2855,52,"2009-07-22T23:45:52Z","noon",18.082042,-177.994043,13.082042,-171.714877,21.5752667,-158.2733528,872.378514268027
2855,53,"2009-07-23T11:47:40Z","midnight",23.082042,-178.452472,18.082042,-177.994043,21.5752667,-158.2733528,558.017069886012
2855,54,"2009-07-23T23:48:11Z","noon",25.901694,-178.581639,23.082042,-178.452472,21.5752667,-158.2733528,313.803225941094
2855,55,"2009-07-24T11:34:22Z","midnight",30.901694,-175.133473,25.901694,-178.581639,21.5752667,-158.2733528,650.164821475501
2855,56,"2009-07-24T23:26:34Z","noon",28.880935,-173.183473,30.901694,-175.133473,21.5752667,-158.2733528,292.950061396577
2855,57,"2009-07-25T11:37:20Z","midnight",24.074783,-175.878679,28.880935,-173.183473,21.5752667,-158.2733528,597.904855071724
2855,58,"2009-07-25T23:29:30Z","noon",19.991312,-173.920345,24.074783,-175.878679,21.5752667,-158.2733528,496.880449709418
2855,59,"2009-07-26T11:19:30Z","midnight",24.991312,-171.42139,19.991312,-173.920345,21.5752667,-158.2733528,612.336547788968
2855,60,"2009-07-26T23:19:30Z","noon",25.39449,-171.42139,24.991312,-171.42139,21.5752667,-158.2733528,44.8313481346999
2855,61,"2009-07-27T11:09:30Z","midnight",30.309005,-168.919911,25.39449,-171.42139,21.5752667,-158.2733528,599.199518581984
2855,62,"2009-07-27T23:09:54.5Z","noon",30.487547,-169.021994,30.309005,-168.919911,21.5752667,-158.2733528,22.1358780727287
2855,63,"2009-07-28T11:08:11.5Z","midnight",31.524787,-168.588801,30.487547,-169.021994,21.5752667,-158.2733528,122.502228400304
2855,64,"2009-07-28T23:00:34.5Z","noon",28.102179,-166.684635,31.524787,-168.588801,21.5752667,-158.2733528,422.572333228282
2855,65,"2009-07-29T10:57:17.5Z","midnight",29.915304,-165.857204,28.102179,-166.684635,21.5752667,-158.2733528,217.071495454322
2855,66,"2009-07-29T22:59:42.5Z","noon",30.996637,-166.461371,29.915304,-165.857204,21.5752667,-158.2733528,133.457083927609
2855,67,"2009-07-30T10:53:43.5Z","midnight",33.861389,-164.956352,30.996637,-166.461371,21.5752667,-158.2733528,348.445755010355
2855,68,"2009-07-30T22:52:51Z","noon",33.50035,-164.737602,33.861389,-164.956352,21.5752667,-158.2733528,44.9596148973
2855,69,"2009-07-31T11:12:07Z","midnight",28.50035,-169.542478,33.50035,-164.737602,21.5752667,-158.2733528,720.089314050677
2855,70,"2009-07-31T23:19:02Z","noon",28.2658,-171.271645,28.50035,-169.542478,21.5752667,-158.2733528,171.158150661196
2855,71,"2009-08-01T11:05:30Z","midnight",33.2658,-167.873905,28.2658,-171.271645,21.5752667,-158.2733528,643.702555401397
2855,72,"2009-08-01T23:10:00Z","noon",36.464403,-168.998905,33.2658,-167.873905,21.5752667,-158.2733528,370.173128277452
2855,73,"2009-08-02T11:10:30Z","midnight",36.630778,-169.106872,36.464403,-168.998905,21.5752667,-158.2733528,20.8631644500812
2855,74,"2009-08-02T23:09:00Z","noon",36.038375,-168.731872,36.630778,-169.106872,21.5752667,-158.2733528,73.9422750289452
2855,75,"2009-08-03T11:07:00Z","midnight",37.198148,-168.212209,36.038375,-168.731872,21.5752667,-158.2733528,137.046386203187
2855,76,"2009-08-03T23:10:30Z","noon",38.528819,-169.087209,37.198148,-168.212209,21.5752667,-158.2733528,166.711334278782
2855,77,"2009-08-04T11:07:30Z","midnight",40.007842,-168.314913,38.528819,-169.087209,21.5752667,-158.2733528,177.387673385418
2855,78,"2009-08-04T23:05:00Z","noon",39.100144,-167.689913,40.007842,-168.314913,21.5752667,-158.2733528,114.272381219207
2855,79,"2009-08-05T11:08:30Z","midnight",38.172369,-168.539986,39.100144,-167.689913,21.5752667,-158.2733528,126.862126514869
2855,80,"2009-08-05T23:08:00Z","noon",37.977738,-168.414986,38.172369,-168.539986,21.5752667,-158.2733528,24.2506542036512
2855,81,"2009-08-06T11:03:00Z","midnight",40.27452,-167.137432,37.977738,-168.414986,21.5752667,-158.2733528,278.143516453667
2855,82,"2009-08-06T23:03:30Z","noon",40.456316,-167.262432,40.27452,-167.137432,21.5752667,-158.2733528,22.8208835614359
2855,83,"2009-08-07T11:04:30Z","midnight",40.512593,-167.482259,40.456316,-167.262432,21.5752667,-158.2733528,19.6162933986214
2855,84,"2009-08-07T22:51:30Z","noon",35.512593,-164.232259,40.512593,-167.482259,21.5752667,-158.2733528,624.517545868344
2855,85,"2009-08-08T10:51:00Z","midnight",35.910668,-164.07448,35.512593,-164.232259,21.5752667,-158.2733528,46.4996883365396
2855,86,"2009-08-08T22:59:00Z","noon",39.236279,-166.07448,35.910668,-164.07448,21.5752667,-158.2733528,409.618881406103
2855,87,"2009-08-09T11:04:30Z","midnight",37.431881,-167.414109,39.236279,-166.07448,21.5752667,-158.2733528,232.176039931534
2855,88,"2009-08-09T23:04:00Z","noon",37.218375,-167.289109,37.431881,-167.414109,21.5752667,-158.2733528,26.1876042685401
2855,89,"2009-08-10T10:58:00Z","midnight",40.136983,-165.751164,37.218375,-167.289109,21.5752667,-158.2733528,350.904986778034
2855,90,"2009-08-10T22:58:00Z","noon",40.136983,-165.751164,40.136983,-165.751164,21.5752667,-158.2733528,0
2855,91,"2009-08-11T10:53:30Z","midnight",42.317424,-164.585668,40.136983,-165.751164,21.5752667,-158.2733528,261.305321086827
2855,92,"2009-08-11T23:04:30Z","noon",46.05057,-167.335668,42.317424,-164.585668,21.5752667,-158.2733528,469.391184364846
2855,93,"2009-08-12T11:33:30Z","midnight",41.05057,-174.542646,46.05057,-167.335668,21.5752667,-158.2733528,803.396160627866
2855,94,"2009-08-12T23:24:41.5Z","noon",36.05057,-172.340562,41.05057,-174.542646,21.5752667,-158.2733528,587.970101277263
2855,95,"2009-08-13T11:08:12Z","midnight",39.191117,-168.172125,36.05057,-172.340562,21.5752667,-158.2733528,506.575167807951
2855,96,"2009-08-13T23:05:22.5Z","noon",37.948298,-167.465875,39.191117,-168.172125,21.5752667,-158.2733528,151.219681270615
2855,97,"2009-08-14T10:59:24.5Z","midnight",41.01963,-165.926222,37.948298,-167.465875,21.5752667,-158.2733528,366.169052378933
2855,98,"2009-08-14T22:59:41.5Z","noon",41.135521,-165.997055,41.01963,-165.926222,21.5752667,-158.2733528,14.1884842754875
2855,99,"2009-08-15T11:04:15Z","midnight",39.728813,-167.08622,41.135521,-165.997055,21.5752667,-158.2733528,181.55866059962
2855,100,"2009-08-15T23:04:16Z","noon",39.736123,-167.090387,39.728813,-167.08622,21.5752667,-158.2733528,0.88750986384171
2855,101,"2009-08-16T10:58:33.5Z","midnight",42.667065,-165.610493,39.736123,-167.090387,21.5752667,-158.2733528,348.615302753794
2855,102,"2009-08-16T22:50:16.5Z","noon",39.117851,-163.53966,42.667065,-165.610493,21.5752667,-158.2733528,431.298921217583
2855,103,"2009-08-17T11:05:19.5Z","midnight",34.117851,-167.246998,39.117851,-163.53966,21.5752667,-158.2733528,646.828831393578
2855,104,"2009-08-17T23:15:05.5Z","noon",37.134862,-169.688664,34.117851,-167.246998,21.5752667,-158.2733528,401.515953753316
2855,105,"2009-08-18T11:06:39Z","midnight",41.647315,-167.520779,37.134862,-169.688664,21.5752667,-158.2733528,535.178229114553
2855,106,"2009-08-18T23:11:06Z","noon",43.512495,-168.633279,41.647315,-167.520779,21.5752667,-158.2733528,226.513652580476
2855,107,"2009-08-19T11:24:01Z","midnight",38.512495,-171.802718,43.512495,-168.633279,21.5752667,-158.2733528,616.174662599505
2855,108,"2009-08-19T23:16:43Z","noon",34.34124,-169.977718,38.512495,-171.802718,21.5752667,-158.2733528,491.691108090372
2855,109,"2009-08-20T11:09:29.5Z","midnight",38.824971,-168.109532,34.34124,-169.977718,21.5752667,-158.2733528,525.696257795535
2855,110,"2009-08-20T23:16:57.5Z","noon",42.357311,-169.976199,38.824971,-168.109532,21.5752667,-158.2733528,423.192796111928
2855,111,"2009-08-21T11:23:52.5Z","midnight",39.717031,-171.641276,42.357311,-169.976199,21.5752667,-158.2733528,325.090757133976
2855,112,"2009-08-21T23:20:51.5Z","noon",38.163924,-170.887109,39.717031,-171.641276,21.5752667,-158.2733528,184.602519072854
2855,113,"2009-08-22T11:21:57.5Z","midnight",38.206716,-171.095921,38.163924,-170.887109,21.5752667,-158.2733528,18.8604460336273
2855,114,"2009-08-22T23:15:35.5Z","noon",34.545584,-169.504255,38.206716,-171.095921,21.5752667,-158.2733528,431.296764273302
2855,115,"2009-08-23T11:10:57Z","midnight",37.906375,-168.275613,34.545584,-169.504255,21.5752667,-158.2733528,389.603264484489
2855,116,"2009-08-23T23:06:07.5Z","noon",35.072331,-167.069363,37.906375,-168.275613,21.5752667,-158.2733528,333.061211079975
2855,117,"2009-08-24T11:09:45Z","midnight",33.41011,-167.905412,35.072331,-167.069363,21.5752667,-158.2733528,200.168554706915
2855,118,"2009-08-24T23:15:38.5Z","noon",37.102251,-169.378329,33.41011,-167.905412,21.5752667,-158.2733528,431.763518954648
2855,119,"2009-08-25T11:16:42Z","midnight",37.156191,-169.570802,37.102251,-169.378329,21.5752667,-158.2733528,18.0867644781324
2855,120,"2009-08-25T23:18:12.5Z","noon",38.054709,-169.947885,37.156191,-169.570802,21.5752667,-158.2733528,105.287752709887
2855,121,"2009-08-26T11:31:00Z","midnight",33.054709,-173.071849,38.054709,-169.947885,21.5752667,-158.2733528,623.569298423272
2855,122,"2009-08-26T23:23:36Z","noon",28.054709,-171.221849,33.054709,-173.071849,21.5752667,-158.2733528,583.478547545932
2855,123,"2009-08-27T11:14:49.5Z","midnight",31.88314,-168.952374,28.054709,-171.221849,21.5752667,-158.2733528,478.515458117731
2855,124,"2009-08-27T23:09:29.5Z","noon",27.619991,-167.619041,31.88314,-168.952374,21.5752667,-158.2733528,491.189559564315
2855,125,"2009-08-28T11:04:09.5Z","midnight",32.611561,-166.208285,27.619991,-167.619041,21.5752667,-158.2733528,571.362839644618
2855,126,"2009-08-28T22:55:41Z","noon",27.611561,-164.089535,32.611561,-166.208285,21.5752667,-158.2733528,592.105069604226
2855,127,"2009-08-29T10:52:21Z","midnight",29.195929,-163.177155,27.611561,-164.089535,21.5752667,-158.2733528,197.483596719417
2855,128,"2009-08-29T22:47:03Z","noon",24.333334,-161.852155,29.195929,-163.177155,21.5752667,-158.2733528,556.451796596471
2855,129,"2009-08-30T10:51:37Z","midnight",20.24786,-162.913231,24.333334,-161.852155,21.5752667,-158.2733528,467.208995329942
2855,130,"2009-08-30T23:09:25Z","noon",25.24786,-167.363231,20.24786,-162.913231,21.5752667,-158.2733528,719.114508006426
2855,131,"2009-08-31T11:20:05.5Z","midnight",28.245173,-169.949924,25.24786,-167.363231,21.5752667,-158.2733528,420.742390967957
2855,132,"2009-08-31T23:30:20.5Z","noon",33.245173,-172.512424,28.245173,-169.949924,21.5752667,-158.2733528,607.451473545409
2855,133,"2009-09-01T11:26:30Z","midnight",38.245173,-171.468568,33.245173,-172.512424,21.5752667,-158.2733528,563.886643663719
2855,134,"2009-09-01T23:22:00Z","noon",37.122846,-170.343568,38.245173,-171.468568,21.5752667,-158.2733528,159.29248966615
2855,183,"2009-10-03T12:05:00Z","midnight",-10.002632,-178.260645,37.122846,-170.343568,21.5752667,-158.2733528,5304.87525469512
2855,184,"2009-10-10T23:20:30Z","noon",-5.002632,-166.655136,-10.002632,-178.260645,21.5752667,-158.2733528,1394.57825376564
2855,185,"2009-10-11T11:09:00Z","midnight",-0.002632,-163.7206,-5.002632,-166.655136,21.5752667,-158.2733528,644.447193458513
2855,186,"2009-10-11T23:19:30Z","noon",4.997368,-166.3456,-0.002632,-163.7206,21.5752667,-158.2733528,627.765526779589
2855,187,"2009-10-12T23:11:11.5Z","noon",9.997368,-164.211494,4.997368,-166.3456,21.5752667,-158.2733528,603.675512029195
2855,188,"2009-10-13T11:12:39.5Z","midnight",14.997368,-164.523725,9.997368,-164.211494,21.5752667,-158.2733528,557.006181883654
2855,189,"2009-10-13T23:12:13Z","noon",19.997368,-164.413309,14.997368,-164.523725,21.5752667,-158.2733528,556.097828605455
2855,190,"2009-10-14T23:00:11Z","noon",24.997368,-161.353198,19.997368,-164.413309,21.5752667,-158.2733528,638.623476168534
2855,191,"2009-10-15T10:59:25Z","midnight",29.997368,-161.112479,24.997368,-161.353198,21.5752667,-158.2733528,556.48079163445
2855,192,"2009-10-16T11:11:38.5Z","midnight",34.997368,-164.122467,29.997368,-161.112479,21.5752667,-158.2733528,623.439291223463
2855,193,"2009-10-16T23:18:42Z","noon",39.997368,-165.887051,34.997368,-164.122467,21.5752667,-158.2733528,577.31980585466
2855,194,"2009-10-17T11:38:13.5Z","midnight",44.997368,-170.724892,39.997368,-165.887051,21.5752667,-158.2733528,682.663289043134
2855,195,"2009-10-17T23:29:30Z","noon",49.997368,-168.543642,44.997368,-170.724892,21.5752667,-158.2733528,579.55238435488
2855,196,"2009-10-18T11:20:57.5Z","midnight",54.997368,-166.367728,49.997368,-168.543642,21.5752667,-158.2733528,575.081901185734
2855,197,"2009-10-18T23:40:35Z","noon",54.524946,-171.273978,54.997368,-166.367728,21.5752667,-158.2733528,319.058592073737
2855,198,"2009-10-19T11:40:43Z","midnight",52.71369,-171.269784,54.524946,-171.273978,21.5752667,-158.2733528,201.402667909067
2855,199,"2009-10-19T23:35:20Z","noon",57.44978,-169.923951,52.71369,-171.269784,21.5752667,-158.2733528,533.522162746996
2855,200,"2009-10-20T11:28:44.5Z","midnight",52.44978,-168.241528,57.44978,-169.923951,21.5752667,-158.2733528,566.213719919649
2855,201,"2009-10-21T11:59:41Z","midnight",48.452845,-175.945511,52.44978,-168.241528,21.5752667,-158.2733528,702.942313969145
2855,202,"2009-10-22T00:00:14Z","noon",47.910576,-176.054696,48.452845,-175.945511,21.5752667,-158.2733528,60.8385147090999
2855,203,"2009-10-22T12:00:08Z","midnight",46.268148,-176.029696,47.910576,-176.054696,21.5752667,-158.2733528,182.639465257221
2855,204,"2009-10-22T23:59:29.5Z","noon",46.894798,-175.869279,46.268148,-176.029696,21.5752667,-158.2733528,70.7506119126363
2855,205,"2009-10-23T11:58:26.5Z","midnight",44.432125,-175.581628,46.894798,-175.869279,21.5752667,-158.2733528,274.747025576469
2855,206,"2009-10-23T23:57:21Z","noon",45.489759,-175.308711,44.432125,-175.581628,21.5752667,-158.2733528,119.547632027422
2855,207,"2009-10-24T23:46:34Z","noon",43.681207,-172.59093,45.489759,-175.308711,21.5752667,-158.2733528,294.528035215518
2855,208,"2009-10-25T11:55:06Z","midnight",48.681207,-174.705556,43.681207,-172.59093,21.5752667,-158.2733528,579.257676841076
2855,209,"2009-10-25T23:57:47.5Z","noon",47.560368,-175.378473,48.681207,-174.705556,21.5752667,-158.2733528,134.267202312594
2855,210,"2009-10-26T11:56:02.5Z","midnight",44.872723,-174.92554,47.560368,-175.378473,21.5752667,-158.2733528,300.875845392267
2855,211,"2009-10-27T12:14:17.5Z","midnight",43.942661,-179.475912,44.872723,-174.92554,21.5752667,-158.2733528,375.904219805393
2855,212,"2009-10-28T00:12:24Z","noon",45.48492,-178.9942,43.942661,-179.475912,21.5752667,-158.2733528,175.66394696094
2855,213,"2009-10-28T12:14:27Z","midnight",45.965638,-179.5067,45.48492,-178.9942,21.5752667,-158.2733528,66.632568837576
2855,214,"2009-10-29T00:16:16.5Z","noon",44.557261,-179.957509,45.965638,-179.5067,21.5752667,-158.2733528,160.529122849728
2855,215,"2009-10-29T12:19:43Z","midnight",46.099052,179.182074,44.557261,-179.957509,21.5752667,-158.2733528,184.159238383948
2855,216,"2009-10-30T00:20:23.5Z","noon",45.606084,179.01539,46.099052,179.182074,21.5752667,-158.2733528,56.3150998412902
2855,217,"2009-10-30T12:11:30.5Z","midnight",40.606084,-178.763777,45.606084,179.01539,21.5752667,-158.2733528,584.411083285168
2855,218,"2009-10-31T00:07:24Z","noon",40.93792,-177.738019,40.606084,-178.763777,21.5752667,-158.2733528,93.9287134224582
2855,219,"2009-10-31T12:11:20.5Z","midnight",43.028288,-178.723435,40.93792,-177.738019,21.5752667,-158.2733528,246.290772655222
2855,220,"2009-11-01T00:00:23.5Z","noon",48.028288,-175.990665,43.028288,-178.723435,21.5752667,-158.2733528,595.232967129562
2855,221,"2009-11-01T12:00:00Z","midnight",49.081364,-175.892748,48.028288,-175.990665,21.5752667,-158.2733528,117.318237430376
2855,222,"2009-11-02T00:09:00Z","noon",44.081364,-178.150891,49.081364,-175.892748,21.5752667,-158.2733528,582.072459999609
2855,223,"2009-11-02T12:19:30Z","midnight",49.050789,179.224109,44.081364,-178.150891,21.5752667,-158.2733528,587.789764543132
2855,224,"2009-11-03T00:23:30Z","noon",46.665821,178.212548,49.050789,179.224109,21.5752667,-158.2733528,275.719049261692
2855,225,"2009-11-03T12:13:30Z","midnight",41.665821,-179.287452,46.665821,178.212548,21.5752667,-158.2733528,590.568735167744
2855,226,"2009-11-04T00:09:00Z","noon",42.230773,-178.177434,41.665821,-179.287452,21.5752667,-158.2733528,111.234662381742
2855,227,"2009-11-04T12:14:00Z","midnight",44.678359,-179.427434,42.230773,-178.177434,21.5752667,-158.2733528,290.25015657311
2855,228,"2009-11-05T00:09:30Z","noon",47.35559,-178.320833,44.678359,-179.427434,21.5752667,-158.2733528,309.706410617541
2855,229,"2009-11-05T12:09:30Z","midnight",46.560946,-178.320833,47.35559,-178.320833,21.5752667,-158.2733528,88.3603812885387
2855,230,"2009-11-06T00:05:30Z","noon",48.752317,-177.342646,46.560946,-178.320833,21.5752667,-158.2733528,254.439146709662
2855,231,"2009-11-06T12:24:00Z","midnight",53.752317,178.032354,48.752317,-177.342646,21.5752667,-158.2733528,642.1130069084
2855,232,"2009-11-06T23:12:30Z","noon",58.752317,-166.967646,53.752317,178.032354,21.5752667,-158.2733528,1077.07506783334
2855,233,"2009-11-07T11:34:00Z","midnight",63.752317,-169.492863,58.752317,-166.967646,21.5752667,-158.2733528,572.028261887941
2855,234,"2009-11-08T00:34:00Z","noon",64.842046,175.507137,63.752317,-169.492863,21.5752667,-158.2733528,731.657774657821
2855,235,"2009-11-08T12:15:00Z","midnight",59.842046,-179.771471,64.842046,175.507137,21.5752667,-158.2733528,606.647268035738
2855,236,"2009-11-09T00:23:30Z","noon",56.78895,178.071547,59.842046,-179.771471,21.5752667,-158.2733528,362.060904325605
2855,237,"2009-11-09T12:16:30Z","midnight",53.566647,179.821547,56.78895,178.071547,21.5752667,-158.2733528,375.106162782095
2855,238,"2009-11-10T00:27:30Z","noon",48.845344,177.036209,53.566647,179.821547,21.5752667,-158.2733528,559.586756147773
2855,239,"2009-11-10T12:31:30Z","midnight",50.010657,176.036209,48.845344,177.036209,21.5752667,-158.2733528,148.389957111842
2855,240,"2009-11-10T23:37:00Z","noon",55.010657,-170.338791,50.010657,176.036209,21.5752667,-158.2733528,1074.01397336149
2855,241,"2009-11-11T11:33:00Z","midnight",60.010657,-169.377459,55.010657,-170.338791,21.5752667,-158.2733528,558.91590118061
2855,242,"2009-11-12T00:14:00Z","noon",55.010657,-179.669431,60.010657,-169.377459,21.5752667,-158.2733528,827.191521171572
2855,243,"2009-11-12T12:25:00Z","midnight",56.4205,177.580569,55.010657,-179.669431,21.5752667,-158.2733528,232.875353424205
2855,244,"2009-11-12T23:59:15Z","noon",61.4205,-175.981931,56.4205,177.580569,21.5752667,-158.2733528,666.894507963925
2855,245,"2009-11-13T11:42:17.5Z","midnight",58.433447,-171.787593,61.4205,-175.981931,21.5752667,-158.2733528,405.954483496791
2855,246,"2009-11-13T23:37:17.5Z","noon",59.746978,-170.537593,58.433447,-171.787593,21.5752667,-158.2733528,162.568634202295
2855,247,"2009-11-14T11:38:11Z","midnight",59.447255,-170.808994,59.746978,-170.537593,21.5752667,-158.2733528,36.6603474195973
2855,248,"2009-11-14T23:53:11Z","noon",55.200763,-174.558994,59.447255,-170.808994,21.5752667,-158.2733528,522.911962306424
2855,249,"2009-11-15T11:53:11Z","midnight",54.667923,-174.61068,55.200763,-174.558994,21.5752667,-158.2733528,59.3410326215678
2855,250,"2009-11-16T00:23:48.5Z","noon",49.667923,177.678224,54.667923,-174.61068,21.5752667,-158.2733528,764.445375987784
2855,251,"2009-11-16T12:22:37.5Z","midnight",44.667923,177.974058,49.667923,177.678224,21.5752667,-158.2733528,556.4229594808
2855,252,"2009-11-17T00:26:44Z","noon",39.667923,176.889013,44.667923,177.974058,21.5752667,-158.2733528,563.104662782579
2855,253,"2009-11-17T12:31:26Z","midnight",40.80564,175.714013,39.667923,176.889013,21.5752667,-158.2733528,161.093246433261
2855,254,"2009-11-18T00:31:46.5Z","noon",40.630069,175.567568,40.80564,175.714013,21.5752667,-158.2733528,23.0967362844056
2855,255,"2009-11-18T12:36:46.5Z","midnight",42.643065,174.317568,40.630069,175.567568,21.5752667,-158.2733528,246.757496864976
2855,256,"2009-11-19T00:36:42Z","noon",42.678931,174.272273,42.643065,174.317568,21.5752667,-158.2733528,5.44270469849368
2855,257,"2009-11-19T12:38:00Z","midnight",42.836761,173.947273,42.678931,174.272273,21.5752667,-158.2733528,31.8125967359834
2855,258,"2009-11-20T00:38:00Z","noon",42.836761,173.880266,42.836761,173.947273,21.5752667,-158.2733528,5.46365337412146
2855,259,"2009-11-20T12:44:30Z","midnight",45.294194,172.255266,42.836761,173.880266,21.5752667,-158.2733528,302.513783590967
2855,260,"2009-11-21T00:40:01Z","noon",47.142968,173.306188,45.294194,172.255266,21.5752667,-158.2733528,220.897558716196
2855,261,"2009-11-21T12:30:53Z","midnight",42.825263,175.589521,47.142968,173.306188,21.5752667,-158.2733528,512.531652017212
2855,262,"2009-11-22T00:24:28Z","noon",45.606251,177.120933,42.825263,175.589521,21.5752667,-158.2733528,332.427436050315
2855,263,"2009-11-22T12:27:27.5Z","midnight",46.405251,176.373017,45.606251,177.120933,21.5752667,-158.2733528,105.971309577159
2855,264,"2009-11-23T00:33:42.5Z","noon",43.814838,174.734982,46.405251,176.373017,21.5752667,-158.2733528,315.403852260697
2855,265,"2009-11-23T12:27:54Z","midnight",40.818357,176.187066,43.814838,174.734982,21.5752667,-158.2733528,353.922042209316
2855,266,"2009-11-24T00:23:29Z","noon",42.816167,177.212985,40.818357,176.187066,21.5752667,-158.2733528,237.854167253381
2855,267,"2009-11-24T12:24:22.5Z","midnight",42.830219,176.990069,42.816167,177.212985,21.5752667,-158.2733528,18.2472539589986
2855,268,"2009-11-25T00:30:09Z","noon",40.234098,175.465428,42.830219,176.990069,21.5752667,-158.2733528,315.324923215967
2855,269,"2009-11-25T12:32:31Z","midnight",40.967159,174.873762,40.234098,175.465428,21.5752667,-158.2733528,95.6002968827127
2855,270,"2009-11-26T00:20:48.5Z","noon",45.86632,177.717385,40.967159,174.873762,21.5752667,-158.2733528,591.094991277124
2855,271,"2009-11-26T12:35:25Z","midnight",50.639193,174.065301,45.86632,177.717385,21.5752667,-158.2733528,595.450448839247
2855,272,"2009-11-27T00:50:59.5Z","noon",45.639193,170.085595,50.639193,174.065301,21.5752667,-158.2733528,629.310492935817
2855,273,"2009-11-27T12:48:56Z","midnight",43.990726,170.600179,45.639193,170.085595,21.5752667,-158.2733528,187.740379665203
2855,274,"2009-11-28T00:03:21.5Z","noon",48.990726,-178.094444,43.990726,170.600179,21.5752667,-158.2733528,1027.04574225505
2855,275,"2009-11-28T12:11:37.5Z","midnight",53.990726,179.838889,48.990726,-178.094444,21.5752667,-158.2733528,574.025338982975
2855,276,"2009-11-29T01:08:20Z","noon",48.990726,165.571097,53.990726,179.838889,21.5752667,-158.2733528,1130.60297664228
2855,277,"2009-11-29T13:06:12.5Z","midnight",43.990726,166.102347,48.990726,165.571097,21.5752667,-158.2733528,557.456059686873
2855,278,"2009-11-30T01:04:42.5Z","noon",41.944184,166.384384,43.990726,166.102347,21.5752667,-158.2733528,228.718792966038
2855,279,"2009-11-30T13:01:16Z","midnight",40.19613,167.244801,41.944184,166.384384,21.5752667,-158.2733528,207.32291489576
2855,280,"2009-12-01T00:39:18.5Z","noon",45.19613,172.639254,40.19613,167.244801,21.5752667,-158.2733528,709.194504345552
2855,281,"2009-12-01T13:02:30Z","midnight",50.19613,166.841337,45.19613,172.639254,21.5752667,-158.2733528,704.809356444371
2855,282,"2009-12-02T01:19:00Z","noon",50.364203,162.619127,50.19613,166.841337,21.5752667,-158.2733528,300.559915657914
2855,283,"2009-12-02T13:03:00Z","midnight",45.364203,166.619127,50.364203,162.619127,21.5752667,-158.2733528,630.765958815654
2855,284,"2009-12-03T01:08:00Z","noon",42.833524,165.269927,45.364203,166.619127,21.5752667,-158.2733528,301.306000943211
2855,285,"2009-12-03T13:39:00Z","midnight",47.833524,157.519927,42.833524,165.269927,21.5752667,-158.2733528,821.504177934959
2855,286,"2009-12-04T01:29:00Z","noon",52.833524,159.918829,47.833524,157.519927,21.5752667,-158.2733528,581.375884146288
2855,287,"2009-12-04T13:19:00Z","midnight",52.441838,162.418829,52.833524,159.918829,21.5752667,-158.2733528,174.218892975783
2855,288,"2009-12-05T00:49:00Z","noon",57.441838,169.815928,52.441838,162.418829,21.5752667,-158.2733528,728.776607931503
2855,289,"2009-12-05T12:44:00Z","midnight",57.907667,171.065928,57.441838,169.815928,21.5752667,-158.2733528,90.5900655808719
2855,290,"2009-12-06T01:20:00Z","noon",52.907667,161.961319,57.907667,171.065928,21.5752667,-158.2733528,798.411309146064
2855,291,"2009-12-06T13:05:00Z","midnight",47.907667,165.711319,52.907667,161.961319,21.5752667,-158.2733528,616.015214406046
2855,292,"2009-12-07T01:00:00Z","noon",45.614779,166.855102,47.907667,165.711319,21.5752667,-158.2733528,269.424539809275
2855,293,"2009-12-07T13:00:00Z","midnight",45.417995,166.855102,45.614779,166.855102,21.5752667,-158.2733528,21.8813824448236
2855,294,"2009-12-08T01:03:30Z","noon",44.18045,165.872375,45.417995,166.855102,21.5752667,-158.2733528,157.947578893504
2855,295,"2009-12-08T13:18:30Z","midnight",48.942976,162.122375,44.18045,165.872375,21.5752667,-158.2733528,602.014494358529
2855,296,"2009-12-09T01:14:00Z","noon",50.25589,163.138239,48.942976,162.122375,21.5752667,-158.2733528,163.314343636001
2855,297,"2009-12-09T13:39:00Z","midnight",55.25589,156.888239,50.25589,163.138239,21.5752667,-158.2733528,696.569127793389
2855,298,"2009-12-10T01:38:00Z","noon",56.383342,157.027798,55.25589,156.888239,21.5752667,-158.2733528,125.669638688898
2855,299,"2009-12-10T13:03:00Z","midnight",51.383342,165.777798,56.383342,157.027798,21.5752667,-158.2733528,797.619678624871
2855,300,"2009-12-11T01:09:00Z","noon",46.383342,164.166155,51.383342,165.777798,21.5752667,-158.2733528,568.287975970843
2855,301,"2009-12-11T13:05:00Z","midnight",43.706808,165.166155,46.383342,164.166155,21.5752667,-158.2733528,307.804692808486
2855,302,"2009-12-12T01:05:00Z","noon",43.706808,165.053416,43.706808,165.166155,21.5752667,-158.2733528,9.06208976849141
2855,303,"2009-12-12T13:08:00Z","midnight",44.628325,164.303416,43.706808,165.053416,21.5752667,-158.2733528,118.650193212117
2855,304,"2009-12-13T01:08:57Z","noon",44.298861,163.952188,44.628325,164.303416,21.5752667,-158.2733528,46.0327065281794
2855,305,"2009-12-13T13:04:08.5Z","midnight",42.455244,165.154271,44.298861,163.952188,21.5752667,-158.2733528,226.850700463269
2855,306,"2009-12-14T01:10:09Z","noon",40.162435,163.537577,42.455244,165.154271,21.5752667,-158.2733528,288.486959918464
2855,307,"2009-12-14T13:12:39Z","midnight",41.030746,162.912577,40.162435,163.537577,21.5752667,-158.2733528,110.030442436764
2855,308,"2009-12-15T01:08:49.5Z","noon",42.465725,163.753442,41.030746,162.912577,21.5752667,-158.2733528,174.14207828453
2855,309,"2009-12-15T13:42:23Z","midnight",47.465725,155.363859,42.465725,163.753442,21.5752667,-158.2733528,862.129219709135
2855,310,"2009-12-16T01:33:40Z","noon",52.465725,157.426976,47.465725,155.363859,21.5752667,-158.2733528,575.160401660186
2855,311,"2009-12-16T13:13:40Z","midnight",49.472461,162.426976,52.465725,157.426976,21.5752667,-158.2733528,482.867475461516
2855,312,"2009-12-17T00:44:30Z","noon",54.472461,169.602038,49.472461,162.426976,21.5752667,-158.2733528,741.332847374713
2855,313,"2009-12-17T12:33:44Z","midnight",54.038278,172.293705,54.472461,169.602038,21.5752667,-158.2733528,181.373184314675
2855,314,"2009-12-18T00:59:08.5Z","noon",49.038278,165.824572,54.038278,172.293705,21.5752667,-158.2733528,713.043471551396
2855,315,"2009-12-18T13:09:54.5Z","midnight",50.375986,163.132905,49.038278,165.824572,21.5752667,-158.2733528,244.082823520315
2855,316,"2009-12-19T01:09:30Z","noon",50.485468,163.117606,50.375986,163.132905,21.5752667,-158.2733528,12.2219793236182
2855,317,"2009-12-19T12:54:30Z","midnight",46.040723,166.867606,50.485468,163.117606,21.5752667,-158.2733528,566.676494064559
2855,318,"2009-12-20T01:04:19.5Z","noon",42.704415,164.29375,46.040723,166.867606,21.5752667,-158.2733528,423.591033649104
2855,319,"2009-12-20T12:53:54.5Z","midnight",38.701887,166.897917,42.704415,164.29375,21.5752667,-158.2733528,496.188153893423
2855,320,"2009-12-20T23:49:05Z","noon",43.701887,-178.102083,38.701887,166.897917,21.5752667,-158.2733528,1369.94723524421
2855,321,"2009-12-21T11:51:17Z","midnight",48.701887,-177.563551,43.701887,-178.102083,21.5752667,-158.2733528,557.513109743598
2855,322,"2009-12-22T00:46:29.5Z","noon",43.701887,168.516648,48.701887,-177.563551,21.5752667,-158.2733528,1204.44077398377
2855,323,"2009-12-22T12:37:45.5Z","midnight",39.894555,170.699981,43.701887,168.516648,21.5752667,-158.2733528,460.374158304631
2855,324,"2009-12-23T00:22:33Z","noon",44.894555,174.384457,39.894555,170.699981,21.5752667,-158.2733528,632.80109256878
2855,325,"2009-12-23T12:23:58.5Z","midnight",45.809076,174.028207,44.894555,174.384457,21.5752667,-158.2733528,105.43137354247
2855,326,"2009-12-24T00:33:58.5Z","noon",42.390156,171.410821,45.809076,174.028207,21.5752667,-158.2733528,433.770076019112
2855,327,"2009-12-24T12:29:51Z","midnight",40.875902,172.442071,42.390156,171.410821,21.5752667,-158.2733528,188.930977767238
2855,328,"2009-12-25T00:24:51Z","noon",42.719936,173.575017,40.875902,172.442071,21.5752667,-158.2733528,225.525964882728
2855,329,"2009-12-25T12:29:17Z","midnight",44.296107,172.466683,42.719936,173.575017,21.5752667,-158.2733528,196.734271052899
2855,330,"2009-12-26T00:24:01Z","noon",46.035717,173.666738,44.296107,172.466683,21.5752667,-158.2733528,215.095475665102
2855,331,"2009-12-26T12:28:05.5Z","midnight",47.348714,172.647988,46.035717,173.666738,21.5752667,-158.2733528,165.383594914495
2855,332,"2009-12-27T00:43:39.5Z","noon",42.348714,168.640261,47.348714,172.647988,21.5752667,-158.2733528,639.263188026774
2855,333,"2009-12-27T12:40:20.5Z","midnight",40.949035,169.469427,42.348714,168.640261,21.5752667,-158.2733528,170.201334723807
2855,334,"2009-12-28T00:35:23.5Z","noon",42.779217,170.591527,40.949035,169.469427,21.5752667,-158.2733528,223.711456491534
2855,335,"2009-12-28T12:34:37Z","midnight",42.562206,170.785277,42.779217,170.591527,21.5752667,-158.2733528,28.8652334631733
2855,336,"2009-12-29T00:34:37Z","noon",42.562206,170.670646,42.562206,170.785277,21.5752667,-158.2733528,9.38826568219763
2855,337,"2009-12-29T12:42:21Z","midnight",45.321865,168.737313,42.562206,170.670646,21.5752667,-158.2733528,343.664304437648
2855,338,"2009-12-30T00:21:56Z","noon",50.321865,173.727723,45.321865,168.737313,21.5752667,-158.2733528,668.931988930743
2855,339,"2009-12-30T12:06:38Z","midnight",47.057002,177.552723,50.321865,173.727723,21.5752667,-158.2733528,458.810467219464
2855,340,"2009-12-31T00:31:01Z","noon",42.057002,171.344115,47.057002,177.552723,21.5752667,-158.2733528,741.874616097518
2855,341,"2009-12-31T12:34:21.5Z","midnight",39.702361,170.508698,42.057002,171.344115,21.5752667,-158.2733528,271.076867516622
2855,342,"2010-01-01T00:35:47.5Z","noon",39.126129,170.150365,39.702361,170.508698,21.5752667,-158.2733528,71.08490037931
2855,343,"2010-01-01T12:45:00Z","midnight",42.783756,167.848282,39.126129,170.150365,21.5752667,-158.2733528,450.269614782994
2855,344,"2010-01-02T00:51:30Z","noon",40.316577,166.111593,42.783756,167.848282,21.5752667,-158.2733528,310.057366884425
2855,345,"2010-01-02T12:49:00Z","midnight",39.438553,166.736593,40.316577,166.111593,21.5752667,-158.2733528,111.248352292551
2855,346,"2010-01-03T00:34:30Z","noon",44.438553,170.251094,39.438553,166.736593,21.5752667,-158.2733528,627.22985936329
2855,347,"2010-01-03T12:33:30Z","midnight",44.649987,170.501094,44.438553,170.251094,21.5752667,-158.2733528,30.745201005751
2855,348,"2010-01-04T00:39:30Z","noon",42.490525,168.891887,44.649987,170.501094,21.5752667,-158.2733528,272.869755555988
2855,349,"2010-01-04T12:23:00Z","midnight",37.490525,173.016887,42.490525,168.891887,21.5752667,-158.2733528,657.522592789746
2855,350,"2010-01-05T00:20:30Z","noon",36.975179,173.534072,37.490525,173.016887,21.5752667,-158.2733528,73.3495339432414
2855,351,"2010-01-05T12:25:00Z","midnight",39.048691,172.409072,36.975179,173.534072,21.5752667,-158.2733528,250.740180835042
2855,352,"2010-01-06T00:22:00Z","noon",40.277975,173.052748,39.048691,172.409072,21.5752667,-158.2733528,147.375714402633
2855,353,"2010-01-06T12:17:00Z","midnight",38.372474,174.302748,40.277975,173.052748,21.5752667,-158.2733528,237.594570734692
2855,354,"2010-01-07T00:04:00Z","noon",43.372474,177.448013,38.372474,174.302748,21.5752667,-158.2733528,615.544753669516
2855,355,"2010-01-07T12:00:00Z","midnight",42.212665,178.448013,43.372474,177.448013,21.5752667,-158.2733528,152.607644258953
2855,356,"2010-01-08T00:13:30Z","noon",37.212665,174.969962,42.212665,178.448013,21.5752667,-158.2733528,630.422837973179
2855,357,"2010-01-08T12:13:30Z","midnight",36.763892,174.969962,37.212665,174.969962,21.5752667,-158.2733528,49.9012808150592
2855,358,"2010-01-09T00:12:00Z","noon",37.434552,175.243687,36.763892,174.969962,21.5752667,-158.2733528,78.4257227401041
2855,359,"2010-01-09T12:11:00Z","midnight",37.188485,175.493687,37.434552,175.243687,21.5752667,-158.2733528,35.1779158376874
2855,360,"2010-01-10T00:04:30Z","noon",40.008392,177.019281,37.188485,175.493687,21.5752667,-158.2733528,340.420096917903
2855,361,"2010-01-10T11:59:30Z","midnight",38.07245,178.269281,40.008392,177.019281,21.5752667,-158.2733528,240.813212237699
2855,362,"2010-01-11T00:14:00Z","noon",33.07245,174.546832,38.07245,178.269281,21.5752667,-158.2733528,649.815514785578
2855,363,"2010-01-11T12:24:30Z","midnight",36.480041,171.921832,33.07245,174.546832,21.5752667,-158.2733528,448.337445872096
2855,364,"2010-01-12T00:22:00Z","noon",37.62743,172.451428,36.480041,171.921832,21.5752667,-158.2733528,135.963806738618
2855,365,"2010-01-12T12:20:30Z","midnight",37.179956,172.826428,37.62743,172.451428,21.5752667,-158.2733528,59.773923826109
2855,366,"2010-01-13T00:23:35Z","noon",35.731392,171.962319,37.179956,172.826428,21.5752667,-158.2733528,178.651034996643
2855,367,"2010-01-13T12:29:38Z","midnight",38.783565,170.449819,35.731392,171.962319,21.5752667,-158.2733528,364.814382004953
2855,368,"2010-01-14T00:08:07Z","noon",43.783565,175.737922,38.783565,170.449819,21.5752667,-158.2733528,709.84439795922
2855,369,"2010-01-14T12:13:36Z","midnight",48.783565,174.367088,43.783565,175.737922,21.5752667,-158.2733528,565.839576950142
2855,370,"2010-01-15T00:35:35.5Z","noon",43.783565,168.780398,48.783565,174.367088,21.5752667,-158.2733528,702.025734641071
2855,371,"2010-01-15T12:30:48.5Z","midnight",39.439504,169.976231,43.783565,168.780398,21.5752667,-158.2733528,493.145998639145
2855,372,"2010-01-15T23:34:30Z","noon",44.439504,-175.946686,39.439504,169.976231,21.5752667,-158.2733528,1287.95181845193
2855,373,"2010-01-16T11:33:35.5Z","midnight",49.439504,-175.806009,44.439504,-175.946686,21.5752667,-158.2733528,556.076919035812
2855,374,"2010-01-17T00:34:03Z","noon",44.439504,169.193991,49.439504,-175.806009,21.5752667,-158.2733528,1264.27132545963
2855,375,"2010-01-17T12:35:05Z","midnight",39.439504,168.73711,44.439504,169.193991,21.5752667,-158.2733528,557.25465599496
2855,376,"2010-01-18T00:39:55.5Z","noon",35.81332,167.445242,39.439504,168.73711,21.5752667,-158.2733528,418.942266567216
2855,377,"2010-01-18T12:32:35.5Z","midnight",32.262421,169.278575,35.81332,167.445242,21.5752667,-158.2733528,429.435803484497
2855,378,"2010-01-19T00:28:07.5Z","noon",34.65096,170.316372,32.262421,169.278575,21.5752667,-158.2733528,282.499352069913
2855,379,"2010-01-19T12:33:37Z","midnight",37.766252,168.943456,34.65096,170.316372,21.5752667,-158.2733528,367.639801002017
2855,380,"2010-01-20T00:22:47Z","noon",42.766252,171.575567,37.766252,168.943456,21.5752667,-158.2733528,599.065400844002
2855,381,"2010-01-20T12:54:30Z","midnight",47.766252,163.6464,42.766252,171.575567,21.5752667,-158.2733528,832.391804991391
2855,382,"2010-01-21T00:34:30Z","noon",52.766252,168.572888,47.766252,163.6464,21.5752667,-158.2733528,656.706280821224
2855,383,"2010-01-21T12:04:30Z","midnight",51.651099,176.072888,52.766252,168.572888,21.5752667,-158.2733528,525.60139471334
2855,384,"2010-01-22T00:44:30Z","noon",46.651099,166.002145,51.651099,176.072888,21.5752667,-158.2733528,918.188256388299
2855,385,"2010-01-22T13:03:55Z","midnight",44.418139,161.147979,46.651099,166.002145,21.5752667,-158.2733528,452.198211258198
2855,386,"2010-01-23T00:48:55Z","noon",49.418139,164.830062,44.418139,161.147979,21.5752667,-158.2733528,622.158911871543
2855,387,"2010-01-23T12:44:30Z","midnight",49.054077,165.934229,49.418139,164.830062,21.5752667,-158.2733528,89.8069845324934
2855,388,"2010-01-24T00:39:30Z","noon",50.831621,167.119192,49.054077,165.934229,21.5752667,-158.2733528,215.067810451264
2855,389,"2010-01-24T12:34:30Z","midnight",49.499431,168.369192,50.831621,167.119192,21.5752667,-158.2733528,172.82517733745
2855,390,"2010-01-25T00:48:42.5Z","noon",44.499431,164.755001,49.499431,168.369192,21.5752667,-158.2733528,619.680875481914
2855,391,"2010-01-25T12:44:44.5Z","midnight",42.289085,165.746668,44.499431,164.755001,21.5752667,-158.2733528,258.504502236714
2855,392,"2010-01-26T00:20:32Z","noon",47.289085,171.73962,42.289085,165.746668,21.5752667,-158.2733528,729.461779828304
2855,393,"2010-01-26T12:49:30Z","midnight",52.289085,164.497953,47.289085,171.73962,21.5752667,-158.2733528,760.436800108453
2855,394,"2010-01-27T01:10:48.5Z","noon",54.991796,159.114758,52.289085,164.497953,21.5752667,-158.2733528,464.798437380372
2855,395,"2010-01-27T12:38:18.5Z","midnight",49.991796,167.239758,54.991796,159.114758,21.5752667,-158.2733528,781.166730289653
2855,396,"2010-01-28T00:45:03Z","noon",44.991796,165.501289,49.991796,167.239758,21.5752667,-158.2733528,571.067978401509
2855,397,"2010-01-28T12:46:43Z","midnight",40.869093,165.084622,44.991796,165.501289,21.5752667,-158.2733528,459.675127218263
2855,398,"2010-01-29T00:48:24.5Z","noon",39.96747,164.611749,40.869093,165.084622,21.5752667,-158.2733528,107.952159321858
2855,399,"2010-01-29T12:59:14.5Z","midnight",44.96747,161.903416,39.96747,164.611749,21.5752667,-158.2733528,598.618038106426
2855,400,"2010-01-30T00:44:30Z","noon",49.96747,165.542006,44.96747,161.903416,21.5752667,-158.2733528,619.422373218426
2855,401,"2010-01-30T12:32:17.5Z","midnight",47.625523,168.594089,49.96747,165.542006,21.5752667,-158.2733528,343.150877679415
2855,402,"2010-01-31T00:46:31.5Z","noon",42.625523,164.992087,47.625523,168.594089,21.5752667,-158.2733528,623.497281963507
2855,403,"2010-01-31T12:50:45Z","midnight",43.374124,163.935837,42.625523,164.992087,21.5752667,-158.2733528,119.611469118398
2855,404,"2010-02-01T00:51:46Z","noon",42.839398,163.641187,43.374124,163.935837,21.5752667,-158.2733528,64.089829363044
2855,405,"2010-02-01T12:40:30Z","midnight",37.839398,166.457854,42.839398,163.641187,21.5752667,-158.2733528,604.96231827316
2855,406,"2010-02-02T00:35:00Z","noon",40.219445,167.795578,37.839398,166.457854,21.5752667,-158.2733528,288.765029089544
2855,407,"2010-02-02T12:49:00Z","midnight",45.219445,164.295578,40.219445,167.795578,21.5752667,-158.2733528,625.032120091235
2855,408,"2010-02-03T00:44:00Z","noon",50.219445,165.511529,45.219445,164.295578,21.5752667,-158.2733528,563.344898654007
2855,409,"2010-02-03T12:33:30Z","midnight",46.126323,168.136529,50.219445,165.511529,21.5752667,-158.2733528,494.931994647347
2855,410,"2010-02-04T00:45:00Z","noon",41.126323,165.230721,46.126323,168.136529,21.5752667,-158.2733528,603.054953849889
2855,411,"2010-02-04T12:58:30Z","midnight",46.126323,161.855721,41.126323,165.230721,21.5752667,-158.2733528,618.641255243186
2855,412,"2010-02-05T00:49:00Z","noon",51.126323,164.203167,46.126323,161.855721,21.5752667,-158.2733528,582.047676663327
2855,413,"2010-02-05T13:41:00Z","midnight",56.126323,151.203167,51.126323,164.203167,21.5752667,-158.2733528,1019.28210632151
2855,414,"2010-02-06T01:59:30Z","noon",61.126323,146.553875,56.126323,151.203167,21.5752667,-158.2733528,617.334772971904
2855,415,"2010-02-06T13:22:00Z","midnight",56.126323,155.928875,61.126323,146.553875,21.5752667,-158.2733528,775.550321195684
2855,416,"2010-02-07T01:18:00Z","noon",53.597221,156.907849,56.126323,155.928875,21.5752667,-158.2733528,288.1099659044
2855,417,"2010-02-07T13:22:00Z","midnight",55.954151,155.907849,53.597221,156.907849,21.5752667,-158.2733528,269.804314406014
2855,418,"2010-02-08T01:40:30Z","noon",50.954151,151.26509,55.954151,155.907849,21.5752667,-158.2733528,634.970637375332
2855,419,"2010-02-08T13:33:30Z","midnight",45.954151,153.01509,50.954151,151.26509,21.5752667,-158.2733528,570.711561215662
2855,420,"2010-02-09T01:25:30Z","noon",48.743472,155.000597,45.954151,153.01509,21.5752667,-158.2733528,344.314555180161
2855,421,"2010-02-09T13:23:30Z","midnight",48.473506,155.500597,48.743472,155.000597,21.5752667,-158.2733528,47.4604209545103
2855,422,"2010-02-10T01:18:00Z","noon",51.3936,156.864362,48.473506,155.500597,21.5752667,-158.2733528,339.037419931609
2855,423,"2010-02-10T13:20:00Z","midnight",53.238435,156.364362,51.3936,156.864362,21.5752667,-158.2733528,207.931267668057
2855,424,"2010-02-11T01:15:30Z","noon",55.306172,157.481376,53.238435,156.364362,21.5752667,-158.2733528,241.081765256636
2855,425,"2010-02-11T13:04:30Z","midnight",50.793653,160.231376,55.306172,157.481376,21.5752667,-158.2733528,534.271107560638
2855,426,"2010-02-12T01:00:00Z","noon",53.153419,161.351626,50.793653,160.231376,21.5752667,-158.2733528,273.375162358865
2855,427,"2010-02-12T13:10:00Z","midnight",58.153419,158.851626,53.153419,161.351626,21.5752667,-158.2733528,577.570667399713
2855,428,"2010-02-13T00:37:45Z","noon",63.153419,166.912595,58.153419,158.851626,21.5752667,-158.2733528,707.499455815365
2855,429,"2010-02-13T12:13:48Z","midnight",62.487495,172.900095,63.153419,166.912595,21.5752667,-158.2733528,312.872961472187
2855,430,"2010-02-14T00:13:48Z","noon",62.487495,172.901762,62.487495,172.900095,21.5752667,-158.2733528,0.0856265027559271
2855,431,"2010-02-14T12:02:47Z","midnight",59.362507,175.655929,62.487495,172.901762,21.5752667,-158.2733528,377.9293550934
2855,432,"2010-02-15T00:33:41Z","noon",54.362507,167.935771,59.362507,175.655929,21.5752667,-158.2733528,726.610486517512
2855,433,"2010-02-17T00:20:48.5Z","noon",49.362507,171.173618,54.362507,167.935771,21.5752667,-158.2733528,598.623222113339
2855,434,"2010-02-17T12:21:52.5Z","midnight",44.362507,170.906951,49.362507,171.173618,21.5752667,-158.2733528,556.343148925612
2855,435,"2010-02-18T00:18:38Z","noon",44.480124,171.731558,44.362507,170.906951,21.5752667,-158.2733528,66.7804892634058
2855,436,"2010-02-19T00:07:39.5Z","noon",42.633553,174.492543,44.480124,171.731558,21.5752667,-158.2733528,302.720226940248
2855,437,"2010-02-19T12:07:18Z","midnight",43.555603,174.582127,42.633553,174.492543,21.5752667,-158.2733528,102.784972155896
2855,438,"2010-02-19T23:49:30Z","noon",48.555603,179.032127,43.555603,174.582127,21.5752667,-158.2733528,653.201836491932
2855,439,"2010-02-20T11:31:00Z","midnight",44.219904,-176.322632,48.555603,179.032127,21.5752667,-158.2733528,599.225428053151
2855,440,"2010-02-20T23:25:38Z","noon",49.121852,-174.980966,44.219904,-176.322632,21.5752667,-158.2733528,554.576066060812
2855,441,"2010-02-21T23:02:47Z","noon",50.09594,-169.245263,49.121852,-174.980966,21.5752667,-158.2733528,427.119323825758
2855,442,"2010-02-23T10:58:55Z","midnight",49.758883,-168.223497,50.09594,-169.245263,21.5752667,-158.2733528,82.1831356220013
2855,443,"2010-02-23T22:49:19.5Z","noon",54.758883,-165.82558,49.758883,-168.223497,21.5752667,-158.2733528,579.344594364128
2855,444,"2010-02-24T10:38:24.5Z","midnight",50.207291,-163.06462,54.758883,-165.82558,21.5752667,-158.2733528,539.435651664358
2855,445,"2010-02-26T22:06:26.5Z","noon",55.207291,-155.001157,50.207291,-163.06462,21.5752667,-158.2733528,776.377517849781
2855,446,"2010-02-27T10:34:30Z","midnight",60.207291,-161.975858,55.207291,-155.001157,21.5752667,-158.2733528,692.605179589813
2855,447,"2010-02-27T22:23:31Z","noon",65.207291,-159.230024,60.207291,-161.975858,21.5752667,-158.2733528,573.195092025903
2855,448,"2010-02-28T09:40:43Z","midnight",63.743982,-148.487571,65.207291,-159.230024,21.5752667,-158.2733528,539.038942208807
2855,449,"2010-02-28T21:01:27Z","noon",68.743982,-138.670904,63.743982,-148.487571,21.5752667,-158.2733528,707.143551536723
2855,450,"2010-03-01T08:53:30Z","midnight",70,-136.638446,68.743982,-138.670904,21.5752667,-158.2733528,160.74428159444
2855,451,"2010-03-01T21:23:30Z","noon",67.355013,-144.138446,70,-136.638446,21.5752667,-158.2733528,421.906197038563
2855,452,"2010-03-02T10:04:00Z","midnight",70,-154.216054,67.355013,-144.138446,21.5752667,-158.2733528,501.542461835119
2855,453,"2010-03-02T21:49:00Z","noon",70,-150.466054,70,-154.216054,21.5752667,-158.2733528,142.593415367094
2855,454,"2010-03-03T08:59:00Z","midnight",70,-137.916298,70,-150.466054,21.5752667,-158.2733528,476.436073122629
2855,455,"2010-03-03T20:49:00Z","noon",70,-135.416298,70,-137.916298,21.5752667,-158.2733528,95.0706018988941
2855,456,"2010-03-04T09:03:30Z","midnight",70,-138.989254,70,-135.416298,21.5752667,-158.2733528,135.86330753061
2855,457,"2010-03-04T21:28:30Z","noon",70,-145.239254,70,-138.989254,21.5752667,-158.2733528,237.589091944934
2855,458,"2010-03-05T09:34:00Z","midnight",70,-146.559999,70,-145.239254,21.5752667,-158.2733528,50.228145297415
2855,459,"2010-03-05T21:48:00Z","noon",70,-150.059999,70,-146.559999,21.5752667,-158.2733528,133.089891635132
2855,460,"2010-03-06T21:24:00Z","noon",70,-144.00361,70,-150.059999,21.5752667,-158.2733528,230.235264892149
2855,461,"2010-03-07T09:49:00Z","midnight",70,-150.195169,70,-144.00361,21.5752667,-158.2733528,235.369419779037
2855,462,"2010-03-07T21:48:00Z","noon",70,-149.945169,70,-150.195169,21.5752667,-158.2733528,9.5077195270522
2855,463,"2010-03-08T09:33:00Z","midnight",70,-146.134759,70,-149.945169,21.5752667,-158.2733528,144.889758437773
2855,464,"2010-03-08T21:49:00Z","noon",70,-150.134759,70,-146.134759,21.5752667,-158.2733528,152.096339696771
2855,465,"2010-03-09T09:53:30Z","midnight",70,-151.197465,70,-150.134759,21.5752667,-158.2733528,40.4151591074322
2855,466,"2010-03-09T21:23:30Z","noon",70,-143.697465,70,-151.197465,21.5752667,-158.2733528,285.051964604002
2855,467,"2010-03-10T09:28:30Z","midnight",70,-144.883372,70,-143.697465,21.5752667,-158.2733528,45.1004052647667
2855,493,"2010-04-02T10:03:30Z","midnight",24.685459,-151.879763,70,-144.883372,21.5752667,-158.2733528,5059.44939399235
2855,494,"2010-04-02T22:03:30Z","noon",21.20903,-151.879763,24.685459,-151.879763,21.5752667,-158.2733528,386.561267640017
2855,495,"2010-04-03T10:01:00Z","midnight",24.389877,-151.176145,21.20903,-151.879763,21.5752667,-158.2733528,360.970281369119
2855,496,"2010-04-03T22:06:00Z","noon",29.389877,-152.426145,24.389877,-151.176145,21.5752667,-158.2733528,569.611958930793
2855,497,"2010-04-04T10:03:00Z","midnight",34.059191,-151.598139,29.389877,-152.426145,21.5752667,-158.2733528,525.070005280263
2855,498,"2010-04-04T22:06:00Z","noon",37.307796,-152.348139,34.059191,-151.598139,21.5752667,-158.2733528,367.52051606522
2855,499,"2010-04-05T10:16:30Z","midnight",32.307796,-154.895837,37.307796,-152.348139,21.5752667,-158.2733528,602.598156204702
2855,500,"2010-04-05T22:18:30Z","noon",27.307796,-155.395837,32.307796,-154.895837,21.5752667,-158.2733528,558.06104323831
2855,501,"2010-04-06T10:18:00Z","midnight",25.537701,-155.19433,27.307796,-155.395837,21.5752667,-158.2733528,197.845629830386
2855,502,"2010-04-06T22:23:00Z","noon",30.537701,-156.44433,25.537701,-155.19433,21.5752667,-158.2733528,569.333506171003
2855,503,"2010-04-07T10:24:00Z","midnight",29.504614,-156.618708,30.537701,-156.44433,21.5752667,-158.2733528,116.094295680715
2855,504,"2010-04-07T22:22:00Z","noon",27.109833,-156.118708,29.504614,-156.618708,21.5752667,-158.2733528,270.747813584022
2855,505,"2010-04-08T10:31:00Z","midnight",22.109833,-158.294059,27.109833,-156.118708,21.5752667,-158.2733528,597.845976120477
2855,506,"2010-04-08T22:33:30Z","noon",17.292986,-158.919059,22.109833,-158.294059,21.5752667,-158.2733528,539.587209096724
2855,507,"2010-04-09T10:30:00Z","midnight",21.441612,-157.970469,17.292986,-158.919059,21.5752667,-158.2733528,471.910563365931
2855,508,"2010-04-09T22:34:30Z","noon",26.441612,-159.095469,21.441612,-157.970469,21.5752667,-158.2733528,567.596794570855
2855,509,"2010-04-10T10:33:00Z","midnight",27.732744,-158.648022,26.441612,-159.095469,21.5752667,-158.2733528,150.245178998657
2855,510,"2010-04-10T22:43:30Z","noon",32.732744,-161.273022,27.732744,-158.648022,21.5752667,-158.2733528,610.427237085004
2855,511,"2010-04-11T10:43:00Z","midnight",36.946106,-161.076802,32.732744,-161.273022,21.5752667,-158.2733528,468.846223484963
2855,512,"2010-04-11T22:41:30Z","noon",35.743909,-160.701802,36.946106,-161.076802,21.5752667,-158.2733528,137.832474003107
2855,513,"2010-04-12T10:32:30Z","midnight",40.743909,-158.38189,35.743909,-160.701802,21.5752667,-158.2733528,591.673450616446
2855,514,"2010-04-12T22:34:27Z","noon",42.604146,-158.86939,40.743909,-158.38189,21.5752667,-158.2733528,210.77334647957
2855,515,"2010-04-13T10:32:42Z","midnight",42.77915,-158.363363,42.604146,-158.86939,21.5752667,-158.2733528,45.7067248581572
2855,516,"2010-04-13T22:18:18.5Z","noon",37.77915,-154.765446,42.77915,-158.363363,21.5752667,-158.2733528,634.085629710926
2855,517,"2010-04-14T10:30:45.5Z","midnight",32.77915,-157.810882,37.77915,-154.765446,21.5752667,-158.2733528,620.808004557346
2855,518,"2010-04-14T22:41:57Z","noon",30.663452,-160.608799,32.77915,-157.810882,21.5752667,-158.2733528,354.058639731754
2855,519,"2010-04-15T10:37:13Z","midnight",33.717728,-159.359938,30.663452,-160.608799,21.5752667,-158.2733528,359.368176275628
2855,520,"2010-04-15T22:31:18Z","noon",28.851328,-157.880771,33.717728,-159.359938,21.5752667,-158.2733528,559.054377560232
2855,521,"2010-04-16T10:20:49Z","midnight",33.851328,-155.196019,28.851328,-157.880771,21.5752667,-158.2733528,611.566360456975
2855,522,"2010-04-16T22:21:26Z","noon",36.657748,-155.350185,33.851328,-155.196019,21.5752667,-158.2733528,312.373325567759
2855,523,"2010-04-17T10:13:22Z","midnight",40.873532,-153.271278,36.657748,-155.350185,21.5752667,-158.2733528,502.18671381321
2855,524,"2010-04-17T22:17:40Z","noon",43.198986,-154.346278,40.873532,-153.271278,21.5752667,-158.2733528,273.388279381096
2855,525,"2010-04-18T10:14:03Z","midnight",44.254584,-153.381615,43.198986,-154.346278,21.5752667,-158.2733528,140.660033416131
2855,526,"2010-04-18T22:00:03Z","noon",39.254584,-149.881615,44.254584,-153.381615,21.5752667,-158.2733528,627.062286462655
2855,527,"2010-04-19T10:02:52.5Z","midnight",34.254584,-150.529179,39.254584,-149.881615,21.5752667,-158.2733528,558.954774525919
2855,528,"2010-04-19T21:55:22.5Z","noon",29.254584,-148.654179,34.254584,-150.529179,21.5752667,-158.2733528,583.517683503317
2855,529,"2010-04-20T09:54:27Z","midnight",28.42011,-148.366115,29.254584,-148.654179,21.5752667,-158.2733528,96.9388358367202
2855,530,"2010-04-20T20:49:27Z","noon",23.42011,-133.366115,28.42011,-148.366115,21.5752667,-158.2733528,1598.31452182861
2855,531,"2010-04-21T21:55:09Z","noon",28.42011,-148.366115,23.42011,-133.366115,21.5752667,-158.2733528,1598.31452182861
2855,532,"2010-04-22T10:00:22.5Z","midnight",32.478514,-149.739584,28.42011,-148.366115,21.5752667,-158.2733528,470.07154707487
2855,533,"2010-04-22T22:11:35Z","noon",37.478514,-152.541667,32.478514,-149.739584,21.5752667,-158.2733528,611.700548844397
2855,534,"2010-04-23T10:12:03.5Z","midnight",38.193331,-152.60956,37.478514,-152.541667,21.5752667,-158.2733528,79.7073227617713
2855,535,"2010-04-23T20:29:08.5Z","noon",33.193331,-137.60956,38.193331,-152.60956,21.5752667,-158.2733528,1462.0245140727
2855,536,"2010-04-24T08:44:05Z","midnight",28.193331,-130.567044,33.193331,-137.60956,21.5752667,-158.2733528,872.823384452099
2855,537,"2010-04-24T22:39:28Z","noon",33.193331,-145.567044,28.193331,-130.567044,21.5752667,-158.2733528,1536.38075690436
2855,538,"2010-04-25T10:38:44.5Z","midnight",36.016445,-159.185,33.193331,-145.567044,21.5752667,-158.2733528,1284.06538109247
2855,539,"2010-04-25T22:39:00.5Z","noon",36.162076,-159.251667,36.016445,-159.185,21.5752667,-158.2733528,17.2659446424321
2855,540,"2010-04-26T10:33:26Z","midnight",38.46096,-157.813472,36.162076,-159.251667,21.5752667,-158.2733528,285.509106688925
2855,541,"2010-04-26T22:07:47Z","noon",33.46096,-151.400972,38.46096,-157.813472,21.5752667,-158.2733528,800.961001021297
2855,542,"2010-04-27T10:04:23Z","midnight",28.46096,-150.508752,33.46096,-151.400972,21.5752667,-158.2733528,562.437458121252
2855,543,"2010-04-27T22:19:23Z","noon",33.46096,-154.258752,28.46096,-150.508752,21.5752667,-158.2733528,660.895046155502
2855,544,"2010-04-28T10:19:14Z","midnight",33.626804,-154.181294,33.46096,-154.258752,21.5752667,-158.2733528,19.7889509476275
2855,545,"2010-04-28T22:14:59.5Z","noon",31.198177,-153.120878,33.626804,-154.181294,21.5752667,-158.2733528,287.807339116368
2855,546,"2010-04-29T10:14:44Z","midnight",30.835485,-153.018635,31.198177,-153.120878,21.5752667,-158.2733528,41.4897727321542
2855,547,"2010-04-29T22:22:20.5Z","noon",35.033746,-154.920718,30.835485,-153.018635,21.5752667,-158.2733528,499.403263205123
2855,548,"2010-04-30T10:25:39.5Z","midnight",32.755489,-155.714555,35.033746,-154.920718,21.5752667,-158.2733528,263.710550826966
2855,549,"2010-04-30T22:29:32.5Z","noon",34.804935,-156.685388,32.755489,-155.714555,21.5752667,-158.2733528,244.911800428042
2855,550,"2010-05-01T10:43:30Z","midnight",29.804935,-160.142001,34.804935,-156.685388,21.5752667,-158.2733528,643.80800375591
2855,551,"2010-05-02T09:42:00Z","midnight",24.804935,-145.142001,29.804935,-160.142001,21.5752667,-158.2733528,1581.29795926237
2855,552,"2010-05-02T22:37:00Z","noon",29.804935,-158.486414,24.804935,-145.142001,21.5752667,-158.2733528,1429.65021443608
2855,553,"2010-05-03T10:33:30Z","midnight",34.352789,-157.583233,29.804935,-158.486414,21.5752667,-158.2733528,512.799828452392
2855,554,"2010-05-03T22:28:00Z","noon",31.54398,-156.208233,34.352789,-157.583233,21.5752667,-158.2733528,337.64001050098
2855,555,"2010-05-04T10:29:00Z","midnight",30.56108,-156.432478,31.54398,-156.208233,21.5752667,-158.2733528,111.361403867971
2855,556,"2010-05-04T22:33:00Z","noon",32.647343,-157.432478,30.56108,-156.432478,21.5752667,-158.2733528,250.563653943848
2855,557,"2010-05-05T10:26:00Z","midnight",35.556588,-155.659163,32.647343,-157.432478,21.5752667,-158.2733528,362.34338685153
2855,558,"2010-05-05T22:22:00Z","noon",33.683181,-154.659163,35.556588,-155.659163,21.5752667,-158.2733528,227.521521158784
2855,559,"2010-05-06T10:29:00Z","midnight",29.711795,-156.388302,33.683181,-154.659163,21.5752667,-158.2733528,470.900513590639
2855,560,"2010-05-06T22:37:30Z","noon",33.960357,-158.513302,29.711795,-156.388302,21.5752667,-158.2733528,513.259707338553
2855,561,"2010-05-07T10:27:00Z","midnight",38.101757,-155.869902,33.960357,-158.513302,21.5752667,-158.2733528,518.168133640616
2855,562,"2010-05-07T22:23:00Z","noon",36.442256,-154.869902,38.101757,-155.869902,21.5752667,-158.2733528,204.642942190344
2855,563,"2010-05-08T10:23:00Z","midnight",36.021419,-154.853969,36.442256,-154.869902,21.5752667,-158.2733528,46.8167556269316
2855,564,"2010-05-08T22:14:00Z","noon",31.938298,-152.603969,36.021419,-154.853969,21.5752667,-158.2733528,499.13243830264
2855,565,"2010-05-09T10:05:30Z","midnight",35.400293,-150.465506,31.938298,-152.603969,21.5752667,-158.2733528,432.811437934378
2855,566,"2010-05-09T21:30:00Z","noon",30.400293,-141.590506,35.400293,-150.465506,21.5752667,-158.2733528,997.127897233913
2855,567,"2010-05-10T09:29:30Z","midnight",25.400293,-141.454511,30.400293,-141.590506,21.5752667,-158.2733528,556.135043479741
2855,568,"2010-05-10T22:15:00Z","noon",30.400293,-152.829511,25.400293,-141.454511,21.5752667,-158.2733528,1247.50518625829
2855,569,"2010-05-11T10:09:30Z","midnight",35.400293,-151.445979,30.400293,-152.829511,21.5752667,-158.2733528,570.760959330164
2855,570,"2010-05-11T22:05:30Z","noon",39.331274,-150.445979,35.400293,-151.445979,21.5752667,-158.2733528,445.940111682796
2855,571,"2010-05-12T09:45:30Z","midnight",44.331274,-145.439903,39.331274,-150.445979,21.5752667,-158.2733528,693.338922182608
2855,572,"2010-05-12T21:35:05Z","noon",42.200916,-142.835737,44.331274,-145.439903,21.5752667,-158.2733528,317.101798250149
2855,573,"2010-05-13T09:19:52Z","midnight",46.224322,-139.027938,42.200916,-142.835737,21.5752667,-158.2733528,540.45314113164
2855,574,"2010-05-13T21:20:39Z","noon",46.428132,-139.223772,46.224322,-139.027938,21.5752667,-158.2733528,27.1976763041207
2855,575,"2010-05-14T09:12:19.5Z","midnight",48.12223,-137.14132,46.428132,-139.223772,21.5752667,-158.2733528,245.271725722233
2855,576,"2010-05-14T21:17:05.5Z","noon",49.203938,-138.332987,48.12223,-137.14132,21.5752667,-158.2733528,148.747187122911
2855,577,"2010-05-15T08:57:59Z","midnight",52.634507,-133.557113,49.203938,-138.332987,21.5752667,-158.2733528,507.315036059611
2855,578,"2010-05-15T20:46:51Z","noon",50.543847,-130.77378,52.634507,-133.557113,21.5752667,-158.2733528,301.643134981
2855,579,"2010-05-16T08:46:27.5Z","midnight",50.297171,-130.679464,50.543847,-130.77378,21.5752667,-158.2733528,28.2312989218553
2855,580,"2010-05-16T20:42:02.5Z","noon",49.388814,-129.575298,50.297171,-130.679464,21.5752667,-158.2733528,128.336312734493
2855,581,"2010-05-17T08:57:12.5Z","midnight",45.545101,-133.372932,49.388814,-129.575298,21.5752667,-158.2733528,513.816229036525
2855,582,"2010-05-17T20:47:12.5Z","noon",42.835643,-130.872932,45.545101,-133.372932,21.5752667,-158.2733528,361.202527742241
2855,583,"2010-05-18T08:47:50Z","midnight",42.335949,-131.037488,42.835643,-130.872932,21.5752667,-158.2733528,57.1733054010027
2855,584,"2010-05-18T20:50:43Z","noon",43.158631,-131.758321,42.335949,-131.037488,21.5752667,-158.2733528,108.777689800628
2855,585,"2010-05-19T08:58:13Z","midnight",40.647192,-133.643936,43.158631,-131.758321,21.5752667,-158.2733528,319.881344522867
2855,586,"2010-05-19T20:49:30Z","noon",37.818422,-131.464769,40.647192,-133.643936,21.5752667,-158.2733528,366.255606319024
2855,587,"2010-05-20T08:50:27.5Z","midnight",37.19264,-131.717241,37.818422,-131.464769,21.5752667,-158.2733528,73.0607305699168
2855,588,"2010-05-20T20:25:27.5Z","noon",32.19264,-125.467241,37.19264,-131.717241,21.5752667,-158.2733528,796.876646125443
2855,589,"2010-05-21T08:43:20Z","midnight",27.19264,-129.951117,32.19264,-125.467241,21.5752667,-158.2733528,704.584964884389
2855,590,"2010-05-21T21:00:32Z","noon",26.534519,-134.251117,27.19264,-129.951117,21.5752667,-158.2733528,432.747677216965
2855,591,"2010-05-22T09:10:23Z","midnight",21.534519,-136.730941,26.534519,-134.251117,21.5752667,-158.2733528,610.298043372881
2855,592,"2010-05-22T21:26:52Z","noon",26.534519,-140.851775,21.534519,-136.730941,21.5752667,-158.2733528,695.737359730848
2855,593,"2010-05-23T09:32:26.5Z","midnight",26.547353,-142.265004,26.534519,-140.851775,21.5752667,-158.2733528,140.589869865863
2855,594,"2010-05-23T21:27:06.5Z","noon",24.034128,-140.93167,26.547353,-142.265004,21.5752667,-158.2733528,309.937104379443
2855,595,"2010-05-24T09:12:01Z","midnight",29.034128,-137.180341,24.034128,-140.93167,21.5752667,-158.2733528,669.488993854827
2855,596,"2010-05-24T21:25:36.5Z","noon",34.034128,-140.578258,29.034128,-137.180341,21.5752667,-158.2733528,642.391365531206
2855,597,"2010-05-25T09:14:43.5Z","midnight",38.982768,-137.881073,34.034128,-140.578258,21.5752667,-158.2733528,600.667282985348
2855,598,"2010-05-25T21:12:59.5Z","noon",38.44609,-137.44774,38.982768,-137.881073,21.5752667,-158.2733528,70.5316355170134
2855,599,"2010-05-26T09:09:40Z","midnight",39.22498,-136.642147,38.44609,-137.44774,21.5752667,-158.2733528,111.218585220908
2855,600,"2010-05-26T21:09:52Z","noon",39.285045,-136.692147,39.22498,-136.642147,21.5752667,-158.2733528,7.94619778467704
2855,601,"2010-05-27T09:12:57.5Z","midnight",38.109968,-137.492676,39.285045,-136.692147,21.5752667,-158.2733528,147.981698967537
2855,602,"2010-05-27T21:13:31.5Z","noon",38.285406,-137.634343,38.109968,-137.492676,21.5752667,-158.2733528,23.1043727582832
2855,603,"2010-05-28T09:14:29.5Z","midnight",37.763982,-137.90552,38.285406,-137.634343,21.5752667,-158.2733528,62.6566283997376
2855,604,"2010-05-28T21:13:27Z","noon",37.437322,-137.645103,37.763982,-137.90552,21.5752667,-158.2733528,42.9615457461246
2855,605,"2010-05-29T09:18:07Z","midnight",35.715203,-138.84312,37.437322,-137.645103,21.5752667,-158.2733528,219.341802733414
2855,606,"2010-05-29T21:27:06.5Z","noon",38.555338,-141.091036,35.715203,-138.84312,21.5752667,-158.2733528,373.388694232952
2855,607,"2010-05-30T09:17:39.5Z","midnight",41.037254,-138.761663,38.555338,-141.091036,21.5752667,-158.2733528,340.214016435449
2855,608,"2010-05-30T21:20:40.5Z","noon",41.835754,-139.51583,41.037254,-138.761663,21.5752667,-158.2733528,108.792181275029
2855,609,"2010-05-31T09:24:43.5Z","midnight",40.561326,-140.56317,41.835754,-139.51583,21.5752667,-158.2733528,166.610687817601
2855,610,"2010-05-31T21:25:32Z","noon",40.780473,-140.765253,40.561326,-140.56317,21.5752667,-158.2733528,29.7366729608258
2855,611,"2010-06-01T09:23:00Z","midnight",41.26725,-140.168406,40.780473,-140.765253,21.5752667,-158.2733528,73.7333786980216
2855,612,"2010-06-01T21:30:00Z","noon",43.032761,-141.918406,41.26725,-140.168406,21.5752667,-158.2733528,243.611884826066
2855,613,"2010-06-02T09:31:30Z","midnight",42.487738,-142.331471,43.032761,-141.918406,21.5752667,-158.2733528,69.3540669182071
2855,614,"2010-06-02T21:23:30Z","noon",40.424256,-140.331471,42.487738,-142.331471,21.5752667,-158.2733528,283.576147421462
2855,615,"2010-06-03T09:31:00Z","midnight",38.146851,-142.246042,40.424256,-140.331471,21.5752667,-158.2733528,302.106272535717
2855,616,"2010-06-03T21:32:00Z","noon",38.438213,-142.496042,38.146851,-142.246042,21.5752667,-158.2733528,39.0595980765249
2855,617,"2010-06-04T09:28:30Z","midnight",39.272895,-141.662047,38.438213,-142.496042,21.5752667,-158.2733528,117.596900495384
2855,618,"2010-06-04T21:27:00Z","noon",38.85159,-141.287047,39.272895,-141.662047,21.5752667,-158.2733528,56.9464030032237
2855,619,"2010-06-05T09:37:30Z","midnight",35.55038,-143.954412,38.85159,-141.287047,21.5752667,-158.2733528,436.477152651613
2855,620,"2010-06-05T21:46:30Z","noon",38.272638,-146.204412,35.55038,-143.954412,21.5752667,-158.2733528,362.798368298828
2855,621,"2010-06-06T09:56:00Z","midnight",35.251808,-148.623059,38.272638,-146.204412,21.5752667,-158.2733528,399.023144362924
2855,622,"2010-06-06T22:06:30Z","noon",38.416917,-151.248059,35.251808,-148.623059,21.5752667,-158.2733528,422.37575343179
2855,623,"2010-06-07T10:14:30Z","midnight",35.907247,-153.29291,38.416917,-151.248059,21.5752667,-158.2733528,332.708700231525
2855,624,"2010-06-07T22:16:00Z","noon",36.36874,-153.66791,35.907247,-153.29291,21.5752667,-158.2733528,61.3784192795795
2855,625,"2010-06-08T10:21:30Z","midnight",34.517813,-155.088885,36.36874,-153.66791,21.5752667,-158.2733528,242.745861643981
2855,626,"2010-06-08T22:28:00Z","noon",36.548951,-156.713885,34.517813,-155.088885,21.5752667,-158.2733528,269.489520669963
2855,627,"2010-06-09T10:43:00Z","midnight",31.548951,-160.510903,36.548951,-156.713885,21.5752667,-158.2733528,656.724764676147
2855,628,"2010-06-09T22:51:00Z","noon",34.242873,-162.510903,31.548951,-160.510903,21.5752667,-158.2733528,352.964048057957
2855,629,"2010-06-10T10:42:30Z","midnight",36.776526,-160.433879,34.242873,-162.510903,21.5752667,-158.2733528,338.673779056179
2855,630,"2010-06-10T22:51:00Z","noon",39.183707,-162.558879,36.776526,-160.433879,21.5752667,-158.2733528,326.064373055318
2855,631,"2010-06-11T10:47:30Z","midnight",40.013332,-161.732729,39.183707,-162.558879,21.5752667,-158.2733528,116.276004370284
2855,632,"2010-06-11T22:46:30Z","noon",39.751661,-161.482729,40.013332,-161.732729,21.5752667,-158.2733528,36.0782865990605
2855,633,"2010-06-12T11:07:30Z","midnight",34.751661,-166.782369,39.751661,-161.482729,21.5752667,-158.2733528,727.112870252248
2855,634,"2010-06-12T23:08:15Z","noon",33.711686,-166.969869,34.751661,-166.782369,21.5752667,-158.2733528,116.917508088422
2855,635,"2010-06-13T10:50:12Z","midnight",38.711686,-162.50771,33.711686,-166.969869,21.5752667,-158.2733528,684.892415841457
2855,636,"2010-06-13T22:50:25.5Z","noon",39.054832,-162.56396,38.711686,-162.50771,21.5752667,-158.2733528,38.4654765783641
2855,637,"2010-06-14T10:51:55Z","midnight",38.578153,-162.987831,39.054832,-162.56396,21.5752667,-158.2733528,64.4828964476217
2855,638,"2010-06-14T23:05:59.5Z","noon",42.142971,-166.506581,38.578153,-162.987831,21.5752667,-158.2733528,495.892458287297
2855,639,"2010-06-15T11:12:39.5Z","midnight",40.457017,-168.224728,42.142971,-166.506581,21.5752667,-158.2733528,236.092438506835
2855,640,"2010-06-15T22:59:40Z","noon",36.944437,-164.976812,40.457017,-168.224728,21.5752667,-158.2733528,481.57285697888
2855,641,"2010-06-16T10:54:49.5Z","midnight",38.255332,-163.818311,36.944437,-164.976812,21.5752667,-158.2733528,177.940297171963
2855,642,"2010-06-16T22:54:39Z","noon",38.207183,-163.774561,38.255332,-163.818311,21.5752667,-158.2733528,6.577798377345
2855,643,"2010-06-17T10:59:43.5Z","midnight",36.724222,-165.095572,38.207183,-163.774561,21.5752667,-158.2733528,201.945365898294
2855,644,"2010-06-17T22:50:05.5Z","noon",33.776708,-162.687239,36.724222,-165.095572,21.5752667,-158.2733528,393.974753008951
2855,645,"2010-06-18T10:45:38.5Z","midnight",35.13782,-161.627255,33.776708,-162.687239,21.5752667,-158.2733528,179.861788505358
2855,646,"2010-06-18T23:05:27Z","noon",40.13782,-166.579338,35.13782,-161.627255,21.5752667,-158.2733528,706.305056669794
2855,647,"2010-06-19T11:09:18.5Z","midnight",39.612272,-167.596601,40.13782,-166.579338,21.5752667,-158.2733528,104.645132180774
2855,648,"2010-06-19T23:19:30Z","noon",42.114382,-170.144518,39.612272,-167.596601,21.5752667,-158.2733528,351.12595876669
2855,649,"2010-06-20T11:21:57.5Z","midnight",41.513984,-170.811852,42.114382,-170.144518,21.5752667,-158.2733528,86.6926228363268
2855,650,"2010-06-20T23:13:16Z","noon",39.341238,-168.638935,41.513984,-170.811852,21.5752667,-158.2733528,303.617708205589
2855,651,"2010-06-21T11:11:50.5Z","midnight",39.698472,-168.335417,39.341238,-168.638935,21.5752667,-158.2733528,47.4940012001125
2855,652,"2010-06-21T23:08:46.5Z","noon",38.894866,-167.56875,39.698472,-168.335417,21.5752667,-158.2733528,111.071160028989
2855,653,"2010-06-22T11:07:02Z","midnight",39.350133,-167.185953,38.894866,-167.56875,21.5752667,-158.2733528,60.4413453252668
2855,654,"2010-06-22T22:27:35.5Z","noon",34.350133,-157.325536,39.350133,-167.185953,21.5752667,-158.2733528,1037.73222505142
2855,655,"2010-06-23T10:30:09Z","midnight",29.350133,-158.017536,34.350133,-157.325536,21.5752667,-158.2733528,559.798176688423
2855,656,"2010-06-23T23:10:12Z","noon",34.350133,-168.030036,29.350133,-158.017536,21.5752667,-158.2733528,1096.17757079806
2855,657,"2010-06-24T11:13:08Z","midnight",38.056453,-168.81549,34.350133,-168.030036,21.5752667,-158.2733528,418.101017592407
2855,658,"2010-06-24T23:08:45.5Z","noon",36.823089,-167.72174,38.056453,-168.81549,21.5752667,-158.2733528,167.72633365027
2855,659,"2010-06-25T11:14:53.5Z","midnight",35.015771,-169.306807,36.823089,-167.72174,21.5752667,-158.2733528,246.486339202156
2855,660,"2010-06-25T23:03:55Z","noon",31.435883,-166.563057,35.015771,-169.306807,21.5752667,-158.2733528,472.798076543354
2855,661,"2010-06-26T11:00:20Z","midnight",32.678368,-165.718481,31.435883,-166.563057,21.5752667,-158.2733528,159.442994429811
2855,662,"2010-06-26T22:35:30Z","noon",27.678368,-159.510147,32.678368,-165.718481,21.5752667,-158.2733528,815.290778426219
2855,663,"2010-06-27T10:39:01.5Z","midnight",22.678368,-160.442086,27.678368,-159.510147,21.5752667,-158.2733528,563.820326612328
2855,664,"2010-06-27T22:56:21.5Z","noon",27.678368,-164.775419,22.678368,-160.442086,21.5752667,-158.2733528,706.429037109678
2855,665,"2010-06-28T10:51:55Z","midnight",30.491385,-163.715034,27.678368,-164.775419,21.5752667,-158.2733528,329.321857063544
2855,666,"2010-06-28T22:29:25Z","noon",25.491385,-158.090034,30.491385,-163.715034,21.5752667,-158.2733528,783.4118842923
2855,667,"2010-06-29T10:33:21.5Z","midnight",20.491385,-159.124734,25.491385,-158.090034,21.5752667,-158.2733528,565.96337907837
2855,668,"2010-06-29T23:03:21.5Z","noon",25.491385,-166.624734,20.491385,-159.124734,21.5752667,-158.2733528,947.517348829407
2855,669,"2010-06-30T10:57:00Z","midnight",30.491385,-165.083599,25.491385,-166.624734,21.5752667,-158.2733528,576.175550456295
2855,670,"2010-06-30T23:12:15Z","noon",35.491385,-168.896099,30.491385,-165.083599,21.5752667,-158.2733528,659.806229456448
2855,671,"2010-07-01T11:19:00Z","midnight",36.654844,-170.631125,35.491385,-168.896099,21.5752667,-158.2733528,202.607760804025
2855,672,"2010-07-01T23:22:00Z","noon",37.523789,-171.381125,36.654844,-170.631125,21.5752667,-158.2733528,117.307995070642
2855,673,"2010-07-02T11:22:30Z","midnight",37.461438,-171.552642,37.523789,-171.381125,21.5752667,-158.2733528,16.6448519930833
2855,674,"2010-07-02T23:24:00Z","noon",37.888,-171.927642,37.461438,-171.552642,21.5752667,-158.2733528,57.7839340097266
2855,675,"2010-07-03T11:28:00Z","midnight",36.823773,-172.973065,37.888,-171.927642,21.5752667,-158.2733528,150.136148455083
2855,676,"2010-07-03T23:29:00Z","noon",37.116821,-173.223065,36.823773,-172.973065,21.5752667,-158.2733528,39.4345060821588
2855,677,"2010-07-04T11:33:30Z","midnight",35.869613,-174.39231,37.116821,-173.223065,21.5752667,-158.2733528,173.65650683353
2855,678,"2010-07-04T23:04:30Z","noon",30.869613,-167.14231,35.869613,-174.39231,21.5752667,-158.2733528,872.662469042092
2855,679,"2010-07-05T10:57:00Z","midnight",28.57532,-165.310296,30.869613,-167.14231,21.5752667,-158.2733528,310.437128323302
2855,680,"2010-07-05T23:21:00Z","noon",33.57532,-171.310296,28.57532,-165.310296,21.5752667,-158.2733528,796.944205150249
2855,681,"2010-07-06T11:15:30Z","midnight",38.437662,-169.976941,33.57532,-171.310296,21.5752667,-158.2733528,553.790514101737
2855,682,"2010-07-06T23:16:00Z","noon",38.577819,-170.101941,38.437662,-169.976941,21.5752667,-158.2733528,19.0048501070702
2855,683,"2010-07-07T11:27:00Z","midnight",35.433221,-172.892165,38.577819,-170.101941,21.5752667,-158.2733528,428.49294739945
2855,684,"2010-07-07T23:31:30Z","noon",36.817782,-174.017165,35.433221,-172.892165,21.5752667,-158.2733528,184.148313773071
2855,685,"2010-07-08T11:28:00Z","midnight",37.980943,-173.180892,36.817782,-174.017165,21.5752667,-158.2733528,148.945759392004
2855,686,"2010-07-08T23:28:30Z","noon",38.125122,-173.305892,37.980943,-173.180892,21.5752667,-158.2733528,19.4117321038158
2855,687,"2010-07-09T11:25:00Z","midnight",39.254103,-172.468046,38.125122,-173.305892,21.5752667,-158.2733528,145.075870158662
2855,688,"2010-07-09T23:24:30Z","noon",39.115281,-172.343046,39.254103,-172.468046,21.5752667,-158.2733528,18.8241690094678
2855,689,"2010-07-10T11:25:00Z","midnight",39.125779,-172.503553,39.115281,-172.343046,21.5752667,-158.2733528,13.8956203308954
2855,690,"2010-07-10T23:22:30Z","noon",38.415766,-171.878553,39.125779,-172.503553,21.5752667,-158.2733528,95.7540185613684
2855,691,"2010-07-11T11:34:30Z","midnight",34.876499,-174.912342,38.415766,-171.878553,21.5752667,-158.2733528,477.567034259141
2855,692,"2010-07-11T23:38:00Z","noon",36.006114,-175.787342,34.876499,-174.912342,21.5752667,-158.2733528,148.526232245251
2855,693,"2010-07-12T11:29:30Z","midnight",38.741574,-173.694343,36.006114,-175.787342,21.5752667,-158.2733528,355.95775412892
2855,694,"2010-07-12T23:29:27.5Z","noon",38.729558,-173.683926,38.741574,-173.694343,21.5752667,-158.2733528,1.61294455882932
2855,695,"2010-07-13T11:37:02.5Z","midnight",36.621366,-175.609904,38.729558,-173.683926,21.5752667,-158.2733528,289.265117191271
2855,696,"2010-07-13T23:34:01Z","noon",35.654705,-174.853654,36.621366,-175.609904,21.5752667,-158.2733528,127.143013344588
2855,697,"2010-07-14T11:37:52.5Z","midnight",34.553661,-175.846462,35.654705,-174.853654,21.5752667,-158.2733528,152.136023615662
2855,698,"2010-07-14T23:40:30Z","noon",35.432553,-176.502712,34.553661,-175.846462,21.5752667,-158.2733528,114.561252753886
2855,699,"2010-07-15T11:35:13.5Z","midnight",37.314889,-175.210203,35.432553,-176.502712,21.5752667,-158.2733528,239.158037058105
2855,700,"2010-07-15T23:35:37.5Z","noon",37.439125,-175.310203,37.314889,-175.210203,21.5752667,-158.2733528,16.3986673876194
2855,701,"2010-07-16T11:37:49.5Z","midnight",36.949644,-175.8844,37.439125,-175.310203,21.5752667,-158.2733528,74.4924255926515
2855,702,"2010-07-16T23:41:07Z","noon",37.977238,-176.707317,36.949644,-175.8844,21.5752667,-158.2733528,135.391582561753
2855,703,"2010-07-17T11:39:52Z","midnight",38.568807,-176.416913,37.977238,-176.707317,21.5752667,-158.2733528,70.4953516352376
2855,704,"2010-07-17T23:20:04.5Z","noon",33.568807,-171.468996,38.568807,-176.416913,21.5752667,-158.2733528,711.698431399505
2855,705,"2010-07-18T11:19:14.5Z","midnight",32.380247,-171.280603,33.568807,-171.468996,21.5752667,-158.2733528,133.325042300404
2855,706,"2010-07-18T23:35:58.5Z","noon",37.380247,-175.463936,32.380247,-171.280603,21.5752667,-158.2733528,674.148671901892
2855,707,"2010-07-19T11:41:20.5Z","midnight",36.616008,-176.823334,37.380247,-175.463936,21.5752667,-158.2733528,147.630573318174
2855,708,"2010-07-19T23:44:31Z","noon",37.646806,-177.617084,36.616008,-176.823334,21.5752667,-158.2733528,134.49409365446
2855,709,"2010-07-20T11:43:42.5Z","midnight",38.14116,-177.430473,37.646806,-177.617084,21.5752667,-158.2733528,57.3567662138826
2855,710,"2010-07-20T23:45:05.5Z","noon",38.574848,-177.776307,38.14116,-177.430473,21.5752667,-158.2733528,56.8754831567932
2855,711,"2010-07-21T11:45:38.5Z","midnight",38.650818,-177.926975,38.574848,-177.776307,21.5752667,-158.2733528,15.5798202398271
2855,712,"2010-07-21T23:38:25.5Z","noon",36.290901,-176.122808,38.650818,-177.926975,21.5752667,-158.2733528,306.919817033092
2855,713,"2010-07-22T11:38:37Z","midnight",36.479406,-176.181543,36.290901,-176.122808,21.5752667,-158.2733528,21.6101698535465
2855,714,"2010-07-22T23:34:27Z","noon",35.016823,-175.139877,36.479406,-176.181543,21.5752667,-158.2733528,187.842416936354
2855,715,"2010-07-23T11:36:14Z","midnight",34.627979,-175.594139,35.016823,-175.139877,21.5752667,-158.2733528,59.9075579783366
2855,716,"2010-07-23T23:46:34.5Z","noon",38.210254,-178.179556,34.627979,-175.594139,21.5752667,-158.2733528,460.58187491016
2855,717,"2010-07-24T11:51:22.5Z","midnight",36.875594,-179.385557,38.210254,-178.179556,21.5752667,-158.2733528,182.56212030232
2855,718,"2010-07-24T23:52:03Z","noon",37.107658,-179.554307,36.875594,-179.385557,21.5752667,-158.2733528,29.8409795898979
2855,719,"2010-07-25T11:54:52Z","midnight",36.408226,179.737988,37.107658,-179.554307,21.5752667,-158.2733528,100.117038571535
2855,720,"2010-07-25T23:58:56.5Z","noon",37.819057,178.719238,36.408226,179.737988,21.5752667,-158.2733528,181.023441495753
2855,721,"2010-07-26T11:59:32.5Z","midnight",37.909129,178.568194,37.819057,178.719238,21.5752667,-158.2733528,16.6169328842964
2855,722,"2010-07-26T23:56:16.5Z","noon",36.773739,179.38486,37.909129,178.568194,21.5752667,-158.2733528,145.433101565561
2855,723,"2010-07-27T12:00:07.5Z","midnight",35.674765,178.423839,36.773739,179.38486,21.5752667,-158.2733528,149.544874999472
2855,724,"2010-07-27T23:18:11Z","noon",30.674765,-171.090744,35.674765,178.423839,21.5752667,-158.2733528,1122.17766203129
2855,725,"2010-07-28T11:20:20Z","midnight",25.674765,-171.624218,30.674765,-171.090744,21.5752667,-158.2733528,558.4253735379
2855,726,"2010-07-28T23:50:20Z","noon",30.232952,-179.124218,25.674765,-171.624218,21.5752667,-158.2733528,893.791323437701
2855,727,"2010-07-29T11:59:45.5Z","midnight",26.074562,178.526129,30.232952,-179.124218,21.5752667,-158.2733528,516.55178196248
2855,728,"2010-07-29T23:56:15.5Z","noon",24.28617,179.401129,26.074562,178.526129,21.5752667,-158.2733528,217.478843803371
2855,729,"2010-07-30T11:46:00Z","midnight",29.28617,-178.025102,24.28617,179.401129,21.5752667,-158.2733528,611.802778233358
2855,730,"2010-07-30T23:49:30Z","noon",31.218438,-178.900102,29.28617,-178.025102,21.5752667,-158.2733528,230.708411628678
2855,731,"2010-07-31T11:44:22.5Z","midnight",33.753459,-177.607062,31.218438,-178.900102,21.5752667,-158.2733528,306.85636445531
2855,732,"2010-07-31T23:49:07.5Z","noon",35.675967,-178.794562,33.753459,-177.607062,21.5752667,-158.2733528,239.743657305593
2855,733,"2010-08-01T11:52:00Z","midnight",34.872594,-179.498905,35.675967,-178.794562,21.5752667,-158.2733528,109.855027615875
2855,734,"2010-08-01T23:08:00Z","noon",29.872594,-168.498905,34.872594,-179.498905,21.5752667,-158.2733528,1172.11743529353
2855,735,"2010-08-02T11:05:00Z","midnight",24.872594,-167.731872,29.872594,-168.498905,21.5752667,-158.2733528,561.104141337054
2855,736,"2010-08-02T23:49:30Z","noon",29.872594,-178.856872,24.872594,-167.731872,21.5752667,-158.2733528,1230.32829990149
2855,737,"2010-08-03T11:49:00Z","midnight",34.872594,-178.712209,29.872594,-178.856872,21.5752667,-158.2733528,556.140367509914
2855,738,"2010-08-03T23:52:30Z","noon",38.528819,-179.587209,34.872594,-178.712209,21.5752667,-158.2733528,413.963357832697
2855,739,"2010-08-04T11:49:30Z","midnight",40.007842,-178.814913,38.528819,-179.587209,21.5752667,-158.2733528,177.387673385418
2855,740,"2010-08-04T23:42:00Z","noon",37.189536,-176.939913,40.007842,-178.814913,21.5752667,-158.2733528,353.187802819886
2855,741,"2010-08-05T11:42:00Z","midnight",37.584422,-176.914986,37.189536,-176.939913,21.5752667,-158.2733528,43.9645136934279
2855,742,"2010-08-05T23:46:00Z","noon",39.125628,-177.914986,37.584422,-176.914986,21.5752667,-158.2733528,192.27859067605
2855,743,"2010-08-06T11:51:00Z","midnight",37.591698,-179.137432,39.125628,-177.914986,21.5752667,-158.2733528,201.125380747358
2855,744,"2010-08-06T23:51:00Z","noon",37.591698,-179.137432,37.591698,-179.137432,21.5752667,-158.2733528,0
2855,745,"2010-08-07T11:51:00Z","midnight",38.009882,-179.107259,37.591698,-179.137432,21.5752667,-158.2733528,46.5754452952402
2855,746,"2010-08-07T23:55:30Z","noon",39.766898,179.767741,38.009882,-179.107259,21.5752667,-158.2733528,218.285306392966
2855,747,"2010-08-08T12:01:30Z","midnight",37.828336,178.30052,39.766898,179.767741,21.5752667,-158.2733528,250.255750127578
2855,748,"2010-08-08T23:57:30Z","noon",36.129932,179.30052,37.828336,178.30052,21.5752667,-158.2733528,208.697586077288
2855,749,"2010-08-09T12:03:30Z","midnight",33.821068,177.835891,36.129932,179.30052,21.5752667,-158.2733528,289.333754435896
2855,750,"2010-08-10T00:02:30Z","noon",33.339298,178.123836,33.821068,177.835891,21.5752667,-158.2733528,59.8440528447547
2855,751,"2010-08-10T11:58:30Z","midnight",35.672829,179.123836,33.339298,178.123836,21.5752667,-158.2733528,275.175871183437
2855,752,"2010-08-10T23:54:00Z","noon",33.535848,-179.751164,35.672829,179.123836,21.5752667,-158.2733528,258.964284381494
2855,753,"2010-08-11T11:48:00Z","midnight",36.817565,-178.210668,33.535848,-179.751164,21.5752667,-158.2733528,390.83178073016
2855,754,"2010-08-11T23:23:00Z","noon",31.817565,-171.960668,36.817565,-178.210668,21.5752667,-158.2733528,798.72967839253
2855,755,"2010-08-12T11:23:30Z","midnight",26.817565,-172.042646,31.817565,-171.960668,21.5752667,-158.2733528,556.031371091197
2855,756,"2010-08-12T23:49:13.5Z","noon",31.817565,-178.473896,26.817565,-172.042646,21.5752667,-158.2733528,835.055514006377
2855,757,"2010-08-13T11:50:03.5Z","midnight",36.817565,-178.636708,31.817565,-178.473896,21.5752667,-158.2733528,556.175357268788
2855,758,"2010-08-13T23:48:43.5Z","noon",36.89517,-178.303375,36.817565,-178.636708,21.5752667,-158.2733528,30.8870986877768
2855,759,"2010-08-14T11:45:54Z","midnight",38.690271,-177.549138,36.89517,-178.303375,21.5752667,-158.2733528,210.318596085377
2855,760,"2010-08-14T23:41:28Z","noon",36.638155,-176.440805,38.690271,-177.549138,21.5752667,-158.2733528,248.159235265603
2855,761,"2010-08-15T11:48:48Z","midnight",33.412147,-178.22372,36.638155,-176.440805,21.5752667,-158.2733528,393.720549623802
2855,762,"2010-08-15T23:54:25.5Z","noon",36.323028,-179.62997,33.412147,-178.22372,21.5752667,-158.2733528,348.161639448622
2855,763,"2010-08-16T11:44:41.5Z","midnight",41.310258,-177.143826,36.323028,-179.62997,21.5752667,-158.2733528,594.8418477327
2855,764,"2010-08-16T23:36:03.5Z","noon",37.394147,-174.985493,41.310258,-177.143826,21.5752667,-158.2733528,473.303175872377
2855,765,"2010-08-17T11:36:00Z","midnight",37.970929,-174.915748,37.394147,-174.985493,21.5752667,-158.2733528,64.4282345956716
2855,766,"2010-08-17T23:30:18Z","noon",35.055776,-173.490748,37.970929,-174.915748,21.5752667,-158.2733528,348.255929688344
2855,767,"2010-08-18T11:30:28.5Z","midnight",35.518103,-173.477029,35.055776,-173.490748,21.5752667,-158.2733528,51.4234949975402
2855,768,"2010-08-18T23:34:14Z","noon",37.483568,-174.416612,35.518103,-173.477029,21.5752667,-158.2733528,234.126755907404
2855,769,"2010-08-19T11:33:37Z","midnight",38.37431,-174.202718,37.483568,-174.416612,21.5752667,-158.2733528,100.806899509426
2855,770,"2010-08-19T23:30:51.5Z","noon",36.956053,-173.513135,38.37431,-174.202718,21.5752667,-158.2733528,168.979111755289
2855,771,"2010-08-20T11:31:44Z","midnight",37.085061,-173.669949,36.956053,-173.513135,21.5752667,-158.2733528,19.9900288368025
2855,772,"2010-08-20T23:34:38.5Z","noon",38.605189,-174.397032,37.085061,-173.669949,21.5752667,-158.2733528,180.683698907476
2855,773,"2010-08-21T11:38:46Z","midnight",37.035427,-175.364192,38.605189,-174.397032,21.5752667,-158.2733528,194.121476053121
2855,774,"2010-08-21T23:37:13Z","noon",36.170654,-174.976692,37.035427,-175.364192,21.5752667,-158.2733528,102.190363575724
2855,775,"2010-08-22T11:39:28Z","midnight",35.492802,-175.473005,36.170654,-174.976692,21.5752667,-158.2733528,87.6529486213342
2855,776,"2010-08-22T23:36:44.5Z","noon",33.835821,-174.791755,35.492802,-175.473005,21.5752667,-158.2733528,194.495724931439
2855,777,"2010-08-23T11:30:19.5Z","midnight",38.25448,-173.119363,33.835821,-174.791755,21.5752667,-158.2733528,513.795772211793
2855,778,"2010-08-23T23:33:55.5Z","noon",40.180225,-174.019363,38.25448,-173.119363,21.5752667,-158.2733528,227.733855828921
2855,779,"2010-08-24T11:42:01.5Z","midnight",36.314416,-175.974162,40.180225,-174.019363,21.5752667,-158.2733528,462.477983949392
2855,780,"2010-08-24T23:38:16Z","noon",33.94824,-175.034579,36.314416,-175.974162,21.5752667,-158.2733528,276.628561106359
2855,781,"2010-08-25T11:33:58.5Z","midnight",37.322049,-173.889552,33.94824,-175.034579,21.5752667,-158.2733528,389.15019157941
2855,782,"2010-08-25T23:33:24.5Z","noon",36.979218,-173.747885,37.322049,-173.889552,21.5752667,-158.2733528,40.1355091878706
2855,783,"2010-08-26T11:30:44.5Z","midnight",39.269557,-173.007266,36.979218,-173.747885,21.5752667,-158.2733528,262.781949239602
2855,784,"2010-08-26T23:26:28Z","noon",36.689157,-171.938516,39.269557,-173.007266,21.5752667,-158.2733528,301.82396622188
2855,785,"2010-08-27T11:26:05Z","midnight",37.659774,-171.766958,36.689157,-171.938516,21.5752667,-158.2733528,108.992713917369
2855,786,"2010-08-27T23:26:27Z","noon",37.888985,-171.858624,37.659774,-171.766958,21.5752667,-158.2733528,26.7301726497421
2855,787,"2010-08-28T11:28:09Z","midnight",37.563243,-172.206201,37.888985,-171.858624,21.5752667,-158.2733528,47.3963089566447
2855,788,"2010-08-28T23:26:39Z","noon",36.57547,-171.831201,37.563243,-172.206201,21.5752667,-158.2733528,114.763665490301
2855,789,"2010-08-29T11:29:10.5Z","midnight",35.605655,-172.383405,36.57547,-171.831201,21.5752667,-158.2733528,118.705385323656
2855,790,"2010-08-29T23:14:10.5Z","noon",30.605655,-168.633405,35.605655,-172.383405,21.5752667,-158.2733528,656.446680002166
2855,791,"2010-08-30T11:18:26.5Z","midnight",25.605655,-169.619481,30.605655,-168.633405,21.5752667,-158.2733528,564.314566262937
2855,792,"2010-08-30T23:32:48Z","noon",30.605655,-173.209064,25.605655,-169.619481,21.5752667,-158.2733528,657.959468288888
2855,793,"2010-08-31T11:30:25Z","midnight",35.365329,-172.531174,30.605655,-173.209064,21.5752667,-158.2733528,533.010105091829
2855,794,"2010-08-31T23:26:18.5Z","noon",32.066822,-171.504091,35.365329,-172.531174,21.5752667,-158.2733528,378.872043511065
2855,795,"2010-09-01T11:28:00Z","midnight",31.429157,-171.843568,32.066822,-171.504091,21.5752667,-158.2733528,77.8326062905142
2855,796,"2010-09-01T23:32:00Z","noon",34.808006,-172.843568,31.429157,-171.843568,21.5752667,-158.2733528,387.073807241369
2855,797,"2010-09-02T11:32:30Z","midnight",35.283484,-172.88383,34.808006,-172.843568,21.5752667,-158.2733528,52.9976324596983
2855,798,"2010-09-02T23:26:30Z","noon",30.283484,-171.38383,35.283484,-172.88383,21.5752667,-158.2733528,573.360984201489
2855,799,"2010-09-03T11:31:30Z","midnight",25.636034,-172.54788,30.283484,-171.38383,21.5752667,-158.2733528,529.255905632017
2855,800,"2010-09-03T23:31:30Z","noon",25.636034,-172.54788,25.636034,-172.54788,21.5752667,-158.2733528,0
2855,801,"2010-09-04T11:32:00Z","midnight",25.921488,-172.585807,25.636034,-172.54788,21.5752667,-158.2733528,31.9674054073132
2855,802,"2010-09-04T18:08:30Z","noon",20.921488,-157.585807,25.921488,-172.585807,21.5752667,-158.2733528,1626.98309889238
2855,803,"2010-09-04T22:24:00Z","midnight",25.921488,-172.585807,20.921488,-157.585807,21.5752667,-158.2733528,1626.98309889238
2855,804,"2010-09-05T03:29:00Z","noon",20.921488,172.414193,25.921488,-172.585807,21.5752667,-158.2733528,1626.98309889238
2855,805,"2010-09-05T23:39:00Z","noon",15.921488,-174.247699,20.921488,172.414193,21.5752667,-158.2733528,1512.13440161432
2855,806,"2010-09-06T11:18:30Z","midnight",20.921488,-169.03365,15.921488,-174.247699,21.5752667,-158.2733528,781.923419750191
2855,807,"2010-09-06T23:29:00Z","noon",25.921488,-171.65865,20.921488,-169.03365,21.5752667,-158.2733528,617.066620400962
2855,808,"2010-09-07T11:29:00Z","midnight",30.921488,-171.568752,25.921488,-171.65865,21.5752667,-158.2733528,556.044052776909
2855,809,"2010-09-07T23:10:00Z","noon",25.921488,-166.818752,30.921488,-171.568752,21.5752667,-158.2733528,724.290362462549
2855,810,"2010-09-08T11:00:30Z","midnight",26.646605,-164.3531,25.921488,-166.818752,21.5752667,-158.2733528,258.700930743408
2855,811,"2010-09-08T23:12:30Z","noon",31.646605,-167.3531,26.646605,-164.3531,21.5752667,-158.2733528,627.599367182075
2855,812,"2010-09-09T11:17:30Z","midnight",36.061373,-168.51179,31.646605,-167.3531,21.5752667,-158.2733528,502.411686674523
2855,813,"2010-09-09T23:19:30Z","noon",38.07023,-169.01179,36.061373,-168.51179,21.5752667,-158.2733528,227.736343163855
2855,814,"2010-09-10T11:23:00Z","midnight",35.670376,-169.79492,38.07023,-169.01179,21.5752667,-158.2733528,275.791347245305
2855,815,"2010-09-10T23:19:00Z","noon",30.88769,-168.79492,35.670376,-169.79492,21.5752667,-158.2733528,539.863210853705
2855,816,"2010-09-11T11:27:00Z","midnight",25.88769,-170.702588,30.88769,-168.79492,21.5752667,-158.2733528,586.422101307518
2855,817,"2010-09-11T23:28:30Z","noon",22.299175,-171.077588,25.88769,-170.702588,21.5752667,-158.2733528,400.835249081425
2855,818,"2010-09-12T11:25:30Z","midnight",27.299175,-170.234894,22.299175,-171.077588,21.5752667,-158.2733528,562.437401865166
2855,819,"2010-09-12T23:19:45Z","noon",22.299175,-168.797394,27.299175,-170.234894,21.5752667,-158.2733528,574.578479267881
2855,848,"2010-10-07T10:30:00Z","midnight",27.299175,-154.223062,22.299175,-168.797394,21.5752667,-158.2733528,1571.3241804892
2855,849,"2010-10-10T10:27:30Z","midnight",32.299175,-153.405136,27.299175,-154.223062,21.5752667,-158.2733528,561.54144964408
2855,850,"2010-10-10T22:22:00Z","noon",37.299175,-152.030136,32.299175,-153.405136,21.5752667,-158.2733528,569.952322031327
2855,851,"2010-10-11T10:21:30Z","midnight",42.299175,-151.8456,37.299175,-152.030136,21.5752667,-158.2733528,556.197662875518
2855,852,"2010-10-13T22:05:51.5Z","noon",47.299175,-147.823725,42.299175,-151.8456,21.5752667,-158.2733528,639.948838262035
2855,853,"2010-10-14T10:40:24Z","midnight",52.299175,-156.407364,47.299175,-147.823725,21.5752667,-158.2733528,828.845948358851
2855,854,"2010-10-14T22:45:20Z","noon",57.299175,-157.640698,52.299175,-156.407364,21.5752667,-158.2733528,561.541848962806
2855,855,"2010-10-15T10:14:45Z","midnight",62.299175,-149.945812,57.299175,-157.640698,21.5752667,-158.2733528,702.13584588142
2855,856,"2010-10-15T22:15:25Z","noon",63.793216,-150.112479,62.299175,-149.945812,21.5752667,-158.2733528,166.341870186674
2855,857,"2010-10-16T10:12:56.5Z","midnight",59.160433,-149.447467,63.793216,-150.112479,21.5752667,-158.2733528,516.343359691266
2855,858,"2010-10-16T22:07:56.5Z","noon",63.40045,-148.197467,59.160433,-149.447467,21.5752667,-158.2733528,476.152039566435
2855,859,"2010-10-17T10:09:30Z","midnight",62.386775,-148.543642,63.40045,-148.197467,21.5752667,-158.2733528,114.071495294072
2855,860,"2010-10-17T22:13:12.5Z","noon",59.460573,-149.470725,62.386775,-148.543642,21.5752667,-158.2733528,329.203982552492
2855,861,"2010-10-18T10:09:21Z","midnight",54.460573,-148.465645,59.460573,-149.470725,21.5752667,-158.2733528,559.286605189247
2855,862,"2010-10-18T22:05:16.5Z","noon",57.573214,-147.446895,54.460573,-148.465645,21.5752667,-158.2733528,351.843147934172
2855,863,"2010-10-19T10:01:20Z","midnight",52.573214,-146.423951,57.573214,-147.446895,21.5752667,-158.2733528,559.758397757172
2855,864,"2010-10-19T22:00:54Z","noon",52.422562,-146.315617,52.573214,-146.423951,21.5752667,-158.2733528,18.2866713372809
2855,865,"2010-10-20T10:05:07Z","midnight",54.450812,-147.335278,52.422562,-146.315617,21.5752667,-158.2733528,235.421108794457
2855,866,"2010-10-20T22:05:15Z","noon",54.337759,-147.368611,54.450812,-147.335278,21.5752667,-158.2733528,12.7547882488106
2855,867,"2010-10-21T10:00:41Z","midnight",49.337759,-146.195511,54.337759,-147.368611,21.5752667,-158.2733528,561.764845846883
2855,868,"2010-10-21T21:54:21Z","noon",54.118094,-144.612177,49.337759,-146.195511,21.5752667,-158.2733528,542.582381491141
2855,869,"2010-10-22T10:03:38.5Z","midnight",59.063201,-146.906779,54.118094,-144.612177,21.5752667,-158.2733528,567.447280234168
2855,870,"2010-10-22T22:04:08.5Z","noon",58.75792,-147.031779,59.063201,-146.906779,21.5752667,-158.2733528,34.6961498882669
2855,871,"2010-10-23T10:09:22.5Z","midnight",60.334458,-148.314961,58.75792,-147.031779,21.5752667,-158.2733528,189.625176063962
2855,872,"2010-10-23T22:16:52.5Z","noon",55.851245,-150.189961,60.334458,-148.314961,21.5752667,-158.2733528,510.491008377255
2855,873,"2010-10-24T10:12:47.5Z","midnight",51.561861,-149.14718,55.851245,-150.189961,21.5752667,-158.2733528,481.855618785535
2855,874,"2010-10-24T22:08:34.5Z","noon",54.552884,-148.093013,51.561861,-149.14718,21.5752667,-158.2733528,339.955601267836
2855,875,"2010-10-25T10:03:22Z","midnight",49.552884,-146.772223,54.552884,-148.093013,21.5752667,-158.2733528,563.234551848669
2855,876,"2010-10-25T21:54:27.5Z","noon",54.552884,-144.545139,49.552884,-146.772223,21.5752667,-158.2733528,576.375371962278
2855,877,"2010-10-26T10:02:22.5Z","midnight",58.729498,-146.508873,54.552884,-144.545139,21.5752667,-158.2733528,479.63493076628
2855,878,"2010-10-26T22:15:12Z","noon",53.729498,-149.715123,58.729498,-146.508873,21.5752667,-158.2733528,590.070083874699
2855,879,"2010-10-27T10:17:09Z","midnight",51.286654,-150.190496,53.729498,-149.715123,21.5752667,-158.2733528,273.528766949585
2855,880,"2010-10-27T22:20:09.5Z","noon",49.224157,-150.942579,51.286654,-150.190496,21.5752667,-158.2733528,235.486118406797
2855,881,"2010-10-28T10:14:55.5Z","midnight",44.224157,-149.62545,49.224157,-150.942579,21.5752667,-158.2733528,564.941938500406
2855,882,"2010-10-28T22:05:28.5Z","noon",49.224157,-147.26295,44.224157,-149.62545,21.5752667,-158.2733528,584.332775851435
2855,883,"2010-10-29T10:12:11Z","midnight",53.84656,-148.934592,49.224157,-147.26295,21.5752667,-158.2733528,526.79176198009
2855,884,"2010-10-29T22:26:35.5Z","noon",48.84656,-152.536676,53.84656,-148.934592,21.5752667,-158.2733528,609.473060370097
2855,885,"2010-10-30T10:35:10Z","midnight",49.384441,-154.67836,48.84656,-152.536676,21.5752667,-158.2733528,166.94740065038
2855,886,"2010-10-30T22:36:30Z","noon",48.534656,-155.011693,49.384441,-154.67836,21.5752667,-158.2733528,97.575143236244
2855,887,"2010-10-31T10:35:10Z","midnight",46.681175,-154.679685,48.534656,-155.011693,21.5752667,-158.2733528,207.594583440429
2855,888,"2010-10-31T22:34:25Z","noon",47.174344,-154.492185,46.681175,-154.679685,21.5752667,-158.2733528,56.6561191949816
2855,889,"2010-11-01T10:30:00Z","midnight",43.241978,-153.392748,47.174344,-154.492185,21.5752667,-158.2733528,445.647982577509
2855,890,"2010-11-01T22:29:30Z","noon",43.594322,-153.267748,43.241978,-153.392748,21.5752667,-158.2733528,40.4587382763169
2855,891,"2010-11-02T10:30:00Z","midnight",43.066139,-153.400891,43.594322,-153.267748,21.5752667,-158.2733528,59.710421983506
2855,892,"2010-11-02T22:35:00Z","noon",39.459882,-154.650891,43.066139,-153.400891,21.5752667,-158.2733528,414.370565759746
2855,893,"2010-11-03T10:44:30Z","midnight",44.459882,-157.037452,39.459882,-154.650891,21.5752667,-158.2733528,589.882843998483
2855,894,"2010-11-03T22:48:00Z","noon",42.908192,-157.912452,44.459882,-157.037452,21.5752667,-158.2733528,186.331571933386
2855,895,"2010-11-04T10:54:00Z","midnight",45.895977,-159.427434,42.908192,-157.912452,21.5752667,-158.2733528,353.336313841569
2855,896,"2010-11-04T22:52:00Z","noon",47.069135,-158.927434,45.895977,-159.427434,21.5752667,-158.2733528,135.949856442753
2855,897,"2010-11-05T10:55:30Z","midnight",48.219728,-159.820833,47.069135,-158.927434,21.5752667,-158.2733528,144.386469460505
2855,898,"2010-11-05T22:54:00Z","noon",49.014907,-159.445833,48.219728,-159.820833,21.5752667,-158.2733528,92.6169344498102
2855,899,"2010-11-06T10:55:00Z","midnight",48.764768,-159.717646,49.014907,-159.445833,21.5752667,-158.2733528,34.1840553481641
2855,900,"2010-11-06T23:01:30Z","noon",45.228105,-161.342646,48.764768,-159.717646,21.5752667,-158.2733528,412.090580154419
2855,901,"2010-11-07T11:10:30Z","midnight",49.278398,-163.617863,45.228105,-161.342646,21.5752667,-158.2733528,481.939378876132
2855,902,"2010-11-07T23:14:00Z","noon",47.510533,-164.492863,49.278398,-163.617863,21.5752667,-158.2733528,206.91740828072
2855,903,"2010-11-08T11:14:30Z","midnight",47.061691,-164.646471,47.510533,-164.492863,21.5752667,-158.2733528,51.236147856264
2855,904,"2010-11-08T23:15:00Z","noon",46.802874,-164.771471,47.061691,-164.646471,21.5752667,-158.2733528,30.3038581430981
2855,905,"2010-11-09T11:15:00Z","midnight",46.123385,-164.803453,46.802874,-164.771471,21.5752667,-158.2733528,75.5954267893355
2855,906,"2010-11-09T22:29:30Z","noon",51.123385,-153.428453,46.123385,-164.803453,21.5752667,-158.2733528,1002.32975492008
2855,907,"2010-11-10T10:34:30Z","midnight",56.123385,-154.713791,51.123385,-153.428453,21.5752667,-158.2733528,562.372771742712
2855,908,"2010-11-10T23:10:00Z","noon",52.321758,-163.588791,56.123385,-154.713791,21.5752667,-158.2733528,714.354869913927
2855,909,"2010-11-11T11:05:00Z","midnight",49.596212,-162.377459,52.321758,-163.588791,21.5752667,-158.2733528,314.705814441983
2855,910,"2010-11-11T23:05:30Z","noon",49.376864,-162.502459,49.596212,-162.377459,21.5752667,-158.2733528,26.0080831484454
2855,911,"2010-11-12T11:29:00Z","midnight",54.376864,-168.419431,49.376864,-162.502459,21.5752667,-158.2733528,688.02925066133
2855,912,"2010-11-12T23:47:33Z","noon",50.860109,-173.056931,54.376864,-168.419431,21.5752667,-158.2733528,500.706778925132
2855,913,"2010-11-13T11:47:05.5Z","midnight",50.085993,-172.987593,50.860109,-173.056931,21.5752667,-158.2733528,86.2175115448261
2855,914,"2010-11-13T23:47:17.5Z","noon",50.003982,-173.037593,50.085993,-172.987593,21.5752667,-158.2733528,9.79324346772294
2855,915,"2010-11-14T12:14:30Z","midnight",55.003982,-179.888161,50.003982,-173.037593,21.5752667,-158.2733528,723.266644261932
2855,916,"2010-11-14T23:09:30Z","noon",60.003982,-164.888161,55.003982,-179.888161,21.5752667,-158.2733528,1050.96605505521
2855,917,"2010-11-15T10:55:48.5Z","midnight",65.003982,-160.26693,60.003982,-164.888161,21.5752667,-158.2733528,604.099179115725
2855,918,"2010-11-15T23:56:56.5Z","noon",60.003982,-175.26693,65.003982,-160.26693,21.5752667,-158.2733528,945.99311507121
2855,919,"2010-11-16T11:50:19.5Z","midnight",55.003982,-173.950942,60.003982,-175.26693,21.5752667,-158.2733528,561.475729321156
2855,920,"2010-11-17T00:13:36.5Z","noon",50.003982,-179.829737,55.003982,-173.950942,21.5752667,-158.2733528,683.181673440332
2855,921,"2010-11-17T12:14:51.5Z","midnight",45.003982,179.857763,50.003982,-179.829737,21.5752667,-158.2733528,556.468522136956
2855,922,"2010-11-18T00:12:56.5Z","noon",43.744359,-179.724099,45.003982,179.857763,21.5752667,-158.2733528,143.951925302419
2855,923,"2010-11-18T12:17:00Z","midnight",45.11909,179.261318,43.744359,-179.724099,21.5752667,-158.2733528,172.788441499223
2855,924,"2010-11-19T00:09:00Z","noon",48.464444,-178.802727,45.11909,179.261318,21.5752667,-158.2733528,400.084529498184
2855,925,"2010-11-19T12:05:18.5Z","midnight",46.5027,-177.87981,48.464444,-178.802727,21.5752667,-158.2733528,228.890750511044
2855,926,"2010-11-20T00:16:58.5Z","noon",41.5027,179.136516,46.5027,-177.87981,21.5752667,-158.2733528,604.90928016885
2855,927,"2010-11-20T12:15:40Z","midnight",40.154123,179.463599,41.5027,179.136516,21.5752667,-158.2733528,152.458912321809
2855,928,"2010-11-21T00:09:55Z","noon",42.898796,-179.168812,40.154123,179.463599,21.5752667,-158.2733528,325.723222120857
2855,929,"2010-11-21T12:11:51.5Z","midnight",43.353028,-179.654229,42.898796,-179.168812,21.5752667,-158.2733528,64.0545050781517
2855,930,"2010-11-22T00:16:36.5Z","noon",41.167264,179.085517,43.353028,-179.654229,21.5752667,-158.2733528,264.240294837826
2855,931,"2010-11-22T12:18:50Z","midnight",41.804762,178.529267,41.167264,179.085517,21.5752667,-158.2733528,84.6859533572717
2855,932,"2010-11-23T00:19:22Z","noon",41.558895,178.320399,41.804762,178.529267,21.5752667,-158.2733528,32.3774391042399
2855,933,"2010-11-23T12:25:12Z","midnight",43.761683,176.862066,41.558895,178.320399,21.5752667,-158.2733528,272.413081756915
2855,934,"2010-11-24T00:24:32Z","noon",44.044933,176.950485,43.761683,176.862066,21.5752667,-158.2733528,32.282760988983
2855,935,"2010-11-24T12:42:35Z","midnight",49.044933,172.437985,44.044933,176.950485,21.5752667,-158.2733528,654.099886336588
2855,936,"2010-11-25T00:46:57Z","noon",48.937869,171.265428,49.044933,172.437985,21.5752667,-158.2733528,86.3767409630937
2855,937,"2010-11-25T12:48:54Z","midnight",49.243534,170.777928,48.937869,171.265428,21.5752667,-158.2733528,49.1460827450589
2855,938,"2010-11-26T00:54:48Z","noon",47.148926,169.219468,49.243534,170.777928,21.5752667,-158.2733528,259.967089553519
2855,939,"2010-11-26T12:56:51.5Z","midnight",47.546716,168.704885,47.148926,169.219468,21.5752667,-158.2733528,58.8171358966285
2855,940,"2010-11-27T00:48:07Z","noon",50.50673,170.804345,47.546716,168.704885,21.5752667,-158.2733528,362.955217068894
2855,941,"2010-11-27T12:57:46Z","midnight",53.055353,168.391845,50.50673,170.804345,21.5752667,-158.2733528,328.369738325907
2855,942,"2010-11-28T01:05:54.5Z","noon",50.646336,166.268056,53.055353,168.391845,21.5752667,-158.2733528,304.98242787851
2855,943,"2010-11-28T12:43:59Z","midnight",45.646336,171.749306,50.646336,166.268056,21.5752667,-158.2733528,688.41807925847
2855,944,"2010-11-29T00:42:47Z","noon",42.861962,171.958597,45.646336,171.749306,21.5752667,-158.2733528,310.056301962743
2855,945,"2010-11-29T12:44:56.5Z","midnight",43.433871,171.419013,42.861962,171.958597,21.5752667,-158.2733528,77.202840272892
2855,946,"2010-11-30T00:48:03.5Z","noon",42.166102,170.546884,43.433871,171.419013,21.5752667,-158.2733528,157.906825300231
2855,947,"2010-11-30T12:51:07Z","midnight",43.122649,169.782301,42.166102,170.546884,21.5752667,-158.2733528,123.384029262796
2855,948,"2010-12-01T00:49:15Z","noon",43.857613,170.153837,43.122649,169.782301,21.5752667,-158.2733528,87.0467891224705
2855,949,"2010-12-01T12:53:30Z","midnight",45.190353,169.091337,43.857613,170.153837,21.5752667,-158.2733528,170.455641868084
2855,950,"2010-12-02T00:50:00Z","noon",46.450796,169.869127,45.190353,169.091337,21.5752667,-158.2733528,152.563351155936
2855,951,"2010-12-02T12:46:00Z","midnight",44.742746,170.869127,46.450796,169.869127,21.5752667,-158.2733528,205.240170367524
2855,952,"2010-12-03T00:51:00Z","noon",42.833524,169.519927,44.742746,170.869127,21.5752667,-158.2733528,238.316405642459
2855,953,"2010-12-03T12:55:30Z","midnight",44.308424,168.394927,42.833524,169.519927,21.5752667,-158.2733528,187.374148264763
2855,954,"2010-12-04T00:49:30Z","noon",46.458306,169.793829,44.308424,168.394927,21.5752667,-158.2733528,262.826704699094
2855,955,"2010-12-04T12:50:30Z","midnight",46.563733,169.543829,46.458306,169.793829,21.5752667,-158.2733528,22.4374965799804
2855,956,"2010-12-05T00:55:00Z","noon",44.987845,168.315928,46.563733,169.543829,21.5752667,-158.2733528,199.429081996289
2855,957,"2010-12-05T12:53:30Z","midnight",44.220772,168.690928,44.987845,168.315928,21.5752667,-158.2733528,90.3133060864793
2855,958,"2010-12-06T00:52:30Z","noon",44.584949,168.836319,44.220772,168.690928,21.5752667,-158.2733528,42.109609169437
2855,959,"2010-12-06T13:02:00Z","midnight",47.617462,166.461319,44.584949,168.836319,21.5752667,-158.2733528,383.665637826656
2855,960,"2010-12-07T01:05:00Z","noon",46.634812,165.605102,47.617462,166.461319,21.5752667,-158.2733528,127.022130374115
2855,961,"2010-12-07T13:05:30Z","midnight",46.60362,165.480102,46.634812,165.605102,21.5752667,-158.2733528,10.1572173813463
2855,962,"2010-12-08T01:08:30Z","noon",45.590513,164.622375,46.60362,165.480102,21.5752667,-158.2733528,130.629567191577
2855,963,"2010-12-08T13:08:30Z","midnight",45.406713,164.622375,45.590513,164.622375,21.5752667,-158.2733528,20.4376275172694
2855,964,"2010-12-09T01:04:00Z","noon",46.911654,165.638239,45.406713,164.622375,21.5752667,-158.2733528,184.725416518847
2855,965,"2010-12-09T13:19:30Z","midnight",51.325841,161.763239,46.911654,165.638239,21.5752667,-158.2733528,565.891947201562
2855,966,"2010-12-10T01:16:00Z","noon",52.244353,162.527798,51.325841,161.763239,21.5752667,-158.2733528,114.877387422397
2855,967,"2010-12-10T13:26:00Z","midnight",54.502633,160.027798,52.244353,162.527798,21.5752667,-158.2733528,300.890550522435
2855,968,"2010-12-11T01:25:00Z","noon",54.72813,160.166155,54.502633,160.027798,21.5752667,-158.2733528,26.6096739071753
2855,969,"2010-12-11T13:10:30Z","midnight",51.021945,163.791155,54.72813,160.166155,21.5752667,-158.2733528,478.412708223677
2855,970,"2010-12-12T01:20:00Z","noon",48.315141,161.303416,51.021945,163.791155,21.5752667,-158.2733528,350.157002725896
2855,971,"2010-12-12T13:19:30Z","midnight",48.030071,161.428416,48.315141,161.303416,21.5752667,-158.2733528,33.0258120944495
2855,972,"2010-12-13T01:19:57Z","noon",47.892985,161.202188,48.030071,161.428416,21.5752667,-158.2733528,22.7179153804204
2855,973,"2010-12-13T14:00:12Z","midnight",52.892985,151.139688,47.892985,161.202188,21.5752667,-158.2733528,903.004367941487
2855,974,"2010-12-14T01:14:30Z","noon",57.892985,162.450077,52.892985,151.139688,21.5752667,-158.2733528,903.226813609551
2855,975,"2010-12-14T12:50:12Z","midnight",60.90212,168.525077,57.892985,162.450077,21.5752667,-158.2733528,479.451227711018
2855,976,"2010-12-15T01:30:12Z","noon",55.90212,158.409692,60.90212,168.525077,21.5752667,-158.2733528,808.579210169645
2855,977,"2010-12-15T13:24:17Z","midnight",51.940207,159.888859,55.90212,158.409692,21.5752667,-158.2733528,451.038931093073
2855,978,"2010-12-16T01:19:59Z","noon",52.996073,160.847809,51.940207,159.888859,21.5752667,-158.2733528,134.176514295338
2855,979,"2010-12-16T13:19:22Z","midnight",52.765527,161.001976,52.996073,160.847809,21.5752667,-158.2733528,27.6442021752831
2855,980,"2010-12-17T01:08:40Z","noon",55.183898,163.560371,52.765527,161.001976,21.5752667,-158.2733528,316.664561985754
2855,981,"2010-12-17T12:56:21Z","midnight",52.301431,166.639538,55.183898,163.560371,21.5752667,-158.2733528,379.03857333395
2855,982,"2010-12-18T01:05:56.5Z","noon",49.798687,164.124572,52.301431,166.639538,21.5752667,-158.2733528,329.123057169495
2855,983,"2010-12-18T13:15:13.5Z","midnight",52.167149,161.803739,49.798687,164.124572,21.5752667,-158.2733528,309.404010904861
2855,984,"2010-12-19T01:23:41Z","noon",49.966865,159.571773,52.167149,161.803739,21.5752667,-158.2733528,290.110329414282
2855,985,"2010-12-19T13:07:33Z","midnight",45.045774,163.605106,49.966865,159.571773,21.5752667,-158.2733528,625.245530771462
2855,986,"2010-12-20T00:56:26.5Z","noon",48.502061,166.264583,45.045774,163.605106,21.5752667,-158.2733528,434.354622388003
2855,987,"2010-12-20T13:04:29.5Z","midnight",50.699408,164.252083,48.502061,166.264583,21.5752667,-158.2733528,284.111525736984
2855,988,"2010-12-21T00:57:40.5Z","noon",52.426066,165.838532,50.699408,164.252083,21.5752667,-158.2733528,221.094285945316
2855,989,"2010-12-21T13:04:30Z","midnight",53.996004,164.132282,52.426066,165.838532,21.5752667,-158.2733528,208.27489214862
2855,990,"2010-12-22T01:19:40.5Z","noon",50.269041,160.220814,53.996004,164.132282,21.5752667,-158.2733528,492.802564563287
2855,991,"2010-12-22T13:26:38Z","midnight",52.053761,158.481231,50.269041,160.220814,21.5752667,-158.2733528,232.575127439951
2855,992,"2010-12-23T01:28:50Z","noon",51.502731,157.813623,52.053761,158.481231,21.5752667,-158.2733528,76.574355021646
2855,993,"2010-12-23T13:25:30Z","midnight",50.641913,158.646957,51.502731,157.813623,21.5752667,-158.2733528,112.034048162656
2855,994,"2010-12-24T01:24:56.5Z","noon",50.78898,158.669154,50.641913,158.646957,21.5752667,-158.2733528,16.427608779207
2855,995,"2010-12-24T13:28:56.5Z","midnight",51.828756,157.669154,50.78898,158.669154,21.5752667,-158.2733528,134.901240398437
2855,996,"2010-12-25T01:27:19Z","noon",52.231119,157.95835,51.828756,157.669154,21.5752667,-158.2733528,48.919885523111
2855,997,"2010-12-25T13:25:34.5Z","midnight",51.826553,158.393767,52.231119,157.95835,21.5752667,-158.2733528,53.9542188875525
2855,998,"2010-12-26T01:21:14Z","noon",52.885473,159.362571,51.826553,158.393767,21.5752667,-158.2733528,134.878814537899
2855,999,"2010-12-26T13:35:28.5Z","midnight",56.030513,155.802155,52.885473,159.362571,21.5752667,-158.2733528,418.519946758676
2855,1000,"2010-12-27T01:33:52.5Z","noon",56.347251,156.086094,56.030513,155.802155,21.5752667,-158.2733528,39.3583508802134
2855,1001,"2010-12-27T13:23:39.5Z","midnight",54.266262,158.640261,56.347251,156.086094,21.5752667,-158.2733528,282.22686104664
2855,1002,"2010-12-29T04:34:32Z","noon",59.266262,143.640261,54.266262,158.640261,21.5752667,-158.2733528,1066.37065743496
2855,1003,"2010-12-29T13:03:46Z","midnight",58.12583,158.640261,59.266262,143.640261,21.5752667,-158.2733528,873.926724713615
2855,1004,"2010-12-30T01:30:14Z","noon",53.12583,156.652723,58.12583,158.640261,21.5752667,-158.2733528,569.739386278797
2855,1005,"2010-12-30T14:00:30Z","midnight",58.12583,149.086056,53.12583,156.652723,21.5752667,-158.2733528,730.398711060902
2855,1006,"2010-12-31T02:04:00Z","noon",58.262023,148.098282,58.12583,149.086056,21.5752667,-158.2733528,59.835810945171
2855,1007,"2010-12-31T13:14:17Z","midnight",53.262023,160.527448,58.262023,148.098282,21.5752667,-158.2733528,953.555161829478
2855,1008,"2011-01-01T01:28:02Z","noon",48.262023,157.089948,53.262023,160.527448,21.5752667,-158.2733528,606.094085671319
2855,1009,"2011-01-01T13:38:00Z","midnight",45.240538,154.598282,48.262023,157.089948,21.5752667,-158.2733528,385.843452477102
2855,1010,"2011-01-02T01:39:30Z","noon",44.731064,154.111593,45.240538,154.598282,21.5752667,-158.2733528,68.3692449366194
2855,1011,"2011-01-02T13:40:00Z","midnight",45.027716,153.986593,44.731064,154.111593,21.5752667,-158.2733528,34.4251535806688
2855,1012,"2011-01-03T01:46:30Z","noon",42.724509,152.251094,45.027716,153.986593,21.5752667,-158.2733528,291.42733018387
2855,1013,"2011-01-03T13:41:30Z","midnight",40.964472,153.501094,42.724509,152.251094,21.5752667,-158.2733528,221.403925243204
2855,1014,"2011-01-04T01:05:00Z","noon",45.964472,162.516887,40.964472,153.501094,21.5752667,-158.2733528,914.758932237876
2855,1015,"2011-01-04T13:19:00Z","midnight",50.964472,159.016887,45.964472,162.516887,21.5752667,-158.2733528,612.770391237948
2855,1016,"2011-01-05T01:55:30Z","noon",46.157932,149.784072,50.964472,159.016887,21.5752667,-158.2733528,863.383331079897
2855,1017,"2011-01-05T13:40:00Z","midnight",41.157932,153.659072,46.157932,149.784072,21.5752667,-158.2733528,637.209543918466
2855,1018,"2011-01-06T01:20:00Z","noon",46.157932,158.552748,41.157932,153.659072,21.5752667,-158.2733528,680.940195682202
2855,1019,"2011-01-06T13:25:00Z","midnight",49.470158,157.302748,46.157932,158.552748,21.5752667,-158.2733528,379.931191489794
2855,1020,"2011-01-07T01:46:00Z","noon",44.470158,151.948013,49.470158,157.302748,21.5752667,-158.2733528,688.228945565615
2855,1021,"2011-01-07T13:47:30Z","midnight",43.163338,151.573013,44.470158,151.948013,21.5752667,-158.2733528,148.393462740682
2855,1022,"2011-01-08T01:50:00Z","noon",42.212665,150.844962,43.163338,151.573013,21.5752667,-158.2733528,121.306931027898
2855,1023,"2011-01-08T13:54:30Z","midnight",44.105549,149.719962,42.212665,150.844962,21.5752667,-158.2733528,229.402045230917
2855,1024,"2011-01-09T01:26:00Z","noon",49.105549,156.743687,44.105549,149.719962,21.5752667,-158.2733528,772.023415209145
2855,1025,"2011-01-09T13:19:00Z","midnight",51.230278,158.493687,49.105549,156.743687,21.5752667,-158.2733528,267.103265077609
2855,1026,"2011-01-10T01:31:30Z","noon",47.442825,155.269281,51.230278,158.493687,21.5752667,-158.2733528,481.494327911135
2855,1027,"2011-01-10T13:21:00Z","midnight",43.994031,157.894281,47.442825,155.269281,21.5752667,-158.2733528,434.209927812151
2855,1028,"2011-01-11T01:28:30Z","noon",41.057715,155.921832,43.994031,157.894281,21.5752667,-158.2733528,364.293584447361
2855,1029,"2011-01-11T13:24:30Z","midnight",39.613523,156.921832,41.057715,155.921832,21.5752667,-158.2733528,181.579532513274
2855,1030,"2011-01-12T00:57:30Z","noon",44.613523,163.576428,39.613523,156.921832,21.5752667,-158.2733528,780.769460597566
2855,1031,"2011-01-12T12:59:00Z","midnight",49.613523,163.201428,44.613523,163.576428,21.5752667,-158.2733528,556.696315308555
2855,1032,"2011-01-13T01:22:33.5Z","noon",44.613523,157.218569,49.613523,163.201428,21.5752667,-158.2733528,716.520779919935
2855,1033,"2011-01-13T13:42:48.5Z","midnight",49.476433,152.156069,44.613523,157.218569,21.5752667,-158.2733528,662.63555278253
2855,1034,"2011-01-14T01:47:17.5Z","noon",48.023996,150.944172,49.476433,152.156069,21.5752667,-158.2733528,184.324915279141
2855,1035,"2011-01-14T13:27:17.5Z","midnight",43.023996,155.944172,48.023996,150.944172,21.5752667,-158.2733528,678.520290746031
2855,1036,"2011-01-15T00:14:30Z","noon",48.023996,170.944172,43.023996,155.944172,21.5752667,-158.2733528,1291.16590899437
2855,1037,"2011-01-15T12:04:30Z","midnight",53.023996,176.553314,48.023996,170.944172,21.5752667,-158.2733528,682.43991639507
2855,1038,"2011-01-16T00:54:30Z","noon",48.023996,163.966908,53.023996,176.553314,21.5752667,-158.2733528,1046.98236870975
2855,1039,"2011-01-16T13:19:30Z","midnight",53.023996,157.716908,48.023996,163.966908,21.5752667,-158.2733528,709.601188736207
2855,1040,"2011-01-17T00:24:30Z","noon",58.023996,171.382943,53.023996,157.716908,21.5752667,-158.2733528,1021.36404829786
2855,1041,"2011-01-17T11:39:30Z","midnight",56.976137,-177.367057,58.023996,171.382943,21.5752667,-158.2733528,681.319775464631
2855,1042,"2011-01-17T23:39:00Z","noon",57.089992,-177.242057,56.976137,-177.367057,21.5752667,-158.2733528,14.7473073970202
2855,1043,"2011-01-18T11:14:42Z","midnight",52.089992,-171.248508,57.089992,-177.242057,21.5752667,-158.2733528,676.371977227561
2855,1044,"2011-01-18T23:35:27.5Z","noon",47.089992,-176.438091,52.089992,-171.248508,21.5752667,-158.2733528,669.723798890194
2855,1045,"2011-01-19T11:26:42Z","midnight",42.089992,-174.327378,47.089992,-176.438091,21.5752667,-158.2733528,580.493872880914
2855,1046,"2011-01-19T23:10:09Z","noon",46.784949,-170.189878,42.089992,-174.327378,21.5752667,-158.2733528,616.598679390674
2855,1047,"2011-01-20T11:07:13.5Z","midnight",46.03555,-169.53485,46.784949,-170.189878,21.5752667,-158.2733528,97.2914025369607
2855,1048,"2011-01-20T22:59:39Z","noon",48.862133,-167.6411,46.03555,-169.53485,21.5752667,-158.2733528,345.027398747838
2855,1049,"2011-01-21T11:02:34.5Z","midnight",50.270109,-168.445862,48.862133,-167.6411,21.5752667,-158.2733528,166.968340485212
2855,1050,"2011-01-21T22:56:51Z","noon",52.136006,-167.014612,50.270109,-168.445862,21.5752667,-158.2733528,230.185223960878
2855,1051,"2011-01-22T10:55:15.5Z","midnight",52.040844,-166.687438,52.136006,-167.014612,21.5752667,-158.2733528,24.7315273309895
2855,1052,"2011-01-22T22:55:57.5Z","noon",51.816106,-166.862438,52.040844,-166.687438,21.5752667,-158.2733528,27.7212882918348
2855,1053,"2011-01-23T10:55:36.5Z","midnight",52.128096,-166.842854,51.816106,-166.862438,21.5752667,-158.2733528,34.7176334330512
2855,1054,"2011-01-23T23:02:34Z","noon",49.75678,-168.582438,52.128096,-166.842854,21.5752667,-158.2733528,290.463526134762
2855,1055,"2011-01-24T11:06:04Z","midnight",51.42344,-169.522475,49.75678,-168.582438,21.5752667,-158.2733528,196.842628461973
2855,1056,"2011-01-24T23:03:27Z","noon",52.296257,-168.868308,51.42344,-169.522475,21.5752667,-158.2733528,106.944438259054
2855,1057,"2011-01-25T10:51:35.5Z","midnight",48.519268,-165.965832,52.296257,-168.868308,21.5752667,-158.2733528,467.552038863584
2855,1058,"2011-01-25T23:00:56Z","noon",44.616008,-168.301249,48.519268,-165.965832,21.5752667,-158.2733528,469.24848107238
2855,1059,"2011-01-26T10:49:12.5Z","midnight",39.616008,-165.42913,44.616008,-168.301249,21.5752667,-158.2733528,604.236491710289
2855,1060,"2011-01-26T22:38:29.5Z","noon",44.616008,-162.749964,39.616008,-165.42913,21.5752667,-158.2733528,598.190229558793
2855,1061,"2011-01-27T10:47:44.5Z","midnight",49.069381,-165.118575,44.616008,-162.749964,21.5752667,-158.2733528,526.873301181412
2855,1062,"2011-01-27T22:54:24Z","noon",46.29138,-166.783159,49.069381,-165.118575,21.5752667,-158.2733528,333.067132582975
2855,1063,"2011-01-28T10:49:46Z","midnight",44.700873,-165.677878,46.29138,-166.783159,21.5752667,-158.2733528,196.717310008324
2855,1064,"2011-01-28T22:44:12Z","noon",47.216702,-164.286211,44.700873,-165.677878,21.5752667,-158.2733528,299.704965932078
2855,1065,"2011-01-29T10:50:25Z","midnight",50.324283,-165.890334,47.216702,-164.286211,21.5752667,-158.2733528,364.974051145603
2855,1066,"2011-01-29T22:51:45Z","noon",49.794598,-166.223667,50.324283,-165.890334,21.5752667,-158.2733528,63.523282752754
2855,1067,"2011-01-30T10:42:56.5Z","midnight",46.560128,-164.068411,49.794598,-166.223667,21.5752667,-158.2733528,393.519316569291
2855,1068,"2011-01-30T22:39:39Z","noon",48.041437,-163.245494,46.560128,-164.068411,21.5752667,-158.2733528,176.012363852908
2855,1069,"2011-01-31T10:42:07.5Z","midnight",49.688687,-163.907913,48.041437,-163.245494,21.5752667,-158.2733528,189.464392549461
2855,1070,"2011-01-31T22:52:40Z","noon",44.84592,-166.543329,49.688687,-163.907913,21.5752667,-158.2733528,573.938616902451
2855,1071,"2011-02-01T11:01:00Z","midnight",49.347408,-168.667146,44.84592,-166.543329,21.5752667,-158.2733528,525.669132522164
2855,1072,"2011-02-01T23:12:00Z","noon",44.347408,-171.417146,49.347408,-168.667146,21.5752667,-158.2733528,593.902756120703
2855,1073,"2011-02-02T11:09:30Z","midnight",43.362391,-170.829422,44.347408,-171.417146,21.5752667,-158.2733528,119.235624179448
2855,1074,"2011-02-02T23:01:00Z","noon",47.698188,-168.704422,43.362391,-170.829422,21.5752667,-158.2733528,509.688681347992
2855,1075,"2011-02-03T11:00:00Z","midnight",47.87169,-168.488471,47.698188,-168.704422,21.5752667,-158.2733528,25.1499946779382
2855,1076,"2011-02-03T22:40:30Z","noon",52.87169,-163.613471,47.87169,-168.488471,21.5752667,-158.2733528,654.363789476021
2855,1077,"2011-02-04T10:40:00Z","midnight",56.365259,-163.519279,52.87169,-163.613471,21.5752667,-158.2733528,388.514380607551
2855,1078,"2011-02-04T23:08:30Z","noon",51.365259,-170.644279,56.365259,-163.519279,21.5752667,-158.2733528,725.44464191455
2855,1079,"2011-02-05T11:13:00Z","midnight",46.72153,-171.796833,51.365259,-170.644279,21.5752667,-158.2733528,523.129380989316
2855,1080,"2011-02-05T23:07:30Z","noon",49.498763,-170.421833,46.72153,-171.796833,21.5752667,-158.2733528,325.23530781994
2855,1081,"2011-02-06T10:54:00Z","midnight",44.498763,-167.071125,49.498763,-170.421833,21.5752667,-158.2733528,611.134513693304
2855,1082,"2011-02-06T22:24:30Z","noon",49.498763,-159.696125,44.498763,-167.071125,21.5752667,-158.2733528,787.91064762961
2855,1083,"2011-02-07T10:24:30Z","midnight",54.498763,-159.717151,49.498763,-159.696125,21.5752667,-158.2733528,555.976489622554
2855,1084,"2011-02-07T22:47:30Z","noon",49.498763,-165.467151,54.498763,-159.717151,21.5752667,-158.2733528,680.737168360937
2855,1085,"2011-02-08T10:48:30Z","midnight",48.743472,-165.73491,49.498763,-165.467151,21.5752667,-158.2733528,86.2152029728562
2855,1086,"2011-02-08T22:30:30Z","noon",53.743472,-161.23491,48.743472,-165.73491,21.5752667,-158.2733528,637.844458553341
2855,1087,"2011-02-09T10:29:30Z","midnight",57.335525,-160.999403,53.743472,-161.23491,21.5752667,-158.2733528,399.692167113297
2855,1088,"2011-02-09T22:44:30Z","noon",52.335525,-164.749403,57.335525,-160.999403,21.5752667,-158.2733528,605.399136298314
2855,1089,"2011-02-10T10:34:00Z","midnight",47.335525,-162.135638,52.335525,-164.749403,21.5752667,-158.2733528,586.624145007974
2855,1090,"2011-02-10T22:23:30Z","noon",51.492066,-159.510638,47.335525,-162.135638,21.5752667,-158.2733528,499.593470550352
2855,1091,"2011-02-11T10:29:00Z","midnight",55.070302,-160.893624,51.492066,-159.510638,21.5752667,-158.2733528,408.345058275081
2855,1092,"2011-02-11T21:59:00Z","noon",60.070302,-153.393624,55.070302,-160.893624,21.5752667,-158.2733528,712.631393976773
2855,1093,"2011-02-12T09:54:00Z","midnight",64.810028,-152.148374,60.070302,-153.393624,21.5752667,-158.2733528,530.886324820259
2855,1094,"2011-02-12T22:09:17Z","noon",59.986136,-155.969207,64.810028,-152.148374,21.5752667,-158.2733528,571.121797475602
2855,1095,"2011-02-13T10:04:24.5Z","midnight",59.026318,-154.751988,59.986136,-155.969207,21.5752667,-158.2733528,126.911935501631
2855,1096,"2011-02-13T21:14:22.5Z","noon",64.026318,-142.243655,59.026318,-154.751988,21.5752667,-158.2733528,862.752442583853
2855,1097,"2011-02-14T09:28:48Z","midnight",69.026318,-145.848238,64.026318,-142.243655,21.5752667,-158.2733528,578.201183716615
2855,1098,"2011-02-14T22:54:06Z","noon",64.026318,-160.848238,69.026318,-145.848238,21.5752667,-158.2733528,862.362735843779
2855,1099,"2011-02-15T11:11:33.5Z","midnight",59.614265,-171.532979,64.026318,-160.848238,21.5752667,-158.2733528,743.63181773783
2855,1100,"2011-02-15T23:30:04Z","noon",54.614265,-176.160062,59.614265,-171.532979,21.5752667,-158.2733528,621.864045507675
2855,1101,"2011-02-16T11:36:48.5Z","midnight",54.929161,-177.837489,54.614265,-176.160062,21.5752667,-158.2733528,113.143095689942
2855,1102,"2011-02-16T23:55:12Z","noon",49.929161,177.564594,54.929161,-177.837489,21.5752667,-158.2733528,637.088855242982
2855,1103,"2011-02-17T12:11:42Z","midnight",54.929161,173.450701,49.929161,177.564594,21.5752667,-158.2733528,621.759543877265
2855,1104,"2011-02-18T00:04:30Z","noon",58.876948,175.264891,54.929161,173.450701,21.5752667,-158.2733528,452.540464791492
2855,1105,"2011-02-18T12:13:40Z","midnight",63.876948,172.973224,58.876948,175.264891,21.5752667,-158.2733528,569.124634102254
2855,1106,"2011-02-18T23:23:40Z","noon",68.876948,-174.526776,63.876948,172.973224,21.5752667,-158.2733528,784.229643076682
2855,1107,"2011-02-19T11:19:30Z","midnight",70,-173.467873,68.876948,-174.526776,21.5752667,-158.2733528,131.541929260984
2855,1108,"2011-02-20T00:19:30Z","noon",65,171.552368,70,-173.467873,21.5752667,-158.2733528,841.84057410477
2855,1109,"2011-02-20T12:49:30Z","midnight",70,164.052368,65,171.552368,21.5752667,-158.2733528,640.032702133706
2855,1110,"2011-02-21T01:04:40Z","noon",66.568079,160.283904,70,164.052368,21.5752667,-158.2733528,411.723456360874
2855,1111,"2011-02-21T12:34:01.5Z","midnight",61.568079,167.94432,66.568079,160.283904,21.5752667,-158.2733528,668.197453189999
2855,1112,"2011-02-21T22:53:51.5Z","noon",66.568079,-177.05568,61.568079,167.94432,21.5752667,-158.2733528,913.263950841875
2855,1113,"2011-02-22T10:57:17.5Z","midnight",70,-167.846229,66.568079,-177.05568,21.5752667,-158.2733528,536.725552835606
2855,1114,"2011-02-23T00:32:13Z","noon",65,177.153771,70,-167.846229,21.5752667,-158.2733528,842.478992388436
2855,1115,"2011-02-23T12:24:04Z","midnight",60,170.489003,65,177.153771,21.5752667,-158.2733528,652.077796174135
2855,1116,"2011-02-24T00:10:02.5Z","noon",63.870687,174.027047,60,170.489003,21.5752667,-158.2733528,468.341005129868
2855,1117,"2011-02-24T11:54:15.5Z","midnight",58.870687,177.97288,63.870687,174.027047,21.5752667,-158.2733528,594.12026914423
2855,1118,"2011-02-24T23:38:35Z","noon",63.870687,-178.10837,58.870687,177.97288,21.5752667,-158.2733528,593.615115872232
2855,1119,"2011-02-25T11:39:38.5Z","midnight",67.63329,-178.338404,63.870687,-178.10837,21.5752667,-158.2733528,418.51347362654
2855,1120,"2011-02-26T00:01:37Z","noon",62.63329,176.205093,67.63329,-178.338404,21.5752667,-158.2733528,611.182593780964
2855,1121,"2011-02-26T23:37:38Z","noon",65.141745,-177.799074,62.63329,176.205093,21.5752667,-158.2733528,404.548091469034
2855,1122,"2011-02-27T11:32:48Z","midnight",64.059277,-176.550858,65.141745,-177.799074,21.5752667,-158.2733528,134.276890904603
2855,1123,"2011-02-27T23:39:32Z","noon",59.059277,-178.234191,64.059277,-176.550858,21.5752667,-158.2733528,563.025092448542
2855,1124,"2011-03-03T23:09:30Z","noon",64.059277,-170.541298,59.059277,-178.234191,21.5752667,-158.2733528,688.257551173059
2855,1152,"2011-03-31T10:49:50Z","midnight",25,-163.621792,64.059277,-170.541298,21.5752667,-158.2733528,4372.30759544469
2855,1153,"2011-03-31T22:49:37.5Z","noon",30,-163.569709,25,-163.621792,21.5752667,-158.2733528,555.998337428024
2855,1154,"2011-04-01T10:58:00Z","midnight",33.01651,-165.5839,30,-163.569709,21.5752667,-158.2733528,385.938898988499
2855,1155,"2011-04-01T23:01:00Z","noon",36.885691,-166.3339,33.01651,-165.5839,21.5752667,-158.2733528,435.624483159872
2855,1156,"2011-04-02T11:02:00Z","midnight",34.252586,-166.504763,36.885691,-166.3339,21.5752667,-158.2733528,293.19530738869
2855,1157,"2011-04-02T23:00:00Z","noon",31.628428,-166.004763,34.252586,-166.504763,21.5752667,-158.2733528,295.498596823835
2855,1158,"2011-04-03T11:09:00Z","midnight",26.628428,-168.176145,31.628428,-166.004763,21.5752667,-158.2733528,594.588490695854
2855,1159,"2011-04-04T10:38:30Z","midnight",21.628428,-160.473139,26.628428,-168.176145,21.5752667,-158.2733528,958.847509565453
2855,1160,"2011-04-04T23:02:00Z","noon",26.628428,-166.348139,21.628428,-160.473139,21.5752667,-158.2733528,814.949427878872
2855,1161,"2011-04-05T11:07:00Z","midnight",23.735523,-167.520837,26.628428,-166.348139,21.5752667,-158.2733528,342.630834836783
2855,1162,"2011-04-05T22:48:30Z","noon",18.735523,-162.895837,23.735523,-167.520837,21.5752667,-158.2733528,733.936264051186
2855,1163,"2011-04-06T23:06:30Z","noon",13.735523,-167.31933,18.735523,-162.895837,21.5752667,-158.2733528,729.346148215071
2855,1164,"2011-04-07T10:47:30Z","midnight",18.735523,-162.493708,13.735523,-167.31933,21.5752667,-158.2733528,757.826323608806
2855,1165,"2011-04-07T22:39:30Z","noon",22.499647,-160.493708,18.735523,-162.493708,21.5752667,-158.2733528,467.426367356517
2855,1166,"2011-04-08T10:53:30Z","midnight",17.499647,-163.919059,22.499647,-160.493708,21.5752667,-158.2733528,661.128603257821
2855,1167,"2011-04-08T23:07:30Z","noon",21.60984,-167.419059,17.499647,-163.919059,21.5752667,-158.2733528,585.90884883285
2855,1168,"2011-04-09T11:02:00Z","midnight",26.60984,-165.970469,21.60984,-167.419059,21.5752667,-158.2733528,575.066746903748
2855,1169,"2011-04-10T22:54:00Z","noon",24.347553,-163.898022,26.60984,-165.970469,21.5752667,-158.2733528,326.416173716586
2855,1170,"2011-04-11T10:46:30Z","midnight",29.347553,-161.951802,24.347553,-163.898022,21.5752667,-158.2733528,588.511976578202
2855,1171,"2011-04-11T22:42:30Z","noon",27.39048,-160.951802,29.347553,-161.951802,21.5752667,-158.2733528,238.595996524008
2855,1172,"2011-04-12T10:44:30Z","midnight",24.429932,-161.38189,27.39048,-160.951802,21.5752667,-158.2733528,331.995440366628
2855,1173,"2011-04-12T22:45:53Z","noon",25.913477,-161.727723,24.429932,-161.38189,21.5752667,-158.2733528,168.593674409054
2855,1174,"2011-04-13T10:54:08Z","midnight",20.913477,-163.721696,25.913477,-161.727723,21.5752667,-158.2733528,591.999564010555
2855,1175,"2011-04-13T22:48:50Z","noon",15.913477,-162.396696,20.913477,-163.721696,21.5752667,-158.2733528,573.264721160442
2855,1176,"2011-04-14T10:48:50Z","midnight",10.913477,-162.329632,15.913477,-162.396696,21.5752667,-158.2733528,556.021915618711
2855,1177,"2011-04-14T23:23:00Z","noon",15.913477,-170.871299,10.913477,-162.329632,21.5752667,-158.2733528,1077.93515230952
2855,1178,"2011-04-15T11:23:58.5Z","midnight",20.913477,-171.049521,15.913477,-170.871299,21.5752667,-158.2733528,556.292223342089
2855,1179,"2011-04-15T23:24:36.5Z","noon",25.913477,-171.207854,20.913477,-171.049521,21.5752667,-158.2733528,556.209093878806
2855,1180,"2011-04-16T11:33:11Z","midnight",30.913477,-173.287685,25.913477,-171.207854,21.5752667,-158.2733528,591.97301093087
2855,1181,"2011-04-16T23:40:20.5Z","noon",35.913477,-175.077269,30.913477,-173.287685,21.5752667,-158.2733528,580.221400848822
2855,1182,"2011-04-17T11:36:59Z","midnight",39.460282,-174.175444,35.913477,-175.077269,21.5752667,-158.2733528,402.284354296046
2855,1183,"2011-04-17T23:18:16Z","noon",34.460282,-169.496278,39.460282,-174.175444,21.5752667,-158.2733528,693.99002413999
2855,1184,"2011-04-18T11:18:24.5Z","midnight",29.460282,-169.471199,34.460282,-169.496278,21.5752667,-158.2733528,555.979660377406
2855,1185,"2011-04-18T23:15:50Z","noon",24.460282,-168.827449,29.460282,-169.471199,21.5752667,-158.2733528,559.619449149955
2855,1186,"2011-04-19T11:15:28.5Z","midnight",22.261324,-168.679179,24.460282,-168.827449,21.5752667,-158.2733528,244.980876848781
2855,1187,"2011-04-19T23:43:47.5Z","noon",27.261324,-175.758346,22.261324,-168.679179,21.5752667,-158.2733528,905.204316099315
2855,1188,"2011-04-20T11:38:47.5Z","midnight",32.261324,-174.451532,27.261324,-175.758346,21.5752667,-158.2733528,570.087788349993
2855,1189,"2011-04-20T23:37:18.5Z","noon",37.261324,-174.080698,32.261324,-174.451532,21.5752667,-158.2733528,557.004114280708
2855,1190,"2011-04-21T11:39:55Z","midnight",41.051323,-174.677898,37.261324,-174.080698,21.5752667,-158.2733528,424.559427787018
2855,1191,"2011-04-21T23:33:31.5Z","noon",37.616816,-173.079981,41.051323,-174.677898,21.5752667,-158.2733528,405.853002385928
2855,1192,"2011-04-22T11:45:49Z","midnight",32.616816,-176.100001,37.616816,-173.079981,21.5752667,-158.2733528,620.028973128636
2855,1193,"2011-04-22T23:43:52.5Z","noon",27.628736,-175.614584,32.616816,-176.100001,21.5752667,-158.2733528,556.608109925364
2855,1194,"2011-04-23T11:39:56.5Z","midnight",29.859495,-174.580394,27.628736,-175.614584,21.5752667,-158.2733528,267.753231364611
2855,1195,"2011-04-23T23:55:06.5Z","noon",34.859495,-178.37206,29.859495,-174.580394,21.5752667,-158.2733528,660.115734886308
2855,1196,"2011-04-24T11:55:12.5Z","midnight",38.276477,-178.348294,34.859495,-178.37206,21.5752667,-158.2733528,379.956986269432
2855,1197,"2011-04-24T23:50:37Z","noon",35.790505,-177.200378,38.276477,-178.348294,21.5752667,-158.2733528,294.601722110541
2855,1198,"2011-04-25T11:40:04.5Z","midnight",40.593953,-174.518333,35.790505,-177.200378,21.5752667,-158.2733528,583.203633000645
2855,1199,"2011-04-25T23:30:20Z","noon",35.635462,-172.082917,40.593953,-174.518333,21.5752667,-158.2733528,591.024253242348
2855,1200,"2011-04-26T11:26:07.5Z","midnight",37.291708,-170.986389,35.635462,-172.082917,21.5752667,-158.2733528,208.640533078741
2855,1201,"2011-04-26T23:16:36Z","noon",32.291708,-168.605139,37.291708,-170.986389,21.5752667,-158.2733528,596.921919143574
2855,1202,"2011-04-27T11:15:06.5Z","midnight",32.312756,-168.190002,32.291708,-168.605139,21.5752667,-158.2733528,39.087385886863
2855,1203,"2011-04-27T23:00:21.5Z","noon",27.312756,-164.502502,32.312756,-168.190002,21.5752667,-158.2733528,659.929276996011
2855,1204,"2011-04-28T10:43:51Z","midnight",32.312756,-160.335461,27.312756,-164.502502,21.5752667,-158.2733528,685.941344471888
2855,1205,"2011-04-28T22:52:38.5Z","noon",37.312756,-162.533378,32.312756,-160.335461,21.5752667,-158.2733528,591.021303326712
2855,1206,"2011-04-29T10:49:26Z","midnight",38.403482,-161.693635,37.312756,-162.533378,21.5752667,-158.2733528,141.93012794873
2855,1207,"2011-04-29T22:49:09.5Z","noon",38.275826,-161.624885,38.403482,-161.693635,21.5752667,-158.2733528,15.409159589815
2855,1208,"2011-04-30T10:49:16Z","midnight",37.69604,-161.616638,38.275826,-161.624885,21.5752667,-158.2733528,64.4733129608441
2855,1209,"2011-04-30T22:42:26.5Z","noon",34.341273,-159.910388,37.69604,-161.616638,21.5752667,-158.2733528,403.341375890273
2855,1210,"2011-05-01T10:55:30Z","midnight",29.341273,-163.142001,34.341273,-159.910388,21.5752667,-158.2733528,634.159955400955
2855,1211,"2011-05-01T22:52:00Z","noon",24.341273,-162.267001,29.341273,-163.142001,21.5752667,-158.2733528,562.704009532888
2855,1212,"2011-05-02T10:44:00Z","midnight",28.646417,-160.236414,24.341273,-162.267001,21.5752667,-158.2733528,519.581490680309
2855,1213,"2011-05-02T23:05:30Z","noon",33.646417,-165.611414,28.646417,-160.236414,21.5752667,-158.2733528,755.220578535078
2855,1214,"2011-05-03T11:00:30Z","midnight",38.646417,-164.333233,33.646417,-165.611414,21.5752667,-158.2733528,567.677628949695
2855,1215,"2011-05-03T22:51:00Z","noon",36.93686,-161.958233,38.646417,-164.333233,21.5752667,-158.2733528,282.272124304729
2855,1216,"2011-05-04T10:50:30Z","midnight",36.689258,-161.807478,36.93686,-161.958233,21.5752667,-158.2733528,30.6288336016924
2855,1217,"2011-05-04T22:13:30Z","noon",31.689258,-152.557478,36.689258,-161.807478,21.5752667,-158.2733528,1015.57026519605
2855,1218,"2011-05-05T10:34:00Z","midnight",26.689258,-157.659163,31.689258,-152.557478,21.5752667,-158.2733528,744.335092703366
2855,1219,"2011-05-05T23:09:00Z","noon",24.390845,-166.409163,26.689258,-157.659163,21.5752667,-158.2733528,914.079503769211
2855,1220,"2011-05-06T10:54:30Z","midnight",29.390845,-162.763302,24.390845,-166.409163,21.5752667,-158.2733528,663.084516724463
2855,1221,"2011-05-06T22:49:30Z","noon",29.445467,-161.513302,29.390845,-162.763302,21.5752667,-158.2733528,121.2232304708
2855,1222,"2011-05-07T10:48:00Z","midnight",29.832191,-161.119902,29.445467,-161.513302,21.5752667,-158.2733528,57.3995176764819
2855,1223,"2011-05-07T22:37:30Z","noon",24.832191,-158.494902,29.832191,-161.119902,21.5752667,-158.2733528,613.404477122494
2855,1224,"2011-05-08T10:24:30Z","midnight",29.832191,-155.228969,24.832191,-158.494902,21.5752667,-158.2733528,642.698628287446
2855,1225,"2011-05-08T22:13:00Z","noon",24.832191,-152.353969,29.832191,-155.228969,21.5752667,-158.2733528,624.231890638604
2855,1226,"2011-05-09T10:01:30Z","midnight",29.832191,-149.465506,24.832191,-152.353969,21.5752667,-158.2733528,624.83730199055
2855,1227,"2011-05-10T08:59:00Z","midnight",24.832191,-134.465506,29.832191,-149.465506,21.5752667,-158.2733528,1580.95510761253
2855,1228,"2011-05-10T22:14:30Z","noon",25.777359,-149.465506,24.832191,-134.465506,21.5752667,-158.2733528,1510.72197912088
2855,1229,"2011-05-11T09:58:30Z","midnight",30.777359,-148.695979,25.777359,-149.465506,21.5752667,-158.2733528,561.052231268531
2855,1230,"2011-05-11T21:43:00Z","noon",25.777359,-144.820979,30.777359,-148.695979,21.5752667,-158.2733528,672.989891257328
2855,1231,"2011-05-12T22:44:15Z","noon",20.777359,-159.820979,25.777359,-144.820979,21.5752667,-158.2733528,1628.55562860274
2855,1232,"2011-05-13T23:15:10Z","noon",15.777359,-167.852938,20.777359,-159.820979,21.5752667,-158.2733528,1013.69767051908
2855,1233,"2011-05-14T11:00:38Z","midnight",10.777359,-164.218403,15.777359,-167.852938,21.5752667,-158.2733528,680.959632473734
2855,1234,"2011-05-14T23:08:13Z","noon",14.642725,-166.114237,10.777359,-164.218403,21.5752667,-158.2733528,476.451052158866
2855,1235,"2011-05-15T10:47:38Z","midnight",19.642725,-160.969613,14.642725,-166.114237,21.5752667,-158.2733528,779.527770723388
2855,1236,"2011-05-15T22:39:33Z","noon",21.888552,-158.94878,19.642725,-160.969613,21.5752667,-158.2733528,326.342659219645
2855,1237,"2011-05-16T10:48:11Z","midnight",16.888552,-161.110714,21.888552,-158.94878,21.5752667,-158.2733528,600.403033752698
2855,1238,"2011-05-16T22:56:43Z","noon",21.570954,-163.244048,16.888552,-161.110714,21.5752667,-158.2733528,566.758059435646
2855,1239,"2011-05-17T11:00:10Z","midnight",19.389229,-164.112515,21.570954,-163.244048,21.5752667,-158.2733528,258.912616428358
2855,1240,"2011-05-17T23:06:02Z","noon",22.628422,-165.579182,19.389229,-164.112515,21.5752667,-158.2733528,391.024766165774
2855,1241,"2011-05-18T10:49:29.5Z","midnight",27.628422,-161.452071,22.628422,-165.579182,21.5752667,-158.2733528,693.928809011016
2855,1242,"2011-05-18T22:43:37.5Z","noon",27.716489,-159.985404,27.628422,-161.452071,21.5752667,-158.2733528,144.762389142922
2855,1243,"2011-05-19T10:43:35Z","midnight",27.462478,-159.985602,27.716489,-159.985404,21.5752667,-158.2733528,28.244741252251
2855,1244,"2011-05-19T22:58:57Z","noon",32.462478,-163.827269,27.462478,-159.985602,21.5752667,-158.2733528,667.744660589061
2855,1245,"2011-05-20T10:44:52Z","midnight",37.462478,-160.319324,32.462478,-163.827269,21.5752667,-158.2733528,641.190989579826
2855,1246,"2011-05-20T22:07:16.5Z","noon",32.462478,-150.921408,37.462478,-160.319324,21.5752667,-158.2733528,1020.220799677
2855,1247,"2011-05-21T10:15:58.5Z","midnight",27.462478,-153.111534,32.462478,-150.921408,21.5752667,-158.2733528,594.612564339381
2855,1248,"2011-05-21T22:51:59Z","noon",32.462478,-162.113617,27.462478,-153.111534,21.5752667,-158.2733528,1029.47323650977
2855,1249,"2011-05-22T10:49:09.5Z","midnight",35.649681,-161.424691,32.462478,-162.113617,21.5752667,-158.2733528,360.03534815708
2855,1250,"2011-05-22T22:21:12.5Z","noon",30.649681,-154.437191,35.649681,-161.424691,21.5752667,-158.2733528,855.284653056642
2855,1251,"2011-05-23T10:23:21.5Z","midnight",25.649681,-154.99417,30.649681,-154.437191,21.5752667,-158.2733528,558.646815894991
2855,1252,"2011-05-23T22:33:21.5Z","noon",27.325492,-157.49417,25.649681,-154.99417,21.5752667,-158.2733528,310.83536508823
2855,1253,"2011-05-24T10:35:25Z","midnight",26.166019,-158.030341,27.325492,-157.49417,21.5752667,-158.2733528,139.487373571224
2855,1254,"2011-05-25T10:04:30Z","midnight",21.166019,-150.324823,26.166019,-158.030341,21.5752667,-158.2733528,961.345561472746
2855,1255,"2011-05-25T23:15:38Z","noon",16.97659,-165.324823,21.166019,-150.324823,21.5752667,-158.2733528,1642.84521589117
2855,1256,"2011-05-26T10:49:14.5Z","midnight",21.97659,-161.535897,16.97659,-165.324823,21.5752667,-158.2733528,683.178140610245
2855,1257,"2011-05-26T22:59:14.5Z","noon",26.97659,-164.035897,21.97659,-161.535897,21.5752667,-158.2733528,610.77947032329
2855,1258,"2011-05-27T10:55:38Z","midnight",31.97659,-163.161426,26.97659,-164.035897,21.5752667,-158.2733528,562.37397709132
2855,1259,"2011-05-27T22:56:00Z","noon",34.517195,-163.253093,31.97659,-163.161426,21.5752667,-158.2733528,282.630922021302
2855,1260,"2011-05-28T10:52:42Z","midnight",35.438528,-162.457603,34.517195,-163.253093,21.5752667,-158.2733528,125.491614427886
2855,1261,"2011-05-28T22:46:12Z","noon",33.156099,-160.832603,35.438528,-162.457603,21.5752667,-158.2733528,294.426275038848
2855,1262,"2011-05-29T10:48:35.5Z","midnight",32.070327,-161.46187,33.156099,-160.832603,21.5752667,-158.2733528,134.349681340208
2855,1263,"2011-05-29T22:57:16.5Z","noon",35.158949,-163.632703,32.070327,-161.46187,21.5752667,-158.2733528,397.914112005968
2855,1264,"2011-05-30T10:51:14Z","midnight",36.933539,-162.155413,35.158949,-163.632703,21.5752667,-158.2733528,237.852195528021
2855,1265,"2011-05-30T22:58:36Z","noon",39.165366,-163.99708,36.933539,-162.155413,21.5752667,-158.2733528,295.944070858337
2855,1266,"2011-05-31T11:06:23Z","midnight",36.608431,-165.977753,39.165366,-163.99708,21.5752667,-158.2733528,333.218810009885
2855,1267,"2011-05-31T22:55:35Z","noon",32.970564,-163.277753,36.608431,-165.977753,21.5752667,-158.2733528,473.67646178401
2855,1268,"2011-06-01T10:40:30Z","midnight",37.74816,-159.543406,32.970564,-163.277753,21.5752667,-158.2733528,629.857354534382
2855,1269,"2011-06-01T22:36:00Z","noon",36.355605,-158.418406,37.74816,-159.543406,21.5752667,-158.2733528,184.235927676153
2855,1270,"2011-06-02T10:33:30Z","midnight",36.961994,-157.831471,36.355605,-158.418406,21.5752667,-158.2733528,85.3665611623522
2855,1271,"2011-06-02T22:38:30Z","noon",38.461127,-159.081471,36.961994,-157.831471,21.5752667,-158.2733528,199.69022169912
2855,1272,"2011-06-03T10:40:00Z","midnight",37.852252,-159.496042,38.461127,-159.081471,21.5752667,-158.2733528,76.7964505544041
2855,1273,"2011-06-03T22:39:30Z","noon",37.703733,-159.371042,37.852252,-159.496042,21.5752667,-158.2733528,19.8348433057218
2855,1274,"2011-06-04T10:44:30Z","midnight",36.01486,-160.662047,37.703733,-159.371042,21.5752667,-158.2733528,220.127998218082
2855,1275,"2011-06-04T22:56:30Z","noon",39.549921,-163.662047,36.01486,-160.662047,21.5752667,-158.2733528,473.238057600118
2855,1276,"2011-06-05T11:05:00Z","midnight",36.945088,-165.829412,39.549921,-163.662047,21.5752667,-158.2733528,345.972235131633
2855,1277,"2011-06-05T23:06:00Z","noon",37.245796,-166.079412,36.945088,-165.829412,21.5752667,-158.2733528,40.1209681887591
2855,1278,"2011-06-06T11:12:30Z","midnight",35.091875,-167.748059,37.245796,-166.079412,21.5752667,-158.2733528,282.473769414053
2855,1279,"2011-06-06T23:12:00Z","noon",34.931056,-167.623059,35.091875,-167.748059,21.5752667,-158.2733528,21.1984098507618
2855,1280,"2011-06-07T11:04:30Z","midnight",37.121394,-165.79291,34.931056,-167.623059,21.5752667,-158.2733528,293.933605969588
2855,1281,"2011-06-07T23:02:00Z","noon",36.36874,-165.16791,37.121394,-165.79291,21.5752667,-158.2733528,100.525011200361
2855,1282,"2011-06-08T11:06:00Z","midnight",34.999249,-166.213885,36.36874,-165.16791,21.5752667,-158.2733528,179.200331665926
2855,1283,"2011-06-08T23:24:30Z","noon",39.999249,-170.838885,34.999249,-166.213885,21.5752667,-158.2733528,689.385015518992
2855,1284,"2011-06-09T11:39:30Z","midnight",35.97851,-174.635903,39.999249,-170.838885,21.5752667,-158.2733528,557.196666971926
2855,1285,"2011-06-09T23:30:30Z","noon",33.084035,-172.385903,35.97851,-174.635903,21.5752667,-158.2733528,382.159079482295
2855,1286,"2011-06-10T11:08:30Z","midnight",38.084035,-166.933879,33.084035,-172.385903,21.5752667,-158.2733528,742.787488836933
2855,1287,"2011-06-10T23:12:30Z","noon",40.627382,-167.933879,38.084035,-166.933879,21.5752667,-158.2733528,295.581693916157
2855,1288,"2011-06-11T11:15:00Z","midnight",39.882855,-168.607729,40.627382,-167.933879,21.5752667,-158.2733528,100.616126220978
2855,1289,"2011-06-11T23:14:30Z","noon",39.751661,-168.482729,39.882855,-168.607729,21.5752667,-158.2733528,18.0773091831481
2855,1290,"2011-06-12T11:12:00Z","midnight",40.310185,-167.907369,39.751661,-168.482729,21.5752667,-158.2733528,79.099334811667
2855,1291,"2011-06-12T23:04:19.5Z","noon",38.261523,-165.988619,40.310185,-167.907369,21.5752667,-158.2733528,281.342196231717
2855,1292,"2011-06-13T11:07:34.5Z","midnight",37.260849,-166.85146,38.261523,-165.988619,21.5752667,-158.2733528,134.661687823597
2855,1293,"2011-06-13T23:02:54Z","noon",35.880878,-165.68271,37.260849,-166.85146,21.5752667,-158.2733528,185.574128705033
2855,1294,"2011-06-14T11:07:16.5Z","midnight",34.454827,-166.827415,35.880878,-165.68271,21.5752667,-158.2733528,189.656496875344
2855,1295,"2011-06-14T22:26:22.5Z","noon",29.454827,-156.602415,34.454827,-166.827415,21.5752667,-158.2733528,1112.53670272683
2855,1296,"2011-06-15T10:37:33Z","midnight",24.454827,-159.447645,29.454827,-156.602415,21.5752667,-158.2733528,623.33125912335
2855,1297,"2011-06-15T22:47:33Z","noon",19.454827,-161.947645,24.454827,-159.447645,21.5752667,-158.2733528,612.795643294216
2855,1298,"2011-06-16T10:42:47Z","midnight",19.999824,-160.807894,19.454827,-161.947645,21.5752667,-158.2733528,133.805482313006
2855,1299,"2011-06-16T23:11:37Z","noon",24.999824,-168.016228,19.999824,-160.807894,21.5752667,-158.2733528,925.657370999474
2855,1300,"2011-06-17T11:17:30Z","midnight",29.394364,-169.539322,24.999824,-168.016228,21.5752667,-158.2733528,511.322088453437
2855,1301,"2011-06-17T22:28:40Z","noon",24.394364,-157.330989,29.394364,-169.539322,21.5752667,-158.2733528,1331.18918556177
2855,1302,"2011-06-18T10:17:00Z","midnight",19.394364,-154.466838,24.394364,-157.330989,21.5752667,-158.2733528,629.561755020315
2855,1303,"2011-06-18T23:12:27.5Z","noon",24.394364,-168.331422,19.394364,-154.466838,21.5752667,-158.2733528,1533.6365711118
2855,1304,"2011-06-19T11:13:58.5Z","midnight",29.394364,-168.763268,24.394364,-168.331422,21.5752667,-158.2733528,557.619714702057
2855,1305,"2011-06-19T23:08:37Z","noon",33.281503,-167.423684,29.394364,-168.763268,21.5752667,-158.2733528,450.550412275198
2855,1306,"2011-06-20T11:13:54Z","midnight",31.490858,-168.797269,33.281503,-167.423684,21.5752667,-158.2733528,237.228465071764
2855,1307,"2011-06-20T23:31:35.5Z","noon",36.490858,-173.220185,31.490858,-168.797269,21.5752667,-158.2733528,689.280982351817
2855,1308,"2011-06-21T11:37:07.5Z","midnight",35.41044,-174.65625,36.490858,-173.220185,21.5752667,-158.2733528,176.46904190689
2855,1309,"2011-06-21T22:29:20Z","noon",30.41044,-159.65625,35.41044,-174.65625,21.5752667,-158.2733528,1504.55840881681
2855,1310,"2011-06-22T10:27:47Z","midnight",25.41044,-157.373453,30.41044,-159.65625,21.5752667,-158.2733528,599.468270627179
2855,1311,"2011-06-22T23:39:17Z","noon",30.41044,-172.373453,25.41044,-157.373453,21.5752667,-158.2733528,1573.60983320582
2855,1312,"2011-06-23T11:32:56.5Z","midnight",35.41044,-173.715452,30.41044,-172.373453,21.5752667,-158.2733528,569.894051421106
2855,1313,"2011-06-23T23:30:11.5Z","noon",37.972531,-173.027952,35.41044,-173.715452,21.5752667,-158.2733528,291.408907400195
2855,1314,"2011-06-24T12:13:15Z","midnight",32.972531,176.155344,37.972531,-173.027952,21.5752667,-158.2733528,1125.19903602979
2855,1315,"2011-06-25T00:09:43.5Z","noon",27.972531,176.984859,32.972531,176.155344,21.5752667,-158.2733528,561.622114864683
2855,1316,"2011-06-25T11:33:13.5Z","midnight",32.972531,-173.890141,27.972531,176.984859,21.5752667,-158.2733528,1035.59401354469
2855,1317,"2011-06-25T22:23:00Z","noon",27.972531,-158.890141,32.972531,-173.890141,21.5752667,-158.2733528,1539.44641504246
2855,1318,"2011-06-26T10:23:35.5Z","midnight",22.972531,-156.533064,27.972531,-158.890141,21.5752667,-158.2733528,604.180660218941
2855,1319,"2011-06-26T23:29:54Z","noon",27.972531,-171.533064,22.972531,-156.533064,21.5752667,-158.2733528,1603.6438660609
2855,1320,"2011-06-27T11:26:46Z","midnight",32.972531,-172.377503,27.972531,-171.533064,21.5752667,-158.2733528,561.826084326903
2855,1321,"2011-06-27T23:35:48.5Z","noon",37.397902,-174.637919,32.972531,-172.377503,21.5752667,-158.2733528,533.185260209741
2855,1322,"2011-06-28T11:34:16Z","midnight",37.878036,-174.302534,37.397902,-174.637919,21.5752667,-158.2733528,61.0118332325618
2855,1323,"2011-06-28T22:33:55Z","noon",32.878036,-159.302534,37.878036,-174.302534,21.5752667,-158.2733528,1466.98391952562
2855,1324,"2011-06-29T10:30:04.5Z","midnight",27.878036,-158.303901,32.878036,-159.302534,21.5752667,-158.2733528,564.156960557387
2855,1325,"2011-06-29T23:00:04.5Z","noon",29.398236,-165.803901,27.878036,-158.303901,21.5752667,-158.2733528,751.04761825793
2855,1326,"2011-06-30T11:00:48.5Z","midnight",29.185431,-166.035682,29.398236,-165.803901,21.5752667,-158.2733528,32.6369075375054
2855,1327,"2011-06-30T23:29:33.5Z","noon",34.185431,-173.223182,29.185431,-166.035682,21.5752667,-158.2733528,877.968413349524
2855,1328,"2011-07-01T11:32:30Z","midnight",37.665915,-174.006125,34.185431,-173.223182,21.5752667,-158.2733528,393.375809966863
2855,1329,"2011-07-01T23:03:30Z","noon",32.665915,-166.756125,37.665915,-174.006125,21.5752667,-158.2733528,861.711944170702
2855,1330,"2011-07-02T11:00:00Z","midnight",29.440176,-165.927642,32.665915,-166.756125,21.5752667,-158.2733528,367.260893925595
2855,1331,"2011-07-02T23:22:00Z","noon",34.440176,-171.427642,29.440176,-165.927642,21.5752667,-158.2733528,760.276509723487
2855,1332,"2011-07-03T11:34:30Z","midnight",32.88373,-174.598065,34.440176,-171.427642,21.5752667,-158.2733528,340.632723463327
2855,1333,"2011-07-03T23:34:00Z","noon",32.715001,-174.473065,32.88373,-174.598065,21.5752667,-158.2733528,22.1022097715125
2855,1334,"2011-07-04T11:40:00Z","midnight",30.71135,-176.01731,32.715001,-174.473065,21.5752667,-158.2733528,266.402969909787
2855,1335,"2011-07-04T22:58:30Z","noon",25.71135,-165.64231,30.71135,-176.01731,21.5752667,-158.2733528,1157.90263540637
2855,1336,"2011-07-05T11:00:00Z","midnight",20.71135,-166.060296,25.71135,-165.64231,21.5752667,-158.2733528,557.611549385009
2855,1337,"2011-07-05T23:42:00Z","noon",25.71135,-176.560296,20.71135,-166.060296,21.5752667,-158.2733528,1207.84549208218
2855,1338,"2011-07-06T11:37:00Z","midnight",30.71135,-175.351941,25.71135,-176.560296,21.5752667,-158.2733528,568.427756288239
2855,1339,"2011-07-06T23:41:00Z","noon",33.693745,-176.351941,30.71135,-175.351941,21.5752667,-158.2733528,344.71007371644
2855,1340,"2011-07-07T11:31:00Z","midnight",36.967485,-173.892165,33.693745,-176.351941,21.5752667,-158.2733528,426.928981616565
2855,1341,"2011-07-07T23:35:00Z","noon",38.13622,-174.892165,36.967485,-173.892165,21.5752667,-158.2733528,157.033469317751
2855,1342,"2011-07-08T11:38:30Z","midnight",37.248032,-175.805892,38.13622,-174.892165,21.5752667,-158.2733528,127.347568547254
2855,1343,"2011-07-08T23:36:00Z","noon",36.494827,-175.180892,37.248032,-175.805892,21.5752667,-158.2733528,100.525206097412
2855,1344,"2011-07-09T11:36:30Z","midnight",36.481309,-175.343046,36.494827,-175.180892,21.5752667,-158.2733528,14.5740570195451
2855,1345,"2011-07-09T23:39:30Z","noon",37.388389,-176.093046,36.481309,-175.343046,21.5752667,-158.2733528,120.899093664927
2855,1346,"2011-07-10T11:38:00Z","midnight",37.980258,-175.753553,37.388389,-176.093046,21.5752667,-158.2733528,72.2759748958957
2855,1347,"2011-07-10T23:34:30Z","noon",36.935575,-174.878553,37.980258,-175.753553,21.5752667,-158.2733528,139.493445816156
2855,1348,"2011-07-11T11:39:00Z","midnight",35.687799,-176.037342,36.935575,-174.878553,21.5752667,-158.2733528,173.291276870902
2855,1349,"2011-07-11T23:35:30Z","noon",34.545684,-175.162342,35.687799,-176.037342,21.5752667,-158.2733528,149.872296917789
2855,1350,"2011-07-12T11:42:00Z","midnight",32.464561,-176.819343,34.545684,-175.162342,21.5752667,-158.2733528,277.754880397788
2855,1351,"2011-07-12T23:50:15Z","noon",35.286238,-178.881843,32.464561,-176.819343,21.5752667,-158.2733528,366.988104726695
2855,1352,"2011-07-13T11:42:42.5Z","midnight",37.825415,-177.026571,35.286238,-178.881843,21.5752667,-158.2733528,327.362348474914
2855,1353,"2011-07-13T23:42:31Z","noon",37.76772,-176.978654,37.825415,-177.026571,21.5752667,-158.2733528,7.67355065146532
2855,1354,"2011-07-14T11:46:05Z","midnight",36.854248,-177.898545,37.76772,-176.978654,21.5752667,-158.2733528,130.135875173527
2855,1355,"2011-07-15T23:55:17Z","noon",39.545999,179.775214,36.854248,-177.898545,21.5752667,-158.2733528,361.776790838828
2855,1356,"2011-07-16T11:53:55Z","midnight",40.137234,-179.907317,39.545999,179.775214,21.5752667,-158.2733528,71.1104689600984
2855,1357,"2011-07-16T22:23:55Z","noon",35.137234,-164.907317,40.137234,-179.907317,21.5752667,-158.2733528,1430.68252457289
2855,1358,"2011-07-17T10:24:38.5Z","midnight",30.137234,-157.610663,35.137234,-164.907317,21.5752667,-158.2733528,880.386393989729
2855,1359,"2011-07-17T23:46:16.5Z","noon",35.137234,-172.610663,30.137234,-157.610663,21.5752667,-158.2733528,1508.58057402109
2855,1360,"2011-07-18T11:51:38Z","midnight",36.137459,-179.37852,35.137234,-172.610663,21.5752667,-158.2733528,621.506347737263
2855,1361,"2011-07-18T23:49:29Z","noon",35.412359,-178.84102,36.137459,-179.37852,21.5752667,-158.2733528,94.0851472382719
2855,1362,"2011-07-19T11:45:28.5Z","midnight",36.977448,-177.856667,35.412359,-178.84102,21.5752667,-158.2733528,195.160376908607
2855,1363,"2011-07-19T22:27:37.5Z","noon",31.977448,-162.856667,36.977448,-177.856667,21.5752667,-158.2733528,1480.95418653754
2855,1364,"2011-07-20T10:29:57.5Z","midnight",26.977448,-158.992973,31.977448,-162.856667,21.5752667,-158.2733528,669.927724780559
2855,1365,"2011-07-20T23:49:05Z","noon",31.977448,-173.992973,26.977448,-158.992973,21.5752667,-158.2733528,1553.02527065511
2855,1366,"2011-07-21T11:49:38Z","midnight",36.929033,-178.924891,31.977448,-173.992973,21.5752667,-158.2733528,712.246292982988
2855,1367,"2011-07-22T23:50:04Z","noon",39.39708,-179.044043,36.929033,-178.924891,21.5752667,-158.2733528,274.631858107002
2855,1368,"2011-07-23T11:51:30Z","midnight",39.218738,-179.410806,39.39708,-179.044043,21.5752667,-158.2733528,37.2691917705018
2855,1369,"2011-07-23T23:43:56.5Z","noon",36.740093,-177.521222,39.218738,-179.410806,21.5752667,-158.2733528,321.525067172774
2855,1370,"2011-07-24T11:42:56.5Z","midnight",37.35481,-177.277223,36.740093,-177.521222,21.5752667,-158.2733528,71.7014545469147
2855,1371,"2011-07-24T23:46:07Z","noon",38.412044,-178.070973,37.35481,-177.277223,21.5752667,-158.2733528,136.646884541495
2855,1372,"2011-07-25T11:48:58.5Z","midnight",37.74579,-178.789095,38.412044,-178.070973,21.5752667,-158.2733528,97.1554939768307
2855,1373,"2011-07-25T23:52:28Z","noon",38.903193,-179.662012,37.74579,-178.789095,21.5752667,-158.2733528,149.535541247698
2855,1374,"2011-07-26T11:52:07.5Z","midnight",39.30881,-179.57764,38.903193,-179.662012,21.5752667,-158.2733528,45.6863068327604
2855,1375,"2011-07-26T23:33:31Z","noon",34.30881,-174.925556,39.30881,-179.57764,21.5752667,-158.2733528,693.045138449074
2855,1376,"2011-07-27T11:32:17.5Z","midnight",33.334241,-174.617828,34.30881,-174.925556,21.5752667,-158.2733528,112.033475498858
2855,1377,"2011-07-27T23:26:22.5Z","noon",30.870783,-173.138661,33.334241,-174.617828,21.5752667,-158.2733528,307.310330659029
2855,1378,"2011-07-28T11:23:13.5Z","midnight",32.504148,-172.347135,30.870783,-173.138661,21.5752667,-158.2733528,196.455229071442
2855,1379,"2011-07-28T23:45:38.5Z","noon",37.504148,-177.951301,32.504148,-172.347135,21.5752667,-158.2733528,754.434942265805
2855,1380,"2011-07-29T11:45:53Z","midnight",40.901554,-178.005121,37.504148,-177.951301,21.5752667,-158.2733528,377.802749211516
2855,1381,"2011-07-29T23:45:29.5Z","noon",40.777535,-177.907204,40.901554,-178.005121,21.5752667,-158.2733528,16.0630800499248
2855,1382,"2011-07-30T11:49:50.5Z","midnight",39.692497,-178.985519,40.777535,-177.907204,21.5752667,-158.2733528,151.440490638269
2855,1383,"2011-07-30T23:53:51Z","noon",41.00421,-179.987602,39.692497,-178.985519,21.5752667,-158.2733528,168.773118292622
2855,1384,"2011-07-31T11:54:59.5Z","midnight",40.982947,179.738772,41.00421,-179.987602,21.5752667,-158.2733528,23.0862760520765
2855,1385,"2011-07-31T23:04:37.5Z","noon",35.982947,-167.669562,40.982947,179.738772,21.5752667,-158.2733528,1227.29969650892
2855,1386,"2011-08-01T11:06:30Z","midnight",30.982947,-168.123905,35.982947,-167.669562,21.5752667,-158.2733528,557.566756518486
2855,1387,"2011-08-01T23:57:00Z","noon",35.982947,179.251095,30.982947,-168.123905,21.5752667,-158.2733528,1294.73390143911
2855,1388,"2011-08-02T11:49:30Z","midnight",40.982947,-178.856872,35.982947,179.251095,21.5752667,-158.2733528,579.809424822462
2855,1389,"2011-08-02T23:46:30Z","noon",42.582483,-178.106872,40.982947,-178.856872,21.5752667,-158.2733528,188.415979962066
2855,1390,"2011-08-03T11:51:00Z","midnight",41.511865,-179.212209,42.582483,-178.106872,21.5752667,-158.2733528,150.005433747572
2855,1391,"2011-08-03T23:54:00Z","noon",42.486386,-179.962209,41.511865,-179.212209,21.5752667,-158.2733528,124.831876839951
2855,1392,"2011-08-04T11:57:30Z","midnight",41.733482,179.185087,42.486386,-179.962209,21.5752667,-158.2733528,109.345220199253
2855,1393,"2011-08-04T23:57:30Z","noon",41.733482,179.185087,41.733482,179.185087,21.5752667,-158.2733528,0
2855,1394,"2011-08-05T11:53:30Z","midnight",43.4308,-179.789986,41.733482,179.185087,21.5752667,-158.2733528,206.542861823815
2855,1395,"2011-08-05T23:53:00Z","noon",43.272319,-179.664986,43.4308,-179.789986,21.5752667,-158.2733528,20.3149207906535
2855,1396,"2011-08-06T11:58:30Z","midnight",41.866078,178.987568,43.272319,-179.664986,21.5752667,-158.2733528,191.37352907372
2855,1397,"2011-08-06T23:59:30Z","noon",42.20649,178.737568,41.866078,178.987568,21.5752667,-158.2733528,43.1168426523488
2855,1398,"2011-08-07T11:59:00Z","midnight",42.79614,178.892741,42.20649,178.737568,21.5752667,-158.2733528,66.7887111921361
2855,1399,"2011-08-07T23:58:30Z","noon",42.627761,179.017741,42.79614,178.892741,21.5752667,-158.2733528,21.3271956423418
2855,1400,"2011-08-08T11:58:30Z","midnight",43.060448,179.05052,42.627761,179.017741,21.5752667,-158.2733528,48.1867615469158
2855,1401,"2011-08-08T23:58:30Z","noon",43.060448,179.05052,43.060448,179.05052,21.5752667,-158.2733528,0
2855,1402,"2011-08-09T12:01:30Z","midnight",42.470448,178.335891,43.060448,179.05052,21.5752667,-158.2733528,87.7900693432743
2855,1403,"2011-08-10T00:00:00Z","noon",41.936374,178.748836,42.470448,178.335891,21.5752667,-158.2733528,68.4372282383299
2855,1404,"2011-08-10T11:53:00Z","midnight",44.787874,-179.501164,41.936374,178.748836,21.5752667,-158.2733528,347.179561721442
2855,1405,"2011-08-10T23:55:00Z","noon",45.428677,179.998836,44.787874,-179.501164,21.5752667,-158.2733528,81.3435104143445
2855,1406,"2011-08-11T12:00:30Z","midnight",44.08916,178.664332,45.428677,179.998836,21.5752667,-158.2733528,182.443325260398
2855,1407,"2011-08-11T23:55:00Z","noon",42.132924,-179.960668,44.08916,178.664332,21.5752667,-158.2733528,244.479183457082
2855,1408,"2011-08-12T11:58:30Z","midnight",41.284757,179.207354,42.132924,-179.960668,21.5752667,-158.2733528,116.893692463823
2855,1409,"2011-08-13T00:00:45Z","noon",42.148061,178.690375,41.284757,179.207354,21.5752667,-158.2733528,105.148364369556
2855,1410,"2011-08-13T12:03:23Z","midnight",41.630342,178.032042,42.148061,178.690375,21.5752667,-158.2733528,79.2697523796278
2855,1411,"2011-08-14T00:06:14Z","noon",42.724893,177.367528,41.630342,178.032042,21.5752667,-158.2733528,133.458071549638
2855,1412,"2011-08-14T12:04:48.5Z","midnight",43.762183,177.723778,42.724893,177.367528,21.5752667,-158.2733528,118.895873963607
2855,1413,"2011-08-14T23:41:39.5Z","noon",38.762183,-176.488722,43.762183,177.723778,21.5752667,-158.2733528,736.575079025391
2855,1414,"2011-08-15T11:43:12Z","midnight",33.762183,-176.82372,38.762183,-176.488722,21.5752667,-158.2733528,556.783999571875
2855,1415,"2011-08-16T00:02:30Z","noon",38.762183,178.40409,33.762183,-176.82372,21.5752667,-158.2733528,701.311376708704
2855,1416,"2011-08-16T12:02:56.5Z","midnight",42.58018,178.293674,38.762183,178.40409,21.5752667,-158.2733528,424.643892074927
2855,1417,"2011-08-16T23:56:17.5Z","noon",39.759421,179.956174,42.58018,178.293674,21.5752667,-158.2733528,343.118079520717
2855,1418,"2011-08-17T11:56:51Z","midnight",40.059862,179.871752,39.759421,179.956174,21.5752667,-158.2733528,34.1747018435406
2855,1419,"2011-08-17T23:58:56.5Z","noon",40.989256,179.348836,40.059862,179.871752,21.5752667,-158.2733528,112.397902996178
2855,1420,"2011-08-18T12:01:19Z","midnight",40.498524,178.812554,40.989256,179.348836,21.5752667,-158.2733528,70.8424722489845
2855,1421,"2011-08-19T00:04:38Z","noon",41.964378,178.043115,40.498524,178.812554,21.5752667,-158.2733528,175.233881834629
2855,1422,"2011-08-19T12:05:41.5Z","midnight",42.08838,177.778532,41.964378,178.043115,21.5752667,-158.2733528,25.8405990913222
2855,1423,"2011-08-20T00:05:26Z","noon",41.975193,177.905051,42.08838,177.778532,21.5752667,-158.2733528,16.3583491376932
2855,1424,"2011-08-20T12:04:14Z","midnight",43.094978,178.205051,41.975193,177.905051,21.5752667,-158.2733528,126.91721000158
2855,1425,"2011-08-20T23:59:16Z","noon",40.865355,179.446718,43.094978,178.205051,21.5752667,-158.2733528,268.318957685812
2855,1426,"2011-08-21T11:57:35Z","midnight",42.258844,179.931641,40.865355,179.446718,21.5752667,-158.2733528,160.11453288604
2855,1427,"2011-08-21T23:52:35.5Z","noon",39.88344,-178.820442,42.258844,179.931641,21.5752667,-158.2733528,284.085380229157
2855,1428,"2011-08-22T11:50:20Z","midnight",41.618509,-178.189671,39.88344,-178.820442,21.5752667,-158.2733528,200.111979400615
2855,1429,"2011-08-22T23:45:48.5Z","noon",39.364352,-177.058421,41.618509,-178.189671,21.5752667,-158.2733528,268.278549024455
2855,1430,"2011-08-23T11:55:01Z","midnight",34.778666,-179.29228,39.364352,-177.058421,21.5752667,-158.2733528,547.013212036447
2855,1431,"2011-08-23T23:59:30Z","noon",37.445149,179.586887,34.778666,-179.29228,21.5752667,-158.2733528,313.120654842488
2855,1432,"2011-08-24T12:09:16Z","midnight",32.445149,177.215421,37.445149,179.586887,21.5752667,-158.2733528,596.450949688025
2855,1433,"2011-08-25T00:06:12.5Z","noon",29.77478,178.052115,32.445149,177.215421,21.5752667,-158.2733528,307.426183401604
2855,1434,"2011-08-25T12:00:27.5Z","midnight",34.453626,179.489615,29.77478,178.052115,21.5752667,-158.2733528,537.569729863981
2855,1435,"2011-08-25T23:48:31Z","noon",29.453626,-177.524968,34.453626,179.489615,21.5752667,-158.2733528,623.159442304436
2855,1436,"2011-08-26T11:53:47Z","midnight",24.453626,-178.767682,29.453626,-177.524968,21.5752667,-158.2733528,569.440239904596
2855,1437,"2011-08-26T23:55:55.5Z","noon",23.373199,-179.303099,24.453626,-178.767682,21.5752667,-158.2733528,131.890421467489
2855,1438,"2011-08-27T11:52:57Z","midnight",26.655216,-178.483624,23.373199,-179.303099,21.5752667,-158.2733528,374.164818150173
2855,1439,"2011-08-27T23:56:38.5Z","noon",29.733992,-179.406541,26.655216,-178.483624,21.5752667,-158.2733528,354.085563999652
2855,1440,"2011-08-28T12:04:30Z","midnight",24.733992,178.706299,29.733992,-179.406541,21.5752667,-158.2733528,586.412619720673
2855,1441,"2011-08-29T00:06:29Z","noon",25.367804,178.289511,24.733992,178.706299,21.5752667,-158.2733528,82.034654322634
2855,1442,"2011-08-29T12:07:57.5Z","midnight",24.649162,177.920761,25.367804,178.289511,21.5752667,-158.2733528,88.1263616286034
2855,1443,"2011-08-29T23:10:08.5Z","noon",19.649162,-167.625072,24.649162,177.920761,21.5752667,-158.2733528,1587.86802940835
2855,1444,"2011-08-30T11:08:58.5Z","midnight",14.649162,-167.252814,19.649162,-167.625072,21.5752667,-158.2733528,557.378637412518
2855,1445,"2011-08-30T19:13:58.5Z","noon",9.649162,-152.252814,14.649162,-167.252814,21.5752667,-158.2733528,1721.99189426059
2855,1446,"2011-08-30T23:09:30Z","midnight",14.649162,-137.252814,9.649162,-152.252814,21.5752667,-158.2733528,1721.99189426059
2855,1447,"2011-08-31T04:02:36Z","noon",9.649162,-152.252814,14.649162,-137.252814,21.5752667,-158.2733528,1721.99189426059
2855,1448,"2011-08-31T12:05:52Z","midnight",14.649162,-167.252814,9.649162,-152.252814,21.5752667,-158.2733528,1721.99189426059
2855,1449,"2011-08-31T22:47:31Z","noon",9.649162,-161.806174,14.649162,-167.252814,21.5752667,-158.2733528,812.031108436768
2855,1450,"2011-09-01T10:44:00Z","midnight",4.649162,-160.843568,9.649162,-161.806174,21.5752667,-158.2733528,566.020971177346
2855,1451,"2011-09-02T00:00:00Z","noon",9.649162,-175.843568,4.649162,-160.843568,21.5752667,-158.2733528,1745.25719548019
2855,1452,"2011-09-02T11:59:30Z","midnight",14.649162,-179.63383,9.649162,-175.843568,21.5752667,-158.2733528,691.911529442973
2855,1453,"2011-09-02T23:53:30Z","noon",19.649162,-178.13383,14.649162,-179.63383,21.5752667,-158.2733528,578.349306552079
2855,1454,"2011-09-03T11:54:00Z","midnight",24.649162,-178.17288,19.649162,-178.13383,21.5752667,-158.2733528,555.989165147039
2855,1455,"2011-09-03T23:53:00Z","noon",25.07247,-177.92288,24.649162,-178.17288,21.5752667,-158.2733528,53.4016392823355
2855,1456,"2011-09-04T11:53:00Z","midnight",25.921488,-177.835807,25.07247,-177.92288,21.5752667,-158.2733528,94.8101049413228
2855,1457,"2011-09-04T23:54:00Z","noon",27.057695,-178.085807,25.921488,-177.835807,21.5752667,-158.2733528,128.766857953582
2855,1458,"2011-09-05T11:59:30Z","midnight",22.057695,-179.372699,27.057695,-178.085807,21.5752667,-158.2733528,570.99009598686
2855,1459,"2011-09-06T00:04:00Z","noon",26.819305,179.59135,22.057695,-179.372699,21.5752667,-158.2733528,539.743444586651
2855,1460,"2011-09-06T12:04:30Z","midnight",27.170115,179.46635,26.819305,179.59135,21.5752667,-158.2733528,40.9271844220297
2855,1461,"2011-09-06T23:59:30Z","noon",22.170115,-179.28365,27.170115,179.46635,21.5752667,-158.2733528,570.126864395907
2855,1462,"2011-09-07T11:58:30Z","midnight",22.902393,-178.943752,22.170115,-179.28365,21.5752667,-158.2733528,88.5930424616223
2855,1463,"2011-09-07T23:58:00Z","noon",22.189827,-178.818752,22.902393,-178.943752,21.5752667,-158.2733528,80.2668660115827
2855,1464,"2011-09-08T12:08:00Z","midnight",17.189827,178.7719,22.189827,-178.818752,21.5752667,-158.2733528,610.472988416222
2855,1465,"2011-09-09T00:08:00Z","noon",12.189827,178.86321,17.189827,178.7719,21.5752667,-158.2733528,556.061307260635
2855,1466,"2011-09-09T12:07:00Z","midnight",7.766933,179.11321,12.189827,178.86321,21.5752667,-158.2733528,492.564431270591
2855,1467,"2011-09-10T00:04:00Z","noon",2.766933,179.95508,7.766933,179.11321,21.5752667,-158.2733528,563.729933942456
2855,1468,"2011-09-11T00:33:30Z","noon",-2.233067,172.672412,2.766933,179.95508,21.5752667,-158.2733528,982.062281199771
2855,1469,"2011-09-11T12:12:30Z","midnight",2.766933,177.922412,-2.233067,172.672412,21.5752667,-158.2733528,806.024436572884
2855,1470,"2011-09-12T00:13:30Z","noon",7.766933,177.765106,2.766933,177.922412,21.5752667,-158.2733528,556.247224051375
2855,1471,"2011-09-12T12:13:00Z","midnight",12.766933,177.890106,7.766933,177.765106,21.5752667,-158.2733528,556.142713252258
2855,1499,"2011-10-07T12:18:30Z","midnight",-37.233067,178.651938,12.766933,177.890106,21.5752667,-158.2733528,5560.31717145907
2855,1500,"2011-10-12T13:03:00Z","midnight",-32.233067,167.836423,-37.233067,178.651938,21.5752667,-158.2733528,1132.90137343228
2855,1501,"2011-10-13T01:04:57.5Z","noon",-27.233067,167.401275,-32.233067,167.836423,21.5752667,-158.2733528,557.557993046516
2855,1502,"2011-10-15T13:13:08Z","midnight",-22.233067,165.458354,-27.233067,167.401275,21.5752667,-158.2733528,589.551744319987
2855,1503,"2011-10-16T01:12:34.5Z","noon",-17.233067,165.644199,-22.233067,165.458354,21.5752667,-158.2733528,556.314497505288
2855,1504,"2011-10-16T13:13:21.5Z","midnight",-12.233067,165.448366,-17.233067,165.644199,21.5752667,-158.2733528,556.373042908757
2855,1505,"2011-10-17T01:15:35.5Z","noon",-7.233067,164.933442,-12.233067,165.448366,21.5752667,-158.2733528,558.829358080705
2855,1506,"2011-10-17T13:10:48.5Z","midnight",-2.233067,166.129275,-7.233067,164.933442,21.5752667,-158.2733528,571.539326162534
2855,1507,"2011-10-18T01:08:21Z","noon",2.766933,166.784355,-2.233067,166.129275,21.5752667,-158.2733528,560.722930249443
2855,1508,"2011-10-18T13:01:47.5Z","midnight",7.766933,168.423938,2.766933,166.784355,21.5752667,-158.2733528,584.845607080259
2855,1509,"2011-10-19T00:57:33Z","noon",12.766933,169.521883,7.766933,168.423938,21.5752667,-158.2733528,568.796267463225
2855,1510,"2011-10-19T12:59:42Z","midnight",17.766933,168.984383,12.766933,169.521883,21.5752667,-158.2733528,558.95407770123
2855,1511,"2011-10-20T00:57:49.5Z","noon",22.766933,169.487639,17.766933,168.984383,21.5752667,-158.2733528,558.445208872516
2855,1512,"2011-10-20T12:58:09Z","midnight",27.766933,169.406389,22.766933,169.487639,21.5752667,-158.2733528,556.034598662892
2855,1513,"2011-10-21T01:09:10.5Z","noon",32.766933,166.681573,27.766933,169.406389,21.5752667,-158.2733528,614.40662311576
2855,1514,"2011-10-21T13:09:24Z","midnight",37.766933,166.625323,32.766933,166.681573,21.5752667,-158.2733528,555.998049205722
2855,1515,"2011-10-22T01:04:29.5Z","noon",42.766933,167.880721,37.766933,166.625323,21.5752667,-158.2733528,566.065840802278
2855,1516,"2011-10-22T13:12:21Z","midnight",47.766933,165.916137,42.766933,167.880721,21.5752667,-158.2733528,576.787662400299
2855,1517,"2011-10-23T01:12:00Z","noon",52.766933,166.028789,47.766933,165.916137,21.5752667,-158.2733528,556.032091694013
2855,1518,"2011-10-23T13:25:20Z","midnight",57.766933,162.695455,52.766933,166.028789,21.5752667,-158.2733528,594.551009845139
2855,1519,"2011-10-24T01:25:20Z","noon",62.766933,162.717403,57.766933,162.695455,21.5752667,-158.2733528,555.975942243377
2855,1520,"2011-10-24T13:14:05Z","midnight",57.766933,165.529903,62.766933,162.717403,21.5752667,-158.2733528,577.06652569816
2855,1521,"2011-10-25T01:18:32Z","noon",52.911391,164.436111,57.766933,165.529903,21.5752667,-158.2733528,544.305143929431
2855,1522,"2011-10-25T13:34:18Z","midnight",57.911391,160.494444,52.911391,164.436111,21.5752667,-158.2733528,608.860076164981
2855,1523,"2011-10-26T01:40:03.5Z","noon",57.86521,159.070293,57.911391,160.494444,21.5752667,-158.2733528,84.3337106371411
2855,1524,"2011-10-26T13:31:39Z","midnight",52.86521,161.172377,57.86521,159.070293,21.5752667,-158.2733528,571.552833910657
2855,1525,"2011-10-27T01:37:08.5Z","noon",47.86521,159.811588,52.86521,161.172377,21.5752667,-158.2733528,564.262433537705
2855,1526,"2011-10-27T13:40:12Z","midnight",48.547106,159.047004,47.86521,159.811588,21.5752667,-158.2733528,94.6539661020202
2855,1527,"2011-10-28T01:43:11Z","noon",46.300092,158.309967,48.547106,159.047004,21.5752667,-158.2733528,255.931636688142
2855,1528,"2011-10-28T13:42:39.5Z","midnight",44.779596,158.441217,46.300092,158.309967,21.5752667,-158.2733528,169.380097797466
2855,1529,"2011-10-29T01:32:06Z","noon",49.779596,161.086241,44.779596,158.441217,21.5752667,-158.2733528,590.595516664602
2855,1530,"2011-10-29T13:32:27.5Z","midnight",51.266527,160.996658,49.779596,161.086241,21.5752667,-158.2733528,165.460388527721
2855,1531,"2011-10-30T01:39:22Z","noon",46.709714,159.27164,51.266527,160.996658,21.5752667,-158.2733528,522.054203574165
2855,1532,"2011-10-30T13:48:23.5Z","midnight",51.494637,157.01539,46.709714,159.27164,21.5752667,-158.2733528,556.764525998539
2855,1533,"2011-10-31T01:43:49Z","noon",54.020696,158.157815,51.494637,157.01539,21.5752667,-158.2733528,291.205325780735
2855,1534,"2011-10-31T13:40:38Z","midnight",51.305914,158.953648,54.020696,158.157815,21.5752667,-158.2733528,306.598547829501
2855,1535,"2011-11-01T01:44:55.5Z","noon",48.768573,157.876002,51.305914,158.953648,21.5752667,-158.2733528,292.43979688286
2855,1536,"2011-11-01T13:43:00Z","midnight",46.615753,158.357252,48.768573,157.876002,21.5752667,-158.2733528,242.076004834517
2855,1537,"2011-11-02T01:41:00Z","noon",47.873826,158.849109,46.615753,158.357252,21.5752667,-158.2733528,144.733776353411
2855,1538,"2011-11-02T13:42:00Z","midnight",47.582598,158.599109,47.873826,158.849109,21.5752667,-158.2733528,37.3938999491773
2855,1539,"2011-11-03T01:30:00Z","noon",52.582598,161.587548,47.582598,158.599109,21.5752667,-158.2733528,595.328855125558
2855,1540,"2011-11-03T13:30:00Z","midnight",53.132958,161.587548,52.582598,161.587548,21.5752667,-158.2733528,61.1972398281003
2855,1541,"2011-11-04T01:44:00Z","noon",48.132958,158.072566,53.132958,161.587548,21.5752667,-158.2733528,608.557683665008
2855,1542,"2011-11-04T13:47:00Z","midnight",46.48808,157.322566,48.132958,158.072566,21.5752667,-158.2733528,191.440477987317
2855,1543,"2011-11-05T01:37:00Z","noon",51.48808,159.804167,46.48808,157.322566,21.5752667,-158.2733528,584.628449196593
2855,1544,"2011-11-05T13:29:30Z","midnight",47.124143,161.679167,51.48808,159.804167,21.5752667,-158.2733528,503.883599144929
2855,1545,"2011-11-06T01:25:00Z","noon",49.532676,162.782354,47.124143,161.679167,21.5752667,-158.2733528,279.951056151532
2855,1546,"2011-11-06T13:31:30Z","midnight",51.903157,161.157354,49.532676,162.782354,21.5752667,-158.2733528,287.323112244406
2855,1547,"2011-11-07T01:26:00Z","noon",54.275692,162.507137,51.903157,161.157354,21.5752667,-158.2733528,278.774368337451
2855,1548,"2011-11-07T13:24:00Z","midnight",52.708483,163.007137,54.275692,162.507137,21.5752667,-158.2733528,177.375758564975
2855,1549,"2011-11-08T01:33:30Z","noon",48.281813,160.603529,52.708483,163.007137,21.5752667,-158.2733528,520.68284864681
2855,1550,"2011-11-08T13:37:00Z","midnight",49.292016,159.728529,48.281813,160.603529,21.5752667,-158.2733528,129.331726458382
2855,1551,"2011-11-09T01:36:30Z","noon",49.529071,159.821547,49.292016,159.728529,21.5752667,-158.2733528,27.2047889016267
2855,1552,"2011-11-09T13:37:30Z","midnight",49.313111,159.571547,49.529071,159.821547,21.5752667,-158.2733528,30.0606998043317
2855,1553,"2011-11-10T01:30:00Z","noon",52.572432,161.411209,49.313111,159.571547,21.5752667,-158.2733528,384.624389607308
2855,1554,"2011-11-10T13:26:00Z","midnight",50.229905,162.411209,52.572432,161.411209,21.5752667,-158.2733528,269.549049830687
2855,1555,"2011-11-11T01:29:00Z","noon",48.885765,161.622541,50.229905,162.411209,21.5752667,-158.2733528,159.91887409762
2855,1556,"2011-11-11T13:23:00Z","midnight",45.355544,163.122541,48.885765,161.622541,21.5752667,-158.2733528,408.5978564402
2855,1557,"2011-11-12T01:15:00Z","noon",49.155698,165.080569,45.355544,163.122541,21.5752667,-158.2733528,447.610563280887
2855,1558,"2011-11-12T13:05:30Z","midnight",44.155698,167.455569,49.155698,165.080569,21.5752667,-158.2733528,584.697488685633
2855,1559,"2011-11-13T01:04:15Z","noon",44.625988,167.722823,44.155698,167.455569,21.5752667,-158.2733528,56.4409854816285
2855,1560,"2011-11-13T13:09:05Z","midnight",46.399794,166.51449,44.625988,167.722823,21.5752667,-158.2733528,218.551185195819
2855,1561,"2011-11-14T01:09:47Z","noon",46.070013,166.291006,46.399794,166.51449,21.5752667,-158.2733528,40.4987157085715
2855,1562,"2011-11-14T13:10:46.5Z","midnight",45.973148,166.043089,46.070013,166.291006,21.5752667,-158.2733528,21.9644594871817
2855,1563,"2011-11-15T01:10:11.5Z","noon",46.243382,166.137237,45.973148,166.043089,21.5752667,-158.2733528,30.912768420627
2855,1564,"2011-11-15T13:12:07Z","midnight",46.574447,165.655987,46.243382,166.137237,21.5752667,-158.2733528,52.1206956911885
2855,1565,"2011-11-16T01:12:00Z","noon",46.626534,165.630308,46.574447,165.655987,21.5752667,-158.2733528,6.11506457560402
2855,1566,"2011-11-16T13:13:00Z","midnight",46.545691,165.380308,46.626534,165.630308,21.5752667,-158.2733528,21.1142295741691
2855,1567,"2011-11-17T01:08:04.5Z","noon",48.626246,166.553597,46.545691,165.380308,21.5752667,-158.2733528,247.508955383467
2855,1568,"2011-11-17T13:08:44.5Z","midnight",48.390393,166.38693,48.626246,166.553597,21.5752667,-158.2733528,28.9574420965139
2855,1569,"2011-11-18T01:18:47Z","noon",44.029779,163.815485,48.390393,166.38693,21.5752667,-158.2733528,523.617261110454
2855,1570,"2011-11-18T13:13:18Z","midnight",40.898032,165.186318,44.029779,163.815485,21.5752667,-158.2733528,365.923972680806
2855,1571,"2011-11-19T01:04:05Z","noon",45.244393,167.42644,40.898032,165.186318,21.5752667,-158.2733528,516.355492599908
2855,1572,"2011-11-19T13:03:27Z","midnight",44.500651,167.584773,45.244393,167.42644,21.5752667,-158.2733528,83.6361717776966
2855,1573,"2011-11-20T00:47:48.5Z","noon",49.500651,171.428183,44.500651,167.584773,21.5752667,-158.2733528,627.534833028576
2855,1574,"2011-11-20T12:52:15.5Z","midnight",51.792207,170.315683,49.500651,171.428183,21.5752667,-158.2733528,266.601379738788
2855,1575,"2011-11-21T00:41:57Z","noon",54.961822,172.822855,51.792207,170.315683,21.5752667,-158.2733528,389.650829051937
2855,1576,"2011-11-21T12:29:08.5Z","midnight",50.516026,176.024938,54.961822,172.822855,21.5752667,-158.2733528,539.167585234675
2855,1577,"2011-11-22T00:20:14.5Z","noon",53.389606,178.177183,50.516026,176.024938,21.5752667,-158.2733528,351.886341175503
2855,1578,"2011-11-22T12:15:27Z","midnight",51.474676,179.3751,53.389606,178.177183,21.5752667,-158.2733528,227.884084700321
2855,1579,"2011-11-23T00:09:45Z","noon",53.252203,-179.275434,51.474676,179.3751,21.5752667,-158.2733528,217.848863727373
2855,1580,"2011-11-23T12:03:32Z","midnight",50.907841,-177.721268,53.252203,-179.275434,21.5752667,-158.2733528,281.468444245996
2855,1581,"2011-11-23T23:53:29Z","noon",53.976336,-175.208768,50.907841,-177.721268,21.5752667,-158.2733528,381.280166422142
2855,1582,"2011-11-24T11:33:53.5Z","midnight",48.976336,-170.389098,53.976336,-175.208768,21.5752667,-158.2733528,648.135634081158
2855,1583,"2011-11-24T23:43:35.5Z","noon",43.976336,-172.814098,48.976336,-170.389098,21.5752667,-158.2733528,586.082447835528
2855,1584,"2011-11-25T11:34:05Z","midnight",38.976336,-170.517905,43.976336,-172.814098,21.5752667,-158.2733528,587.896655221436
2855,1585,"2011-11-25T23:34:20.5Z","noon",38.509026,-170.582488,38.976336,-170.517905,21.5752667,-158.2733528,52.2635055387525
2855,1586,"2011-11-26T11:54:14Z","midnight",43.509026,-175.638865,38.509026,-170.582488,21.5752667,-158.2733528,699.064381518871
2855,1587,"2011-11-27T00:13:16.5Z","noon",38.585896,179.514762,43.509026,-175.638865,21.5752667,-158.2733528,681.522822913359
2855,1588,"2011-11-27T12:14:30Z","midnight",38.845499,179.208512,38.585896,179.514762,21.5752667,-158.2733528,39.2334649585917
2855,1589,"2011-11-28T00:15:12Z","noon",38.518405,178.945139,38.845499,179.208512,21.5752667,-158.2733528,42.9592357670834
2855,1590,"2011-11-28T12:19:27.5Z","midnight",40.158529,177.880556,38.518405,178.945139,21.5752667,-158.2733528,204.059747290207
2855,1591,"2011-11-29T00:24:55Z","noon",37.653165,176.425263,40.158529,177.880556,21.5752667,-158.2733528,305.709728366542
2855,1592,"2011-11-29T12:35:08Z","midnight",41.912842,173.871097,37.653165,176.425263,21.5752667,-158.2733528,521.452481463411
2855,1593,"2011-11-30T00:44:00.5Z","noon",37.997832,171.559384,41.912842,173.871097,21.5752667,-158.2733528,477.79454697704
2855,1594,"2011-11-30T13:08:25Z","midnight",42.997832,165.457301,37.997832,171.559384,21.5752667,-158.2733528,758.080171287043
2855,1595,"2011-12-01T00:55:50Z","noon",47.997832,168.508004,42.997832,165.457301,21.5752667,-158.2733528,604.55755214001
2855,1596,"2011-12-01T12:45:30Z","midnight",47.990284,171.091337,47.997832,168.508004,21.5752667,-158.2733528,192.225102004792
2855,1597,"2011-12-02T01:02:00Z","noon",42.990284,166.869127,47.990284,171.091337,21.5752667,-158.2733528,645.851504405131
2855,1598,"2011-12-02T13:02:00Z","midnight",41.630392,166.869127,42.990284,166.869127,21.5752667,-158.2733528,151.213091184523
2855,1599,"2011-12-03T01:08:00Z","noon",39.090748,165.269927,41.630392,166.869127,21.5752667,-158.2733528,313.204390183807
2855,1600,"2011-12-03T13:16:30Z","midnight",42.390523,163.144927,39.090748,165.269927,21.5752667,-158.2733528,408.228439272323
2855,1601,"2011-12-04T01:20:30Z","noon",40.770359,162.043829,42.390523,163.144927,21.5752667,-158.2733528,202.092521449665
2855,1602,"2011-12-04T13:21:00Z","midnight",40.748329,161.918829,40.770359,162.043829,21.5752667,-158.2733528,10.8094164992969
2855,1603,"2011-12-05T01:15:30Z","noon",42.9386,163.190928,40.748329,161.918829,21.5752667,-158.2733528,265.357496847453
2855,1604,"2011-12-05T13:16:30Z","midnight",43.10122,162.940928,42.9386,163.190928,21.5752667,-158.2733528,27.2037842529249
2855,1605,"2011-12-06T01:13:30Z","noon",44.220772,163.586319,43.10122,162.940928,21.5752667,-158.2733528,134.879273215113
2855,1606,"2011-12-06T13:13:30Z","midnight",44.012322,163.586319,44.220772,163.586319,21.5752667,-158.2733528,23.1785824590586
2855,1607,"2011-12-07T01:17:30Z","noon",42.512589,162.480102,44.012322,163.586319,21.5752667,-158.2733528,189.292817484517
2855,1608,"2011-12-07T13:13:00Z","midnight",40.547874,163.605102,42.512589,162.480102,21.5752667,-158.2733528,237.685028386277
2855,1609,"2011-12-08T01:14:30Z","noon",39.936578,163.122375,40.547874,163.605102,21.5752667,-158.2733528,79.3664184936732
2855,1610,"2011-12-08T13:26:00Z","midnight",44.177747,160.247375,39.936578,163.122375,21.5752667,-158.2733528,527.871825981503
2855,1611,"2011-12-09T01:26:00Z","noon",44.177747,160.138239,44.177747,160.247375,21.5752667,-158.2733528,8.70325973911203
2855,1612,"2011-12-09T13:24:30Z","midnight",43.465765,160.513239,44.177747,160.138239,21.5752667,-158.2733528,84.6921638160568
2855,1613,"2011-12-10T01:27:00Z","noon",42.540359,159.777798,43.465765,160.513239,21.5752667,-158.2733528,119.016201916203
2855,1614,"2011-12-10T13:35:00Z","midnight",45.249066,157.777798,42.540359,159.777798,21.5752667,-158.2733528,341.146963309295
2855,1615,"2011-12-11T01:27:30Z","noon",47.694867,159.541155,45.249066,157.777798,21.5752667,-158.2733528,303.620765331604
2855,1616,"2011-12-11T13:14:30Z","midnight",43.165624,162.791155,47.694867,159.541155,21.5752667,-158.2733528,563.75042226054
2855,1617,"2011-12-12T01:21:00Z","noon",40.708275,161.053416,43.165624,162.791155,21.5752667,-158.2733528,308.726210929643
2855,1618,"2011-12-12T13:33:30Z","midnight",45.141003,157.928416,40.708275,161.053416,21.5752667,-158.2733528,554.586466186762
2855,1619,"2011-12-13T01:38:41.5Z","noon",43.327026,156.516771,45.141003,157.928416,21.5752667,-158.2733528,230.931475890558
2855,1620,"2011-12-13T13:35:40.5Z","midnight",42.103083,157.270938,43.327026,156.516771,21.5752667,-158.2733528,149.392158976555
2855,1621,"2011-12-14T01:38:56.5Z","noon",40.862534,156.33966,42.103083,157.270938,21.5752667,-158.2733528,158.258098031492
2855,1622,"2011-12-14T13:42:59.5Z","midnight",42.287834,155.32716,40.862534,156.33966,21.5752667,-158.2733528,179.471655450419
2855,1623,"2011-12-15T01:47:47Z","noon",40.470302,154.013859,42.287834,155.32716,21.5752667,-158.2733528,229.886539950483
2855,1624,"2011-12-15T13:51:00Z","midnight",41.608129,153.209692,40.470302,154.013859,21.5752667,-158.2733528,143.373023115637
2855,1625,"2011-12-16T01:53:12Z","noon",40.771778,152.543642,41.608129,153.209692,21.5752667,-158.2733528,108.418841074174
2855,1626,"2011-12-16T14:10:12Z","midnight",45.771778,148.293642,40.771778,152.543642,21.5752667,-158.2733528,653.60897517346
2855,1627,"2011-12-17T02:17:47.5Z","noon",44.122872,146.279121,45.771778,148.293642,21.5752667,-158.2733528,242.371915943886
2855,1628,"2011-12-17T14:03:56Z","midnight",39.122872,149.743705,44.122872,146.279121,21.5752667,-158.2733528,625.981878468777
2855,1629,"2011-12-18T02:04:15.5Z","noon",38.738821,149.545405,39.122872,149.743705,21.5752667,-158.2733528,46.0205427843527
2855,1630,"2011-12-18T14:09:34.5Z","midnight",40.773797,148.216239,38.738821,149.545405,21.5752667,-158.2733528,253.194937649937
2855,1631,"2011-12-19T02:10:46Z","noon",40.315843,147.800939,40.773797,148.216239,21.5752667,-158.2733528,61.842196263171
2855,1632,"2011-12-19T14:09:58.5Z","midnight",39.963832,147.998856,40.315843,147.800939,21.5752667,-158.2733528,42.6043310130844
2855,1633,"2011-12-20T02:09:30Z","noon",40.148633,148,39.963832,147.998856,21.5752667,-158.2733528,20.5491643087849
2855,1634,"2011-12-20T14:05:20Z","midnight",38.462563,149.041667,40.148633,148,21.5752667,-158.2733528,207.799218143193
2855,1635,"2011-12-21T02:05:20Z","noon",38.462563,148.923949,38.462563,149.041667,21.5752667,-158.2733528,10.2493837913016
2855,1636,"2011-12-21T14:18:50Z","midnight",43.462563,145.548949,38.462563,148.923949,21.5752667,-158.2733528,623.892335186903
2855,1637,"2011-12-22T02:13:54Z","noon",45.205023,146.664564,43.462563,145.548949,21.5752667,-158.2733528,213.098225073714
2855,1638,"2011-12-22T14:06:22.5Z","midnight",42.604063,148.545814,45.205023,146.664564,21.5752667,-158.2733528,326.104989131629
2855,1639,"2011-12-23T02:20:11.5Z","noon",37.604063,144.97404,42.604063,148.545814,21.5752667,-158.2733528,633.399305114978
2855,1640,"2011-12-23T14:24:13Z","midnight",38.88567,143.96779,37.604063,144.97404,21.5752667,-158.2733528,167.420562697503
2855,1641,"2011-12-24T02:13:37.5Z","noon",42.892938,146.498321,38.88567,143.96779,21.5752667,-158.2733528,493.694682501353
2855,1642,"2011-12-24T14:11:40.5Z","midnight",42.204971,146.985821,42.892938,146.498321,21.5752667,-158.2733528,86.2943664425204
2855,1643,"2011-12-25T02:13:41Z","noon",41.464918,146.366683,42.204971,146.985821,21.5752667,-158.2733528,96.9671930679079
2855,1644,"2011-12-25T14:16:08Z","midnight",42.392025,145.754183,41.464918,146.366683,21.5752667,-158.2733528,114.868294039415
2855,1645,"2011-12-26T02:20:31Z","noon",40.762732,144.541738,42.392025,145.754183,21.5752667,-158.2733528,207.342369347271
2855,1646,"2011-12-26T14:14:39.5Z","midnight",38.494956,146.006321,40.762732,144.541738,21.5752667,-158.2733528,281.625810637477
2855,1647,"2011-12-27T02:19:13Z","noon",36.598001,144.750677,38.494956,146.006321,21.5752667,-158.2733528,238.208764302599
2855,1648,"2011-12-27T14:19:13Z","midnight",36.645298,144.750677,36.598001,144.750677,21.5752667,-158.2733528,5.25918644550724
2855,1649,"2011-12-28T02:14:21Z","noon",38.668692,145.851944,36.645298,144.750677,21.5752667,-158.2733528,244.982968080087
2855,1650,"2011-12-28T14:13:48Z","midnight",38.505354,145.989444,38.668692,145.851944,21.5752667,-158.2733528,21.7416376363955
2855,1651,"2011-12-29T01:59:54Z","noon",43.505354,149.349813,38.505354,145.989444,21.5752667,-158.2733528,623.253618862662
2855,1652,"2011-12-29T14:13:18.5Z","midnight",48.16402,145.997729,43.505354,149.349813,21.5752667,-158.2733528,579.328397650431
2855,1653,"2011-12-30T02:28:18.5Z","noon",43.274939,142.133973,48.16402,145.997729,21.5752667,-158.2733528,620.704873207108
2855,1654,"2011-12-30T14:20:20.5Z","midnight",40.393882,144.12564,43.274939,142.133973,21.5752667,-158.2733528,360.328118821075
2855,1655,"2011-12-31T02:19:29.5Z","noon",40.723546,144.225365,40.393882,144.12564,21.5752667,-158.2733528,37.6126020618193
2855,1656,"2011-12-31T14:11:54Z","midnight",37.761362,146.123282,40.723546,144.225365,21.5752667,-158.2733528,367.676918231306
2855,1657,"2012-01-01T02:11:41.5Z","noon",37.84873,146.175365,37.761362,146.123282,21.5752667,-158.2733528,10.738550335375
2855,1658,"2012-01-01T14:19:30Z","midnight",41.095266,144.223282,37.84873,146.175365,21.5752667,-158.2733528,397.959113051087
2855,1659,"2012-01-02T02:19:00Z","noon",41.287193,144.236593,41.095266,144.223282,21.5752667,-158.2733528,21.3703539053011
2855,1660,"2012-01-02T14:13:30Z","midnight",39.235311,145.611593,41.287193,144.236593,21.5752667,-158.2733528,256.250503301045
2855,1661,"2012-01-03T02:13:30Z","noon",39.235311,145.501094,39.235311,145.611593,21.5752667,-158.2733528,9.51689894578047
2855,1662,"2012-01-03T14:14:00Z","midnight",39.570899,145.376094,39.235311,145.501094,21.5752667,-158.2733528,38.8304957147554
2855,1663,"2012-01-04T02:19:30Z","noon",37.269111,143.891887,39.570899,145.376094,21.5752667,-158.2733528,286.742237692258
2855,1664,"2012-01-04T14:19:30Z","midnight",37.409434,143.891887,37.269111,143.891887,21.5752667,-158.2733528,15.603205691544
2855,1665,"2012-01-05T02:15:00Z","noon",39.306607,144.909072,37.409434,143.891887,21.5752667,-158.2733528,228.83730977239
2855,1666,"2012-01-05T14:17:00Z","midnight",40.277975,144.409072,39.306607,144.909072,21.5752667,-158.2733528,116.15173643401
2855,1667,"2012-01-06T02:18:30Z","noon",39.668515,143.927748,40.277975,144.409072,21.5752667,-158.2733528,79.2137922629273
2855,1668,"2012-01-06T14:29:00Z","midnight",43.8972,141.302748,39.668515,143.927748,21.5752667,-158.2733528,518.065488021145
2855,1669,"2012-01-07T02:30:00Z","noon",43.531888,140.948013,43.8972,141.302748,21.5752667,-158.2733528,49.6274110671105
2855,1670,"2012-01-07T14:12:00Z","midnight",38.531888,145.448013,43.531888,140.948013,21.5752667,-158.2733528,671.754253679602
2855,1671,"2012-01-08T02:10:00Z","noon",37.246246,145.844962,38.531888,145.448013,21.5752667,-158.2733528,147.139224627909
2855,1672,"2012-01-08T14:10:30Z","midnight",37.655702,145.719962,37.246246,145.844962,21.5752667,-158.2733528,46.847457707963
2855,1673,"2012-01-09T02:09:00Z","noon",38.311858,145.993687,37.655702,145.719962,21.5752667,-158.2733528,76.8038688464202
2855,1674,"2012-01-09T14:14:30Z","midnight",40.83488,144.618687,38.311858,145.993687,21.5752667,-158.2733528,304.283735195889
2855,1675,"2012-01-10T02:09:30Z","noon",42.818003,145.769281,40.83488,144.618687,21.5752667,-158.2733528,240.23321522527
2855,1676,"2012-01-10T13:54:00Z","midnight",37.818003,149.644281,42.818003,145.769281,21.5752667,-158.2733528,645.605716835751
2855,1677,"2012-01-11T01:48:30Z","noon",38.949957,150.921832,37.818003,149.644281,21.5752667,-158.2733528,168.050532089862
2855,1678,"2012-01-11T13:48:00Z","midnight",38.962774,151.046832,38.949957,150.921832,21.5752667,-158.2733528,10.902049589649
2855,1679,"2012-01-12T01:39:00Z","noon",42.700577,153.201428,38.962774,151.046832,21.5752667,-158.2733528,453.392656657465
2855,1680,"2012-01-12T13:14:00Z","midnight",37.700577,159.451428,42.700577,153.201428,21.5752667,-158.2733528,768.236861549015
2855,1681,"2012-01-13T00:58:57.5Z","noon",38.783832,163.118569,37.700577,159.451428,21.5752667,-158.2733528,342.131211653831
2855,1682,"2012-01-13T12:45:32.5Z","midnight",33.783832,166.472736,38.783832,163.118569,21.5752667,-158.2733528,631.931044299561
2855,1683,"2012-01-14T00:35:47.5Z","noon",37.372885,168.819172,33.783832,166.472736,21.5752667,-158.2733528,451.951196844157
2855,1684,"2012-01-14T12:39:07.5Z","midnight",39.162111,167.985838,37.372885,168.819172,21.5752667,-158.2733528,211.834394230586
2855,1685,"2012-01-15T00:19:58.5Z","noon",44.162111,172.684564,39.162111,167.985838,21.5752667,-158.2733528,679.043749384265
2855,1686,"2012-01-15T12:20:32.5Z","midnight",47.31864,172.542898,44.162111,172.684564,21.5752667,-158.2733528,351.161964725919
2855,1687,"2012-01-16T00:14:35Z","noon",49.328265,173.946075,47.31864,172.542898,21.5752667,-158.2733528,246.357457267806
2855,1688,"2012-01-16T12:20:00.5Z","midnight",51.339343,172.589825,49.328265,173.946075,21.5752667,-158.2733528,243.449868224896
2855,1689,"2012-01-17T00:11:09.5Z","noon",53.850465,174.71836,51.339343,172.589825,21.5752667,-158.2733528,314.02963310502
2855,1690,"2012-01-17T12:22:53.5Z","midnight",57.065392,171.785027,53.850465,174.71836,21.5752667,-158.2733528,402.402240975455
2855,1691,"2012-01-18T00:28:35.5Z","noon",55.718849,170.278575,57.065392,171.785027,21.5752667,-158.2733528,176.101802299666
2855,1692,"2012-01-18T12:28:54Z","midnight",56.128654,170.201492,55.718849,170.278575,21.5752667,-158.2733528,45.82059344961
2855,1693,"2012-01-19T00:45:12Z","noon",51.678035,166.047622,56.128654,170.201492,21.5752667,-158.2733528,564.52990858466
2855,1694,"2012-01-19T12:42:05.5Z","midnight",51.070812,166.824706,51.678035,166.047622,21.5752667,-158.2733528,86.4182468873214
2855,1695,"2012-01-20T00:38:48Z","noon",52.093616,167.5714,51.070812,166.824706,21.5752667,-158.2733528,124.884274773141
2855,1696,"2012-01-20T12:29:52.5Z","midnight",49.585798,169.80265,52.093616,167.5714,21.5752667,-158.2733528,319.81984036081
2855,1697,"2012-01-21T00:34:40Z","noon",47.882404,168.531221,49.585798,169.80265,21.5752667,-158.2733528,211.109122963551
2855,1698,"2012-01-21T12:28:44Z","midnight",46.001971,170.014555,47.882404,168.531221,21.5752667,-158.2733528,237.478683528178
2855,1699,"2012-01-22T00:14:29Z","noon",51.001971,173.506312,46.001971,170.014555,21.5752667,-158.2733528,612.435508279219
2855,1700,"2012-01-22T12:02:27Z","midnight",47.283993,176.514645,51.001971,173.506312,21.5752667,-158.2733528,467.666279444484
2855,1701,"2012-01-23T00:10:23Z","noon",44.030814,174.463396,47.283993,176.514645,21.5752667,-158.2733528,395.271172501594
2855,1702,"2012-01-23T12:04:23.5Z","midnight",41.741309,175.961312,44.030814,174.463396,21.5752667,-158.2733528,282.308369627234
2855,1703,"2012-01-24T00:02:39Z","noon",42.552443,176.331692,41.741309,175.961312,21.5752667,-158.2733528,95.2223658416124
2855,1704,"2012-01-24T11:56:37Z","midnight",40.082626,177.840025,42.552443,176.331692,21.5752667,-158.2733528,302.128245526287
2855,1705,"2012-01-24T23:55:01.5Z","noon",40.87183,178.237942,40.082626,177.840025,21.5752667,-158.2733528,93.9879392630475
2855,1706,"2012-01-25T11:59:41Z","midnight",43.540583,177.011251,40.87183,178.237942,21.5752667,-158.2733528,313.470188886475
2855,1707,"2012-01-25T23:54:24.5Z","noon",45.888634,178.330001,43.540583,177.011251,21.5752667,-158.2733528,281.106691111633
2855,1708,"2012-01-26T11:46:15.5Z","midnight",42.653313,-179.69163,45.888634,178.330001,21.5752667,-158.2733528,392.691588734086
2855,1709,"2012-01-26T23:41:22.5Z","noon",44.931469,-178.470797,42.653313,-179.69163,21.5752667,-158.2733528,271.60295790343
2855,1710,"2012-01-27T11:42:58.5Z","midnight",46.141143,-178.926909,44.931469,-178.470797,21.5752667,-158.2733528,139.121127200038
2855,1711,"2012-01-27T23:53:05Z","noon",41.337996,178.546008,46.141143,-178.926909,21.5752667,-158.2733528,571.28832221457
2855,1712,"2012-01-28T11:49:09.5Z","midnight",39.769235,179.474206,41.337996,178.546008,21.5752667,-158.2733528,191.251223026482
2855,1713,"2012-01-28T23:43:51.5Z","noon",42.537923,-179.200794,39.769235,179.474206,21.5752667,-158.2733528,327.228645882615
2855,1714,"2012-01-29T11:40:07.5Z","midnight",41.126075,-178.317417,42.537923,-179.200794,21.5752667,-158.2733528,173.209909389205
2855,1715,"2012-01-29T23:05:07.5Z","noon",46.126075,-169.567417,41.126075,-178.317417,21.5752667,-158.2733528,896.374916806213
2855,1716,"2012-01-30T10:48:00Z","midnight",50.053248,-165.332994,46.126075,-169.567417,21.5752667,-158.2733528,537.958541097076
2855,1717,"2012-01-30T22:53:45.5Z","noon",47.603259,-166.772578,50.053248,-165.332994,21.5752667,-158.2733528,292.08284008953
2855,1718,"2012-01-31T10:56:05.5Z","midnight",49.206767,-167.399579,47.603259,-166.772578,21.5752667,-158.2733528,184.209405045711
2855,1719,"2012-01-31T22:46:05Z","noon",53.167272,-164.897496,49.206767,-167.399579,21.5752667,-158.2733528,473.581654476823
2855,1720,"2012-02-01T10:39:30Z","midnight",51.241226,-163.292146,53.167272,-164.897496,21.5752667,-158.2733528,240.474336205469
2855,1721,"2012-02-01T22:38:00Z","noon",51.84139,-162.917146,51.241226,-163.292146,21.5752667,-158.2733528,71.5969880454555
2855,1722,"2012-02-02T10:13:30Z","midnight",46.84139,-156.829422,51.84139,-162.917146,21.5752667,-158.2733528,709.155871742858
2855,1723,"2012-02-02T22:07:00Z","noon",44.171638,-155.204422,46.84139,-156.829422,21.5752667,-158.2733528,322.724709518734
2855,1724,"2012-02-03T10:13:00Z","midnight",47.87169,-156.738471,44.171638,-155.204422,21.5752667,-158.2733528,428.113229112393
2855,1725,"2012-02-03T21:35:00Z","noon",52.87169,-147.238471,47.87169,-156.738471,21.5752667,-158.2733528,872.282072814458
2855,1726,"2012-02-04T09:26:30Z","midnight",57.87169,-145.144279,52.87169,-147.238471,21.5752667,-158.2733528,571.432644414274
2855,1727,"2012-02-04T22:02:00Z","noon",52.87169,-154.019279,57.87169,-145.144279,21.5752667,-158.2733528,788.481007990307
2855,1728,"2012-02-05T10:09:30Z","midnight",49.975009,-155.921833,52.87169,-154.019279,21.5752667,-158.2733528,348.031501443679
2855,1729,"2012-02-05T21:34:30Z","noon",54.975009,-147.171833,49.975009,-155.921833,21.5752667,-158.2733528,811.503218408494
2855,1730,"2012-02-06T09:20:30Z","midnight",58.90517,-143.696125,54.975009,-147.171833,21.5752667,-158.2733528,485.057395524579
2855,1731,"2012-02-06T21:55:00Z","noon",53.90517,-152.321125,58.90517,-143.696125,21.5752667,-158.2733528,767.428835177994
2855,1732,"2012-02-07T10:04:00Z","midnight",49.261141,-154.592151,53.90517,-152.321125,21.5752667,-158.2733528,539.632787702306
2855,1733,"2012-02-07T21:24:00Z","noon",54.261141,-144.592151,49.261141,-154.592151,21.5752667,-158.2733528,883.331992783144
2855,1734,"2012-02-08T09:03:30Z","midnight",58.374767,-139.48491,54.261141,-144.592151,21.5752667,-158.2733528,555.01713194137
2855,1735,"2012-02-08T20:39:00Z","noon",63.374767,-133.35991,58.374767,-139.48491,21.5752667,-158.2733528,646.660529798555
2855,1736,"2012-02-09T08:53:00Z","midnight",68.374767,-136.874403,63.374767,-133.35991,21.5752667,-158.2733528,578.235556343779
2855,1737,"2012-02-09T21:43:00Z","noon",63.374767,-149.374403,68.374767,-136.874403,21.5752667,-158.2733528,792.169069018008
2855,1738,"2012-02-10T09:22:30Z","midnight",58.374767,-144.260638,63.374767,-149.374403,21.5752667,-158.2733528,620.602305944727
2855,1739,"2012-02-10T21:16:00Z","noon",53.374767,-142.635638,58.374767,-144.260638,21.5752667,-158.2733528,565.096271017143
2855,1740,"2012-02-11T09:09:30Z","midnight",48.374767,-141.018624,53.374767,-142.635638,21.5752667,-158.2733528,567.393214538621
2855,1741,"2012-02-11T21:01:00Z","noon",50.517378,-138.893624,48.374767,-141.018624,21.5752667,-158.2733528,283.456194680076
2855,1742,"2012-02-12T09:04:30Z","midnight",53.32859,-139.773374,50.517378,-138.893624,21.5752667,-158.2733528,318.354248901798
2855,1743,"2012-02-12T19:49:00Z","noon",58.32859,-124.773374,53.32859,-139.773374,21.5752667,-158.2733528,1085.88125005507
2855,1744,"2012-02-13T07:59:15Z","midnight",63.32859,-123.462405,58.32859,-124.773374,21.5752667,-158.2733528,560.465993558597
2855,1745,"2012-02-13T21:24:19.5Z","noon",58.32859,-138.462405,63.32859,-123.462405,21.5752667,-158.2733528,981.188149879089
2855,1746,"2012-02-14T09:19:19.5Z","midnight",53.32859,-143.479488,58.32859,-138.462405,21.5752667,-158.2733528,637.792838202711
2855,1747,"2012-02-14T21:24:45.5Z","noon",49.750571,-144.837821,53.32859,-143.479488,21.5752667,-158.2733528,408.777590820488
2855,1748,"2012-02-15T09:18:55.5Z","midnight",46.8468,-143.374645,49.750571,-144.837821,21.5752667,-158.2733528,340.524278534053
2855,1749,"2012-02-15T21:18:01.5Z","noon",47.496347,-143.149645,46.8468,-143.374645,21.5752667,-158.2733528,74.2017465172975
2855,1750,"2012-02-16T09:16:39Z","midnight",47.618613,-142.797906,47.496347,-143.149645,21.5752667,-158.2733528,29.6900530480168
2855,1751,"2012-02-16T21:19:29.5Z","noon",45.442095,-143.508322,47.618613,-142.797906,21.5752667,-158.2733528,248.041365766723
2855,1752,"2012-02-17T09:17:07Z","midnight",44.663105,-142.903465,45.442095,-143.508322,21.5752667,-158.2733528,98.7948880597667
2855,1753,"2012-02-17T21:15:02Z","noon",46.376896,-142.382632,44.663105,-142.903465,21.5752667,-158.2733528,194.83591432055
2855,1754,"2012-02-18T09:09:32Z","midnight",42.856755,-140.993442,46.376896,-142.382632,21.5752667,-158.2733528,406.553849055971
2855,1755,"2012-02-18T21:02:45Z","noon",47.856755,-139.297609,42.856755,-140.993442,21.5752667,-158.2733528,571.506134289886
2855,1756,"2012-02-19T09:06:51Z","midnight",52.856755,-140.305373,47.856755,-139.297609,21.5752667,-158.2733528,560.536924659045
2855,1757,"2012-02-19T21:14:39Z","noon",47.856755,-142.255373,52.856755,-140.305373,21.5752667,-158.2733528,572.869146719168
2855,1758,"2012-02-20T09:12:48Z","midnight",46.619091,-141.772632,47.856755,-142.255373,21.5752667,-158.2733528,142.365092734297
2855,1759,"2012-02-21T21:14:44Z","noon",44.52632,-142.232763,46.619091,-141.772632,21.5752667,-158.2733528,235.44424267142
2855,1760,"2012-02-22T09:38:25.5Z","midnight",49.52632,-148.129562,44.52632,-142.232763,21.5752667,-158.2733528,712.897742910253
2855,1761,"2012-02-22T21:49:40Z","noon",54.52632,-150.939979,49.52632,-148.129562,21.5752667,-158.2733528,588.164177303805
2855,1762,"2012-02-23T09:43:21Z","midnight",53.555298,-149.33183,54.52632,-150.939979,21.5752667,-158.2733528,150.604135867085
2855,1763,"2012-02-24T10:06:08Z","midnight",57.632427,-154.99587,53.555298,-149.33183,21.5752667,-158.2733528,575.947960097794
2855,1764,"2012-02-26T10:32:50Z","midnight",57.742476,-161.599074,57.632427,-154.99587,21.5752667,-158.2733528,392.515368624408
2855,1765,"2012-02-27T22:39:56Z","noon",56.612911,-163.334191,57.742476,-161.599074,21.5752667,-158.2733528,163.428730515342
2855,1766,"2012-02-28T10:39:43.5Z","midnight",58.906755,-163.239654,56.612911,-163.334191,21.5752667,-158.2733528,255.125384782187
2855,1767,"2012-02-29T22:30:21Z","noon",63.906755,-160.850946,58.906755,-163.239654,21.5752667,-158.2733528,570.220431237418
2855,1768,"2012-03-01T10:44:00Z","midnight",68.906755,-164.216054,63.906755,-160.850946,21.5752667,-158.2733528,575.580790075564
2855,1769,"2012-03-01T22:53:00Z","noon",70,-166.466054,68.906755,-164.216054,21.5752667,-158.2733528,149.939584465848
2855,1770,"2012-03-02T10:50:30Z","midnight",70,-165.791298,70,-166.466054,21.5752667,-158.2733528,25.6614502182265
2855,1771,"2012-03-02T22:36:30Z","noon",70,-162.291298,70,-165.791298,21.5752667,-158.2733528,133.089891635132
2855,1772,"2012-03-03T10:24:30Z","midnight",70,-159.239254,70,-162.291298,21.5752667,-158.2733528,116.059876817793
2855,1773,"2012-03-03T22:14:30Z","noon",70,-156.739254,70,-159.239254,21.5752667,-158.2733528,95.0706018988951
2855,1774,"2012-03-04T10:10:30Z","midnight",70,-155.684999,70,-156.739254,21.5752667,-158.2733528,40.0937720387617
2855,1800,"2012-04-01T08:45:00Z","midnight",7.245407,-132.254763,70,-155.684999,21.5752667,-158.2733528,7176.90396394654
2855,1801,"2012-04-01T20:55:30Z","noon",12.245407,-134.879763,7.245407,-132.254763,21.5752667,-158.2733528,625.944808840212
2855,1802,"2012-04-03T22:09:00Z","noon",17.245407,-149.879763,12.245407,-134.879763,21.5752667,-158.2733528,1705.25310829992
2855,1803,"2012-04-04T10:19:00Z","midnight",12.245407,-155.520837,17.245407,-149.879763,21.5752667,-158.2733528,822.66092075034
2855,1804,"2012-04-04T22:16:30Z","noon",7.245407,-154.895837,12.245407,-155.520837,21.5752667,-158.2733528,560.174948841608
2855,1805,"2012-04-05T10:21:00Z","midnight",2.245407,-155.94433,7.245407,-154.895837,21.5752667,-158.2733528,567.977614084903
2855,1806,"2012-04-05T22:18:30Z","noon",-2.754593,-155.31933,2.245407,-155.94433,21.5752667,-158.2733528,560.298528535133
2855,1807,"2012-04-06T09:55:30Z","midnight",2.245407,-149.493708,-2.754593,-155.31933,21.5752667,-158.2733528,853.49372380233
2855,1808,"2012-04-06T21:33:30Z","noon",-2.754593,-143.993708,2.245407,-149.493708,21.5752667,-158.2733528,826.367590657131
2855,1809,"2012-04-07T09:17:00Z","midnight",2.245407,-139.794059,-2.754593,-143.993708,21.5752667,-158.2733528,725.971806223909
2855,1810,"2012-04-07T21:08:30Z","noon",7.245407,-137.669059,2.245407,-139.794059,21.5752667,-158.2733528,603.756825411943
2855,1811,"2012-04-08T09:18:30Z","midnight",2.245407,-140.095469,7.245407,-137.669059,21.5752667,-158.2733528,617.541202556575
2855,1812,"2012-04-08T21:24:30Z","noon",-0.539799,-141.595469,2.245407,-140.095469,21.5752667,-158.2733528,351.742275693202
2855,1813,"2012-04-09T09:18:00Z","midnight",4.460201,-139.898022,-0.539799,-141.595469,21.5752667,-158.2733528,587.085223433555
2855,1814,"2012-04-09T21:13:30Z","noon",3.093929,-138.773022,4.460201,-139.898022,21.5752667,-158.2733528,196.622420328406
2855,1815,"2012-04-10T09:10:30Z","midnight",7.847977,-137.951802,3.093929,-138.773022,21.5752667,-158.2733528,536.379826488636
2855,1816,"2012-04-10T21:19:00Z","noon",12.847977,-140.076802,7.847977,-137.951802,21.5752667,-158.2733528,602.578621112194
2855,1817,"2012-04-11T09:31:00Z","midnight",7.847977,-143.00689,12.847977,-140.076802,21.5752667,-158.2733528,641.687637231677
2855,1818,"2012-04-11T21:45:30Z","noon",12.847977,-146.63189,7.847977,-143.00689,21.5752667,-158.2733528,682.809462090245
2855,1819,"2012-04-12T09:50:00Z","midnight",16.077137,-147.688363,12.847977,-146.63189,21.5752667,-158.2733528,376.648220695061
2855,1820,"2012-04-12T21:45:45Z","noon",11.077137,-146.625863,16.077137,-147.688363,21.5752667,-158.2733528,567.703141455433
2855,1821,"2012-04-13T09:53:31Z","midnight",6.077137,-148.500465,11.077137,-146.625863,21.5752667,-158.2733528,592.926876336236
2855,1822,"2012-04-13T21:53:03.5Z","noon",1.077137,-148.385882,6.077137,-148.500465,21.5752667,-158.2733528,556.119943292509
2855,1823,"2012-04-14T09:28:44Z","midnight",6.077137,-142.239104,1.077137,-148.385882,21.5752667,-158.2733528,879.856764482708
2855,1824,"2012-04-14T21:34:24Z","noon",11.077137,-143.655771,6.077137,-142.239104,21.5752667,-158.2733528,577.368049264581
2855,1825,"2012-04-16T10:05:38Z","midnight",11.849937,-151.337944,11.077137,-143.655771,21.5752667,-158.2733528,841.54503022327
2855,1826,"2012-04-16T22:14:40Z","noon",16.849937,-153.596278,11.849937,-151.337944,21.5752667,-158.2733528,606.834229629477
2855,1827,"2012-04-17T10:11:17.5Z","midnight",21.849937,-152.692032,16.849937,-153.596278,21.5752667,-158.2733528,564.003423807598
2855,1828,"2012-04-17T22:01:23Z","noon",16.849937,-150.214949,21.849937,-152.692032,21.5752667,-158.2733528,613.665726187201
2855,1829,"2012-04-18T09:54:17.5Z","midnight",21.04928,-148.383346,16.849937,-150.214949,21.5752667,-158.2733528,505.094705545876
2855,1830,"2012-04-18T22:13:06.5Z","noon",26.04928,-153.087513,21.04928,-148.383346,21.5752667,-158.2733528,734.025437212944
2855,1831,"2012-04-19T10:15:08Z","midnight",31.04928,-153.536948,26.04928,-153.087513,21.5752667,-158.2733528,557.702912220401
2855,1832,"2012-04-19T22:16:19Z","noon",34.547887,-153.832782,31.04928,-153.536948,21.5752667,-158.2733528,390.008110391115
2855,1833,"2012-04-20T10:08:15.5Z","midnight",38.682528,-151.763314,34.547887,-153.832782,21.5752667,-158.2733528,495.424827366868
2855,1834,"2012-04-20T19:28:00Z","noon",33.682528,-136.763314,38.682528,-151.763314,21.5752667,-158.2733528,1454.26035982182
2855,1835,"2012-04-21T07:32:00Z","midnight",28.682528,-121.763314,33.682528,-136.763314,21.5752667,-158.2733528,1529.52113503766
2855,1836,"2012-04-21T22:10:07.5Z","noon",33.682528,-136.763314,28.682528,-121.763314,21.5752667,-158.2733528,1529.52113503766
2855,1837,"2012-04-22T10:09:05Z","midnight",34.444313,-151.763314,33.682528,-136.763314,21.5752667,-158.2733528,1383.06710437934
2855,1838,"2012-04-22T22:10:36Z","noon",35.346069,-152.244977,34.444313,-151.763314,21.5752667,-158.2733528,109.470714439125
2855,1839,"2012-04-23T10:03:33.5Z","midnight",38.586297,-150.435794,35.346069,-152.244977,21.5752667,-158.2733528,394.499787521784
2855,1840,"2012-04-23T21:50:25Z","noon",33.586297,-147.150378,38.586297,-150.435794,21.5752667,-158.2733528,629.376933282116
2855,1841,"2012-04-24T09:35:25Z","midnight",38.586297,-143.35375,33.586297,-147.150378,21.5752667,-158.2733528,652.146457405525
2855,1842,"2012-04-24T21:03:21Z","noon",33.586297,-135.337083,38.586297,-143.35375,21.5752667,-158.2733528,909.342396711174
2855,1843,"2012-04-25T08:53:00.5Z","midnight",28.586297,-132.707222,33.586297,-135.337083,21.5752667,-158.2733528,609.703006714997
2855,1844,"2012-04-25T21:06:59Z","noon",33.586297,-136.200972,28.586297,-132.707222,21.5752667,-158.2733528,647.79543685417
2855,1845,"2012-04-26T08:46:46Z","midnight",38.586297,-131.104585,33.586297,-136.200972,21.5752667,-158.2733528,720.02999726584
2855,1846,"2012-04-26T20:34:11.5Z","noon",37.691851,-127.960835,38.586297,-131.104585,21.5752667,-158.2733528,292.357300485727
2855,1847,"2012-04-27T08:34:11.5Z","midnight",37.133527,-127.920878,37.691851,-127.960835,21.5752667,-158.2733528,62.1830133431926
2855,1848,"2012-04-27T20:18:21.5Z","noon",32.133527,-123.962544,37.133527,-127.920878,21.5752667,-158.2733528,663.358344947115
2855,1849,"2012-04-28T08:24:25Z","midnight",27.133527,-125.439468,32.133527,-123.962544,21.5752667,-158.2733528,573.984849961912
2855,1850,"2012-04-28T20:39:25Z","noon",32.133527,-129.189468,27.133527,-125.439468,21.5752667,-158.2733528,663.548299392716
2855,1851,"2012-04-29T09:03:48Z","midnight",27.133527,-135.249972,32.133527,-129.189468,21.5752667,-158.2733528,807.285294475637
2855,1852,"2012-04-29T21:19:38Z","noon",27.462177,-139.208305,27.133527,-135.249972,21.5752667,-158.2733528,392.815618917025
2855,1853,"2012-04-30T09:46:00.5Z","midnight",22.462177,-145.769084,27.462177,-139.208305,21.5752667,-158.2733528,863.704205433386
2855,1854,"2012-04-30T22:04:55.5Z","noon",22.086887,-150.498251,22.462177,-145.769084,21.5752667,-158.2733528,488.383796093098
2855,1855,"2012-05-01T10:13:30Z","midnight",17.086887,-152.611414,22.086887,-150.498251,21.5752667,-158.2733528,598.390859570288
2855,1856,"2012-05-01T22:24:30Z","noon",22.086887,-155.361414,17.086887,-152.611414,21.5752667,-158.2733528,626.122999148496
2855,1857,"2012-05-02T10:21:00Z","midnight",25.183086,-154.458233,22.086887,-155.361414,21.5752667,-158.2733528,356.358631769724
2855,1858,"2012-05-02T22:06:30Z","noon",20.183086,-150.833233,25.183086,-154.458233,21.5752667,-158.2733528,668.789739768115
2855,1859,"2012-05-03T09:53:30Z","midnight",23.838997,-147.557478,20.183086,-150.833233,21.5752667,-158.2733528,528.427255410011
2855,1860,"2012-05-03T21:58:30Z","noon",26.898546,-148.807478,23.838997,-147.557478,21.5752667,-158.2733528,362.638786903352
2855,1861,"2012-05-04T10:11:30Z","midnight",21.898546,-152.034163,26.898546,-148.807478,21.5752667,-158.2733528,644.793128966666
2855,1862,"2012-05-04T22:09:00Z","noon",16.898546,-151.409163,21.898546,-152.034163,21.5752667,-158.2733528,559.822341491608
2855,1863,"2012-05-05T10:08:00Z","midnight",16.810799,-151.138302,16.898546,-151.409163,21.5752667,-158.2733528,30.4311627062479
2855,1864,"2012-05-05T22:19:30Z","noon",21.810799,-154.013302,16.810799,-151.138302,21.5752667,-158.2733528,632.49443556208
2855,1865,"2012-05-06T10:29:00Z","midnight",17.894468,-156.369902,21.810799,-154.013302,21.5752667,-158.2733528,500.352218073304
2855,1866,"2012-05-06T22:43:30Z","noon",22.894468,-159.994902,17.894468,-156.369902,21.5752667,-158.2733528,672.099512012303
2855,1867,"2012-05-07T10:48:30Z","midnight",23.605914,-161.228969,22.894468,-159.994902,21.5752667,-158.2733528,148.840709993687
2855,1868,"2012-05-07T23:03:30Z","noon",28.605914,-164.978969,23.605914,-161.228969,21.5752667,-158.2733528,670.187569924471
2855,1869,"2012-05-08T11:09:30Z","midnight",28.280253,-166.465506,28.605914,-164.978969,21.5752667,-158.2733528,149.784569197315
2855,1870,"2012-05-08T23:15:30Z","noon",31.304221,-167.965506,28.280253,-166.465506,21.5752667,-158.2733528,366.068310248128
2855,1871,"2012-05-09T11:04:30Z","midnight",35.846214,-165.204511,31.304221,-167.965506,21.5752667,-158.2733528,566.052847132952
2855,1872,"2012-05-09T23:09:30Z","noon",37.8509,-166.454511,35.846214,-165.204511,21.5752667,-158.2733528,249.112281240287
2855,1873,"2012-05-10T11:09:30Z","midnight",37.461288,-166.445979,37.8509,-166.454511,21.5752667,-158.2733528,43.3293880369318
2855,1874,"2012-05-10T23:04:30Z","noon",35.461059,-165.195979,37.461288,-166.445979,21.5752667,-158.2733528,248.920438287784
2855,1875,"2012-05-11T10:59:00Z","midnight",37.275786,-163.814903,35.461059,-165.195979,21.5752667,-158.2733528,236.655704997179
2855,1876,"2012-05-11T22:58:00Z","noon",36.88978,-163.564903,37.275786,-163.814903,21.5752667,-158.2733528,48.3125037759974
2855,1877,"2012-05-12T10:54:00Z","midnight",38.034832,-162.561272,36.88978,-163.564903,21.5752667,-158.2733528,155.104300825605
2855,1878,"2012-05-12T22:53:29.5Z","noon",37.847195,-162.434188,38.034832,-162.561272,21.5752667,-158.2733528,23.654085156316
2855,1879,"2012-05-13T10:53:23Z","midnight",37.530131,-162.405903,37.847195,-162.434188,21.5752667,-158.2733528,35.343650402945
2855,1880,"2012-05-13T22:54:21Z","noon",37.884846,-162.64757,37.530131,-162.405903,21.5752667,-158.2733528,44.8071768175836
2855,1881,"2012-05-14T11:03:34Z","midnight",33.976378,-164.952947,37.884846,-162.64757,21.5752667,-158.2733528,481.580022285864
2855,1882,"2012-05-14T23:08:37Z","noon",35.979946,-166.215447,33.976378,-164.952947,21.5752667,-158.2733528,250.721733889049
2855,1883,"2012-05-15T10:39:17.5Z","midnight",40.979946,-158.887798,35.979946,-166.215447,21.5752667,-158.2733528,845.571193976357
2855,1884,"2012-05-15T22:51:14Z","noon",45.979946,-161.873214,40.979946,-158.887798,21.5752667,-158.2733528,605.794783685336
2855,1885,"2012-05-16T10:49:59Z","midnight",47.931838,-161.566682,45.979946,-161.873214,21.5752667,-158.2733528,218.283299309027
2855,1886,"2012-05-16T23:02:51.5Z","noon",50.621294,-164.785432,47.931838,-161.566682,21.5752667,-158.2733528,379.338781747952
2855,1887,"2012-05-17T11:01:43.5Z","midnight",50.533917,-164.510404,50.621294,-164.785432,21.5752667,-158.2733528,21.7151749637501
2855,1888,"2012-05-17T22:57:13.5Z","noon",49.649885,-163.385404,50.533917,-164.510404,21.5752667,-158.2733528,126.897490588626
2855,1889,"2012-05-18T10:53:21.5Z","midnight",50.115616,-162.429352,49.649885,-163.385404,21.5752667,-158.2733528,85.8716765522315
2855,1890,"2012-05-18T22:34:34Z","noon",46.049018,-157.731436,50.115616,-162.429352,21.5752667,-158.2733528,570.949052102195
2855,1891,"2012-05-19T10:32:07Z","midnight",46.336758,-157.131824,46.049018,-157.731436,21.5752667,-158.2733528,56.1590456833564
2855,1892,"2012-05-19T22:30:24.5Z","noon",45.931317,-156.704741,46.336758,-157.131824,21.5752667,-158.2733528,55.8162363889987
2855,1893,"2012-05-20T10:39:34.5Z","midnight",43.319182,-159.011534,45.931317,-156.704741,21.5752667,-158.2733528,343.026682222897
2855,1894,"2012-05-20T22:39:09.5Z","noon",43.207314,-158.907367,43.319182,-159.011534,21.5752667,-158.2733528,15.0292320332609
2855,1895,"2012-05-21T10:23:53.5Z","midnight",46.688193,-155.108025,43.207314,-158.907367,21.5752667,-158.2733528,488.966782080321
2855,1896,"2012-05-21T22:39:14Z","noon",49.84691,-158.943441,46.688193,-155.108025,21.5752667,-158.2733528,451.489172656963
2855,1897,"2012-05-22T11:03:21.5Z","midnight",44.84691,-164.99417,49.84691,-158.943441,21.5752667,-158.2733528,718.484882760297
2855,1898,"2012-05-22T22:48:21.5Z","noon",40.243878,-161.24417,44.84691,-164.99417,21.5752667,-158.2733528,596.78780253454
2855,1899,"2012-05-23T10:52:33Z","midnight",38.703673,-162.313675,40.243878,-161.24417,21.5752667,-158.2733528,194.310097542583
2855,1900,"2012-05-23T22:58:07.5Z","noon",40.39233,-163.707425,38.703673,-162.313675,21.5752667,-158.2733528,222.564456368741
2855,1901,"2012-05-24T11:01:25Z","midnight",39.158406,-164.55399,40.39233,-163.707425,21.5752667,-158.2733528,155.109573763126
2855,1902,"2012-05-24T23:16:36Z","noon",43.393099,-168.349823,39.158406,-164.55399,21.5752667,-158.2733528,567.607831060157
2855,1903,"2012-05-25T11:20:12Z","midnight",42.214017,-169.27548,43.393099,-168.349823,21.5752667,-158.2733528,151.298951471635
2855,1904,"2012-05-25T23:07:20.5Z","noon",38.5268,-166.060897,42.214017,-169.27548,21.5752667,-158.2733528,492.110831730262
2855,1905,"2012-05-26T10:58:28Z","midnight",40.897532,-163.869759,38.5268,-166.060897,21.5752667,-158.2733528,323.424514819358
2855,1906,"2012-05-26T22:46:14Z","noon",37.239437,-160.811426,40.897532,-163.869759,21.5752667,-158.2733528,484.859953999572
2855,1907,"2012-05-27T10:45:52Z","midnight",37.13598,-160.74927,37.239437,-160.811426,21.5752667,-158.2733528,12.7536749044087
2855,1908,"2012-05-27T22:46:02Z","noon",37.189085,-160.790937,37.13598,-160.74927,21.5752667,-158.2733528,6.96434039344895
2855,1909,"2012-05-28T10:45:47.5Z","midnight",37.054269,-160.76187,37.189085,-160.790937,21.5752667,-158.2733528,15.2107646041148
2855,1910,"2012-05-28T22:46:05.5Z","noon",37.149231,-160.83687,37.054269,-160.76187,21.5752667,-158.2733528,12.4795696050591
2855,1911,"2012-05-29T10:49:19Z","midnight",35.910017,-161.676246,37.149231,-160.83687,21.5752667,-158.2733528,156.880424933249
2855,1912,"2012-05-29T22:54:53.5Z","noon",37.678649,-163.069996,35.910017,-161.676246,21.5752667,-158.2733528,232.539822991756
2855,1913,"2012-05-30T10:54:00Z","midnight",37.756906,-162.88192,37.678649,-163.069996,21.5752667,-158.2733528,18.691990256852
2855,1914,"2012-05-30T22:53:47.5Z","noon",37.693503,-162.829836,37.756906,-162.88192,21.5752667,-158.2733528,8.40758375393094
2855,1915,"2012-05-31T10:49:56.5Z","midnight",38.655307,-161.903823,37.693503,-162.829836,21.5752667,-158.2733528,134.125536375378
2855,1916,"2012-05-31T22:49:41.5Z","noon",38.582308,-161.841323,38.655307,-161.903823,21.5752667,-158.2733528,9.76582660390841
2855,1917,"2012-06-01T11:04:30Z","midnight",33.70209,-165.581471,38.582308,-161.841323,21.5752667,-158.2733528,638.027687743435
2855,1918,"2012-06-01T23:08:00Z","noon",34.884276,-166.456471,33.70209,-165.581471,21.5752667,-158.2733528,154.079933824097
